[33;1mVERBOSE: Added 'C:\SC\PsWebHost\modules' to PSModulePath.[0m
[33;1mVERBOSE: [Import-TrackedModule] Tracked module Sanitization from C:\SC\PsWebHost\modules\Sanitization[0m
[33;1mVERBOSE: [Import-TrackedModule] Tracked module PSWebHost_Support from C:\SC\PsWebHost\modules\PSWebHost_Support[0m
[33;1mVERBOSE: [Import-TrackedModule] Tracked module PSWebHost_Database from C:\SC\PsWebHost\modules\PSWebHost_Database[0m
[33;1mVERBOSE: [Import-TrackedModule] Tracked module PSWebHost_Authentication from C:\SC\PsWebHost\modules\PSWebHost_Authentication[0m
[33;1mVERBOSE: [Import-TrackedModule] Tracked module smtp from C:\SC\PsWebHost\modules\smtp[0m
[33;1mVERBOSE: [Import-TrackedModule] Tracked module PSDockerManager from C:\SC\PsWebHost\apps\DockerManager\modules\PSDockerManager[0m
[33;1mVERBOSE: [Import-TrackedModule] Tracked module FileExplorerConfig from C:\SC\PsWebHost\apps\WebhostFileExplorer\modules\FileExplorerConfig[0m
[33;1mVERBOSE: [Import-TrackedModule] Tracked module FileExplorerHelper from C:\SC\PsWebHost\apps\WebhostFileExplorer\modules\FileExplorerHelper[0m
[33;1mVERBOSE: [Import-TrackedModule] Tracked module PSWebHost_Metrics from C:\SC\PsWebHost\apps\WebHostMetrics\modules\PSWebHost_Metrics[0m
[33;1mVERBOSE: [Import-TrackedModule] Tracked module PSWebHost_TaskManagement from C:\SC\PsWebHost\apps\WebHostTaskManagement\modules\PSWebHost_TaskManagement[0m
[33;1mVERBOSE: Initializing variables.[0m
[33;1mVERBOSE: Detected OS: Windows=True, Linux=False, macOS=False[0m
[33;1mVERBOSE: Added 'C:\SC\PsWebHost\modules' to PSModulePath.[0m
[33;1mVERBOSE: Validating third-party modules...[0m
[33;1mVERBOSE: Validating third-party modules - complete.[0m
[33;1mVERBOSE: Validating SQLite installation.[0m
[33;1mVERBOSE: SQLite found at: C:\Users\test\AppData\Local\Microsoft\WinGet\Links\sqlite3.exe[0m
[33;1mVERBOSE: Validating SQLite installation - complete.[0m
[33;1mVERBOSE: Validating table: Users[0m
[33;1mVERBOSE: Table 'Users' exists. Verifying schema.[0m
[33;1mVERBOSE: Validating table: User_Data[0m
[33;1mVERBOSE: Table 'User_Data' exists. Verifying schema.[0m
[33;1mVERBOSE: Validating table: LoginSessions[0m
[33;1mVERBOSE: Table 'LoginSessions' exists. Verifying schema.[0m
[33;1mVERBOSE: Validating table: User_Groups[0m
[33;1mVERBOSE: Table 'User_Groups' exists. Verifying schema.[0m
[33;1mVERBOSE: Validating table: User_Groups_Map[0m
[33;1mVERBOSE: Table 'User_Groups_Map' exists. Verifying schema.[0m
[33;1mVERBOSE: Validating table: PSWeb_Roles[0m
[33;1mVERBOSE: Table 'PSWeb_Roles' exists. Verifying schema.[0m
[33;1mVERBOSE: Validating table: AuthenticationMethods[0m
[33;1mVERBOSE: Table 'AuthenticationMethods' exists. Verifying schema.[0m
[33;1mVERBOSE: Validating table: CardSessions[0m
[33;1mVERBOSE: Table 'CardSessions' exists. Verifying schema.[0m
[33;1mVERBOSE: Validating table: auth_user_provider[0m
[33;1mVERBOSE: Table 'auth_user_provider' exists. Verifying schema.[0m
[33;1mVERBOSE: Validating table: LastLoginAttempt[0m
[33;1mVERBOSE: Table 'LastLoginAttempt' exists. Verifying schema.[0m
[33;1mVERBOSE: Validating table: account_email_confirmation[0m
[33;1mVERBOSE: Table 'account_email_confirmation' exists. Verifying schema.[0m
[33;1mVERBOSE: Validating table: card_settings[0m
[33;1mVERBOSE: Table 'card_settings' exists. Verifying schema.[0m
[33;1mVERBOSE: Validating table: API_Keys[0m
[33;1mVERBOSE: Table 'API_Keys' exists. Verifying schema.[0m
[33;1mVERBOSE: Validating table: Shared_Buckets[0m
[33;1mVERBOSE: Table 'Shared_Buckets' exists. Verifying schema.[0m
[33;1mVERBOSE: Validating table: Bucket_Access_Log[0m
[33;1mVERBOSE: Table 'Bucket_Access_Log' exists. Verifying schema.[0m
[33;1mVERBOSE: Validating table: Upload_Sessions[0m
[33;1mVERBOSE: Table 'Upload_Sessions' exists. Verifying schema.[0m
[33;1mVERBOSE: Validating table: File_Shares[0m
[33;1mVERBOSE: Table 'File_Shares' exists. Verifying schema.[0m
[33;1mVERBOSE: Validating table: File_Share_Roles[0m
[33;1mVERBOSE: Table 'File_Share_Roles' exists. Verifying schema.[0m
[33;1mVERBOSE: Validating table: Storage_Paths[0m
[33;1mVERBOSE: Table 'Storage_Paths' exists. Verifying schema.[0m
[33;1mVERBOSE: Validating table: Storage_Path_Permissions[0m
[33;1mVERBOSE: Table 'Storage_Path_Permissions' exists. Verifying schema.[0m
[33;1mVERBOSE: Database schema validation complete.[0m
[33;1mVERBOSE: Validating table: WebRequestPerformance[0m
[33;1mVERBOSE: Table 'WebRequestPerformance' exists. Verifying schema.[0m
[33;1mVERBOSE: Validating table: SystemPerformance[0m
[33;1mVERBOSE: Table 'SystemPerformance' exists. Verifying schema.[0m
[33;1mVERBOSE: Validating table: Perf_MemoryUsage[0m
[33;1mVERBOSE: Table 'Perf_MemoryUsage' exists. Verifying schema.[0m
[33;1mVERBOSE: Validating table: Perf_DiskIO[0m
[33;1mVERBOSE: Table 'Perf_DiskIO' exists. Verifying schema.[0m
[33;1mVERBOSE: Validating table: Perf_CPUCore[0m
[33;1mVERBOSE: Table 'Perf_CPUCore' exists. Verifying schema.[0m
[33;1mVERBOSE: Validating table: Network[0m
[33;1mVERBOSE: Table 'Network' exists. Verifying schema.[0m
[33;1mVERBOSE: Validating view: vw_RequestPerformanceSummary[0m
[33;1mVERBOSE: View 'vw_RequestPerformanceSummary' exists. Recreating to ensure current definition.[0m
[33;1mVERBOSE: Validating view: vw_UserPerformance[0m
[33;1mVERBOSE: View 'vw_UserPerformance' exists. Recreating to ensure current definition.[0m
[33;1mVERBOSE: Validating view: vw_SlowRequests[0m
[33;1mVERBOSE: View 'vw_SlowRequests' exists. Recreating to ensure current definition.[0m
[33;1mVERBOSE: Database schema validation complete.[0m
[33;1mVERBOSE: Node GUID: 02a87580-b3c4-488c-bb6a-bf30a81553dc[0m
[33;1mVERBOSE: Loaded 2 API keys from config[0m
[33;1mVERBOSE: Started background logging job.[0m
[33;1mVERBOSE: Started log history collection job.[0m
[33;1mWARNING: Failed to execute app_init.ps1 for app 'DockerManager': Cannot bind argument to parameter 'Path' because it is null.[0m
[Init] Loaded app: DockerManager (v1.0.0)
[33;1mWARNING: Failed to execute app_init.ps1 for app 'KubernetesManager': Cannot bind argument to parameter 'Path' because it is null.[0m
[Init] Loaded app: KubernetesManager (v1.0.0)
[33;1mWARNING: Failed to execute app_init.ps1 for app 'LinuxAdmin': Cannot bind argument to parameter 'Path' because it is null.[0m
[Init] Loaded app: LinuxAdmin (v1.0.0)
[Init] Loaded app: Maps (v1.0.0)
[33;1mWARNING: Failed to execute app_init.ps1 for app 'MySQLManager': Cannot bind argument to parameter 'Path' because it is null.[0m
[Init] Loaded app: MySQLManager (v1.0.0)
[33;1mWARNING: Failed to execute app_init.ps1 for app 'RedisManager': Cannot bind argument to parameter 'Path' because it is null.[0m
[Init] Loaded app: RedisManager (v1.0.0)
[33;1mWARNING: Failed to execute app_init.ps1 for app 'SQLiteManager': Cannot bind argument to parameter 'Path' because it is null.[0m
[Init] Loaded app: SQLiteManager (v1.0.0)
[33;1mWARNING: Failed to execute app_init.ps1 for app 'SQLServerManager': Cannot bind argument to parameter 'Path' because it is null.[0m
[Init] Loaded app: SQLServerManager (v1.0.0)
[33;1mWARNING: Failed to execute app_init.ps1 for app 'UI_Uplot': Cannot bind argument to parameter 'Path' because it is null.[0m
[33;1mVERBOSE:   Registered app 'UI_Uplot' also as 'uplot' (from routePrefix)[0m
[Init] Loaded app: UI_Uplot (v1.0.0)
[33;1mVERBOSE: [UnitTests:Init] Initializing UnitTests app...[0m
[33;1mWARNING: Failed to execute app_init.ps1 for app 'UnitTests': Cannot bind argument to parameter 'Path' because it is null.[0m
[Init] Loaded app: UnitTests (v1.0.0)
[33;1mVERBOSE: [Vault:Init] Loaded PSWebVault module[0m
[33;1mWARNING: Failed to execute app_init.ps1 for app 'vault': Cannot bind argument to parameter 'Path' because it is null.[0m
[Init] Loaded app: vault (v1.0.0)
[WebHostAppManager:Init] Initializing WebHost App Manager...
[WebHostAppManager:Init] WebHost App Manager initialized successfully
[33;1mVERBOSE: [WebHostAppManager:Init] App root: C:\SC\PsWebHost\apps\WebHostAppManager[0m
[33;1mVERBOSE: Executed app init script for: WebHostAppManager[0m
[Init] Loaded app: WebHostAppManager (v1.0.0)
[WebHostDebugExtensions:Init] Initializing debug extensions system...
[WebHostDebugExtensions:Init] Debug command queue initialized
[WebHostDebugExtensions:Init]   Max Queue Size: 100
[WebHostDebugExtensions:Init]   Max History Size: 500
[WebHostDebugExtensions:Init] Utility scripts available in system/utility/ (call externally)
[WebHostDebugExtensions:Init] Helper functions registered:
[WebHostDebugExtensions:Init]   - Get-DebugCommandHistory
[WebHostDebugExtensions:Init]   - Get-DebugCommandQueue
[WebHostDebugExtensions:Init]   - Get-DebugCommandResult
[WebHostDebugExtensions:Init]   - Get-AllDebugCommandResults
[WebHostDebugExtensions:Init] Initialization complete
[33;1mVERBOSE: Executed app init script for: WebHostDebugExtensions[0m
[Init] Loaded app: WebHostDebugExtensions (v1.0.0)
[WebHostDebugVariables:Init] Initializing Debug Variables browser...
[WebHostDebugVariables:Init] Debug Variables browser initialized successfully
[33;1mVERBOSE: Executed app init script for: WebHostDebugVariables[0m
[Init] Loaded app: WebHostDebugVariables (v1.0.0)
[WebhostFileExplorer:Init] Initializing WebHost File Explorer...
[WebhostFileExplorer:Init] Loaded FileExplorerConfig module with hot reload
[WebhostFileExplorer:Init] WebHost File Explorer initialized successfully
[WebhostFileExplorer:Init]   Max File Size: 10 MB
[WebhostFileExplorer:Init]   Max Depth: 10
[33;1mVERBOSE: Executed app init script for: WebhostFileExplorer[0m
[Init] Loaded app: WebhostFileExplorer (v1.0.0)
[WebHostHelpViewer:Init] Initializing Help Viewer app...
[WebHostHelpViewer:Init] Help Viewer initialized successfully
[33;1mVERBOSE: Executed app init script for: WebHostHelpViewer[0m
[Init] Loaded app: WebHostHelpViewer (v1.0.0)
[WebHostMetrics:Init] Initializing metrics system...
[Initialize-PSWebMetrics] Metrics system initialized
True
[WebHostMetrics:Init] Metrics collection started (5s intervals, job ID: 1)
[33;1mVERBOSE: Executed app init script for: WebHostMetrics[0m
[Init] Loaded app: WebHostMetrics (v1.0.0)
[33;1mWARNING: Failed to execute app_init.ps1 for app 'WebhostRealtimeEvents': Cannot bind argument to parameter 'Path' because it is null.[0m
[Init] Loaded app: WebhostRealtimeEvents (v1.0.0)
[33;1mVERBOSE: No app.yaml found in 'WebHostSMBClient', skipping.[0m
[33;1mVERBOSE: No app.yaml found in 'WebHostSSHFileAccess', skipping.[0m
[33;1mVERBOSE: Executed app init script for: WebHostTaskManagement[0m
[Init] Loaded app: WebHostTaskManagement (v1.0.0)
[33;1mWARNING: Failed to execute app_init.ps1 for app 'WindowsAdmin': Cannot bind argument to parameter 'Path' because it is null.[0m
[Init] Loaded app: WindowsAdmin (v1.0.0)
[33;1mWARNING: Failed to execute app_init.ps1 for app 'WSLManager': Cannot bind argument to parameter 'Path' because it is null.[0m
[Init] Loaded app: WSLManager (v1.0.0)
[33;1mVERBOSE: Apps framework initialized. Loaded 22 app(s).[0m
[33;1mVERBOSE: [Init] Created category: Operating Systems (id: operating-systems)[0m
[33;1mVERBOSE: [Init]   Added subcategory: Windows (order: 1)[0m
[33;1mVERBOSE: [Init]   Added app 'WindowsAdmin' to category 'Operating Systems' > 'Windows'[0m
[33;1mVERBOSE: [Init]   Added subcategory: Linux (order: 2)[0m
[33;1mVERBOSE: [Init]   Added app 'LinuxAdmin' to category 'Operating Systems' > 'Linux'[0m
[33;1mVERBOSE: [Init] Created category: Containers (id: containers)[0m
[33;1mVERBOSE: [Init]   Added subcategory: Kubernetes (order: 3)[0m
[33;1mVERBOSE: [Init]   Added app 'KubernetesManager' to category 'Containers' > 'Kubernetes'[0m
[33;1mVERBOSE: [Init] Created category: Security (id: security)[0m
[33;1mVERBOSE: [Init]   Added subcategory: Credentials (order: 1)[0m
[33;1mVERBOSE: [Init]   Added app 'vault' to category 'Security' > 'Credentials'[0m
[33;1mVERBOSE: [Init] Created category: Databases (id: databases)[0m
[33;1mVERBOSE: [Init]   Added subcategory: MySQL (order: 1)[0m
[33;1mVERBOSE: [Init]   Added app 'MySQLManager' to category 'Databases' > 'MySQL'[0m
[33;1mVERBOSE: [Init] Created category: Data Visualization (id: visualization)[0m
[33;1mVERBOSE: [Init]   Added subcategory: Charts (order: 1)[0m
[33;1mVERBOSE: [Init]   Added app 'UI_Uplot' to category 'Data Visualization' > 'Charts'[0m
[33;1mVERBOSE: [Init]   Added subcategory: SQL Server (order: 4)[0m
[33;1mVERBOSE: [Init]   Added app 'SQLServerManager' to category 'Databases' > 'SQL Server'[0m
[33;1mVERBOSE: [Init]   Added app 'uplot' to category 'Data Visualization' > 'Charts'[0m
[33;1mVERBOSE: [Init]   Added subcategory: SQLite (order: 3)[0m
[33;1mVERBOSE: [Init]   Added app 'SQLiteManager' to category 'Databases' > 'SQLite'[0m
[33;1mVERBOSE: [Init] Created category: Monitoring (id: monitoring)[0m
[33;1mVERBOSE: [Init]   Added subcategory: Logs (order: 1)[0m
[33;1mVERBOSE: [Init]   Added app 'WebhostRealtimeEvents' to category 'Monitoring' > 'Logs'[0m
[33;1mVERBOSE: [Init]   Added subcategory: Redis (order: 2)[0m
[33;1mVERBOSE: [Init]   Added app 'RedisManager' to category 'Databases' > 'Redis'[0m
[33;1mVERBOSE: [Init]   Added subcategory: Docker (order: 2)[0m
[33;1mVERBOSE: [Init]   Added app 'DockerManager' to category 'Containers' > 'Docker'[0m
[33;1mVERBOSE: [Init]   Added subcategory: WSL (order: 1)[0m
[33;1mVERBOSE: [Init]   Added app 'WSLManager' to category 'Containers' > 'WSL'[0m
[Init] Built category structure: 6 parent categories
[33;1mVERBOSE: [Init]   - Containers: 3 subcategories, 3 apps[0m
[33;1mVERBOSE: [Init]   - Databases: 4 subcategories, 4 apps[0m
[33;1mVERBOSE: [Init]   - Monitoring: 1 subcategories, 1 apps[0m
[33;1mVERBOSE: [Init]   - Operating Systems: 2 subcategories, 2 apps[0m
[33;1mVERBOSE: [Init]   - Security: 1 subcategories, 1 apps[0m
[33;1mVERBOSE: [Init]   - Data Visualization: 1 subcategories, 2 apps[0m
Init.ps1 completed after 6416.2914 milliseconds
û PSWebHost_Jobs module imported
û Job system initialized
PSWebHost_Jobs module loaded (discovered 1 jobs)
Starting performance monitoring job...
[33;1mVERBOSE: Validating table: WebRequestPerformance[0m
[33;1mVERBOSE: Table 'WebRequestPerformance' exists. Verifying schema.[0m
[33;1mVERBOSE: Validating table: SystemPerformance[0m
[33;1mVERBOSE: Table 'SystemPerformance' exists. Verifying schema.[0m
[33;1mVERBOSE: Validating table: Perf_MemoryUsage[0m
[33;1mVERBOSE: Table 'Perf_MemoryUsage' exists. Verifying schema.[0m
[33;1mVERBOSE: Validating table: Perf_DiskIO[0m
[33;1mVERBOSE: Table 'Perf_DiskIO' exists. Verifying schema.[0m
[33;1mVERBOSE: Validating table: Perf_CPUCore[0m
[33;1mVERBOSE: Table 'Perf_CPUCore' exists. Verifying schema.[0m
[33;1mVERBOSE: Validating table: Network[0m
[33;1mVERBOSE: Table 'Network' exists. Verifying schema.[0m
[33;1mVERBOSE: Validating view: vw_RequestPerformanceSummary[0m
[33;1mVERBOSE: View 'vw_RequestPerformanceSummary' exists. Recreating to ensure current definition.[0m
[33;1mVERBOSE: Validating view: vw_UserPerformance[0m
[33;1mVERBOSE: View 'vw_UserPerformance' exists. Recreating to ensure current definition.[0m
[33;1mVERBOSE: Validating view: vw_SlowRequests[0m
[33;1mVERBOSE: View 'vw_SlowRequests' exists. Recreating to ensure current definition.[0m
[33;1mVERBOSE: Database schema validation complete.[0m
Performance monitoring job started (Job ID: 3)

[32;1mId    [0m[32;1m Name           [0m[32;1m PSJobTypeName  [0m[32;1m State        [0m[32;1m HasMoreData    [0m[32;1m Location            [0m[32;1m Command[0m
[32;1m--    [0m [32;1m----           [0m [32;1m-------------  [0m [32;1m-----        [0m [32;1m-----------    [0m [32;1m--------            [0m [32;1m-------[0m
3      Job3            BackgroundJob   Running       True            localhost            .
Performance monitoring job started.
Starting log tail job for event stream...
Selected log file: log_2026-02-08T210220_9718660-0600.tsv
Log tail job started: Log_Tail:C:\SC\PsWebHost\PsWebHost_Data\Logs\log_2026-02-08T210220_9718660-0600.tsv (Job ID: 5)
Adding missing fields row to log. 'utcTime','localTime','Severity','Category','escapedMessage','Source','ActivityName','percentString','UserID','SessionID','RunspaceID','dataString'
	Logging: 2026-02-09T03:02:22.6043425Z	2026-02-08T21:02:22.6043425-06:00	Info	MetricsData	Track_HashTables	WebHost.ps1	ProcessLogQueue		Webhost	MainLoop	1	H4sIAAAAAAAACpWUzW7CMBCE38VnqOyN49i5wqGVoIoUSs+mNRQpJCh2KiHEu1f8OWtEleQ6jr7dzM7ukWT5p1nlpv419bz6bgpjSXok73pnSPrscUQmVVM6kjI6IjNtXW5MSVICFMSYwpjKBbCUQgrwIiiTkWJjKlJKyWlE9ro2pZtoh2q0mkfHneRY8YQJ1ZLtwX5YUyPuXfHUqEe/EZMKUb+0M5uqPiCslzw36e5WcqkSaLl6v59qpxH2rniq7EGlUjCKPGhWobU3wTOhhwMgQaKJXRGPJmB1kL+gFEX+onw9Tx2i92meCU6TwOa3cl2FNl+UQTZHjCeo6bl2Xz/BmtyVdjd6BBhilghsxdSsdVO4TNd6Z5ypl7poHrbxn0983e6VjFWiQCCPZtXmdWtdOF8kDmIzpQCFJ8uXprbbqlzoVWGCPwkefA3VZ8aUn+V7jZ0ut2tjcey91M6jO5uxgojj5GfXFNpzm09u4k0fYI+gTCXAg+sSHpaBNyVmcUjTRbUJiRdlSCwlF1J6e09/BqkFPSAGAAA=
	Logging: 2026-02-09T03:02:22.6256240Z	2026-02-08T21:02:22.6256240-06:00	Info	MetricsData	Track_HashTables	WebHost.ps1	ProcessLogQueue		Webhost	MainLoop	1	{"prefixesToTry":{"Name":"prefixesToTry","Count":2,"LastSeen":"2026-02-08T21:02:22.6237863-06:00"},"dbRoles":{"Name":"dbRoles","Count":15,"LastSeen":"2026-02-08T21:02:22.6227105-06:00"},"args":{"Name":"args","Count":0,"LastSeen":"2026-02-08T21:02:22.6211413-06:00"},"systemUsers":{"Name":"systemUsers","Count":2,"LastSeen":"2026-02-08T21:02:22.6249479-06:00"},"configRoles":{"Name":"configRoles","Count":6,"LastSeen":"2026-02-08T21:02:22.6224788-06:00"},"ModulePathEnv":{"Name":"ModulePathEnv","Count":19,"LastSeen":"2026-02-08T21:02:22.6235044-06:00"}}

Command      : WebHost.ps1
ScriptName   : C:\SC\PsWebHost\WebHost.ps1
FunctionName : <ScriptBlock>
Line         : 878
Arguments    : {}

Command      : WebHost.ps1
ScriptName   : C:\SC\PsWebHost\WebHost.ps1
FunctionName : <ScriptBlock><End>
Line         : 875
Arguments    : {}


2026-02-09T03:02:22.8849614Z	2026-02-08T21:02:22.8849614-06:00	Error	ErrorArrayCheck	\[WebHost\.PS1]\ \$Error\[0]\ Cannot\ bind\ argument\ to\ parameter\ 'Path'\ because\ it\ is\ null\.\nAt\ C:\\SC\\PsWebHost\\apps\\WSLManager\\app_init\.ps1:23\ char:26\r\n\+\ \ \ \ \ DataPath\ =\ Join-Path\ \$Global:PSWebServer\['DataRoot']\ "apps\\WSLMan\ .\r\n\+\ \ \ \ \ \ \ \ \ \ \ \ \ \ \ \ \ \ \ \ \ \ \ \ \ \ ~~~~~~~~~~~~~~~~~~~~~~~~~~~~~~~	WebHost.ps1	WebHost.ps1				1	{"Message":"Cannot bind argument to parameter 'Path' because it is null.","PositionMessage":"At C:\\SC\\PsWebHost\\apps\\WSLManager\\app_init.ps1:23 char:26\r\n+     DataPath = Join-Path $Global:PSWebServer['DataRoot'] \"apps\\WSLMan .\r\n+                          ~~~~~~~~~~~~~~~~~~~~~~~~~~~~~~~"}

Command      : WebHost.ps1
ScriptName   : C:\SC\PsWebHost\WebHost.ps1
FunctionName : <ScriptBlock>
Line         : 878
Arguments    : {}

Command      : WebHost.ps1
ScriptName   : C:\SC\PsWebHost\WebHost.ps1
FunctionName : <ScriptBlock><End>
Line         : 875
Arguments    : {}


2026-02-09T03:02:22.9084313Z	2026-02-08T21:02:22.9084313-06:00	Error	ErrorArrayCheck	\[WebHost\.PS1]\ \$Error\[1]\ Cannot\ bind\ argument\ to\ parameter\ 'Path'\ because\ it\ is\ null\.\nAt\ C:\\SC\\PsWebHost\\apps\\WindowsAdmin\\app_init\.ps1:23\ char:26\r\n\+\ \ \ \ \ DataPath\ =\ Join-Path\ \$Global:PSWebServer\['DataRoot']\ "apps\\Window\ .\r\n\+\ \ \ \ \ \ \ \ \ \ \ \ \ \ \ \ \ \ \ \ \ \ \ \ \ \ ~~~~~~~~~~~~~~~~~~~~~~~~~~~~~~~	WebHost.ps1	WebHost.ps1				1	{"Message":"Cannot bind argument to parameter 'Path' because it is null.","PositionMessage":"At C:\\SC\\PsWebHost\\apps\\WindowsAdmin\\app_init.ps1:23 char:26\r\n+     DataPath = Join-Path $Global:PSWebServer['DataRoot'] \"apps\\Window .\r\n+                          ~~~~~~~~~~~~~~~~~~~~~~~~~~~~~~~"}

Command      : WebHost.ps1
ScriptName   : C:\SC\PsWebHost\WebHost.ps1
FunctionName : <ScriptBlock>
Line         : 878
Arguments    : {}

Command      : WebHost.ps1
ScriptName   : C:\SC\PsWebHost\WebHost.ps1
FunctionName : <ScriptBlock><End>
Line         : 875
Arguments    : {}


2026-02-09T03:02:22.9138509Z	2026-02-08T21:02:22.9138509-06:00	Error	ErrorArrayCheck	\[WebHost\.PS1]\ \$Error\[2]\ The\ term\ 'Get-AllTasks'\ is\ not\ recognized\ as\ a\ name\ of\ a\ cmdlet,\ function,\ script\ file,\ or\ executable\ program\.\r\nCheck\ the\ spelling\ of\ the\ name,\ or\ if\ a\ path\ was\ included,\ verify\ that\ the\ path\ is\ correct\ and\ try\ again\.\nAt\ C:\\SC\\PsWebHost\\apps\\WebHostTaskManagement\\app_init\.ps1:432\ char:9\r\n\+\ \ \ \ \ if\ \(Get-Command\ Get-AllTasks\ -ErrorAction\ SilentlyContinue\)\ \{\r\n\+\ \ \ \ \ \ \ \ \ ~~~~~~~~~~~~~~~~~~~~~~~~~~~~~~~~~~~~~~~~~~~~~~~~~~~~~~	WebHost.ps1	WebHost.ps1				1	{"Message":"The term 'Get-AllTasks' is not recognized as a name of a cmdlet, function, script file, or executable program.\r\nCheck the spelling of the name, or if a path was included, verify that the path is correct and try again.","PositionMessage":"At C:\\SC\\PsWebHost\\apps\\WebHostTaskManagement\\app_init.ps1:432 char:9\r\n+     if (Get-Command Get-AllTasks -ErrorAction SilentlyContinue) {\r\n+         ~~~~~~~~~~~~~~~~~~~~~~~~~~~~~~~~~~~~~~~~~~~~~~~~~~~~~~"}

Command      : WebHost.ps1
ScriptName   : C:\SC\PsWebHost\WebHost.ps1
FunctionName : <ScriptBlock>
Line         : 878
Arguments    : {}

Command      : WebHost.ps1
ScriptName   : C:\SC\PsWebHost\WebHost.ps1
FunctionName : <ScriptBlock><End>
Line         : 875
Arguments    : {}


2026-02-09T03:02:22.9174271Z	2026-02-08T21:02:22.9174271-06:00	Error	ErrorArrayCheck	\[WebHost\.PS1]\ \$Error\[3]\ Cannot\ bind\ argument\ to\ parameter\ 'Path'\ because\ it\ is\ null\.\nAt\ C:\\SC\\PsWebHost\\apps\\WebhostRealtimeEvents\\app_init\.ps1:16\ char:26\r\n\+\ \ \ \ \ DataPath\ =\ Join-Path\ \$Global:PSWebServer\['DataRoot']\ "apps\\Webhos\ .\r\n\+\ \ \ \ \ \ \ \ \ \ \ \ \ \ \ \ \ \ \ \ \ \ \ \ \ \ ~~~~~~~~~~~~~~~~~~~~~~~~~~~~~~~	WebHost.ps1	WebHost.ps1				1	{"Message":"Cannot bind argument to parameter 'Path' because it is null.","PositionMessage":"At C:\\SC\\PsWebHost\\apps\\WebhostRealtimeEvents\\app_init.ps1:16 char:26\r\n+     DataPath = Join-Path $Global:PSWebServer['DataRoot'] \"apps\\Webhos .\r\n+                          ~~~~~~~~~~~~~~~~~~~~~~~~~~~~~~~"}

Command      : WebHost.ps1
ScriptName   : C:\SC\PsWebHost\WebHost.ps1
FunctionName : <ScriptBlock>
Line         : 878
Arguments    : {}

Command      : WebHost.ps1
ScriptName   : C:\SC\PsWebHost\WebHost.ps1
FunctionName : <ScriptBlock><End>
Line         : 875
Arguments    : {}


2026-02-09T03:02:22.9206697Z	2026-02-08T21:02:22.9206697-06:00	Error	ErrorArrayCheck	\[WebHost\.PS1]\ \$Error\[4]\ The\ term\ 'Get-AllDebugCommandResults'\ is\ not\ recognized\ as\ a\ name\ of\ a\ cmdlet,\ function,\ script\ file,\ or\ executable\ program\.\r\nCheck\ the\ spelling\ of\ the\ name,\ or\ if\ a\ path\ was\ included,\ verify\ that\ the\ path\ is\ correct\ and\ try\ again\.\nAt\ C:\\SC\\PsWebHost\\apps\\WebHostDebugExtensions\\app_init\.ps1:154\ char:15\r\n\+\ .\ \ \ if\ \(-not\ \(Get-Command\ Get-AllDebugCommandResults\ -ErrorAction\ Silen\ .\r\n\+\ \ \ \ \ \ \ \ \ \ \ \ \ \ \ ~~~~~~~~~~~~~~~~~~~~~~~~~~~~~~~~~~~~~~~~~~~~~~~~~~~~~~~~~	WebHost.ps1	WebHost.ps1				1	{"Message":"The term 'Get-AllDebugCommandResults' is not recognized as a name of a cmdlet, function, script file, or executable program.\r\nCheck the spelling of the name, or if a path was included, verify that the path is correct and try again.","PositionMessage":"At C:\\SC\\PsWebHost\\apps\\WebHostDebugExtensions\\app_init.ps1:154 char:15\r\n+ .   if (-not (Get-Command Get-AllDebugCommandResults -ErrorAction Silen .\r\n+               ~~~~~~~~~~~~~~~~~~~~~~~~~~~~~~~~~~~~~~~~~~~~~~~~~~~~~~~~~"}

Command      : WebHost.ps1
ScriptName   : C:\SC\PsWebHost\WebHost.ps1
FunctionName : <ScriptBlock>
Line         : 878
Arguments    : {}

Command      : WebHost.ps1
ScriptName   : C:\SC\PsWebHost\WebHost.ps1
FunctionName : <ScriptBlock><End>
Line         : 875
Arguments    : {}


2026-02-09T03:02:22.9245605Z	2026-02-08T21:02:22.9245605-06:00	Error	ErrorArrayCheck	\[WebHost\.PS1]\ \$Error\[5]\ The\ term\ 'Get-DebugCommandResult'\ is\ not\ recognized\ as\ a\ name\ of\ a\ cmdlet,\ function,\ script\ file,\ or\ executable\ program\.\r\nCheck\ the\ spelling\ of\ the\ name,\ or\ if\ a\ path\ was\ included,\ verify\ that\ the\ path\ is\ correct\ and\ try\ again\.\nAt\ C:\\SC\\PsWebHost\\apps\\WebHostDebugExtensions\\app_init\.ps1:107\ char:15\r\n\+\ .\ \ \ if\ \(-not\ \(Get-Command\ Get-DebugCommandResult\ -ErrorAction\ SilentlyC\ .\r\n\+\ \ \ \ \ \ \ \ \ \ \ \ \ \ \ ~~~~~~~~~~~~~~~~~~~~~~~~~~~~~~~~~~~~~~~~~~~~~~~~~~~~~~~~~	WebHost.ps1	WebHost.ps1				1	{"Message":"The term 'Get-DebugCommandResult' is not recognized as a name of a cmdlet, function, script file, or executable program.\r\nCheck the spelling of the name, or if a path was included, verify that the path is correct and try again.","PositionMessage":"At C:\\SC\\PsWebHost\\apps\\WebHostDebugExtensions\\app_init.ps1:107 char:15\r\n+ .   if (-not (Get-Command Get-DebugCommandResult -ErrorAction SilentlyC .\r\n+               ~~~~~~~~~~~~~~~~~~~~~~~~~~~~~~~~~~~~~~~~~~~~~~~~~~~~~~~~~"}

Command      : WebHost.ps1
ScriptName   : C:\SC\PsWebHost\WebHost.ps1
FunctionName : <ScriptBlock>
Line         : 878
Arguments    : {}

Command      : WebHost.ps1
ScriptName   : C:\SC\PsWebHost\WebHost.ps1
FunctionName : <ScriptBlock><End>
Line         : 875
Arguments    : {}


2026-02-09T03:02:22.9283797Z	2026-02-08T21:02:22.9283797-06:00	Error	ErrorArrayCheck	\[WebHost\.PS1]\ \$Error\[6]\ The\ term\ 'Get-DebugCommandQueue'\ is\ not\ recognized\ as\ a\ name\ of\ a\ cmdlet,\ function,\ script\ file,\ or\ executable\ program\.\r\nCheck\ the\ spelling\ of\ the\ name,\ or\ if\ a\ path\ was\ included,\ verify\ that\ the\ path\ is\ correct\ and\ try\ again\.\nAt\ C:\\SC\\PsWebHost\\apps\\WebHostDebugExtensions\\app_init\.ps1:90\ char:15\r\n\+\ .\ \ \ if\ \(-not\ \(Get-Command\ Get-DebugCommandQueue\ -ErrorAction\ SilentlyCo\ .\r\n\+\ \ \ \ \ \ \ \ \ \ \ \ \ \ \ ~~~~~~~~~~~~~~~~~~~~~~~~~~~~~~~~~~~~~~~~~~~~~~~~~~~~~~~~~	WebHost.ps1	WebHost.ps1				1	{"Message":"The term 'Get-DebugCommandQueue' is not recognized as a name of a cmdlet, function, script file, or executable program.\r\nCheck the spelling of the name, or if a path was included, verify that the path is correct and try again.","PositionMessage":"At C:\\SC\\PsWebHost\\apps\\WebHostDebugExtensions\\app_init.ps1:90 char:15\r\n+ .   if (-not (Get-Command Get-DebugCommandQueue -ErrorAction SilentlyCo .\r\n+               ~~~~~~~~~~~~~~~~~~~~~~~~~~~~~~~~~~~~~~~~~~~~~~~~~~~~~~~~~"}

Command      : WebHost.ps1
ScriptName   : C:\SC\PsWebHost\WebHost.ps1
FunctionName : <ScriptBlock>
Line         : 878
Arguments    : {}

Command      : WebHost.ps1
ScriptName   : C:\SC\PsWebHost\WebHost.ps1
FunctionName : <ScriptBlock><End>
Line         : 875
Arguments    : {}


2026-02-09T03:02:22.9318387Z	2026-02-08T21:02:22.9318387-06:00	Error	ErrorArrayCheck	\[WebHost\.PS1]\ \$Error\[7]\ The\ term\ 'Get-DebugCommandHistory'\ is\ not\ recognized\ as\ a\ name\ of\ a\ cmdlet,\ function,\ script\ file,\ or\ executable\ program\.\r\nCheck\ the\ spelling\ of\ the\ name,\ or\ if\ a\ path\ was\ included,\ verify\ that\ the\ path\ is\ correct\ and\ try\ again\.\nAt\ C:\\SC\\PsWebHost\\apps\\WebHostDebugExtensions\\app_init\.ps1:42\ char:15\r\n\+\ .\ \ \ if\ \(-not\ \(Get-Command\ Get-DebugCommandHistory\ -ErrorAction\ Silently\ .\r\n\+\ \ \ \ \ \ \ \ \ \ \ \ \ \ \ ~~~~~~~~~~~~~~~~~~~~~~~~~~~~~~~~~~~~~~~~~~~~~~~~~~~~~~~~~	WebHost.ps1	WebHost.ps1				1	{"Message":"The term 'Get-DebugCommandHistory' is not recognized as a name of a cmdlet, function, script file, or executable program.\r\nCheck the spelling of the name, or if a path was included, verify that the path is correct and try again.","PositionMessage":"At C:\\SC\\PsWebHost\\apps\\WebHostDebugExtensions\\app_init.ps1:42 char:15\r\n+ .   if (-not (Get-Command Get-DebugCommandHistory -ErrorAction Silently .\r\n+               ~~~~~~~~~~~~~~~~~~~~~~~~~~~~~~~~~~~~~~~~~~~~~~~~~~~~~~~~~"}

Command      : WebHost.ps1
ScriptName   : C:\SC\PsWebHost\WebHost.ps1
FunctionName : <ScriptBlock>
Line         : 878
Arguments    : {}

Command      : WebHost.ps1
ScriptName   : C:\SC\PsWebHost\WebHost.ps1
FunctionName : <ScriptBlock><End>
Line         : 875
Arguments    : {}


2026-02-09T03:02:22.9350082Z	2026-02-08T21:02:22.9350082-06:00	Error	ErrorArrayCheck	\[WebHost\.PS1]\ \$Error\[8]\ Cannot\ bind\ argument\ to\ parameter\ 'Path'\ because\ it\ is\ null\.\nAt\ C:\\SC\\PsWebHost\\apps\\vault\\app_init\.ps1:20\ char:22\r\n\+\ \$dataDir\ =\ Join-Path\ \$Global:PSWebServer\['DataRoot']\ "apps\\vault"\r\n\+\ \ \ \ \ \ \ \ \ \ \ \ \ \ \ \ \ \ \ \ \ \ ~~~~~~~~~~~~~~~~~~~~~~~~~~~~~~~	WebHost.ps1	WebHost.ps1				1	{"Message":"Cannot bind argument to parameter 'Path' because it is null.","PositionMessage":"At C:\\SC\\PsWebHost\\apps\\vault\\app_init.ps1:20 char:22\r\n+ $dataDir = Join-Path $Global:PSWebServer['DataRoot'] \"apps\\vault\"\r\n+                      ~~~~~~~~~~~~~~~~~~~~~~~~~~~~~~~"}

Command      : WebHost.ps1
ScriptName   : C:\SC\PsWebHost\WebHost.ps1
FunctionName : <ScriptBlock>
Line         : 878
Arguments    : {}

Command      : WebHost.ps1
ScriptName   : C:\SC\PsWebHost\WebHost.ps1
FunctionName : <ScriptBlock><End>
Line         : 875
Arguments    : {}


2026-02-09T03:02:22.9380858Z	2026-02-08T21:02:22.9380858-06:00	Error	ErrorArrayCheck	\[WebHost\.PS1]\ \$Error\[9]\ Cannot\ bind\ argument\ to\ parameter\ 'Path'\ because\ it\ is\ null\.\nAt\ C:\\SC\\PsWebHost\\apps\\UnitTests\\app_init\.ps1:8\ char:26\r\n\+\ \ \ \ \ DataPath\ =\ Join-Path\ \$Global:PSWebServer\['DataRoot']\ "apps\\UnitTe\ .\r\n\+\ \ \ \ \ \ \ \ \ \ \ \ \ \ \ \ \ \ \ \ \ \ \ \ \ \ ~~~~~~~~~~~~~~~~~~~~~~~~~~~~~~~	WebHost.ps1	WebHost.ps1				1	{"Message":"Cannot bind argument to parameter 'Path' because it is null.","PositionMessage":"At C:\\SC\\PsWebHost\\apps\\UnitTests\\app_init.ps1:8 char:26\r\n+     DataPath = Join-Path $Global:PSWebServer['DataRoot'] \"apps\\UnitTe .\r\n+                          ~~~~~~~~~~~~~~~~~~~~~~~~~~~~~~~"}

Command      : WebHost.ps1
ScriptName   : C:\SC\PsWebHost\WebHost.ps1
FunctionName : <ScriptBlock>
Line         : 878
Arguments    : {}

Command      : WebHost.ps1
ScriptName   : C:\SC\PsWebHost\WebHost.ps1
FunctionName : <ScriptBlock><End>
Line         : 875
Arguments    : {}


2026-02-09T03:02:22.9414138Z	2026-02-08T21:02:22.9414138-06:00	Error	ErrorArrayCheck	\[WebHost\.PS1]\ \$Error\[10]\ Cannot\ bind\ argument\ to\ parameter\ 'Path'\ because\ it\ is\ null\.\nAt\ C:\\SC\\PsWebHost\\apps\\UI_Uplot\\app_init\.ps1:11\ char:26\r\n\+\ \ \ \ \ DataPath\ =\ Join-Path\ \$Global:PSWebServer\['DataRoot']\ "apps\\UI_Upl\ .\r\n\+\ \ \ \ \ \ \ \ \ \ \ \ \ \ \ \ \ \ \ \ \ \ \ \ \ \ ~~~~~~~~~~~~~~~~~~~~~~~~~~~~~~~	WebHost.ps1	WebHost.ps1				1	{"Message":"Cannot bind argument to parameter 'Path' because it is null.","PositionMessage":"At C:\\SC\\PsWebHost\\apps\\UI_Uplot\\app_init.ps1:11 char:26\r\n+     DataPath = Join-Path $Global:PSWebServer['DataRoot'] \"apps\\UI_Upl .\r\n+                          ~~~~~~~~~~~~~~~~~~~~~~~~~~~~~~~"}

Command      : WebHost.ps1
ScriptName   : C:\SC\PsWebHost\WebHost.ps1
FunctionName : <ScriptBlock>
Line         : 878
Arguments    : {}

Command      : WebHost.ps1
ScriptName   : C:\SC\PsWebHost\WebHost.ps1
FunctionName : <ScriptBlock><End>
Line         : 875
Arguments    : {}


2026-02-09T03:02:22.9447894Z	2026-02-08T21:02:22.9447894-06:00	Error	ErrorArrayCheck	\[WebHost\.PS1]\ \$Error\[11]\ Cannot\ bind\ argument\ to\ parameter\ 'Path'\ because\ it\ is\ null\.\nAt\ C:\\SC\\PsWebHost\\apps\\SQLServerManager\\app_init\.ps1:23\ char:26\r\n\+\ \ \ \ \ DataPath\ =\ Join-Path\ \$Global:PSWebServer\['DataRoot']\ "apps\\SQLSer\ .\r\n\+\ \ \ \ \ \ \ \ \ \ \ \ \ \ \ \ \ \ \ \ \ \ \ \ \ \ ~~~~~~~~~~~~~~~~~~~~~~~~~~~~~~~	WebHost.ps1	WebHost.ps1				1	{"Message":"Cannot bind argument to parameter 'Path' because it is null.","PositionMessage":"At C:\\SC\\PsWebHost\\apps\\SQLServerManager\\app_init.ps1:23 char:26\r\n+     DataPath = Join-Path $Global:PSWebServer['DataRoot'] \"apps\\SQLSer .\r\n+                          ~~~~~~~~~~~~~~~~~~~~~~~~~~~~~~~"}

Command      : WebHost.ps1
ScriptName   : C:\SC\PsWebHost\WebHost.ps1
FunctionName : <ScriptBlock>
Line         : 878
Arguments    : {}

Command      : WebHost.ps1
ScriptName   : C:\SC\PsWebHost\WebHost.ps1
FunctionName : <ScriptBlock><End>
Line         : 875
Arguments    : {}


2026-02-09T03:02:22.9481192Z	2026-02-08T21:02:22.9481192-06:00	Error	ErrorArrayCheck	\[WebHost\.PS1]\ \$Error\[12]\ Cannot\ bind\ argument\ to\ parameter\ 'Path'\ because\ it\ is\ null\.\nAt\ C:\\SC\\PsWebHost\\apps\\SQLiteManager\\app_init\.ps1:23\ char:26\r\n\+\ \ \ \ \ DataPath\ =\ Join-Path\ \$Global:PSWebServer\['DataRoot']\ "apps\\SQLite\ .\r\n\+\ \ \ \ \ \ \ \ \ \ \ \ \ \ \ \ \ \ \ \ \ \ \ \ \ \ ~~~~~~~~~~~~~~~~~~~~~~~~~~~~~~~	WebHost.ps1	WebHost.ps1				1	{"Message":"Cannot bind argument to parameter 'Path' because it is null.","PositionMessage":"At C:\\SC\\PsWebHost\\apps\\SQLiteManager\\app_init.ps1:23 char:26\r\n+     DataPath = Join-Path $Global:PSWebServer['DataRoot'] \"apps\\SQLite .\r\n+                          ~~~~~~~~~~~~~~~~~~~~~~~~~~~~~~~"}

Command      : WebHost.ps1
ScriptName   : C:\SC\PsWebHost\WebHost.ps1
FunctionName : <ScriptBlock>
Line         : 878
Arguments    : {}

Command      : WebHost.ps1
ScriptName   : C:\SC\PsWebHost\WebHost.ps1
FunctionName : <ScriptBlock><End>
Line         : 875
Arguments    : {}


2026-02-09T03:02:22.9518524Z	2026-02-08T21:02:22.9518524-06:00	Error	ErrorArrayCheck	\[WebHost\.PS1]\ \$Error\[13]\ Cannot\ bind\ argument\ to\ parameter\ 'Path'\ because\ it\ is\ null\.\nAt\ C:\\SC\\PsWebHost\\apps\\RedisManager\\app_init\.ps1:23\ char:26\r\n\+\ \ \ \ \ DataPath\ =\ Join-Path\ \$Global:PSWebServer\['DataRoot']\ "apps\\RedisM\ .\r\n\+\ \ \ \ \ \ \ \ \ \ \ \ \ \ \ \ \ \ \ \ \ \ \ \ \ \ ~~~~~~~~~~~~~~~~~~~~~~~~~~~~~~~	WebHost.ps1	WebHost.ps1				1	{"Message":"Cannot bind argument to parameter 'Path' because it is null.","PositionMessage":"At C:\\SC\\PsWebHost\\apps\\RedisManager\\app_init.ps1:23 char:26\r\n+     DataPath = Join-Path $Global:PSWebServer['DataRoot'] \"apps\\RedisM .\r\n+                          ~~~~~~~~~~~~~~~~~~~~~~~~~~~~~~~"}

Command      : WebHost.ps1
ScriptName   : C:\SC\PsWebHost\WebHost.ps1
FunctionName : <ScriptBlock>
Line         : 878
Arguments    : {}

Command      : WebHost.ps1
ScriptName   : C:\SC\PsWebHost\WebHost.ps1
FunctionName : <ScriptBlock><End>
Line         : 875
Arguments    : {}


2026-02-09T03:02:22.9608276Z	2026-02-08T21:02:22.9608276-06:00	Error	ErrorArrayCheck	\[WebHost\.PS1]\ \$Error\[14]\ Cannot\ bind\ argument\ to\ parameter\ 'Path'\ because\ it\ is\ null\.\nAt\ C:\\SC\\PsWebHost\\apps\\MySQLManager\\app_init\.ps1:23\ char:26\r\n\+\ \ \ \ \ DataPath\ =\ Join-Path\ \$Global:PSWebServer\['DataRoot']\ "apps\\MySQLM\ .\r\n\+\ \ \ \ \ \ \ \ \ \ \ \ \ \ \ \ \ \ \ \ \ \ \ \ \ \ ~~~~~~~~~~~~~~~~~~~~~~~~~~~~~~~	WebHost.ps1	WebHost.ps1				1	{"Message":"Cannot bind argument to parameter 'Path' because it is null.","PositionMessage":"At C:\\SC\\PsWebHost\\apps\\MySQLManager\\app_init.ps1:23 char:26\r\n+     DataPath = Join-Path $Global:PSWebServer['DataRoot'] \"apps\\MySQLM .\r\n+                          ~~~~~~~~~~~~~~~~~~~~~~~~~~~~~~~"}

Command      : WebHost.ps1
ScriptName   : C:\SC\PsWebHost\WebHost.ps1
FunctionName : <ScriptBlock>
Line         : 878
Arguments    : {}

Command      : WebHost.ps1
ScriptName   : C:\SC\PsWebHost\WebHost.ps1
FunctionName : <ScriptBlock><End>
Line         : 875
Arguments    : {}


2026-02-09T03:02:22.9640924Z	2026-02-08T21:02:22.9640924-06:00	Error	ErrorArrayCheck	\[WebHost\.PS1]\ \$Error\[15]\ Cannot\ bind\ argument\ to\ parameter\ 'Path'\ because\ it\ is\ null\.\nAt\ C:\\SC\\PsWebHost\\apps\\LinuxAdmin\\app_init\.ps1:23\ char:26\r\n\+\ \ \ \ \ DataPath\ =\ Join-Path\ \$Global:PSWebServer\['DataRoot']\ "apps\\LinuxA\ .\r\n\+\ \ \ \ \ \ \ \ \ \ \ \ \ \ \ \ \ \ \ \ \ \ \ \ \ \ ~~~~~~~~~~~~~~~~~~~~~~~~~~~~~~~	WebHost.ps1	WebHost.ps1				1	{"Message":"Cannot bind argument to parameter 'Path' because it is null.","PositionMessage":"At C:\\SC\\PsWebHost\\apps\\LinuxAdmin\\app_init.ps1:23 char:26\r\n+     DataPath = Join-Path $Global:PSWebServer['DataRoot'] \"apps\\LinuxA .\r\n+                          ~~~~~~~~~~~~~~~~~~~~~~~~~~~~~~~"}

Command      : WebHost.ps1
ScriptName   : C:\SC\PsWebHost\WebHost.ps1
FunctionName : <ScriptBlock>
Line         : 878
Arguments    : {}

Command      : WebHost.ps1
ScriptName   : C:\SC\PsWebHost\WebHost.ps1
FunctionName : <ScriptBlock><End>
Line         : 875
Arguments    : {}


2026-02-09T03:02:22.9671222Z	2026-02-08T21:02:22.9671222-06:00	Error	ErrorArrayCheck	\[WebHost\.PS1]\ \$Error\[16]\ Cannot\ bind\ argument\ to\ parameter\ 'Path'\ because\ it\ is\ null\.\nAt\ C:\\SC\\PsWebHost\\apps\\KubernetesManager\\app_init\.ps1:23\ char:26\r\n\+\ \ \ \ \ DataPath\ =\ Join-Path\ \$Global:PSWebServer\['DataRoot']\ "apps\\Kubern\ .\r\n\+\ \ \ \ \ \ \ \ \ \ \ \ \ \ \ \ \ \ \ \ \ \ \ \ \ \ ~~~~~~~~~~~~~~~~~~~~~~~~~~~~~~~	WebHost.ps1	WebHost.ps1				1	{"Message":"Cannot bind argument to parameter 'Path' because it is null.","PositionMessage":"At C:\\SC\\PsWebHost\\apps\\KubernetesManager\\app_init.ps1:23 char:26\r\n+     DataPath = Join-Path $Global:PSWebServer['DataRoot'] \"apps\\Kubern .\r\n+                          ~~~~~~~~~~~~~~~~~~~~~~~~~~~~~~~"}

Command      : WebHost.ps1
ScriptName   : C:\SC\PsWebHost\WebHost.ps1
FunctionName : <ScriptBlock>
Line         : 878
Arguments    : {}

Command      : WebHost.ps1
ScriptName   : C:\SC\PsWebHost\WebHost.ps1
FunctionName : <ScriptBlock><End>
Line         : 875
Arguments    : {}


2026-02-09T03:02:22.9701573Z	2026-02-08T21:02:22.9701573-06:00	Error	ErrorArrayCheck	\[WebHost\.PS1]\ \$Error\[17]\ Cannot\ bind\ argument\ to\ parameter\ 'Path'\ because\ it\ is\ null\.\nAt\ C:\\SC\\PsWebHost\\apps\\DockerManager\\app_init\.ps1:23\ char:26\r\n\+\ \ \ \ \ DataPath\ =\ Join-Path\ \$Global:PSWebServer\['DataRoot']\ "apps\\Docker\ .\r\n\+\ \ \ \ \ \ \ \ \ \ \ \ \ \ \ \ \ \ \ \ \ \ \ \ \ \ ~~~~~~~~~~~~~~~~~~~~~~~~~~~~~~~	WebHost.ps1	WebHost.ps1				1	{"Message":"Cannot bind argument to parameter 'Path' because it is null.","PositionMessage":"At C:\\SC\\PsWebHost\\apps\\DockerManager\\app_init.ps1:23 char:26\r\n+     DataPath = Join-Path $Global:PSWebServer['DataRoot'] \"apps\\Docker .\r\n+                          ~~~~~~~~~~~~~~~~~~~~~~~~~~~~~~~"}

Command      : WebHost.ps1
ScriptName   : C:\SC\PsWebHost\WebHost.ps1
FunctionName : <ScriptBlock>
Line         : 878
Arguments    : {}

Command      : WebHost.ps1
ScriptName   : C:\SC\PsWebHost\WebHost.ps1
FunctionName : <ScriptBlock><End>
Line         : 875
Arguments    : {}


2026-02-09T03:02:27.0045025Z	2026-02-08T21:02:27.0045025-06:00	Error	ErrorArrayCheck	\[WebHost\.PS1]\ \$Error\[0]\ Not\ supported\ \nAt\ C:\\SC\\PsWebHost\\apps\\WebHostMetrics\\modules\\PSWebHost_Metrics\\PSWebHost_Metrics\.psm1:401\ char:26\r\n\+\ .\ \ \ \ \$temps\ =\ Get-CimInstance\ -Namespace\ root/wmi\ -ClassName\ MSAcpi_The\ .\r\n\+\ \ \ \ \ \ \ \ \ \ \ \ \ \ \ ~~~~~~~~~~~~~~~~~~~~~~~~~~~~~~~~~~~~~~~~~~~~~~~~~~~~~~~~~	WebHost.ps1	WebHost.ps1				1	{"Message":"Not supported ","PositionMessage":"At C:\\SC\\PsWebHost\\apps\\WebHostMetrics\\modules\\PSWebHost_Metrics\\PSWebHost_Metrics.psm1:401 char:26\r\n+ .    $temps = Get-CimInstance -Namespace root/wmi -ClassName MSAcpi_The .\r\n+               ~~~~~~~~~~~~~~~~~~~~~~~~~~~~~~~~~~~~~~~~~~~~~~~~~~~~~~~~~"}
	Logging: 2026-02-09T03:04:40.2957311Z	2026-02-08T21:04:40.2957311-06:00	Verbose	EventViewer	Event\ log\ request:\ 118\ events\ returned	apps\WebhostRealtimeEvents\routes\api\v1\logs\get.ps1	get.ps1		6ec71a85-fb79-4ebc-aa1d-587c7f8b403c		1	{"ResultCount":118,"Filters":{"categories":null,"userID":null,"severities":null,"source":null,"activityName":null,"filter":null,"runspaceID":null,"sessionID":null},"TimeRange":15}
	Logging: 2026-02-09T03:04:40.3343238Z	2026-02-08T21:04:40.3343238-06:00	Info	MetricsData	Track_HashTables	WebHost.ps1	ProcessLogQueue		Webhost	MainLoop	1	H4sIAAAAAAAACpWUUW/CIBSF/wvPulCglPZVH7ZEFxOde746dCa1NUCXGON/XzQKF+cS+thD83E55957IrP5p17NtfnRZtp+dbW2pDqRd9hrUj07HJBR2zWOVBkdkAlYN9e6IRVhlMkhZUOqFiyrqKgEfeGcqyznQyorSsl5QA5gdONG4NAdQfPoPIUsqZSBbI/2w2qDuHfFU3kKtVSlCNQ1OL1tzRFhveS5RQo3K1UWuPurmWNwgMhI7FdzziXyGA6HB/Bd8VSVQGVlwZATtlvFsd0Ez2RJ7mbqD/PRYKz2zC7PVKCj3n3e0YiehC8ULyKb35pNG9t8VXrZzGmBB2QKbv0djeBdCXOXQhWlKrEVY72BrnYzMLDXTpsl1N3DpP/zi783adxlIVDAk3b7urMuzheJ/diC0ijepTZ21zYLWNU6ekl04O8okzLmuEH30Ow22uK291LII6l5hIyL/7x0ob2U+WTf3vR+kSuRo324job18tVzX3HBIhrU7TYmXpV+NWYy7OzzL0l3rE98BgAA
	Logging: 2026-02-09T03:04:40.3367248Z	2026-02-08T21:04:40.3367248-06:00	Info	MetricsData	Track_HashTables	WebHost.ps1	ProcessLogQueue		Webhost	MainLoop	1	{"prefixesToTry":{"Name":"prefixesToTry","Count":2,"LastSeen":"2026-02-08T21:04:40.3359082-06:00"},"dbRoles":{"Name":"dbRoles","Count":15,"LastSeen":"2026-02-08T21:04:40.3355292-06:00"},"args":{"Name":"args","Count":0,"LastSeen":"2026-02-08T21:04:40.3353909-06:00"},"systemUsers":{"Name":"systemUsers","Count":2,"LastSeen":"2026-02-08T21:04:40.3360732-06:00"},"fileInfo":{"Name":"fileInfo","Count":2,"LastSeen":"2026-02-08T21:04:40.3355951-06:00"},"configRoles":{"Name":"configRoles","Count":6,"LastSeen":"2026-02-08T21:04:40.3354715-06:00"},"ModulePathEnv":{"Name":"ModulePathEnv","Count":19,"LastSeen":"2026-02-08T21:04:40.3358211-06:00"}}
	Logging: 2026-02-09T03:05:10.4813330Z	2026-02-08T21:05:10.4813330-06:00	Verbose	EventViewer	Event\ log\ request:\ 137\ events\ returned	apps\WebhostRealtimeEvents\routes\api\v1\logs\get.ps1	get.ps1		6ec71a85-fb79-4ebc-aa1d-587c7f8b403c		1	{"ResultCount":137,"Filters":{"categories":null,"userID":null,"severities":null,"source":null,"activityName":null,"filter":null,"runspaceID":null,"sessionID":null},"TimeRange":15}
	Logging: 2026-02-09T03:05:10.4930998Z	2026-02-08T21:05:10.4930998-06:00	Info	MetricsData	Track_HashTables	WebHost.ps1	ProcessLogQueue		Webhost	MainLoop	1	H4sIAAAAAAAACpWUS2/CMBCE/4vPUNmO7TyucGglqCKF0vNCDUXKA8VOJYT47xUpOGtEJeeYSfR5MjvrM8mLT70pdPuj22Xz1ZXakOxM3qHSJHv2ckJmTVdbkjE6IQswttC6JhnhlKsp5VOarDjLqMwYfREpl1xEU6oySsllQo7Q6trOwKIzBs2hZQiZp7EYyOZkPoxuEfeuOGoUQo0VkwN1C1bvm/aEsE5y3DiAy5JYILdVH+YcLCAyEsd55lwhz3A8PoDviqOmIY5VwijKt9v4Y7sJjslDnKqI4Zn1iMeAsTouB5VKNtBRd583GtFFCP46RS/mt3rX+DH3yriYYyHUQF2C3X57K3hXhr0L8cqSFAWdF3O9g660ObRQaavbNZTdw6b/84k7N2jdI6VQRotm/3ow1p8vEsexaZKiQubFWrfm0NQr2JTa+xPvxahpcBEpNI0K6sNOG1x7Jw3zCOomk3ib8r8WmqvNJ/ftTR+3W1JKdNNuvWW9Po28r6hEfrdgoWz2PrFXRtWSJYI6j5dfw6Km1XwGAAA=
	Logging: 2026-02-09T03:05:10.4950764Z	2026-02-08T21:05:10.4950764-06:00	Info	MetricsData	Track_HashTables	WebHost.ps1	ProcessLogQueue		Webhost	MainLoop	1	{"prefixesToTry":{"Name":"prefixesToTry","Count":2,"LastSeen":"2026-02-08T21:05:10.4945412-06:00"},"dbRoles":{"Name":"dbRoles","Count":15,"LastSeen":"2026-02-08T21:05:10.4941728-06:00"},"args":{"Name":"args","Count":0,"LastSeen":"2026-02-08T21:05:10.4940375-06:00"},"systemUsers":{"Name":"systemUsers","Count":2,"LastSeen":"2026-02-08T21:05:10.4947958-06:00"},"fileInfo":{"Name":"fileInfo","Count":2,"LastSeen":"2026-02-08T21:05:10.4942402-06:00"},"configRoles":{"Name":"configRoles","Count":6,"LastSeen":"2026-02-08T21:05:10.4941142-06:00"},"ModulePathEnv":{"Name":"ModulePathEnv","Count":19,"LastSeen":"2026-02-08T21:05:10.4944317-06:00"}}
	Logging: 2026-02-09T03:05:40.5288630Z	2026-02-08T21:05:40.5288630-06:00	Verbose	EventViewer	Event\ log\ request:\ 159\ events\ returned	apps\WebhostRealtimeEvents\routes\api\v1\logs\get.ps1	get.ps1		6ec71a85-fb79-4ebc-aa1d-587c7f8b403c		1	{"ResultCount":159,"Filters":{"categories":null,"userID":null,"severities":null,"source":null,"activityName":null,"filter":null,"runspaceID":null,"sessionID":null},"TimeRange":15}
	Logging: 2026-02-09T03:05:40.5690430Z	2026-02-08T21:05:40.5690430-06:00	Info	MetricsData	Track_HashTables	WebHost.ps1	ProcessLogQueue		Webhost	MainLoop	1	H4sIAAAAAAAACpWUzW7CMBCE38VnqBw7jp1c4dBKUEUKpeclNRQpPyh2KiHEu1fQ4qwplZxjxtG369lZn0hevOtNobsv3S3bj77ShmQn8gq1JtmjwwmZtX1jSRbRCVmAsYXWDckIoyyZUjalasWijIospk8iUTGnfEqTjFJynpADdLqxM7CoxqA5tAghR3GSDmRzNG9Gd4h7UxyVh1ATTuOBWoLVu7Y7IqyTHFcGcKWksRi49dXMOVhAZCSO65lK3DMcDnfgm+KoaUjHXKkI+dtv/LH9Co7JQjoVgqFOfxD3BmN1nA9CKTXQUXYfJxrR4xA851J6Nr8029a3+aqMszkWOMZLsOWnt4I3Zdi7oEhwhnrNi7neQl/ZHDqotdXdGqr+btP/+cXVDVp3xii6zaLdPe+N9eeLxFFsmTKBVigv1roz+7ZZwabS3k28g1HTUEylKEI1NPutNjj2ThrmEZJNmaY0+ZNNc2nzwXv7q49LfyxxhdJb1svXuPdKRBQFqAQLVbvziVdlVCxlEg32nr8BpKjr3nwGAAA=
	Logging: 2026-02-09T03:05:40.5710949Z	2026-02-08T21:05:40.5710949-06:00	Info	MetricsData	Track_HashTables	WebHost.ps1	ProcessLogQueue		Webhost	MainLoop	1	{"prefixesToTry":{"Name":"prefixesToTry","Count":2,"LastSeen":"2026-02-08T21:05:40.5704346-06:00"},"dbRoles":{"Name":"dbRoles","Count":15,"LastSeen":"2026-02-08T21:05:40.5701111-06:00"},"args":{"Name":"args","Count":0,"LastSeen":"2026-02-08T21:05:40.5699761-06:00"},"systemUsers":{"Name":"systemUsers","Count":2,"LastSeen":"2026-02-08T21:05:40.5707827-06:00"},"fileInfo":{"Name":"fileInfo","Count":2,"LastSeen":"2026-02-08T21:05:40.5701748-06:00"},"configRoles":{"Name":"configRoles","Count":6,"LastSeen":"2026-02-08T21:05:40.5700541-06:00"},"ModulePathEnv":{"Name":"ModulePathEnv","Count":19,"LastSeen":"2026-02-08T21:05:40.5703582-06:00"}}
	Logging: 2026-02-09T03:05:55.5844362Z	2026-02-08T21:05:55.5844362-06:00	Info	MetricsData	Track_HashTables	WebHost.ps1	ProcessLogQueue		Webhost	MainLoop	1	H4sIAAAAAAAACpWUX2vCMBTFv0uedaSJadO+6sMGOgp17vnaRSf0jzTpQMTvPhRNbzoHyWNPyy+3556TM8mLT7UtVPejulX71VdKk+xM3qFWJHv2ckLmbd8YkkV0QpagTaFUQzLCKIunlE2pXLMooyIT4kVInkRROqVxRim5TMgROtWYORh0xqBZtPAh85TJgaxP+kOrDnEfiqVyH2oa82iglmDUvu1OCGsly008uEwyJgZufTNzAQYQGYlhM3NG44ENx+MI/FAsNfWZWHCaIH/7rbu2u2CZzGdSGcvZmDk2GKuBu6Mc+YCy+zzRiD7zwceJdG1+a3ata/NNCbM5ZhwFYwWm/HYq+FCG3vnMyiSOW14s1A76yuTQQa2M6jZQ9aOm//OJPder7oJKdO6y3b8etHH3i8QwdkQFqmZebFSnD22zhm2lnD9xXgRtg8cRDmgNzWGnNI69lYZ9eGWTsYT+yaa+jvnkvr3rYelPpEA3bemU9foUdl8lM9z+EgxU7d4l3pSgWLJESjvj5Rf5efxrfAYAAA==
	Logging: 2026-02-09T03:05:55.5867099Z	2026-02-08T21:05:55.5867099-06:00	Info	MetricsData	Track_HashTables	WebHost.ps1	ProcessLogQueue		Webhost	MainLoop	1	{"prefixesToTry":{"Name":"prefixesToTry","Count":2,"LastSeen":"2026-02-08T21:05:55.5860912-06:00"},"dbRoles":{"Name":"dbRoles","Count":15,"LastSeen":"2026-02-08T21:05:55.5856648-06:00"},"ModulePathEnv":{"Name":"ModulePathEnv","Count":19,"LastSeen":"2026-02-08T21:05:55.5860049-06:00"},"args":{"Name":"args","Count":0,"LastSeen":"2026-02-08T21:05:55.5855232-06:00"},"systemUsers":{"Name":"systemUsers","Count":2,"LastSeen":"2026-02-08T21:05:55.5862578-06:00"},"fileInfo":{"Name":"fileInfo","Count":2,"LastSeen":"2026-02-08T21:05:55.5857303-06:00"},"logEntries":{"Name":"logEntries","Count":3,"LastSeen":"2026-02-08T21:05:55.5858595-06:00"},"configRoles":{"Name":"configRoles","Count":6,"LastSeen":"2026-02-08T21:05:55.5856085-06:00"}}
	Logging: 2026-02-09T03:06:40.6304849Z	2026-02-08T21:06:40.6304849-06:00	Verbose	EventViewer	Event\ log\ request:\ 193\ events\ returned	apps\WebhostRealtimeEvents\routes\api\v1\logs\get.ps1	get.ps1		6ec71a85-fb79-4ebc-aa1d-587c7f8b403c		1	{"ResultCount":193,"Filters":{"categories":null,"userID":null,"severities":null,"source":null,"activityName":null,"filter":null,"runspaceID":null,"sessionID":null},"TimeRange":15}
	Logging: 2026-02-09T03:06:40.6438223Z	2026-02-08T21:06:40.6438223-06:00	Info	MetricsData	Track_HashTables	WebHost.ps1	ProcessLogQueue		Webhost	MainLoop	1	H4sIAAAAAAAACpWUy27CMBBF/8VrWtmO7Ty2sGglqCKF0vVADUXKS7FTCSH+veLljBGVnGWuozPjmXt9JHnxpdeF7n51t2i++1Ibkh3JB1SaZM8OJ2Ta9LUlGaMTMgdjC61rkhFOuXqh/IUmS84yqjJBX5WIaHKWVUYpOU1IC52u7RQsqjFoDi0DyDxWMh7I5mA+je4Q9644ahTSbyRZNFA3YPWu6Q4I6yTHjUO6pakUA7e6DHMGFhAZiaN65kpQNrChbR/Ad8VR0wAqi1NB0Xz7tb+2m+CYPGS6PKLIDVfE44CxOm53PI6QI5B3nzsa0UWQlQVDA4G2fa+3jT/mizJuzImMkeEWYDc/XgTvypC7EEtIxVGveTHTW+hLm0MHlba6W0HZPyT9n19c3ZC480RGqO682b3tjfX3i8Rx7CiNOb7TSndm39RLWJfau4l3MGobPJUJilIF9X6rDba9k4Z9BGVUMoHA+dWF5tzmk/f2po9zP2M4rxsvrOevUe8VS5VIPRqUzc4nXpRxtqRcufyf/gD04mg/fAYAAA==
	Logging: 2026-02-09T03:06:40.6458495Z	2026-02-08T21:06:40.6458495-06:00	Info	MetricsData	Track_HashTables	WebHost.ps1	ProcessLogQueue		Webhost	MainLoop	1	{"prefixesToTry":{"Name":"prefixesToTry","Count":2,"LastSeen":"2026-02-08T21:06:40.6452356-06:00"},"dbRoles":{"Name":"dbRoles","Count":15,"LastSeen":"2026-02-08T21:06:40.6448999-06:00"},"args":{"Name":"args","Count":0,"LastSeen":"2026-02-08T21:06:40.6447533-06:00"},"systemUsers":{"Name":"systemUsers","Count":2,"LastSeen":"2026-02-08T21:06:40.6455801-06:00"},"fileInfo":{"Name":"fileInfo","Count":2,"LastSeen":"2026-02-08T21:06:40.6449679-06:00"},"configRoles":{"Name":"configRoles","Count":6,"LastSeen":"2026-02-08T21:06:40.6448348-06:00"},"ModulePathEnv":{"Name":"ModulePathEnv","Count":19,"LastSeen":"2026-02-08T21:06:40.6451605-06:00"}}
	Logging: 2026-02-09T03:07:26.0477690Z	2026-02-08T21:07:26.0477690-06:00	Info	MetricsData	Track_HashTables	WebHost.ps1	ProcessLogQueue		Webhost	MainLoop	1	H4sIAAAAAAAACpWUy27CMBBF/8VrqGzHcZxsYdFKUCFB6drQgSLlgWynEkL8ewUCP1Iq2ctcR8fjO3PnjBbLT9gsQf2AmndffQ0aVWf0LhtA1bPDEZp0fWtQRfAIzaQ2S4AWVYhiyseYjrFYUVLhoqL8BTMiWJ6PMa8wRpcROkoFrZlI493hNIvOY8h5wQpH1if9oUF53IdiqVkEtcgoxY66lQb2nTp5WCtZbhFTLeG4dNzmZuZUGumRPTGpZpJj5nksj8cB+KFYahlBxaXg3PO334RtuwuWSWPcJXn+hzk02FfTekcLyhzdm93nE+3RWdQoD21+a3ddaPNNSbKZYMa8oufSbL+DCD4Ul7sYKuOF8K2Ywk72tVlIJRswoNay7gdJ/+cXe29U3DkTxN076/avB23C/npiGjvjInjTGpQ+dO1KbmoIXhIcpHWjINzrcSPbww60P/ZWcv2IyiijZVD853UK9bXMJ/v2rqdtASGwV/o2COv1K21f4ZJnAU3W3T4k3pS0sSS0tFvw8gtbREPVfAYAAA==
	Logging: 2026-02-09T03:07:26.0496531Z	2026-02-08T21:07:26.0496531-06:00	Info	MetricsData	Track_HashTables	WebHost.ps1	ProcessLogQueue		Webhost	MainLoop	1	{"prefixesToTry":{"Name":"prefixesToTry","Count":2,"LastSeen":"2026-02-08T21:07:26.0491641-06:00"},"dbRoles":{"Name":"dbRoles","Count":15,"LastSeen":"2026-02-08T21:07:26.0488406-06:00"},"args":{"Name":"args","Count":0,"LastSeen":"2026-02-08T21:07:26.0487012-06:00"},"systemUsers":{"Name":"systemUsers","Count":2,"LastSeen":"2026-02-08T21:07:26.0493824-06:00"},"fileInfo":{"Name":"fileInfo","Count":2,"LastSeen":"2026-02-08T21:07:26.0489075-06:00"},"configRoles":{"Name":"configRoles","Count":6,"LastSeen":"2026-02-08T21:07:26.0487835-06:00"},"ModulePathEnv":{"Name":"ModulePathEnv","Count":19,"LastSeen":"2026-02-08T21:07:26.0490884-06:00"}}
	Logging: 2026-02-09T03:07:56.0421890Z	2026-02-08T21:07:56.0421890-06:00	Verbose	EventViewer	Event\ log\ request:\ 233\ events\ returned	apps\WebhostRealtimeEvents\routes\api\v1\logs\get.ps1	get.ps1		6ec71a85-fb79-4ebc-aa1d-587c7f8b403c		1	{"ResultCount":233,"Filters":{"categories":null,"userID":null,"severities":null,"source":null,"activityName":null,"filter":null,"runspaceID":null,"sessionID":null},"TimeRange":15}
	Logging: 2026-02-09T03:07:56.0652307Z	2026-02-08T21:07:56.0652307-06:00	Info	MetricsData	Track_HashTables	WebHost.ps1	ProcessLogQueue		Webhost	MainLoop	1	H4sIAAAAAAAACpWUUW/CIBSF/wvPulAo0PZVH7ZElyZ17vnq0JnUtil0iTH+90Wn9NK4hD720HzAOedyJnnxqTeFbn90u6y/ulIbkp3JOxw1yZ4tTsis7ipLsohOyAKMLbSuSEYYZXJK2ZQmKxZlVGVCvlAZqyiNp1RmlJLLhDTQ6srOwKI9es2hRQhZRAyRzcl8GN0i7kNxVB5CTVIheuoWrN7X7QlhneS4KoRLuaQ993gzcw4WEBmJ484cx1z2bGiaAfihOGoaQOWJFAz522382O6CY7IgdxlTQ+bQYKyOzE5IlB3q7vNGI3ocgpdJivDQNG/VrvZtvinjbE4ZQ9Ql2O23N4IPpZ+7oEpQhcLLi7neQVfaHFo4aqvbNZTdYNL/+cXtGzTuQmGPFvX+9WCsny8Sx7FZkqb4TmvdmkNdrWBTau8m3sKoNGIZc47GFKrDThtceyf1eQR1k0uF5j//a6G5HvPJe3vXx7VfxdierTes169R7xVPFfffQSjrvU+8KeNqSalwb/blFymAQgp8BgAA
	Logging: 2026-02-09T03:07:56.0676472Z	2026-02-08T21:07:56.0676472-06:00	Info	MetricsData	Track_HashTables	WebHost.ps1	ProcessLogQueue		Webhost	MainLoop	1	{"prefixesToTry":{"Name":"prefixesToTry","Count":2,"LastSeen":"2026-02-08T21:07:56.0671280-06:00"},"dbRoles":{"Name":"dbRoles","Count":15,"LastSeen":"2026-02-08T21:07:56.0664919-06:00"},"args":{"Name":"args","Count":0,"LastSeen":"2026-02-08T21:07:56.0663014-06:00"},"systemUsers":{"Name":"systemUsers","Count":2,"LastSeen":"2026-02-08T21:07:56.0673032-06:00"},"fileInfo":{"Name":"fileInfo","Count":2,"LastSeen":"2026-02-08T21:07:56.0666016-06:00"},"configRoles":{"Name":"configRoles","Count":6,"LastSeen":"2026-02-08T21:07:56.0664223-06:00"},"ModulePathEnv":{"Name":"ModulePathEnv","Count":19,"LastSeen":"2026-02-08T21:07:56.0669455-06:00"}}
	Logging: 2026-02-09T03:08:11.1215821Z	2026-02-08T21:08:11.1215821-06:00	Info	MetricsData	Track_HashTables	WebHost.ps1	ProcessLogQueue		Webhost	MainLoop	1	H4sIAAAAAAAACpWUS2/CMBCE/4vPUK2d2Hlc4dBKUEUKpeeFGoqUB4qdSgjx3yvSEq8RVZNjxtFne3bGZ5bl73qT6+ZLN8v6oy20YemZvWKpWfpoccJmdVtZlnKYsAUam2tdsZQJEGoKYgrxSvAU4pTzJy4gCSGcgkoB2GXCjtjoys7Qkj2c1qPlEHIkIu7I5mTejG4I96b01GAAlXPJY0fdotX7ujkRbC/13Oh/LldcBcJxy87MOVokZCKOOjMoyZVj4/F4B74pPTUZcGKZJGFE/G03/th+hZ4phrgLYUJn1iHuDabquNlBLIjHJLuPE03o4aAoQyw9m1+qXe3b3CmjbFYgARx1iXb76VXwprjeDYoERCTGWT7XO2wLm2GDpba6WWPR3jX9j1/6fQfVPUoU8WhR758PxvrzJeI4diiDhN5prRtzqKsVbgrt3cRbGDMNAbESJKAlVoedNjT2veTmMaijUgpiTPaTQnM95oP39lcf9wokESf2bL2yXr9GvlfASZe2aLGo9z6xU8bEkiseOBcu3ymdzYl8BgAA
	Logging: 2026-02-09T03:08:11.1237948Z	2026-02-08T21:08:11.1237948-06:00	Info	MetricsData	Track_HashTables	WebHost.ps1	ProcessLogQueue		Webhost	MainLoop	1	{"prefixesToTry":{"Name":"prefixesToTry","Count":2,"LastSeen":"2026-02-08T21:08:11.1232401-06:00"},"dbRoles":{"Name":"dbRoles","Count":15,"LastSeen":"2026-02-08T21:08:11.1228282-06:00"},"ModulePathEnv":{"Name":"ModulePathEnv","Count":19,"LastSeen":"2026-02-08T21:08:11.1231648-06:00"},"args":{"Name":"args","Count":0,"LastSeen":"2026-02-08T21:08:11.1226837-06:00"},"systemUsers":{"Name":"systemUsers","Count":2,"LastSeen":"2026-02-08T21:08:11.1234032-06:00"},"fileInfo":{"Name":"fileInfo","Count":2,"LastSeen":"2026-02-08T21:08:11.1228923-06:00"},"logEntries":{"Name":"logEntries","Count":3,"LastSeen":"2026-02-08T21:08:11.1230634-06:00"},"configRoles":{"Name":"configRoles","Count":6,"LastSeen":"2026-02-08T21:08:11.1227728-06:00"}}
	Logging: 2026-02-09T03:08:41.1879892Z	2026-02-08T21:08:41.1879892-06:00	Verbose	EventViewer	Event\ log\ request:\ 260\ events\ returned	apps\WebhostRealtimeEvents\routes\api\v1\logs\get.ps1	get.ps1		6ec71a85-fb79-4ebc-aa1d-587c7f8b403c		1	{"ResultCount":260,"Filters":{"categories":null,"userID":null,"severities":null,"source":null,"activityName":null,"filter":null,"runspaceID":null,"sessionID":null},"TimeRange":15}
	Logging: 2026-02-09T03:08:41.1889877Z	2026-02-08T21:08:41.1889877-06:00	Debug	GlobalCache	Updated\ cache:\ 3\ jobs,\ 0\ runspaces,\ 0\ tasks\ \(0\.2076ms\)	WebHost.ps1::Update-GlobalCache	Update-GlobalCache				1	
	Logging: 2026-02-09T03:08:41.2062572Z	2026-02-08T21:08:41.2062572-06:00	Info	MetricsData	Track_HashTables	WebHost.ps1	ProcessLogQueue		Webhost	MainLoop	1	H4sIAAAAAAAACpWUzW7CMBCE38VnWq2dOH9XOLQSVEih9GyooUghQbZTCSHevSIFe02pZB8zjj5vZmdyIvP6Q65qqb6lmnWffSM1qU7kTewlqR4djsi461tDKgojMhXa1FK2pCIMWPYE7AmKBaMVFFVKnxlwPshZBUDOI3IQSrZmLAy6w2kWzUPILM0SR9ZH/a6lQtybYqlJCDUrMuqoa2HktlNHhLWS5eYBXEiSonTc/WDmRBiByEiMm5nmkDu2OBzuwDfFUsuQiSmn2N9+5a/tKlgmC3KX4jT8Iu4Nxmrk7tIcTYyy+zjRiJ6G4NM0LzybX9tN59s8KHE2MyjQ0DNh1l9eBW+K611QJFiJZp3XE7kRfWPmQom9NFItRdPfNf2fV+y9QXVPKEdRnHbbl502/n6RGMWGjDLvm5ZS6V3XLsSqkd6XeAdR2+BJwXBNRbvbSI1jbyW3j6BsQgrwJ5v6MuaD/+1Vj0s/TziyZ+2V9fIU979iGaQeTTTd1icOSlQsgZWu/+cfg1wSEHwGAAA=
	Logging: 2026-02-09T03:08:41.2085233Z	2026-02-08T21:08:41.2085233-06:00	Info	MetricsData	Track_HashTables	WebHost.ps1	ProcessLogQueue		Webhost	MainLoop	1	{"prefixesToTry":{"Name":"prefixesToTry","Count":2,"LastSeen":"2026-02-08T21:08:41.2077200-06:00"},"dbRoles":{"Name":"dbRoles","Count":15,"LastSeen":"2026-02-08T21:08:41.2073910-06:00"},"args":{"Name":"args","Count":0,"LastSeen":"2026-02-08T21:08:41.2072563-06:00"},"systemUsers":{"Name":"systemUsers","Count":2,"LastSeen":"2026-02-08T21:08:41.2080948-06:00"},"fileInfo":{"Name":"fileInfo","Count":2,"LastSeen":"2026-02-08T21:08:41.2074576-06:00"},"configRoles":{"Name":"configRoles","Count":6,"LastSeen":"2026-02-08T21:08:41.2073357-06:00"},"ModulePathEnv":{"Name":"ModulePathEnv","Count":19,"LastSeen":"2026-02-08T21:08:41.2076420-06:00"}}
	Logging: 2026-02-09T03:08:56.2132926Z	2026-02-08T21:08:56.2132926-06:00	Verbose	EventViewer	Event\ log\ request:\ 271\ events\ returned	apps\WebhostRealtimeEvents\routes\api\v1\logs\get.ps1	get.ps1		6ec71a85-fb79-4ebc-aa1d-587c7f8b403c		1	{"ResultCount":271,"Filters":{"categories":null,"userID":null,"severities":null,"source":null,"activityName":null,"filter":null,"runspaceID":null,"sessionID":null},"TimeRange":15}
	Logging: 2026-02-09T03:08:56.2417066Z	2026-02-08T21:08:56.2417066-06:00	Info	MetricsData	Track_HashTables	WebHost.ps1	ProcessLogQueue		Webhost	MainLoop	1	H4sIAAAAAAAACpWUS2/CMBCE/4vPUK0feV7h0EpQRQql54UaihQSFDuVEOK/V1Bw1ohKzjGT6FtndsYnVpSfelXq9ke38+arq7Rh+Ym9416z/NnLEZs0XW1ZzmHEZmhsqXXNciZAxGMQY0gXgueQ5lH8IhQHlYkxxDkAO4/YAVtd2wlaMqPXHDoKIEMKCnqyOZoPo1vCvSuOKkPOKwRPe+oard427ZFgneS4SchpFZfEh/3VzClaJGQiDjozJDIhTuDh8AC+K46ahVCFkJL42638td0ExxQh7vLoIvvMR4OpOmx3PFVRTyfZfZ5oQldBUeaZ8mx+qzeNb/NVGWhzBklPnaNdf3sVvCt974IiAZIYXZRTvcGusgW2uNdWt0usuoem//OJmxtSd8hAZf3cWbN93Rnr75eIw9gxB1LNolzq1uyaeoGrSnt/4r0Yto0sUcS3Pda7jTY09k7q9xHU0ThOSUeLvxSayzGf3Lc3fVj6IcnIhLVX1svTsPtKRoK0f40Wq2brE6/KsFjKVLqGnn8BZD5Hi3wGAAA=
	Logging: 2026-02-09T03:08:56.2438837Z	2026-02-08T21:08:56.2438837-06:00	Info	MetricsData	Track_HashTables	WebHost.ps1	ProcessLogQueue		Webhost	MainLoop	1	{"prefixesToTry":{"Name":"prefixesToTry","Count":2,"LastSeen":"2026-02-08T21:08:56.2432110-06:00"},"dbRoles":{"Name":"dbRoles","Count":15,"LastSeen":"2026-02-08T21:08:56.2428156-06:00"},"ModulePathEnv":{"Name":"ModulePathEnv","Count":19,"LastSeen":"2026-02-08T21:08:56.2431377-06:00"},"args":{"Name":"args","Count":0,"LastSeen":"2026-02-08T21:08:56.2426864-06:00"},"systemUsers":{"Name":"systemUsers","Count":2,"LastSeen":"2026-02-08T21:08:56.2434251-06:00"},"fileInfo":{"Name":"fileInfo","Count":2,"LastSeen":"2026-02-08T21:08:56.2429143-06:00"},"logEntries":{"Name":"logEntries","Count":4,"LastSeen":"2026-02-08T21:08:56.2430475-06:00"},"configRoles":{"Name":"configRoles","Count":6,"LastSeen":"2026-02-08T21:08:56.2427627-06:00"}}
	Logging: 2026-02-09T03:09:26.3580675Z	2026-02-08T21:09:26.3580675-06:00	Info	MetricsData	Track_HashTables	WebHost.ps1	ProcessLogQueue		Webhost	MainLoop	1	H4sIAAAAAAAACpWUUW+CMBSF/0ufdSmlLYVXfdgSXUhw7vnqqjNBILQsMcb/vui03BKXlEdOydfbc8+9Z5IXn3pT6PZHt8v6qyu1IdmZvMNRk+zZ4YTM6q6yJIvohCzA2ELrimSEUSanlE2pWrEoo2nG5EssEsESOqUyo5RcJqSBVld2Bhbd0WsOLULIMUtFTzYn82F0i7gPxVHjEGpCOaJuwep93Z4Q1kmOmwRwZRqpqOceb2bOwQIiI3FczUyotGdD0wzAD8VR05CKEyoU8rfb+G27C47JQiqVcRQPmUODsTrOBykFyhrK7vNEIzoPwfM0QcVD07xVu9q3+aaMtFkq3lOXYLff3gg+lH7ugiLBuGfFXO+gK20OLRy11e0aym4w6f/84u4NGvc4Zeg1i3r/ejDW7y8Sx7EjppD/ebHWrTnU1Qo2pfZe4h2M6kbCBWdoTKE67LTBsXdS34+gbEYqQcbkfyk01zKf7Nu7Pi79QkjU8q03rNevcftKxVx6NCjrvU+8KaNiKZUSbrtefgEQ8nlOfAYAAA==
	Logging: 2026-02-09T03:09:26.3598843Z	2026-02-08T21:09:26.3598843-06:00	Info	MetricsData	Track_HashTables	WebHost.ps1	ProcessLogQueue		Webhost	MainLoop	1	{"prefixesToTry":{"Name":"prefixesToTry","Count":2,"LastSeen":"2026-02-08T21:09:26.3594498-06:00"},"dbRoles":{"Name":"dbRoles","Count":15,"LastSeen":"2026-02-08T21:09:26.3591045-06:00"},"ModulePathEnv":{"Name":"ModulePathEnv","Count":19,"LastSeen":"2026-02-08T21:09:26.3593772-06:00"},"args":{"Name":"args","Count":0,"LastSeen":"2026-02-08T21:09:26.3589792-06:00"},"systemUsers":{"Name":"systemUsers","Count":2,"LastSeen":"2026-02-08T21:09:26.3596113-06:00"},"fileInfo":{"Name":"fileInfo","Count":2,"LastSeen":"2026-02-08T21:09:26.3591669-06:00"},"logEntries":{"Name":"logEntries","Count":3,"LastSeen":"2026-02-08T21:09:26.3592883-06:00"},"configRoles":{"Name":"configRoles","Count":6,"LastSeen":"2026-02-08T21:09:26.3590527-06:00"}}
	Logging: 2026-02-09T03:09:56.4199460Z	2026-02-08T21:09:56.4199460-06:00	Info	MetricsData	Track_HashTables	WebHost.ps1	ProcessLogQueue		Webhost	MainLoop	1	H4sIAAAAAAAACpWUX2vCMBTFv0uedaRJmzZ91YcNdAg693x10Qn9I006EPG7DztNbsRB8tjT8svtOefmTBbLT7VZqu5HdfP2q6+UJuWZvEOtSPns5YhM2r4xpEzoiMxAm6VSDSkJo0yMKRvTYsWSksoyEy9pIlPOxZiKklJyGZEjdKoxEzDoDKdZdBZCZpxljqxP+kOrDnHviqXyEKqgaeqoWzBq33YnhLWS5eYB3KLgEnHrwcwpGEBkJMbNnIicOTYcjw/gu2KpMmRikTOJ/O03fmw3wTJZyKQZT3FmA+LRYKzG+ZAJgbqGuvu80YieBlWZcu7Z/NbsWt/mQYmzOWd57qhzMNtvbwXvitu7oEpwVmArpmoHfWUW0EGtjOrWUPUPm/7PJ/bcoHVnskARzNr960EbP18kxrEpl168a9XpQ9usYFMp70+8F1FpSJ5J5FsNzWGnNK69lVweQd2kUqDyLP5aqK9jPrlvb3pc+1PB0S2w9Zb1+hR3X+V5gWq5BQNVu/eJgxJVy6KgLsLLL4MoSm58BgAA
	Logging: 2026-02-09T03:09:56.4217300Z	2026-02-08T21:09:56.4217300-06:00	Info	MetricsData	Track_HashTables	WebHost.ps1	ProcessLogQueue		Webhost	MainLoop	1	{"prefixesToTry":{"Name":"prefixesToTry","Count":2,"LastSeen":"2026-02-08T21:09:56.4213137-06:00"},"dbRoles":{"Name":"dbRoles","Count":15,"LastSeen":"2026-02-08T21:09:56.4209549-06:00"},"args":{"Name":"args","Count":0,"LastSeen":"2026-02-08T21:09:56.4208257-06:00"},"systemUsers":{"Name":"systemUsers","Count":2,"LastSeen":"2026-02-08T21:09:56.4214732-06:00"},"fileInfo":{"Name":"fileInfo","Count":2,"LastSeen":"2026-02-08T21:09:56.4210239-06:00"},"configRoles":{"Name":"configRoles","Count":6,"LastSeen":"2026-02-08T21:09:56.4209005-06:00"},"ModulePathEnv":{"Name":"ModulePathEnv","Count":19,"LastSeen":"2026-02-08T21:09:56.4211978-06:00"}}
	Logging: 2026-02-09T03:10:26.4844696Z	2026-02-08T21:10:26.4844696-06:00	Info	MetricsData	Track_HashTables	WebHost.ps1	ProcessLogQueue		Webhost	MainLoop	1	H4sIAAAAAAAACpWUX2+CMBTFv0ufdekfKIVXfdgSXUhw7vnKqjNBMLQsMcbvvui03BKXlEcO5NfLuef0TPLiU28K3f7odtl8dZU2JDuTdzhokj17OSGzpqstyRidkAUYW2hdk4xwyuWU8ilVK84yRjMuXyIlUsnjKZUZpeQyIUdodW1nYNEZvebQcQg5iaTsyeZkPoxuEfehOKoIoEYsorSnlmD1rmlPCOskx01CpuVSIB8ONzPnYAGRkThqZiGTSPVsOB4H4IfiqGkIlSYxR/52G39td8ExeYi7VMp0yBwajNWRu6Mi6ukou88TjehRUJQFY57Nb/W28W2+KeNsZiIWPXUJtvz2KvhQ+t4FRUIotLy8mOstdJXNoYWDtrpdQ9UNmv7PJ+7coLorhku5aHave2P9/SJxHDummJ0Xa92afVOvYFNp70+8F+O2oRRPUE2h3m+1wbF3Ur+PoI7GqUJrzv9SaK5jPrlv7/q4WyBNBRq99Mp6fRp3XzGVILNLsFA1O594U8bFkrPUVejyC1R6kMp8BgAA
	Logging: 2026-02-09T03:10:26.4864419Z	2026-02-08T21:10:26.4864419-06:00	Info	MetricsData	Track_HashTables	WebHost.ps1	ProcessLogQueue		Webhost	MainLoop	1	{"prefixesToTry":{"Name":"prefixesToTry","Count":2,"LastSeen":"2026-02-08T21:10:26.4859399-06:00"},"dbRoles":{"Name":"dbRoles","Count":15,"LastSeen":"2026-02-08T21:10:26.4855552-06:00"},"args":{"Name":"args","Count":0,"LastSeen":"2026-02-08T21:10:26.4854282-06:00"},"systemUsers":{"Name":"systemUsers","Count":2,"LastSeen":"2026-02-08T21:10:26.4861346-06:00"},"fileInfo":{"Name":"fileInfo","Count":2,"LastSeen":"2026-02-08T21:10:26.4856212-06:00"},"configRoles":{"Name":"configRoles","Count":6,"LastSeen":"2026-02-08T21:10:26.4855019-06:00"},"ModulePathEnv":{"Name":"ModulePathEnv","Count":19,"LastSeen":"2026-02-08T21:10:26.4858214-06:00"}}
	Logging: 2026-02-09T03:10:56.5412259Z	2026-02-08T21:10:56.5412259-06:00	Info	MetricsData	Track_HashTables	WebHost.ps1	ProcessLogQueue		Webhost	MainLoop	1	H4sIAAAAAAAACpWUX2vCMBTFv0ueddykSdv0VR820FGo0+e4RSf0jzTpQMTvPio2vSmOta8n5Zf0nHPvlaTZTu8zXf/oel19Nbk2JLmSd1Vokjw7nJFF1ZSWJBRmZKWMzbQuSUIYsHAObA7xhtGEQiLCF8EhYlzMIUwAyG1GzqrWpV0oi+7oNYcWY8iCRrInm4v5MLpG3E5x1GAMVQIPeuqnsvpY1ReEdZLjRmO4lArkQ3E3c6msQmQkTnszF0B7tjqfB+BOcVT5PzWQMohD5G+z92N7CI7Jxrw0ZjIeMocGY3WaD3EooKej7j5vNKLzMfhQtjKy+a08VL7Nd2WKzRwAWq2jrpX9/PZGsFP6uRtVCSrQcKTZUh9Uk9tU1arQVtdblTeDSf/jE3fvqHEXcYCquKqOrydj/XyROI0dUImcSrOtrs2pKjdqn2vvT7yDaWmEPELjX6jydNAG195JfR6juhlE0gtk17bQtM98sm8f+rT2R0Jwb3P5S2vivgLB/D2o8uroE+/KtFpCzF2Et1/kSz1hfAYAAA==
	Logging: 2026-02-09T03:10:56.5431806Z	2026-02-08T21:10:56.5431806-06:00	Info	MetricsData	Track_HashTables	WebHost.ps1	ProcessLogQueue		Webhost	MainLoop	1	{"prefixesToTry":{"Name":"prefixesToTry","Count":2,"LastSeen":"2026-02-08T21:10:56.5426242-06:00"},"dbRoles":{"Name":"dbRoles","Count":15,"LastSeen":"2026-02-08T21:10:56.5422887-06:00"},"args":{"Name":"args","Count":0,"LastSeen":"2026-02-08T21:10:56.5420922-06:00"},"systemUsers":{"Name":"systemUsers","Count":2,"LastSeen":"2026-02-08T21:10:56.5427850-06:00"},"fileInfo":{"Name":"fileInfo","Count":2,"LastSeen":"2026-02-08T21:10:56.5423656-06:00"},"configRoles":{"Name":"configRoles","Count":6,"LastSeen":"2026-02-08T21:10:56.5421653-06:00"},"ModulePathEnv":{"Name":"ModulePathEnv","Count":19,"LastSeen":"2026-02-08T21:10:56.5425490-06:00"}}
	Logging: 2026-02-09T03:11:41.5827536Z	2026-02-08T21:11:41.5827536-06:00	Verbose	EventViewer	Event\ log\ request:\ 362\ events\ returned	apps\WebhostRealtimeEvents\routes\api\v1\logs\get.ps1	get.ps1		6ec71a85-fb79-4ebc-aa1d-587c7f8b403c		1	{"ResultCount":362,"Filters":{"categories":null,"userID":null,"severities":null,"source":null,"activityName":null,"filter":null,"runspaceID":null,"sessionID":null},"TimeRange":15}
	Logging: 2026-02-09T03:11:41.5837577Z	2026-02-08T21:11:41.5837577-06:00	Debug	GlobalCache	Updated\ cache:\ 3\ jobs,\ 0\ runspaces,\ 0\ tasks\ \(0\.206ms\)	WebHost.ps1::Update-GlobalCache	Update-GlobalCache				1	
	Logging: 2026-02-09T03:11:41.5958781Z	2026-02-08T21:11:41.5958781-06:00	Info	MetricsData	Track_HashTables	WebHost.ps1	ProcessLogQueue		Webhost	MainLoop	1	H4sIAAAAAAAACpWUX2vCMBTFv0uedSRpkv551YcNdBTqtueri06orSTpQMTvPhRNb4qD9LEn5Zebc8+9Z1JWX3pdafOrzbL97mptSXEm73DQpHh2OCGztmscKRidkAVYV2ndkIJwytWU8inNVpwVjBWCvchcslzlU6oKSsllQo5gdONm4NAdvebRMoIs8kwlPdme7IfVBnEfiqcmMfXKVCLqBpzeteaEsF7y3DSmWskp7bmHm5lzcIDISBxVs8iZkj0bjscB+KF4ah5DTYRUyN9uHbbtLngmj3E3STgbMocGY3Vc74TKs56Osvs80YguoqKspAhsfmu2bWjzTRlns6DYkiW4zU8wgg+ln7sYapYxFOOymustdLUrwcBBO20+oe4Gk/7PL/7eqHGnMkGvWbS71711YX+ROIot0jRBgSyrT23svm1WsK518JLgYFQ3JGM5HlNo9lttcey91PcjakYzcZUH2bTXMp/s27s+Lv2cp+iGTTCs169x+0pIgXbKBhzU7S4k3pRxsRSZ8jVe/gCqEkSrfAYAAA==
	Logging: 2026-02-09T03:11:41.5976288Z	2026-02-08T21:11:41.5976288-06:00	Info	MetricsData	Track_HashTables	WebHost.ps1	ProcessLogQueue		Webhost	MainLoop	1	{"prefixesToTry":{"Name":"prefixesToTry","Count":2,"LastSeen":"2026-02-08T21:11:41.5972061-06:00"},"dbRoles":{"Name":"dbRoles","Count":15,"LastSeen":"2026-02-08T21:11:41.5968806-06:00"},"args":{"Name":"args","Count":0,"LastSeen":"2026-02-08T21:11:41.5967486-06:00"},"systemUsers":{"Name":"systemUsers","Count":2,"LastSeen":"2026-02-08T21:11:41.5973681-06:00"},"fileInfo":{"Name":"fileInfo","Count":2,"LastSeen":"2026-02-08T21:11:41.5969456-06:00"},"configRoles":{"Name":"configRoles","Count":6,"LastSeen":"2026-02-08T21:11:41.5968262-06:00"},"ModulePathEnv":{"Name":"ModulePathEnv","Count":19,"LastSeen":"2026-02-08T21:11:41.5971293-06:00"}}
	Logging: 2026-02-09T03:11:56.6115905Z	2026-02-08T21:11:56.6115905-06:00	Verbose	EventViewer	Event\ log\ request:\ 373\ events\ returned	apps\WebhostRealtimeEvents\routes\api\v1\logs\get.ps1	get.ps1		6ec71a85-fb79-4ebc-aa1d-587c7f8b403c		1	{"ResultCount":373,"Filters":{"categories":null,"userID":null,"severities":null,"source":null,"activityName":null,"filter":null,"runspaceID":null,"sessionID":null},"TimeRange":15}
	Logging: 2026-02-09T03:11:56.6331388Z	2026-02-08T21:11:56.6331388-06:00	Info	MetricsData	Track_HashTables	WebHost.ps1	ProcessLogQueue		Webhost	MainLoop	1	H4sIAAAAAAAACpWUUW+CMBSF/0ufdWkLLYVXfdgSXUhw7vnqqjNBILQsMcb/vmi03DKXlEcO5Ovl3HN6JnnxqTeFbn90u6y/ulIbkp3JOxw1yZ69nJBZ3VWWZIxOyAKMLbSuSEY45XJK+ZSqFWcZY5mQLzLiQrF0SmVGKblMSAOtruwMLDqj1xxahJAjFdGebE7mw+gWcR+Ko0Yh1EQkUU/dgtX7uj0hrJMcNwngsjSJZM893sycgwVERuK4mSMmkcfQNAPwQ3HUNGTiJJUK+dtt/LXdBcfkIZNKxfmQOTQYqyN3xxTyGGX3eaIRPQ6KsuAoGtA0b9Wu9m2+KeNsViJGy1uC3X57FXwofe9CZuUKxy0v5noHXWlzaOGorW7XUHaDpv/ziTs3qO5xnKAFL+r968FYf79IHMdmXuHzYq1bc6irFWxK7f2J92LUNrigSqCaQnXYaYNj76R+H0HZ5HHC/mTTXMd8ct/e9XHpl4yiIG29sl6fRt5XNI09GpT13ifelFGxZGncV+jyCx2vEiB8BgAA
	Logging: 2026-02-09T03:11:56.6348875Z	2026-02-08T21:11:56.6348875-06:00	Info	MetricsData	Track_HashTables	WebHost.ps1	ProcessLogQueue		Webhost	MainLoop	1	{"prefixesToTry":{"Name":"prefixesToTry","Count":2,"LastSeen":"2026-02-08T21:11:56.6344674-06:00"},"dbRoles":{"Name":"dbRoles","Count":15,"LastSeen":"2026-02-08T21:11:56.6341189-06:00"},"ModulePathEnv":{"Name":"ModulePathEnv","Count":19,"LastSeen":"2026-02-08T21:11:56.6343941-06:00"},"args":{"Name":"args","Count":0,"LastSeen":"2026-02-08T21:11:56.6339922-06:00"},"systemUsers":{"Name":"systemUsers","Count":2,"LastSeen":"2026-02-08T21:11:56.6346282-06:00"},"fileInfo":{"Name":"fileInfo","Count":2,"LastSeen":"2026-02-08T21:11:56.6341811-06:00"},"logEntries":{"Name":"logEntries","Count":4,"LastSeen":"2026-02-08T21:11:56.6343059-06:00"},"configRoles":{"Name":"configRoles","Count":6,"LastSeen":"2026-02-08T21:11:56.6340667-06:00"}}
	Logging: 2026-02-09T03:12:41.6735124Z	2026-02-08T21:12:41.6735124-06:00	Verbose	EventViewer	Event\ log\ request:\ 398\ events\ returned	apps\WebhostRealtimeEvents\routes\api\v1\logs\get.ps1	get.ps1		6ec71a85-fb79-4ebc-aa1d-587c7f8b403c		1	{"ResultCount":398,"Filters":{"categories":null,"userID":null,"severities":null,"source":null,"activityName":null,"filter":null,"runspaceID":null,"sessionID":null},"TimeRange":15}
	Logging: 2026-02-09T03:12:41.6746058Z	2026-02-08T21:12:41.6746058-06:00	Debug	GlobalCache	Updated\ cache:\ 3\ jobs,\ 0\ runspaces,\ 0\ tasks\ \(0\.2144ms\)	WebHost.ps1::Update-GlobalCache	Update-GlobalCache				1	
	Logging: 2026-02-09T03:12:41.6872582Z	2026-02-08T21:12:41.6872582-06:00	Info	MetricsData	Track_HashTables	WebHost.ps1	ProcessLogQueue		Webhost	MainLoop	1	H4sIAAAAAAAACpWUzW7CMBCE38VnqGzHdpxc4dBKUCFB6XmhhiLlB8VOJYR49woKzjqiknPMOPq8np3dM1ksP81maZof08zrr7YwluRn8g6lIfmzwxGZ1G3lSM7oiMzAuqUxFckJp1yNKR9TveIsZzwX7EVplbKEj6nKKSWXETlCYyo3AYfu6DSPljFkyYTsyPZkP6xpEPeheGoSQ9UZRdQtOLOvmxPCeslz0wiu1JpmHbe8mTkFB4iMxGE1CyHTjg3HYw/8UDw1i6k4Zbhi227Ctt0Fz+RR7rJM9Zl9g7E6sHeSJx0dZfd5ohFdxOCVTkKb36pdHdp8UwbarCQK3Bzc9jsYwYfSzV1MrUwnDFsxNTtoC7eABkrjTLOGou1N+j+/+Hujxl2mGbp3Vu9fD9aF/UXiMDbVmcZvWpvGHupqBZvCBC8JDgZ1QylBUf0lVIedsTj2Xur6EZVNJlIUnsVfCu21zCf79q4PS38qFJqtbTCs16+B+4oJtLe34KCo9yHxpgyKpdQi8zvl8gu9ZBl4fAYAAA==
	Logging: 2026-02-09T03:12:41.6951358Z	2026-02-08T21:12:41.6951358-06:00	Info	MetricsData	Track_HashTables	WebHost.ps1	ProcessLogQueue		Webhost	MainLoop	1	{"prefixesToTry":{"Name":"prefixesToTry","Count":2,"LastSeen":"2026-02-08T21:12:41.6944948-06:00"},"dbRoles":{"Name":"dbRoles","Count":15,"LastSeen":"2026-02-08T21:12:41.6941580-06:00"},"args":{"Name":"args","Count":0,"LastSeen":"2026-02-08T21:12:41.6939836-06:00"},"systemUsers":{"Name":"systemUsers","Count":2,"LastSeen":"2026-02-08T21:12:41.6946649-06:00"},"fileInfo":{"Name":"fileInfo","Count":2,"LastSeen":"2026-02-08T21:12:41.6942267-06:00"},"configRoles":{"Name":"configRoles","Count":6,"LastSeen":"2026-02-08T21:12:41.6940938-06:00"},"ModulePathEnv":{"Name":"ModulePathEnv","Count":19,"LastSeen":"2026-02-08T21:12:41.6944137-06:00"}}
	Logging: 2026-02-09T03:12:56.7017418Z	2026-02-08T21:12:56.7017418-06:00	Verbose	EventViewer	Event\ log\ request:\ 409\ events\ returned	apps\WebhostRealtimeEvents\routes\api\v1\logs\get.ps1	get.ps1		6ec71a85-fb79-4ebc-aa1d-587c7f8b403c		1	{"ResultCount":409,"Filters":{"categories":null,"userID":null,"severities":null,"source":null,"activityName":null,"filter":null,"runspaceID":null,"sessionID":null},"TimeRange":15}
	Logging: 2026-02-09T03:12:56.7300307Z	2026-02-08T21:12:56.7300307-06:00	Info	MetricsData	Track_HashTables	WebHost.ps1	ProcessLogQueue		Webhost	MainLoop	1	H4sIAAAAAAAACpWUX2+CMBTFv0ufdWkL/QOv+rAlupDg3PPVVWeCYGhZYozffdEJ3BKXlEcO5NfDuef2QrL802xyU/+Yell9NYWxJL2Qdzgakj57OSGzqikdSRmdkAVYlxtTkpRwyuWU8inVK85SxlMhXxRPBFd6SmVKKblOyAlqU7oZOHRGr3VoEUKOmFQ92Z7thzU14rZKR41CqCqWtKduwZl9VZ8RtpM6rgrgah0liHu8hzkHB4iMxHGeeSRFz4bTaQBulY6ahDiWkiOqbTb+2B5Cx+QhTqUUqA1/iGHAWB05O6pQxqi7zxuN6HEIPk5k4sX8Vu4qP+a7Mi5mxSPZU5fgtt/eCrZKv3chXpnWKOgsn5sdNIXLoIajcaZeQ9EMNv2fT7pzg9Y90riKi2r/erDOny8Sx7GpZij/LF+b2h6qcgWbwnh/4r0YNY0kFixCawrlYWcsrn0n9fMI6iYTN23QTXuz+eS+fejj2i+ERta33rLensbdV0oJ5HcLDopq7xPvyqhaak1V3FKvv9Nb3nV8BgAA
	Logging: 2026-02-09T03:12:56.7319229Z	2026-02-08T21:12:56.7319229-06:00	Info	MetricsData	Track_HashTables	WebHost.ps1	ProcessLogQueue		Webhost	MainLoop	1	{"prefixesToTry":{"Name":"prefixesToTry","Count":2,"LastSeen":"2026-02-08T21:12:56.7313920-06:00"},"dbRoles":{"Name":"dbRoles","Count":15,"LastSeen":"2026-02-08T21:12:56.7310445-06:00"},"ModulePathEnv":{"Name":"ModulePathEnv","Count":19,"LastSeen":"2026-02-08T21:12:56.7313181-06:00"},"args":{"Name":"args","Count":0,"LastSeen":"2026-02-08T21:12:56.7309149-06:00"},"systemUsers":{"Name":"systemUsers","Count":2,"LastSeen":"2026-02-08T21:12:56.7315516-06:00"},"fileInfo":{"Name":"fileInfo","Count":2,"LastSeen":"2026-02-08T21:12:56.7311085-06:00"},"logEntries":{"Name":"logEntries","Count":4,"LastSeen":"2026-02-08T21:12:56.7312294-06:00"},"configRoles":{"Name":"configRoles","Count":6,"LastSeen":"2026-02-08T21:12:56.7309913-06:00"}}
	Logging: 2026-02-09T03:13:42.0603839Z	2026-02-08T21:13:42.0603839-06:00	Verbose	EventViewer	Event\ log\ request:\ 434\ events\ returned	apps\WebhostRealtimeEvents\routes\api\v1\logs\get.ps1	get.ps1		6ec71a85-fb79-4ebc-aa1d-587c7f8b403c		1	{"ResultCount":434,"Filters":{"categories":null,"userID":null,"severities":null,"source":null,"activityName":null,"filter":null,"runspaceID":null,"sessionID":null},"TimeRange":15}
	Logging: 2026-02-09T03:13:42.0624152Z	2026-02-08T21:13:42.0624152-06:00	Debug	GlobalCache	Updated\ cache:\ 3\ jobs,\ 0\ runspaces,\ 0\ tasks\ \(0\.2008ms\)	WebHost.ps1::Update-GlobalCache	Update-GlobalCache				1	
	Logging: 2026-02-09T03:13:42.1038687Z	2026-02-08T21:13:42.1038687-06:00	Info	MetricsData	Track_HashTables	WebHost.ps1	ProcessLogQueue		Webhost	MainLoop	1	H4sIAAAAAAAACpWUS2/CMBCE/4vPUPmV5xUOrQRVpFB6XlpDkfKS7VRCiP9elYKzjqjkXMfR583MrM+kKN/VrlT6W+l1+9lXypD8TF6hViR/dDgji7ZvLMkZnZEVGFsq1ZCccMrjOeVzmm44y5nIJX9iVDARizmNc0rJZUY60KqxC7DojkFz6CiAzDMu2EA2J/NmlEbcu+KoImRewSUfqB9g1aHVJ4R1kuMmIdPKNEsGbn01cwkWEBmJk2bmaYRnhq4bge+Ko2YhVMEkmtj0Oz+2m+CYPMRdHnE5Zo4Nxuq07Hgao0ag7j5uNKLLoCpTgaoMXffS7Fvf5qsy0eZEpgN1Dfbjy1vBuzLsXVAlWBpjK5ZqD31lC9BQK6v0Fqp+tOn/fOLuDVl3nmUMVXHVHp6Pxvr5InEaO2ER8r8ot0qbY9tsYFcp70+8g0lpCBrFKI0amuNeGVx7Jw15BO1okmJjir8Wmt8xH7y3N31a+1mSZt7L5T9aU98rnlCPBlV78IlXZVotZZS5CC8/BXfLN3wGAAA=
	Logging: 2026-02-09T03:13:42.1072478Z	2026-02-08T21:13:42.1072478-06:00	Info	MetricsData	Track_HashTables	WebHost.ps1	ProcessLogQueue		Webhost	MainLoop	1	{"prefixesToTry":{"Name":"prefixesToTry","Count":2,"LastSeen":"2026-02-08T21:13:42.1061195-06:00"},"dbRoles":{"Name":"dbRoles","Count":15,"LastSeen":"2026-02-08T21:13:42.1050279-06:00"},"args":{"Name":"args","Count":0,"LastSeen":"2026-02-08T21:13:42.1046910-06:00"},"systemUsers":{"Name":"systemUsers","Count":2,"LastSeen":"2026-02-08T21:13:42.1066380-06:00"},"fileInfo":{"Name":"fileInfo","Count":2,"LastSeen":"2026-02-08T21:13:42.1053069-06:00"},"configRoles":{"Name":"configRoles","Count":6,"LastSeen":"2026-02-08T21:13:42.1047663-06:00"},"ModulePathEnv":{"Name":"ModulePathEnv","Count":19,"LastSeen":"2026-02-08T21:13:42.1058782-06:00"}}
	Logging: 2026-02-09T03:13:57.0714110Z	2026-02-08T21:13:57.0714110-06:00	Verbose	EventViewer	Event\ log\ request:\ 445\ events\ returned	apps\WebhostRealtimeEvents\routes\api\v1\logs\get.ps1	get.ps1		6ec71a85-fb79-4ebc-aa1d-587c7f8b403c		1	{"ResultCount":445,"Filters":{"categories":null,"userID":null,"severities":null,"source":null,"activityName":null,"filter":null,"runspaceID":null,"sessionID":null},"TimeRange":15}
	Logging: 2026-02-09T03:13:57.1232250Z	2026-02-08T21:13:57.1232250-06:00	Info	MetricsData	Track_HashTables	WebHost.ps1	ProcessLogQueue		Webhost	MainLoop	1	H4sIAAAAAAAACpWUy27CMBBF/8VrqGznZWcLi1aCCimUrgdqKFJesp1KCPHvFQiccUolZ5nr6Hh8586cyar4VNtC6R+ll81XVypD8jN5h0qR/NnhhMyarrYkZ3RCFmBsoVRNcsIpT6eUT6lYc5azKE+yF8Z5xkQ6pWlOKblMSAta1XYGFt3Raw6dhJATlvGebE7mwyiNuA/FUaMQqhCS9dQdWHVo9AlhneS4WQiXcZH03Opm5hwsIDISx9Ucx5L2bGjbAfihOKoMoDLJ0hj52239tt0Fx+RB7rJMDplDg7E6sncJR71D2X2eaESPQ/CpEKh4aNu3et/4Nt+UUTZzSiWiLsHuvr0RfCj93AVFgiWeFXO1h660K9BQKav0BspuMOn//OLuDRr3RDD0mkVzeD0a6/cXiePYEeeIvSo2SptjU69hWyrvJd7BuG6kcYxCX0F93CuDY++kvh9B2YwyKf5k01zLfLJv7/q49GdxhkrfecN6/Rq3r2iaon21Awtlc/CJN2VcLKkULpaXXwmCYmV8BgAA
	Logging: 2026-02-09T03:13:57.1249236Z	2026-02-08T21:13:57.1249236-06:00	Info	MetricsData	Track_HashTables	WebHost.ps1	ProcessLogQueue		Webhost	MainLoop	1	{"prefixesToTry":{"Name":"prefixesToTry","Count":2,"LastSeen":"2026-02-08T21:13:57.1244918-06:00"},"dbRoles":{"Name":"dbRoles","Count":15,"LastSeen":"2026-02-08T21:13:57.1241480-06:00"},"ModulePathEnv":{"Name":"ModulePathEnv","Count":19,"LastSeen":"2026-02-08T21:13:57.1244194-06:00"},"args":{"Name":"args","Count":0,"LastSeen":"2026-02-08T21:13:57.1239925-06:00"},"systemUsers":{"Name":"systemUsers","Count":2,"LastSeen":"2026-02-08T21:13:57.1246482-06:00"},"fileInfo":{"Name":"fileInfo","Count":2,"LastSeen":"2026-02-08T21:13:57.1242164-06:00"},"logEntries":{"Name":"logEntries","Count":4,"LastSeen":"2026-02-08T21:13:57.1243322-06:00"},"configRoles":{"Name":"configRoles","Count":6,"LastSeen":"2026-02-08T21:13:57.1240618-06:00"}}
	Logging: 2026-02-09T03:14:42.1445962Z	2026-02-08T21:14:42.1445962-06:00	Verbose	EventViewer	Event\ log\ request:\ 470\ events\ returned	apps\WebhostRealtimeEvents\routes\api\v1\logs\get.ps1	get.ps1		6ec71a85-fb79-4ebc-aa1d-587c7f8b403c		1	{"ResultCount":470,"Filters":{"categories":null,"userID":null,"severities":null,"source":null,"activityName":null,"filter":null,"runspaceID":null,"sessionID":null},"TimeRange":15}
	Logging: 2026-02-09T03:14:42.1566181Z	2026-02-08T21:14:42.1566181-06:00	Info	MetricsData	Track_HashTables	WebHost.ps1	ProcessLogQueue		Webhost	MainLoop	1	H4sIAAAAAAAACpWUzW7CMBCE38VnqGwnNk6ucGglqJBC6XmhhiLlT7ZTCSHevQKBs6ZUco4ZR5/XuzN7IsviU28KbX60WTRfXaktyU/kHSpN8meHIzJtutqRnNERmYN1hdY1yQmnXI4pH1O14ixnaZ7yFyYkE4kYU5lTSs4j0oLRtZuCQ3f0mkeLCLLIhEBke7QfVhvEvSuemsTUmzAle+oWnN435oiwXvLcSUy1Qqq051bXZs7AASIjcVDNQqmM9Wxo2wfwXfHULIaaZCpD/e024dhugmfymO5yQf8wHxuM1WGz44ojRyDvPnc0oqdRVuYpwkPbvtW7JmzzVRnW5lRI1VMX4LbfQQTvSp+7KEsIgWy8LGZ6B13plmCg0k6bNZTdQ9L/+cXfGxV3yjI04Hmzfz1YF84XiYPYYiITFKFlsdbGHpp6BZtSBy8JDgZNQ1LFUJQqqA87bbHtvdTPIy6jnAbFf15caC9lPtm3N32Y+5ni6IZtENbL18B9RWW4B6Fs9iHxqgyzpUgm3h7nXzTA5i18BgAA
	Logging: 2026-02-09T03:14:42.1606113Z	2026-02-08T21:14:42.1606113-06:00	Info	MetricsData	Track_HashTables	WebHost.ps1	ProcessLogQueue		Webhost	MainLoop	1	{"prefixesToTry":{"Name":"prefixesToTry","Count":2,"LastSeen":"2026-02-08T21:14:42.1602219-06:00"},"dbRoles":{"Name":"dbRoles","Count":15,"LastSeen":"2026-02-08T21:14:42.1598963-06:00"},"args":{"Name":"args","Count":0,"LastSeen":"2026-02-08T21:14:42.1597519-06:00"},"systemUsers":{"Name":"systemUsers","Count":2,"LastSeen":"2026-02-08T21:14:42.1603849-06:00"},"fileInfo":{"Name":"fileInfo","Count":2,"LastSeen":"2026-02-08T21:14:42.1599626-06:00"},"configRoles":{"Name":"configRoles","Count":6,"LastSeen":"2026-02-08T21:14:42.1598305-06:00"},"ModulePathEnv":{"Name":"ModulePathEnv","Count":19,"LastSeen":"2026-02-08T21:14:42.1601486-06:00"}}
	Logging: 2026-02-09T03:14:57.1788547Z	2026-02-08T21:14:57.1788547-06:00	Info	MetricsData	Track_HashTables	WebHost.ps1	ProcessLogQueue		Webhost	MainLoop	1	H4sIAAAAAAAACpWUzW7CMBCE38VnqPyTxE6ucGglqCKF0rOhhiKFBNlOJYR49wpa7DWlkn3MOPp2PbvjE6qbd7VqlP5Set5/DK0yqDqhV7lXqHp0OEKTfugsqggeoZk0tlGqQxWimBZjTMdYLCipSFbl/IlwQbEox7ioMEbnETpIrTo7kRbU8JpD5xFkXjLOPNkczZtRGnBviqOymH6ZKLCnrqVV214fAdZJjstjus0pAdz91cyptBKQgZjUMxcFJ54tD4c78E1x1DKGyqgQwN9hFY7tV3BMGuUuoX+Y9wZDNXF2WVF4OtjdxxsN6FkM/uJ0YPNLt+lDm69Kos2iBAGZS7v+DCJ4U3zuolaCYdBr3UzVRg6traWWe2WVXsp2uEv6P7+4ulFxx3me+7qzfvu8MzacLxCT2JwzApyqm6XSZtd3C7lqVXCT4CBpGoIwDGrsZbfbKAPX3kl+HlEZ5SUD+a9/ttBc2nzw3v7qadtPWQmsXwdhvXylvVdZTrOAJtt+GxKvStpaZiV2L9X5G7uspop8BgAA
	Logging: 2026-02-09T03:14:57.1807285Z	2026-02-08T21:14:57.1807285-06:00	Info	MetricsData	Track_HashTables	WebHost.ps1	ProcessLogQueue		Webhost	MainLoop	1	{"prefixesToTry":{"Name":"prefixesToTry","Count":2,"LastSeen":"2026-02-08T21:14:57.1802415-06:00"},"dbRoles":{"Name":"dbRoles","Count":15,"LastSeen":"2026-02-08T21:14:57.1798874-06:00"},"ModulePathEnv":{"Name":"ModulePathEnv","Count":19,"LastSeen":"2026-02-08T21:14:57.1801691-06:00"},"args":{"Name":"args","Count":0,"LastSeen":"2026-02-08T21:14:57.1797573-06:00"},"systemUsers":{"Name":"systemUsers","Count":2,"LastSeen":"2026-02-08T21:14:57.1804191-06:00"},"fileInfo":{"Name":"fileInfo","Count":2,"LastSeen":"2026-02-08T21:14:57.1799535-06:00"},"logEntries":{"Name":"logEntries","Count":3,"LastSeen":"2026-02-08T21:14:57.1800763-06:00"},"configRoles":{"Name":"configRoles","Count":6,"LastSeen":"2026-02-08T21:14:57.1798333-06:00"}}
	Logging: 2026-02-09T03:15:57.3132725Z	2026-02-08T21:15:57.3132725-06:00	Info	MetricsData	Track_HashTables	WebHost.ps1	ProcessLogQueue		Webhost	MainLoop	1	H4sIAAAAAAAACpWUy27CMBBF/8VrqPxInMcWFq0EVaRQuh6ooUh5oNiphBD/XkHBGUdUspe5jo7Hd+7MmRTlp9qUqvtR3bL96iulSX4m71Arkj87nJBZ2zeG5IxOyAK0KZVqSE445XJK+ZSmK85yFudx8iIYZ5HkUypzSsllQo7QqcbMwKA7Bs2iYw8yS6M0Hsj6pD+06hD3oViq8KlXcEzdglH7tjshrJUsN/GpVmQJ4tY3M+dgAJGRGFQzS2ScDmw4Hkfgh2KpmQ+V8zRD/vYbt213wTK5j7s8jsSYOTYYq2G942nGBjrK7vNEI3rkFWWaScfmt2bXujbflECb0xgVvQSz/XZG8KEMc+dDlVmGmleUc7WDvjIFdFAro7o1VP1o0v/5xd7rM+4sEwKN+6Ldvx60cfuLxDC2pILiN61Vpw9ts4JNpZyXOAdB3eA0SlD9NTSHndI49lYa+uE1o1JylPziL4X6WuaTfXvXw9LPkhTFc+sM6/UrcF+JCO2ULRio2r1LvClhsRRSWurlF/NyM/F8BgAA
	Logging: 2026-02-09T03:15:57.3151444Z	2026-02-08T21:15:57.3151444-06:00	Info	MetricsData	Track_HashTables	WebHost.ps1	ProcessLogQueue		Webhost	MainLoop	1	{"prefixesToTry":{"Name":"prefixesToTry","Count":2,"LastSeen":"2026-02-08T21:15:57.3145911-06:00"},"dbRoles":{"Name":"dbRoles","Count":15,"LastSeen":"2026-02-08T21:15:57.3142682-06:00"},"args":{"Name":"args","Count":0,"LastSeen":"2026-02-08T21:15:57.3141376-06:00"},"systemUsers":{"Name":"systemUsers","Count":2,"LastSeen":"2026-02-08T21:15:57.3147584-06:00"},"fileInfo":{"Name":"fileInfo","Count":2,"LastSeen":"2026-02-08T21:15:57.3143339-06:00"},"configRoles":{"Name":"configRoles","Count":6,"LastSeen":"2026-02-08T21:15:57.3142144-06:00"},"ModulePathEnv":{"Name":"ModulePathEnv","Count":19,"LastSeen":"2026-02-08T21:15:57.3145153-06:00"}}
	Logging: 2026-02-09T03:16:42.4983117Z	2026-02-08T21:16:42.4983117-06:00	Verbose	EventViewer	Event\ log\ request:\ 535\ events\ returned	apps\WebhostRealtimeEvents\routes\api\v1\logs\get.ps1	get.ps1		6ec71a85-fb79-4ebc-aa1d-587c7f8b403c		1	{"ResultCount":535,"Filters":{"categories":null,"userID":null,"severities":null,"source":null,"activityName":null,"filter":null,"runspaceID":null,"sessionID":null},"TimeRange":15}
	Logging: 2026-02-09T03:16:42.5109330Z	2026-02-08T21:16:42.5109330-06:00	Info	MetricsData	Track_HashTables	WebHost.ps1	ProcessLogQueue		Webhost	MainLoop	1	H4sIAAAAAAAACpWUQW/CMAyF/0vOMDlp0ja9wmGTYEKCsbNhgSGVFjXpJIT47xOIpk7FtPbYl+qL8/zsC1ssP81maaofU83Lrzo3lmUX9o5Hw7JnhyM2KevCsYzDiM3QuqUxBcuYABGPQYwhXQme8TiT4kVxiJRMxhBnAOw6YiesTOEm6MgdrebRqg+Zcy1bsj3bD2sqwm0UT436UFV0kxvqFp3Zl9WZYL3kucn/XNAx6LTlHu9mTtEhIRNxWM0gNakZT6cOuFE8VfepWAqliL/1JmzbQ/BM0adSGQN0mV2DqTrMB6kjkjWS3eeJJnTZK8oiigKb34pdGdp8VwbanGpi8xzd9jsYwUZp565XJEAKasXU7LDO3QIrPBpnqjXmdWfS//jF39tr3AVw4tGs3L8erAv7S8QhbNBpnARvWpvKHspihZvcBC8JDoZ0g4NIYjJKRywOO2Np7L3U9qNHNkHrSAXFf95SaG9lPtm3D31Y+qNUkX24DYb19jVsXynJSSy36DAv9yHxrgyJJWiVSD//11+h/b6/fAYAAA==
	Logging: 2026-02-09T03:16:42.5127828Z	2026-02-08T21:16:42.5127828-06:00	Info	MetricsData	Track_HashTables	WebHost.ps1	ProcessLogQueue		Webhost	MainLoop	1	{"prefixesToTry":{"Name":"prefixesToTry","Count":2,"LastSeen":"2026-02-08T21:16:42.5122891-06:00"},"dbRoles":{"Name":"dbRoles","Count":15,"LastSeen":"2026-02-08T21:16:42.5119717-06:00"},"args":{"Name":"args","Count":0,"LastSeen":"2026-02-08T21:16:42.5118316-06:00"},"systemUsers":{"Name":"systemUsers","Count":2,"LastSeen":"2026-02-08T21:16:42.5124481-06:00"},"fileInfo":{"Name":"fileInfo","Count":2,"LastSeen":"2026-02-08T21:16:42.5120361-06:00"},"configRoles":{"Name":"configRoles","Count":6,"LastSeen":"2026-02-08T21:16:42.5119173-06:00"},"ModulePathEnv":{"Name":"ModulePathEnv","Count":19,"LastSeen":"2026-02-08T21:16:42.5122155-06:00"}}
	Logging: 2026-02-09T03:17:12.6120134Z	2026-02-08T21:17:12.6120134-06:00	Info	MetricsData	Track_HashTables	WebHost.ps1	ProcessLogQueue		Webhost	MainLoop	1	H4sIAAAAAAAACpWUy27CMBBF/8VrqPxInMcWFq0EVaRQuh5aQ5HyUuxUQoh/r0AQjyMq2dvr6Mzkzp05k6L8VLtS9b+qX7ffQ6U0yc/kHWpF8mePM7Joh8aQnNEZWYE2pVINyQmnXM4pn9N0w1nOkpzxF8lYJJicU5lTSi4z0kGvGrMAg2pYbUTHPmQuRGzJ+qQ/tOoR96GMVOFDvYIt9QuMOrT9CWFHaeQmHlyasiiy3Ppm5hIMIDISw3pmMkE9Q9dNwA9lpGY+HctIIqoedu7Y7sLI5D6dxiJLp8ypwVgN8yFOBLV0lN3niUb0yCvKlKHAQde9NfvWtfmmhNmcUIYsWYP5+nFW8KHYvfOKhOCIWpRLtYehMgX0UCuj+i1Uw2TT//lkrOu17jyLUcxX7eH1qI07XySGsSmTyP+i3KpeH9tmA7tKOX/iPARNg4k4QTVqaI57pXHsR8nOwyubNHuSTX1t88m9veth6Y/kVUOXyz1agfcqiRlzaFC1B5d4U4JiSZPUhv3yB8sn4mN8BgAA
	Logging: 2026-02-09T03:17:12.6137827Z	2026-02-08T21:17:12.6137827-06:00	Info	MetricsData	Track_HashTables	WebHost.ps1	ProcessLogQueue		Webhost	MainLoop	1	{"prefixesToTry":{"Name":"prefixesToTry","Count":2,"LastSeen":"2026-02-08T21:17:12.6133585-06:00"},"dbRoles":{"Name":"dbRoles","Count":15,"LastSeen":"2026-02-08T21:17:12.6130278-06:00"},"args":{"Name":"args","Count":0,"LastSeen":"2026-02-08T21:17:12.6128883-06:00"},"systemUsers":{"Name":"systemUsers","Count":2,"LastSeen":"2026-02-08T21:17:12.6135206-06:00"},"fileInfo":{"Name":"fileInfo","Count":2,"LastSeen":"2026-02-08T21:17:12.6130928-06:00"},"configRoles":{"Name":"configRoles","Count":6,"LastSeen":"2026-02-08T21:17:12.6129731-06:00"},"ModulePathEnv":{"Name":"ModulePathEnv","Count":19,"LastSeen":"2026-02-08T21:17:12.6132796-06:00"}}
	Logging: 2026-02-09T03:17:42.8308343Z	2026-02-08T21:17:42.8308343-06:00	Verbose	EventViewer	Event\ log\ request:\ 506\ events\ returned	apps\WebhostRealtimeEvents\routes\api\v1\logs\get.ps1	get.ps1		6ec71a85-fb79-4ebc-aa1d-587c7f8b403c		1	{"ResultCount":506,"Filters":{"categories":null,"userID":null,"severities":null,"source":null,"activityName":null,"filter":null,"runspaceID":null,"sessionID":null},"TimeRange":15}
	Logging: 2026-02-09T03:17:42.8437401Z	2026-02-08T21:17:42.8437401-06:00	Info	MetricsData	Track_HashTables	WebHost.ps1	ProcessLogQueue		Webhost	MainLoop	1	H4sIAAAAAAAACpWUT4vCMBDFv0vOuuRf06ZXPeyCLkJdPUc3ukJtJUkXRPzui6LppLiQXF/Cb5J5b+aCFtVabyptfrWZt99drS0qL+hTHTUqXx2O0KTtGodKgkdopqyrtG5QiSimYozpGBdLSkqSl5y+FZwWGedjLEqM0XWETsroxk2UAzV6zaOzGDLBFJDt2X5ZbQD3qXgqi6AynGNA3Sqn9605A6yXPDeP4BIhKOm5x3szp8opQAZi0puJlHnWs9XpNAA/FU+VMVQuCQP97TahbQ/BM2mMZ1Iy6NkdMWwwVBO9Y9A7kN3XiQZ0HhVlMmjzR7NrwzbflbQ2ZxxS58ptf4IRfCr93EVFQjAQt0U11TvV1W6hjDpqp81K1d1g0v+54utGjXuGBe7rztr9+8G60F8gJrFJIQSFf1ppYw9ts1SbWgc/CQ6S3KA54QKMqWoOO21h7L3U+xE3o5QFj1/fUmhvz3yxbx96UvqpxCIPNle4tBL3VSZFuAdV3e5D4l1Ji6VgxFOvf0Ncrm18BgAA
	Logging: 2026-02-09T03:17:42.8455384Z	2026-02-08T21:17:42.8455384-06:00	Info	MetricsData	Track_HashTables	WebHost.ps1	ProcessLogQueue		Webhost	MainLoop	1	{"prefixesToTry":{"Name":"prefixesToTry","Count":2,"LastSeen":"2026-02-08T21:17:42.8450745-06:00"},"dbRoles":{"Name":"dbRoles","Count":15,"LastSeen":"2026-02-08T21:17:42.8447198-06:00"},"args":{"Name":"args","Count":0,"LastSeen":"2026-02-08T21:17:42.8445843-06:00"},"systemUsers":{"Name":"systemUsers","Count":2,"LastSeen":"2026-02-08T21:17:42.8452380-06:00"},"fileInfo":{"Name":"fileInfo","Count":2,"LastSeen":"2026-02-08T21:17:42.8447835-06:00"},"configRoles":{"Name":"configRoles","Count":6,"LastSeen":"2026-02-08T21:17:42.8446646-06:00"},"ModulePathEnv":{"Name":"ModulePathEnv","Count":19,"LastSeen":"2026-02-08T21:17:42.8449902-06:00"}}
	Logging: 2026-02-09T20:23:39.2185334Z	2026-02-09T14:23:39.2185334-06:00	Info	MetricsData	Track_HashTables	WebHost.ps1	ProcessLogQueue		Webhost	MainLoop	1	H4sIAAAAAAAACpWUy27CMBBF/8VrqPwgdpItLFoJqkihdD1QQ5HyUuxUQoh/r6DgjCMqOctcR8fjmXvnTLL8U29z3f7odlV/dYU2JD2Tdyg1SZ8dTsi87ipLUkYnZAnG5lpXJCWccjmlfEqTNZulXKQieeFMJRGPplSmlJLLhDTQ6srOwaI7es2hoxByxJXqyeZkPoxuEfehOKoIoMYsYqyn7sDqQ92eENZJjqsCuFJSIXtueWvmAiwgMhJH1ayEVLOeDU0zAD8UR01CKhZUIqrptv7Y7oJj8pDuUkXjIXPYYKyOnB1ViI68+9zRiD4LsjJN0Aihad6qfe23+aaMa/NMCNpTV2B3314EH0qfuyBL8ATFLssXeg9dYTNoodRWtxsoukHS//nF3RsUdxlzZJplfXg9GuvPF4nj2ExRxM7yjW7Nsa7WsC209xLvYNQ0VMwEin8J1XGvDba9k/p5BGWUxwxtq+zPheZa5pN9e9fHbYEkVshIOy+s169x+yoSnHs0KOqDT7wpo2wpI0VdFy6/0ja36HwGAAA=
	Logging: 2026-02-09T20:23:39.2210534Z	2026-02-09T14:23:39.2210534-06:00	Info	MetricsData	Track_HashTables	WebHost.ps1	ProcessLogQueue		Webhost	MainLoop	1	{"prefixesToTry":{"Name":"prefixesToTry","Count":2,"LastSeen":"2026-02-09T14:23:39.2204049-06:00"},"dbRoles":{"Name":"dbRoles","Count":15,"LastSeen":"2026-02-09T14:23:39.2198926-06:00"},"args":{"Name":"args","Count":0,"LastSeen":"2026-02-09T14:23:39.2197140-06:00"},"systemUsers":{"Name":"systemUsers","Count":2,"LastSeen":"2026-02-09T14:23:39.2206542-06:00"},"fileInfo":{"Name":"fileInfo","Count":2,"LastSeen":"2026-02-09T14:23:39.2199978-06:00"},"configRoles":{"Name":"configRoles","Count":6,"LastSeen":"2026-02-09T14:23:39.2198141-06:00"},"ModulePathEnv":{"Name":"ModulePathEnv","Count":19,"LastSeen":"2026-02-09T14:23:39.2203134-06:00"}}
	Logging: 2026-02-09T20:24:39.6968863Z	2026-02-09T14:24:39.6968863-06:00	Info	MetricsData	Track_HashTables	WebHost.ps1	ProcessLogQueue		Webhost	MainLoop	1	H4sIAAAAAAAACpWUW2sCMRCF/0ueteS62eyrPrSgRVhrn2MbrbAX2WQLIv73UtHsZGsheT0JXyZnzswZrcp3sy1N9226ZfvZV8ai4oxedW1Q8ehwgmZt3zhUEDxBC21daUyDCkQxzaaYTrFaE15QXjD1lKmMMCKmOCswRpcJOurONG6mHXhj0DxaRJCF5DkbyPZk36zpAPeueCqLqVdkKh+oH9qZfdudANZLnitjqsUZB9z6auZcOw3IQEyqWWQSA7Y+Hkfgu+KpKoLKcyox8Lffhm27CZ5JY9zlgtMxc2wwVBN7R3k20EF2Hyca0HkMHnNGAptfml0b2nxV0mxWjAPqUruPr2AE78owd1GRIBJQV+Xc7HRfuZXudG2c6Ta66keT/s8V/27MuItcMDCUi3b/fLAu7C8Q09iMSAX/tDGdPbTNWm8rE/wkOEjqhlA5DGitm8POWBh7Lw39iJpRrjj/k037W+aDfXvT09JPiQw3V7i00vYVV0qENF21+5B4VdJiiRmRd+rlBxAZkJx8BgAA
	Logging: 2026-02-09T20:24:39.6987494Z	2026-02-09T14:24:39.6987494-06:00	Info	MetricsData	Track_HashTables	WebHost.ps1	ProcessLogQueue		Webhost	MainLoop	1	{"prefixesToTry":{"Name":"prefixesToTry","Count":2,"LastSeen":"2026-02-09T14:24:39.6982734-06:00"},"dbRoles":{"Name":"dbRoles","Count":15,"LastSeen":"2026-02-09T14:24:39.6979606-06:00"},"args":{"Name":"args","Count":0,"LastSeen":"2026-02-09T14:24:39.6978333-06:00"},"systemUsers":{"Name":"systemUsers","Count":2,"LastSeen":"2026-02-09T14:24:39.6984306-06:00"},"fileInfo":{"Name":"fileInfo","Count":2,"LastSeen":"2026-02-09T14:24:39.6980239-06:00"},"configRoles":{"Name":"configRoles","Count":6,"LastSeen":"2026-02-09T14:24:39.6979080-06:00"},"ModulePathEnv":{"Name":"ModulePathEnv","Count":19,"LastSeen":"2026-02-09T14:24:39.6982014-06:00"}}
	Logging: 2026-02-09T20:25:39.9855621Z	2026-02-09T14:25:39.9855621-06:00	Verbose	EventViewer	Event\ log\ request:\ 70\ events\ returned	apps\WebhostRealtimeEvents\routes\api\v1\logs\get.ps1	get.ps1		6ec71a85-fb79-4ebc-aa1d-587c7f8b403c		1	{"ResultCount":70,"Filters":{"categories":null,"userID":null,"severities":null,"source":null,"activityName":null,"filter":null,"runspaceID":null,"sessionID":null},"TimeRange":15}
	Logging: 2026-02-09T20:25:39.9872286Z	2026-02-09T14:25:39.9872286-06:00	Debug	GlobalCache	Updated\ cache:\ 3\ jobs,\ 0\ runspaces,\ 0\ tasks\ \(0\.3407ms\)	WebHost.ps1::Update-GlobalCache	Update-GlobalCache				1	
	Logging: 2026-02-09T20:25:39.9896332Z	2026-02-09T14:25:39.9896332-06:00	Info	MetricsData	Track_HashTables	WebHost.ps1	ProcessLogQueue		Webhost	MainLoop	1	H4sIAAAAAAAACpWUS2vDMBCE/4vOSZFl+SFfk0MLSTE4bc+bVEkDfiHJhRDy30te8iqkIF1H5tN6ZlZHUlZfcl1J9SvVsvseaqlJcSTv0EhSPDuckFk3tIYUEZ2QBWhTSdmSgjDK0illUypWES9YUsTiReQiYpRPaVpQSk4T0oOSrZmBQXeMmkUnHuQ8i3IxkvVBf2ipEPeuWGrsMy8TCR2pGzBy16kDwlrJcjOfaRljiNtczJyDAURGYtDMeZKd5Tsb+v4BfFcsVXhQM8Ezhvwd1m5sN8EymZe7LEYuXBGPBmM1MLskRT6g7j5vNKJzHzzNBRoe+v6t3XauzRcl0GYhkpG6BLP5cVbwrox751WJ2LViLrcw1KYEBY00Un1CPTxs+j+f2Ht91j0XKQ540e1e99q4+SIxjM3jDLHL6lMqve/aFaxr6fyJcxCUhqA8Qmk00O63UuPaW2nMw2tHucDlKa8t1Ocxn7y3Nz2s/VFCM+flch+twPeKcjzvBgzU3c4lXpSwWkZxbu09/QHMLLUzfAYAAA==
	Logging: 2026-02-09T20:25:39.9918647Z	2026-02-09T14:25:39.9918647-06:00	Info	MetricsData	Track_HashTables	WebHost.ps1	ProcessLogQueue		Webhost	MainLoop	1	{"prefixesToTry":{"Name":"prefixesToTry","Count":2,"LastSeen":"2026-02-09T14:25:39.9913003-06:00"},"dbRoles":{"Name":"dbRoles","Count":15,"LastSeen":"2026-02-09T14:25:39.9908761-06:00"},"args":{"Name":"args","Count":0,"LastSeen":"2026-02-09T14:25:39.9907274-06:00"},"systemUsers":{"Name":"systemUsers","Count":2,"LastSeen":"2026-02-09T14:25:39.9914741-06:00"},"fileInfo":{"Name":"fileInfo","Count":2,"LastSeen":"2026-02-09T14:25:39.9909404-06:00"},"configRoles":{"Name":"configRoles","Count":6,"LastSeen":"2026-02-09T14:25:39.9908197-06:00"},"ModulePathEnv":{"Name":"ModulePathEnv","Count":19,"LastSeen":"2026-02-09T14:25:39.9911269-06:00"}}
	Logging: 2026-02-09T20:25:55.0127087Z	2026-02-09T14:25:55.0127087-06:00	Info	MetricsData	Track_HashTables	WebHost.ps1	ProcessLogQueue		Webhost	MainLoop	1	{"prefixesToTry":{"Name":"prefixesToTry","Count":2,"LastSeen":"2026-02-09T14:25:55.0121865-06:00"},"dbRoles":{"Name":"dbRoles","Count":15,"LastSeen":"2026-02-09T14:25:55.0118385-06:00"},"ModulePathEnv":{"Name":"ModulePathEnv","Count":19,"LastSeen":"2026-02-09T14:25:55.0121140-06:00"},"args":{"Name":"args","Count":0,"LastSeen":"2026-02-09T14:25:55.0117122-06:00"},"systemUsers":{"Name":"systemUsers","Count":2,"LastSeen":"2026-02-09T14:25:55.0123463-06:00"},"fileInfo":{"Name":"fileInfo","Count":2,"LastSeen":"2026-02-09T14:25:55.0119026-06:00"},"logEntries":{"Name":"logEntries","Count":4,"LastSeen":"2026-02-09T14:25:55.0120236-06:00"},"configRoles":{"Name":"configRoles","Count":6,"LastSeen":"2026-02-09T14:25:55.0117852-06:00"}}
	Logging: 2026-02-09T20:26:40.0632207Z	2026-02-09T14:26:40.0632207-06:00	Verbose	EventViewer	Event\ log\ request:\ 104\ events\ returned	apps\WebhostRealtimeEvents\routes\api\v1\logs\get.ps1	get.ps1		6ec71a85-fb79-4ebc-aa1d-587c7f8b403c		1	{"ResultCount":104,"Filters":{"categories":null,"userID":null,"severities":null,"source":null,"activityName":null,"filter":null,"runspaceID":null,"sessionID":null},"TimeRange":15}
	Logging: 2026-02-09T20:26:40.0652919Z	2026-02-09T14:26:40.0652919-06:00	Info	MetricsData	Track_HashTables	WebHost.ps1	ProcessLogQueue		Webhost	MainLoop	1	H4sIAAAAAAAACpWVT4vCMBDFv0vOukySNv1z1cMu6CLU1fPoRleobWnSBRG/+6JoMxEX0mNfym+m896kZ7Yo1npT6PZXt/P6uyu1YfmZfeJRs/zV4YhN6q6yLOcwYjM0ttC6YjkTINQYxBiyJY9yofII3kBFiYrjMagcgF1GrMFWV3aCltRwWo+OQ8ixTKUjm5P5Mrol3IfSU2UINYuB9LtFq/d1eyLYXuq5SQiXyzhx3ONtmFO0SMhEHNZzpFLl2Ng0T+CH0lOzAKrMEgAy327j23YXeqYI6TRNEurZDfE8YKoO9I7z1NFJdl8nmtCjoChzQZrHpvmodrU/5psyaMwRCCEcdY52++Ot4ENxexcUCSmJeYtiqnfYlXaBLR611e0Ky+5p0/95pa8btO4KIu7qzur9+8FY318iDmNLScOzKFa6NYe6WuKm1N6XeAfD3FAqJXM7YnXYaUNj30vOj6Bsykx5hqyvKTTXNl/ct3d9WPpT4KTC1lvW69Ow+wqSiMRyixbLeu8Tb8qwWHJwf4PLHyhywr58BgAA
	Logging: 2026-02-09T20:26:40.0780106Z	2026-02-09T14:26:40.0780106-06:00	Info	MetricsData	Track_HashTables	WebHost.ps1	ProcessLogQueue		Webhost	MainLoop	1	{"prefixesToTry":{"Name":"prefixesToTry","Count":2,"LastSeen":"2026-02-09T14:26:40.0774775-06:00"},"dbRoles":{"Name":"dbRoles","Count":15,"LastSeen":"2026-02-09T14:26:40.0769488-06:00"},"args":{"Name":"args","Count":0,"LastSeen":"2026-02-09T14:26:40.0767144-06:00"},"systemUsers":{"Name":"systemUsers","Count":2,"LastSeen":"2026-02-09T14:26:40.0777141-06:00"},"fileInfo":{"Name":"fileInfo","Count":2,"LastSeen":"2026-02-09T14:26:40.0770345-06:00"},"configRoles":{"Name":"configRoles","Count":6,"LastSeen":"2026-02-09T14:26:40.0768550-06:00"},"ModulePathEnv":{"Name":"ModulePathEnv","Count":19,"LastSeen":"2026-02-09T14:26:40.0773849-06:00"}}
	Logging: 2026-02-09T20:27:40.2286627Z	2026-02-09T14:27:40.2286627-06:00	Verbose	EventViewer	Event\ log\ request:\ 136\ events\ returned	apps\WebhostRealtimeEvents\routes\api\v1\logs\get.ps1	get.ps1		6ec71a85-fb79-4ebc-aa1d-587c7f8b403c		1	{"ResultCount":136,"Filters":{"categories":null,"userID":null,"severities":null,"source":null,"activityName":null,"filter":null,"runspaceID":null,"sessionID":null},"TimeRange":15}
	Logging: 2026-02-09T20:27:40.2391746Z	2026-02-09T14:27:40.2391746-06:00	Info	MetricsData	Track_HashTables	WebHost.ps1	ProcessLogQueue		Webhost	MainLoop	1	H4sIAAAAAAAACpWU0W6CMBSG36XXupQCLeVWL7ZEFxKcuz666kwQSFuWGOO7Lxotp8wl5fYr+Vr+/qdnUpSfalMq/aP0svnqKmVIfibvcFQkf7Y4IbOmqy3JIzohCzC2VKomOWGU8SllUypXUZIzkSf0hcUZTwSdUp5TSi4T0oJWtZ2BRXv0zKnTEHMSc2Q2J/NhlEbeB3HWOMSaMcF66xas2jf6hLQOOa8I8VKWyd57vIU5BwvIjOC4M8c8Eb0b2nYgfhBnlQFWkfErc/l2G//a7sA5WchJRRonQ+cwYEzH5SAygeyou88bjexJUJUjXDho27d61/gx38i4mGWUopiXYLff3gg+SD93QZXw6laUc7WDrrIFaDgqq/Qaqm4w6f984vYNGveU4owWzf71YKx/vwiOc7OYoaSKcq20OTT1CjaV8v7EWxh1G1kqaIbGFOrDThlce4f6+wjqJpNR+qeb5nrMJ+/tnY9rPxci8l4u/9Ea914Jyblvg6rZ+8YbGVVLIWUWP6yXXzIRzdt8BgAA
	Logging: 2026-02-09T20:27:40.2409776Z	2026-02-09T14:27:40.2409776-06:00	Info	MetricsData	Track_HashTables	WebHost.ps1	ProcessLogQueue		Webhost	MainLoop	1	{"prefixesToTry":{"Name":"prefixesToTry","Count":2,"LastSeen":"2026-02-09T14:27:40.2405414-06:00"},"dbRoles":{"Name":"dbRoles","Count":15,"LastSeen":"2026-02-09T14:27:40.2402209-06:00"},"args":{"Name":"args","Count":0,"LastSeen":"2026-02-09T14:27:40.2400897-06:00"},"systemUsers":{"Name":"systemUsers","Count":2,"LastSeen":"2026-02-09T14:27:40.2407044-06:00"},"fileInfo":{"Name":"fileInfo","Count":2,"LastSeen":"2026-02-09T14:27:40.2402853-06:00"},"configRoles":{"Name":"configRoles","Count":6,"LastSeen":"2026-02-09T14:27:40.2401662-06:00"},"ModulePathEnv":{"Name":"ModulePathEnv","Count":19,"LastSeen":"2026-02-09T14:27:40.2404639-06:00"}}
	Logging: 2026-02-09T20:28:40.3408682Z	2026-02-09T14:28:40.3408682-06:00	Verbose	EventViewer	Event\ log\ request:\ 168\ events\ returned	apps\WebhostRealtimeEvents\routes\api\v1\logs\get.ps1	get.ps1		6ec71a85-fb79-4ebc-aa1d-587c7f8b403c		1	{"ResultCount":168,"Filters":{"categories":null,"userID":null,"severities":null,"source":null,"activityName":null,"filter":null,"runspaceID":null,"sessionID":null},"TimeRange":15}
	Logging: 2026-02-09T20:28:40.3430057Z	2026-02-09T14:28:40.3430057-06:00	Info	MetricsData	Track_HashTables	WebHost.ps1	ProcessLogQueue		Webhost	MainLoop	1	H4sIAAAAAAAACpWUzW7CMBCE38VnqBw7sZNc4dBKUEUKpeeFGoqUHxQ7lRDi3SsoOOuISvYx4+jzenZ2z6QoP9WmVN2P6pbtV18pTfIzeYdakfzZ4YTM2r4xJI/ohCxAm1KphuSEUSamlE1ptorinKV5TF94zJJMRFMqckrJZUKO0KnGzMCgOwbNohMfMpdZPJD1SX9o1SHuQ7FU7kOVUsqBugWj9m13QlgrWa704EapyNKBW9/MnIMBREZiWM2cCjqw4XgcgR+KpWY+FYtUCORvv3Hbdhcsk3m5SxkfM8cGYzWwd1wij1F2nyca0WOvKAvOHJvfml3r2nxTwmyWcYqoSzDbb2cEH8owdz61siRyrJirHfSVKaCDWhnVraHqR5P+zy/2Xq9xj+MMNXjR7l8P2rj9RWIYm0q8SopyrTp9aJsVbCrlvMQ5COoGSyKBulFDc9gpjWNvpaEfXtmMuETGFH8p1Ncyn+zbux6WfsEk2odbZ1ivX4H7ypnULRio2r1LvClBsYxSLiz18guJvtO2fAYAAA==
	Logging: 2026-02-09T20:28:40.3450362Z	2026-02-09T14:28:40.3450362-06:00	Info	MetricsData	Track_HashTables	WebHost.ps1	ProcessLogQueue		Webhost	MainLoop	1	{"prefixesToTry":{"Name":"prefixesToTry","Count":2,"LastSeen":"2026-02-09T14:28:40.3444665-06:00"},"dbRoles":{"Name":"dbRoles","Count":15,"LastSeen":"2026-02-09T14:28:40.3440051-06:00"},"args":{"Name":"args","Count":0,"LastSeen":"2026-02-09T14:28:40.3438477-06:00"},"systemUsers":{"Name":"systemUsers","Count":2,"LastSeen":"2026-02-09T14:28:40.3446355-06:00"},"fileInfo":{"Name":"fileInfo","Count":2,"LastSeen":"2026-02-09T14:28:40.3440740-06:00"},"configRoles":{"Name":"configRoles","Count":6,"LastSeen":"2026-02-09T14:28:40.3439220-06:00"},"ModulePathEnv":{"Name":"ModulePathEnv","Count":19,"LastSeen":"2026-02-09T14:28:40.3443697-06:00"}}
	Logging: 2026-02-09T20:29:40.5279654Z	2026-02-09T14:29:40.5279654-06:00	Verbose	EventViewer	Event\ log\ request:\ 200\ events\ returned	apps\WebhostRealtimeEvents\routes\api\v1\logs\get.ps1	get.ps1		6ec71a85-fb79-4ebc-aa1d-587c7f8b403c		1	{"ResultCount":200,"Filters":{"categories":null,"userID":null,"severities":null,"source":null,"activityName":null,"filter":null,"runspaceID":null,"sessionID":null},"TimeRange":15}
	Logging: 2026-02-09T20:29:40.5302279Z	2026-02-09T14:29:40.5302279-06:00	Info	MetricsData	Track_HashTables	WebHost.ps1	ProcessLogQueue		Webhost	MainLoop	1	H4sIAAAAAAAACpWUUW+CMBSF/0ufdSml0JZXfdgSXUxw7vnqqjNBILQsMcb/vuik3BKXlEdOyXdvzz23F7LKP/U2182PbpbVV1toQ7ILeYeTJtmzwwmZVW1pSRbRCVmAsbnWJckIoyydUjalah3xjKmM05eEqUSpdErTjFJynZAaGl3aGVhUo9ccOgkhx1IisjmbD6MbxO0UR41DqEKoqKfuwOpD1ZwR1kmOKwK4UnEheu7pbuYcLCAyEsf1HEdC9myo6wG4UxxVhXQshODI33brj+0hOCYLcpdyNWQODcbqyNnxm9bRUXafJxrReVCUUxw4qOu3cl/5Nt+VcTbLOELUJdjdt7eCndLvXUivTEYJtmKu99AWdgUNnLTVzQaKdrDp//zi6gatO08k7esuqsPr0Vh/vkgcx468QK7yjW7MsSrXsC20dxPvYNQ0VMJiFKETlMe9Njj2TurnEZRNxjkyZvWXQnNr88l7+9DHpT+Ncfp33rLevsa9V1LGsUeDojr4xLsyKpZSRamjXn8B0NNk0XwGAAA=
	Logging: 2026-02-09T20:29:40.5322323Z	2026-02-09T14:29:40.5322323-06:00	Info	MetricsData	Track_HashTables	WebHost.ps1	ProcessLogQueue		Webhost	MainLoop	1	{"prefixesToTry":{"Name":"prefixesToTry","Count":2,"LastSeen":"2026-02-09T14:29:40.5316480-06:00"},"dbRoles":{"Name":"dbRoles","Count":15,"LastSeen":"2026-02-09T14:29:40.5313409-06:00"},"args":{"Name":"args","Count":0,"LastSeen":"2026-02-09T14:29:40.5311999-06:00"},"systemUsers":{"Name":"systemUsers","Count":2,"LastSeen":"2026-02-09T14:29:40.5318062-06:00"},"fileInfo":{"Name":"fileInfo","Count":2,"LastSeen":"2026-02-09T14:29:40.5314022-06:00"},"configRoles":{"Name":"configRoles","Count":6,"LastSeen":"2026-02-09T14:29:40.5312889-06:00"},"ModulePathEnv":{"Name":"ModulePathEnv","Count":19,"LastSeen":"2026-02-09T14:29:40.5315757-06:00"}}
	Logging: 2026-02-09T20:30:40.6153179Z	2026-02-09T14:30:40.6153179-06:00	Info	MetricsData	Track_HashTables	WebHost.ps1	ProcessLogQueue		Webhost	MainLoop	1	H4sIAAAAAAAACpWUy27CMBBF/8VrqMaPmCRbWLQSVEihdG2ooUh5oNiphBD/XkHBGUdUspe5js6M79zxmSyLT70pdPuj20Xz1ZXakPxM3lWlSf7scESmTVdbklMYkbkyttC6JjlhwOQY2BiyFRU5h1zAi6RC8ISPQeYA5DIiR9Xq2k6VRTV6zaGTADJPBUVkczIfRreI+1AclYf0O+Fc9tStsnrftCeEdZLjTkK6BcFZz61uZs6UVYiMxKie+UQmSc9Wx+MA/FAcNQugsjSlAvnbbfyx3QXHZCHuSobd/UMMDcZq3OzkRCIfUHafJxrRRQieSaCezW/1rvFtvilxNmdcoBgvlN1+eyv4UPq9C4oEpMjoZTHTO9WVdqlaVWmr27Uqu8Gm//OLqxuy7jyjDPq682b/ejDWny8S49iCsxTfaa1bc2jqldqU2ruJdxA1DQFZgmZcqfqw0wbH3kn9PIJ2VLKrPMimubb55L2963HpTyBB1m+9Zb1+Rb1XLEtZ5tFU2ex94k2JiyVQ7jb08gsTD2jafAYAAA==
	Logging: 2026-02-09T20:30:40.6178167Z	2026-02-09T14:30:40.6178167-06:00	Info	MetricsData	Track_HashTables	WebHost.ps1	ProcessLogQueue		Webhost	MainLoop	1	{"prefixesToTry":{"Name":"prefixesToTry","Count":2,"LastSeen":"2026-02-09T14:30:40.6172215-06:00"},"dbRoles":{"Name":"dbRoles","Count":15,"LastSeen":"2026-02-09T14:30:40.6166768-06:00"},"args":{"Name":"args","Count":0,"LastSeen":"2026-02-09T14:30:40.6164779-06:00"},"systemUsers":{"Name":"systemUsers","Count":2,"LastSeen":"2026-02-09T14:30:40.6175040-06:00"},"fileInfo":{"Name":"fileInfo","Count":2,"LastSeen":"2026-02-09T14:30:40.6167767-06:00"},"configRoles":{"Name":"configRoles","Count":6,"LastSeen":"2026-02-09T14:30:40.6165981-06:00"},"ModulePathEnv":{"Name":"ModulePathEnv","Count":19,"LastSeen":"2026-02-09T14:30:40.6171012-06:00"}}
	Logging: 2026-02-09T20:31:40.7455176Z	2026-02-09T14:31:40.7455176-06:00	Verbose	EventViewer	Event\ log\ request:\ 263\ events\ returned	apps\WebhostRealtimeEvents\routes\api\v1\logs\get.ps1	get.ps1		6ec71a85-fb79-4ebc-aa1d-587c7f8b403c		1	{"ResultCount":263,"Filters":{"categories":null,"userID":null,"severities":null,"source":null,"activityName":null,"filter":null,"runspaceID":null,"sessionID":null},"TimeRange":15}
	Logging: 2026-02-09T20:31:40.7483920Z	2026-02-09T14:31:40.7483920-06:00	Info	MetricsData	Track_HashTables	WebHost.ps1	ProcessLogQueue		Webhost	MainLoop	1	H4sIAAAAAAAACpWUUW+CMBDHv0ufdSmlLZRXfdgSXUhw7vlk1ZkgEFqWGON3X3RSDuKS8sgP8utx979eSJp96l2mmx/drKuvttCGJBfyDidNkmcvZ2RRtaUlSUBnZAXGZlqXJCGMMjmnbE7VJuBJGCScvkQ8klEYzalMKCXXGamh0aVdgEVn9MyphY85lEL1ZnM2H0Y3yNsRZw19rIpL2VtzsPpQNWekdch5Iw+vlIqL3nu6N3MJFpAZwWk1M6FQj6GuR+KOOKvyqZgLxlF/291wbA/gnMyn0pjzcOwcNxjTaX2I1Y11dpTd54lGdu4VZSaRHur6rdxXwzbfybQ2C6aQdQ02/x6sYEf6vfOKBI1QjNNsqffQFjaFBk7a6mYLRTva9H8+ced6rTuXnPbnrqrD69HY4XwRnOamoULhSbOtbsyxKjewK/TgTwYvJk0jEiKO0ZpCedxrg2PvUD8Pr2wGIkTi9C+F5lbmk/v2waelPwrwLZAPlvX2NPG+ogzFMgcLRXUYGu9kUiylFNSN8PoLEYDyuXwGAAA=
	Logging: 2026-02-09T20:31:40.7584982Z	2026-02-09T14:31:40.7584982-06:00	Info	MetricsData	Track_HashTables	WebHost.ps1	ProcessLogQueue		Webhost	MainLoop	1	{"prefixesToTry":{"Name":"prefixesToTry","Count":2,"LastSeen":"2026-02-09T14:31:40.7579153-06:00"},"dbRoles":{"Name":"dbRoles","Count":15,"LastSeen":"2026-02-09T14:31:40.7575892-06:00"},"args":{"Name":"args","Count":0,"LastSeen":"2026-02-09T14:31:40.7574505-06:00"},"systemUsers":{"Name":"systemUsers","Count":2,"LastSeen":"2026-02-09T14:31:40.7580799-06:00"},"fileInfo":{"Name":"fileInfo","Count":2,"LastSeen":"2026-02-09T14:31:40.7576563-06:00"},"configRoles":{"Name":"configRoles","Count":6,"LastSeen":"2026-02-09T14:31:40.7575335-06:00"},"ModulePathEnv":{"Name":"ModulePathEnv","Count":19,"LastSeen":"2026-02-09T14:31:40.7578384-06:00"}}
	Logging: 2026-02-09T20:32:41.1073168Z	2026-02-09T14:32:41.1073168-06:00	Info	MetricsData	Track_HashTables	WebHost.ps1	ProcessLogQueue		Webhost	MainLoop	1	H4sIAAAAAAAACpWUX2vCMBTFv0uedSRpkv551YcNdAg6fb520Qm1LU06EPG7D0WTG3GQPva0/HJ7zrk5k8Vyo7dL3f3qbt5895U2pDiTTzhqUrx6OSKTpq8tKRgdkRkYu9S6JgXhlKsx5WOar5goEl4I9saoUmmqxlQVlJLLiLTQ6dpOwKIzvObQMoYsuGSebE7my+gOcR+KoyYx1EwmiaeWYPW+6U4I6yTHTSO4UrEk89zjzcwpWEBkJA6bOZGceja07RP4oThqHkEVucgF8rffhrHdBcfkMZOmGUufmc8GY3VgdkxIT0fdfd1oRBdRVRYSDQ9t+1HvmtDmmzLIZkkZQzWegy1/ghV8KH7voirBGMdWTPUO+souoIOjtrpbQ9U/bfo/n7hzo9Zd0jz3586a/fvB2DBfJA5jU5UH8a51Zw5NvYJtpYM/CV4MSkPJPEPX1RHqw04bXHsn+TyiusmFCALZXFtormO+uG/v+rD2pzRF1pfBsl6fht1XVHFU9hIsVM0+JN6UQbWUMuFuxssfQPYNUnwGAAA=
	Logging: 2026-02-09T20:32:41.1238227Z	2026-02-09T14:32:41.1238227-06:00	Info	MetricsData	Track_HashTables	WebHost.ps1	ProcessLogQueue		Webhost	MainLoop	1	{"prefixesToTry":{"Name":"prefixesToTry","Count":2,"LastSeen":"2026-02-09T14:32:41.1089328-06:00"},"dbRoles":{"Name":"dbRoles","Count":15,"LastSeen":"2026-02-09T14:32:41.1082519-06:00"},"args":{"Name":"args","Count":0,"LastSeen":"2026-02-09T14:32:41.1081304-06:00"},"systemUsers":{"Name":"systemUsers","Count":2,"LastSeen":"2026-02-09T14:32:41.1233330-06:00"},"fileInfo":{"Name":"fileInfo","Count":2,"LastSeen":"2026-02-09T14:32:41.1083142-06:00"},"configRoles":{"Name":"configRoles","Count":6,"LastSeen":"2026-02-09T14:32:41.1082014-06:00"},"ModulePathEnv":{"Name":"ModulePathEnv","Count":19,"LastSeen":"2026-02-09T14:32:41.1084892-06:00"}}
	Logging: 2026-02-09T20:33:41.8095902Z	2026-02-09T14:33:41.8095902-06:00	Verbose	EventViewer	Event\ log\ request:\ 324\ events\ returned	apps\WebhostRealtimeEvents\routes\api\v1\logs\get.ps1	get.ps1		6ec71a85-fb79-4ebc-aa1d-587c7f8b403c		1	{"ResultCount":324,"Filters":{"categories":null,"userID":null,"severities":null,"source":null,"activityName":null,"filter":null,"runspaceID":null,"sessionID":null},"TimeRange":15}
	Logging: 2026-02-09T20:33:41.8117655Z	2026-02-09T14:33:41.8117655-06:00	Info	MetricsData	Track_HashTables	WebHost.ps1	ProcessLogQueue		Webhost	MainLoop	1	H4sIAAAAAAAACpWUSWvDMBCF/4vOSdHu5ZocWkiKwWl7nrhKGvCGJRdCyH8vWWyPQwry0U/mm9G8NzqRJP0y29Q0v6ZZV99tbiyJT+QdCkPiZ4czsqja0pGY0RlZgXWpMSWJCadczymf02jDZCxELNlLyJjQUs+pjikl5xmpoTGlW4BDNQatRysfMhOaDWR7tB/WNIjbKT1V+FCVonSgZuDMvmqOCNtLPTfw4FItVDBwi+swl+AAkZE4rWcqOB/YUNcP4E7pqZFPx1KHCs233Y5tuws9k/t0KgOK0nBDPA4YqxO9ozIa6Ci7zxON6NIrykKgwEFdv5W7ajzmqzJtzIpj6hpc9jNawU4Z9s6HGkVS4lEszQ7a3CXQQGGcaT4hbx82/Z9f+rpe685ZiGK+qvavB+vG/iJxEpuGoUIxT9JP09hDVW5gm5vRTUYHk9xgPNSoRgHlYWcsjn0vDX74ZJNGSiKbk1sK7aXNJ+/tXZ+WfhFpZHk2WtbL17T3SgU4QBk4yKv9mHhVpsVSUyU66vkPFqU7GHwGAAA=
	Logging: 2026-02-09T20:33:41.8137603Z	2026-02-09T14:33:41.8137603-06:00	Info	MetricsData	Track_HashTables	WebHost.ps1	ProcessLogQueue		Webhost	MainLoop	1	{"prefixesToTry":{"Name":"prefixesToTry","Count":2,"LastSeen":"2026-02-09T14:33:41.8131923-06:00"},"dbRoles":{"Name":"dbRoles","Count":15,"LastSeen":"2026-02-09T14:33:41.8127041-06:00"},"args":{"Name":"args","Count":0,"LastSeen":"2026-02-09T14:33:41.8125777-06:00"},"systemUsers":{"Name":"systemUsers","Count":2,"LastSeen":"2026-02-09T14:33:41.8133635-06:00"},"fileInfo":{"Name":"fileInfo","Count":2,"LastSeen":"2026-02-09T14:33:41.8128537-06:00"},"configRoles":{"Name":"configRoles","Count":6,"LastSeen":"2026-02-09T14:33:41.8126516-06:00"},"ModulePathEnv":{"Name":"ModulePathEnv","Count":19,"LastSeen":"2026-02-09T14:33:41.8130899-06:00"}}
	Logging: 2026-02-09T20:33:56.8803835Z	2026-02-09T14:33:56.8803835-06:00	Info	MetricsData	Track_HashTables	WebHost.ps1	ProcessLogQueue		Webhost	MainLoop	1	{"prefixesToTry":{"Name":"prefixesToTry","Count":2,"LastSeen":"2026-02-09T14:33:56.8798440-06:00"},"dbRoles":{"Name":"dbRoles","Count":15,"LastSeen":"2026-02-09T14:33:56.8794809-06:00"},"ModulePathEnv":{"Name":"ModulePathEnv","Count":19,"LastSeen":"2026-02-09T14:33:56.8797683-06:00"},"args":{"Name":"args","Count":0,"LastSeen":"2026-02-09T14:33:56.8793416-06:00"},"systemUsers":{"Name":"systemUsers","Count":2,"LastSeen":"2026-02-09T14:33:56.8800101-06:00"},"fileInfo":{"Name":"fileInfo","Count":2,"LastSeen":"2026-02-09T14:33:56.8795457-06:00"},"logEntries":{"Name":"logEntries","Count":3,"LastSeen":"2026-02-09T14:33:56.8796745-06:00"},"configRoles":{"Name":"configRoles","Count":6,"LastSeen":"2026-02-09T14:33:56.8794264-06:00"}}
	Logging: 2026-02-09T20:34:42.2155389Z	2026-02-09T14:34:42.2155389-06:00	Verbose	EventViewer	Event\ log\ request:\ 356\ events\ returned	apps\WebhostRealtimeEvents\routes\api\v1\logs\get.ps1	get.ps1		6ec71a85-fb79-4ebc-aa1d-587c7f8b403c		1	{"ResultCount":356,"Filters":{"categories":null,"userID":null,"severities":null,"source":null,"activityName":null,"filter":null,"runspaceID":null,"sessionID":null},"TimeRange":15}
	Logging: 2026-02-09T20:34:42.2166547Z	2026-02-09T14:34:42.2166547-06:00	Debug	GlobalCache	Updated\ cache:\ 3\ jobs,\ 0\ runspaces,\ 0\ tasks\ \(0\.2216ms\)	WebHost.ps1::Update-GlobalCache	Update-GlobalCache				1	
	Logging: 2026-02-09T20:34:42.2188575Z	2026-02-09T14:34:42.2188575-06:00	Info	MetricsData	Track_HashTables	WebHost.ps1	ProcessLogQueue		Webhost	MainLoop	1	H4sIAAAAAAAACpWUy27CMBBF/8VrqBzHSexsYdFKUEUKbdcDNRQpL8VOJYT494qXPUZUcpa5jo7Hd+7MkRTll1qXqv9V/bL9HiqlSX4k71Arkj87nJBZOzSG5BGdkAVoUyrVkJwwytIpZVMqVxHPY55z9sIiEXORTWmaU0pOE9JBrxozA4PucJpFJyHkKKbckfVBf2jVI+5dsdQ4hJrESeSoGzBq1/YHhLWS5WYB3CxN49Rx64uZczCAyEgcVzNNBKoZuu4BfFcsVYZUHGdCIH+Htd+2m2CZLKRSnkhU6RXxaDBWx/nAJZeOjrL7PNGIzoOiHHEUOOi6t2bb+jZflHE28yxhjroEs/nxRvCuuLkLigTDw1GUc7WFoTIF9FAro/pPqIaHSf/nF3tv0LhHUiTu3kW7e91r4/cXiaPYmaTSa++n6vW+bVawrpT3Eu9gVDcES1O0rmpo9lulceyt5PoRks1MCormv7imUJ/LfLJvb/q49MciQkHaeMN6/hq3rxKBjdiAgard+cSLMiqWWcqk3SmnP8Fk5dx8BgAA
	Logging: 2026-02-09T20:34:42.2207412Z	2026-02-09T14:34:42.2207412-06:00	Info	MetricsData	Track_HashTables	WebHost.ps1	ProcessLogQueue		Webhost	MainLoop	1	{"prefixesToTry":{"Name":"prefixesToTry","Count":2,"LastSeen":"2026-02-09T14:34:42.2202304-06:00"},"dbRoles":{"Name":"dbRoles","Count":15,"LastSeen":"2026-02-09T14:34:42.2198990-06:00"},"args":{"Name":"args","Count":0,"LastSeen":"2026-02-09T14:34:42.2197679-06:00"},"systemUsers":{"Name":"systemUsers","Count":2,"LastSeen":"2026-02-09T14:34:42.2203971-06:00"},"fileInfo":{"Name":"fileInfo","Count":2,"LastSeen":"2026-02-09T14:34:42.2199655-06:00"},"configRoles":{"Name":"configRoles","Count":6,"LastSeen":"2026-02-09T14:34:42.2198443-06:00"},"ModulePathEnv":{"Name":"ModulePathEnv","Count":19,"LastSeen":"2026-02-09T14:34:42.2201513-06:00"}}
	Logging: 2026-02-09T20:34:57.2125817Z	2026-02-09T14:34:57.2125817-06:00	Verbose	EventViewer	Event\ log\ request:\ 367\ events\ returned	apps\WebhostRealtimeEvents\routes\api\v1\logs\get.ps1	get.ps1		6ec71a85-fb79-4ebc-aa1d-587c7f8b403c		1	{"ResultCount":367,"Filters":{"categories":null,"userID":null,"severities":null,"source":null,"activityName":null,"filter":null,"runspaceID":null,"sessionID":null},"TimeRange":15}
	Logging: 2026-02-09T20:34:57.2291207Z	2026-02-09T14:34:57.2291207-06:00	Info	MetricsData	Track_HashTables	WebHost.ps1	ProcessLogQueue		Webhost	MainLoop	1	H4sIAAAAAAAACpWUS2/CMBCE/4vPUDmOEye5wqGVoIoU2p4XaihSHsh2KiHEf694OeuISvYxk+jzZnbGJ1JWX3JdSfUr1bL77mupSXEi79BIUjx7OSGzrm8NKSI6IQvQppKyJQVhlKVTyqY0X0W8iHmRiBfGMi6omNK0oJScJ+QASrZmBgadMWgWnfiQGc/5QNZH/aGlQtyHYqmxD1VQGg3UDRi569QRYa1kucKDK4Rg2cBtrmbOwQAiIzFs5kjwZGDD4TACPxRLzX0mTnKG/e3X7trugmUyn0kTkaZj5thgrIb5kEYR8gFl93miEZ17RTnmzLH5rd12rs1XJczmNImRJUswmx+ngg9l6J3PrDRjObZiLrfQ16YEBY00Un1C3Y+a/s8n9lyvusdRHg/nLrrd614bd79IDGKLPOMokGX1KZXed+0K1rV0/sR5EbSNLM5SVP8G2v1Wahx7Kw378Mom5Rz1v7ylUF/GfHLf3vWw9CeUoXhunLJengLvKyrQIjdgoO52LvGqBMVSCH7RbtTzHxQozcN8BgAA
	Logging: 2026-02-09T20:34:57.2310322Z	2026-02-09T14:34:57.2310322-06:00	Info	MetricsData	Track_HashTables	WebHost.ps1	ProcessLogQueue		Webhost	MainLoop	1	{"prefixesToTry":{"Name":"prefixesToTry","Count":2,"LastSeen":"2026-02-09T14:34:57.2305610-06:00"},"dbRoles":{"Name":"dbRoles","Count":15,"LastSeen":"2026-02-09T14:34:57.2302025-06:00"},"ModulePathEnv":{"Name":"ModulePathEnv","Count":19,"LastSeen":"2026-02-09T14:34:57.2304845-06:00"},"args":{"Name":"args","Count":0,"LastSeen":"2026-02-09T14:34:57.2300406-06:00"},"systemUsers":{"Name":"systemUsers","Count":2,"LastSeen":"2026-02-09T14:34:57.2307284-06:00"},"fileInfo":{"Name":"fileInfo","Count":2,"LastSeen":"2026-02-09T14:34:57.2302697-06:00"},"logEntries":{"Name":"logEntries","Count":4,"LastSeen":"2026-02-09T14:34:57.2303932-06:00"},"configRoles":{"Name":"configRoles","Count":6,"LastSeen":"2026-02-09T14:34:57.2301406-06:00"}}
	Logging: 2026-02-09T20:35:42.6340511Z	2026-02-09T14:35:42.6340511-06:00	Verbose	EventViewer	Event\ log\ request:\ 392\ events\ returned	apps\WebhostRealtimeEvents\routes\api\v1\logs\get.ps1	get.ps1		6ec71a85-fb79-4ebc-aa1d-587c7f8b403c		1	{"ResultCount":392,"Filters":{"categories":null,"userID":null,"severities":null,"source":null,"activityName":null,"filter":null,"runspaceID":null,"sessionID":null},"TimeRange":15}
	Logging: 2026-02-09T20:35:42.6358624Z	2026-02-09T14:35:42.6358624-06:00	Debug	GlobalCache	Updated\ cache:\ 3\ jobs,\ 0\ runspaces,\ 0\ tasks\ \(0\.263ms\)	WebHost.ps1::Update-GlobalCache	Update-GlobalCache				1	
	Logging: 2026-02-09T20:35:42.6395180Z	2026-02-09T14:35:42.6395180-06:00	Info	MetricsData	Track_HashTables	WebHost.ps1	ProcessLogQueue		Webhost	MainLoop	1	H4sIAAAAAAAACpWUy27CMBBF/8VrqBzbseNsYdFKUCFB6XpoDUXKS7FTCSH+vWoKfiAq2dvr6Mxk7p05o9X6Xe3Wqv9W/bL9HCqlUXlGr1ArVD56nKBZOzQGlRmeoAVos1aqQSUimPApJlMsNxkraV4y8sRpIajIppiXGKPLBHXQq8bMwHg1nGbReQyZSowdWZ/0m1a9x70plkojqBJLQh31A4w6tP3Jw1rJckUEVwguiePW4zDnYMAje2JSzwUpaOHY0HV34JtiqTKmY8aI17EedqFtV8EySUynEjPfsxFxP2BfTfQuy3JH97L7ONEencU0z4vcax667qXZt+GYRyVtzHkmpKMuwXx8BSt4U9zeRUWCYu6PYq72MFRmBT3Uyqh+C9Vwt+n/fGLrRq07k0S4uov28HzUJvTXE9PYuGCBvVvV62PbbGBXqeBPgockN4pc+nOroTnulfZjbyXnR9SOZiL37uDqL4X6t80H9/aqp10BUXAWXK7waCXeK87uaFC1h5A4KkmxFCKTNuyXH5YFVAJ8BgAA
	Logging: 2026-02-09T20:35:42.6586665Z	2026-02-09T14:35:42.6586665-06:00	Info	MetricsData	Track_HashTables	WebHost.ps1	ProcessLogQueue		Webhost	MainLoop	1	{"prefixesToTry":{"Name":"prefixesToTry","Count":2,"LastSeen":"2026-02-09T14:35:42.6422604-06:00"},"dbRoles":{"Name":"dbRoles","Count":15,"LastSeen":"2026-02-09T14:35:42.6414341-06:00"},"args":{"Name":"args","Count":0,"LastSeen":"2026-02-09T14:35:42.6411118-06:00"},"systemUsers":{"Name":"systemUsers","Count":2,"LastSeen":"2026-02-09T14:35:42.6581485-06:00"},"fileInfo":{"Name":"fileInfo","Count":2,"LastSeen":"2026-02-09T14:35:42.6415967-06:00"},"configRoles":{"Name":"configRoles","Count":6,"LastSeen":"2026-02-09T14:35:42.6413041-06:00"},"ModulePathEnv":{"Name":"ModulePathEnv","Count":19,"LastSeen":"2026-02-09T14:35:42.6420650-06:00"}}
	Logging: 2026-02-09T20:35:57.7893973Z	2026-02-09T14:35:57.7893973-06:00	Verbose	EventViewer	Event\ log\ request:\ 403\ events\ returned	apps\WebhostRealtimeEvents\routes\api\v1\logs\get.ps1	get.ps1		6ec71a85-fb79-4ebc-aa1d-587c7f8b403c		1	{"ResultCount":403,"Filters":{"categories":null,"userID":null,"severities":null,"source":null,"activityName":null,"filter":null,"runspaceID":null,"sessionID":null},"TimeRange":15}
	Logging: 2026-02-09T20:35:57.7920489Z	2026-02-09T14:35:57.7920489-06:00	Info	MetricsData	Track_HashTables	WebHost.ps1	ProcessLogQueue		Webhost	MainLoop	1	H4sIAAAAAAAACpWUUWvCMBSF/0uedSRp0qR91YcNdAg693x10Qm1LU06EPG/D4smt85B+tiT8uXm3nPumSyWn2azNM2PaebVV1sYS/IzeYejIfmzwxGZVG3pSM7oiMzAuqUxJckJpzwdUz6m2YqJPJG5VC8qY1KwbEzTnFJyGZEaGlO6CTh0R9A8WsaQE47J9mQ/rGkQ9654ahJDVZzRQN2CM/uqOSGslzxXRXCpTlIeuMeumVNwgMhIHFYz5yINbKjrB/Bd8dQspmKpKeqEbTf9sd0Ez+QxlaZC4Zl1iMcGY3VYH1LNVKAj7z53NKKLKCvTDI0Q6vqt3FX9NnfKsDanmUbUObjtdy+CdyXkLqZWpjOJWzE1O2gLt4AGjsaZZg1F+5D0f37x90bFPcmECPfOqv3rwbr+fJE4jE011/hNa9PYQ1WuYFOY3kt6B4OmwUTKcEyhPOyMxbb3UphHlDeZZMkfb9prmU/27U0f5n6pErQFtr2wXr+G7SslNUrqFhwU1b5P7JRBtqSaCk+9/AIicrKSfAYAAA==
	Logging: 2026-02-09T20:35:57.8052248Z	2026-02-09T14:35:57.8052248-06:00	Info	MetricsData	Track_HashTables	WebHost.ps1	ProcessLogQueue		Webhost	MainLoop	1	{"prefixesToTry":{"Name":"prefixesToTry","Count":2,"LastSeen":"2026-02-09T14:35:57.8045771-06:00"},"dbRoles":{"Name":"dbRoles","Count":15,"LastSeen":"2026-02-09T14:35:57.7930203-06:00"},"ModulePathEnv":{"Name":"ModulePathEnv","Count":19,"LastSeen":"2026-02-09T14:35:57.8044444-06:00"},"args":{"Name":"args","Count":0,"LastSeen":"2026-02-09T14:35:57.7928914-06:00"},"systemUsers":{"Name":"systemUsers","Count":2,"LastSeen":"2026-02-09T14:35:57.8047566-06:00"},"fileInfo":{"Name":"fileInfo","Count":2,"LastSeen":"2026-02-09T14:35:57.7930854-06:00"},"logEntries":{"Name":"logEntries","Count":4,"LastSeen":"2026-02-09T14:35:57.7932085-06:00"},"configRoles":{"Name":"configRoles","Count":6,"LastSeen":"2026-02-09T14:35:57.7929675-06:00"}}
	Logging: 2026-02-09T20:36:43.2499711Z	2026-02-09T14:36:43.2499711-06:00	Verbose	EventViewer	Event\ log\ request:\ 428\ events\ returned	apps\WebhostRealtimeEvents\routes\api\v1\logs\get.ps1	get.ps1		6ec71a85-fb79-4ebc-aa1d-587c7f8b403c		1	{"ResultCount":428,"Filters":{"categories":null,"userID":null,"severities":null,"source":null,"activityName":null,"filter":null,"runspaceID":null,"sessionID":null},"TimeRange":15}
	Logging: 2026-02-09T20:36:43.2689249Z	2026-02-09T14:36:43.2689249-06:00	Info	MetricsData	Track_HashTables	WebHost.ps1	ProcessLogQueue		Webhost	MainLoop	1	H4sIAAAAAAAACpWUy27CMBBF/8VrqPyKY2cLi1aCKlIoXQ/UUKQ8UOxUQoh/r6CQjClVk2Wuo+PxzL1zJGn2bleZrb9sPa8+mtw6khzJKxSWJI8OR2RSNaUnCaMjMgPnM2tLkhBOuRpTPqZmwWQiVCLFE1eaR0aMqUooJacR2UNtSz8Bj+7otBYd/U+OODXCdGR3cG/O1oh7U1qq6FOvFAZR1+DttqoPCNtKLTfuUS2TkdYdt7g0cwoeEBmJQ2qOmNFadmzY7+/AN6Wlmj5UqplC/W1W4diuQsvkfborlPrFvG8wVgfOjlI0O+Tdx45GdNnLyjziQZtfyk0VtvmiDGuzoDLqqHPw688ggjely10vSwiFYpdmU7uBJvcp1FBYb+sl5M1d0v/4pb23V9ypZLS7d1Ztn3fOh/NF4hB2xGLNgzctbe12VbmAVW6DlwQHQ6ahNIux6QsodxvrsO1bqZtHr4xqTdGY0x8XunOZD/btVR/mfm6w+9dBWM9fw/aVMAztqzV4yKttSLwow2wpeRzfqKdvYIb2oHwGAAA=
	Logging: 2026-02-09T20:36:43.2707893Z	2026-02-09T14:36:43.2707893-06:00	Info	MetricsData	Track_HashTables	WebHost.ps1	ProcessLogQueue		Webhost	MainLoop	1	{"prefixesToTry":{"Name":"prefixesToTry","Count":2,"LastSeen":"2026-02-09T14:36:43.2702895-06:00"},"dbRoles":{"Name":"dbRoles","Count":15,"LastSeen":"2026-02-09T14:36:43.2699631-06:00"},"args":{"Name":"args","Count":0,"LastSeen":"2026-02-09T14:36:43.2698307-06:00"},"systemUsers":{"Name":"systemUsers","Count":2,"LastSeen":"2026-02-09T14:36:43.2704529-06:00"},"fileInfo":{"Name":"fileInfo","Count":2,"LastSeen":"2026-02-09T14:36:43.2700285-06:00"},"configRoles":{"Name":"configRoles","Count":6,"LastSeen":"2026-02-09T14:36:43.2699068-06:00"},"ModulePathEnv":{"Name":"ModulePathEnv","Count":19,"LastSeen":"2026-02-09T14:36:43.2702132-06:00"}}
	Logging: 2026-02-09T20:37:13.5855061Z	2026-02-09T14:37:13.5855061-06:00	Verbose	EventViewer	Event\ log\ request:\ 444\ events\ returned	apps\WebhostRealtimeEvents\routes\api\v1\logs\get.ps1	get.ps1		6ec71a85-fb79-4ebc-aa1d-587c7f8b403c		1	{"ResultCount":444,"Filters":{"categories":null,"userID":null,"severities":null,"source":null,"activityName":null,"filter":null,"runspaceID":null,"sessionID":null},"TimeRange":15}
	Logging: 2026-02-09T20:37:13.6036644Z	2026-02-09T14:37:13.6036644-06:00	Info	MetricsData	Track_HashTables	WebHost.ps1	ProcessLogQueue		Webhost	MainLoop	1	H4sIAAAAAAAACpWUUWvCMBSF/0uedaRJmzZ91YcNdAg693ztohNqW5J0IOJ/H4omt85B8tiT8uXm3HvuiSyWn2qzVPpH6Xn71dfKkPJE3uGgSPnscEQmbd9YUiZ0RGZg7FKphpSEUSbGlI2pXCVpyfMy4S+CcppQOaaipJScR6QDrRo7AYvu8JpDZwFklkueerI5mg+jNOLeFUflIfUmUjBPrcCqXauPCOskx81DquW8yDz3cDVzChYQGYlRNbOcJahm6LoH8F1xVBlCpVlGkb/9Zti2m+CYLMhdRv8wHw3GamTvsqzwdDS7zyca0dMQQ2ReoOKh696abTu0+arE2ZxIKTx1Drb6HkTwrvjchVBFkebYiqnaQl/bBWg4KKv0Gur+Ien//OLuDYk7KwS+d9buXvfGDvuLxDh2lguO37RW2uzbZgWbWg1eMjiI64bkFMcUmv1WGTz2TvL9CMqoSNPkz2yaS5lP9u1Nj5t+mnK0aatBWC9fcfuKiQKNZQUW6nY3JF6VuLHkNHU7+/wLpstby3wGAAA=
	Logging: 2026-02-09T20:37:13.6056588Z	2026-02-09T14:37:13.6056588-06:00	Info	MetricsData	Track_HashTables	WebHost.ps1	ProcessLogQueue		Webhost	MainLoop	1	{"prefixesToTry":{"Name":"prefixesToTry","Count":2,"LastSeen":"2026-02-09T14:37:13.6051105-06:00"},"dbRoles":{"Name":"dbRoles","Count":15,"LastSeen":"2026-02-09T14:37:13.6047393-06:00"},"args":{"Name":"args","Count":0,"LastSeen":"2026-02-09T14:37:13.6045806-06:00"},"systemUsers":{"Name":"systemUsers","Count":2,"LastSeen":"2026-02-09T14:37:13.6053461-06:00"},"fileInfo":{"Name":"fileInfo","Count":2,"LastSeen":"2026-02-09T14:37:13.6048314-06:00"},"configRoles":{"Name":"configRoles","Count":6,"LastSeen":"2026-02-09T14:37:13.6046793-06:00"},"ModulePathEnv":{"Name":"ModulePathEnv","Count":19,"LastSeen":"2026-02-09T14:37:13.6050283-06:00"}}
	Logging: 2026-02-09T20:37:43.9097690Z	2026-02-09T14:37:43.9097690-06:00	Verbose	EventViewer	Event\ log\ request:\ 463\ events\ returned	apps\WebhostRealtimeEvents\routes\api\v1\logs\get.ps1	get.ps1		6ec71a85-fb79-4ebc-aa1d-587c7f8b403c		1	{"ResultCount":463,"Filters":{"categories":null,"userID":null,"severities":null,"source":null,"activityName":null,"filter":null,"runspaceID":null,"sessionID":null},"TimeRange":15}
	Logging: 2026-02-09T20:37:43.9125242Z	2026-02-09T14:37:43.9125242-06:00	Info	MetricsData	Track_HashTables	WebHost.ps1	ProcessLogQueue		Webhost	MainLoop	1	H4sIAAAAAAAACpWUwW7CMBBE/8VnqOzYsZtc4dBKUEUKpeclNRQpJCh2KiHEv1dQcNaUSvYx4+h5PTu7R1KUH3pV6u5bd/P2s6+1IfmRvMFOk/zR4YhM2r6xJGd0RGZgbKl1Q3KS0ESOaTKm2YKJnKtc8KeMMZmlz2Mqc0rJaUT20OnGTsCiOwbNodMQsuAKkc3BvBvdIe5NcVQeQn1WMhmoFVi9absDwjrJcVUAlyrO04G7u5g5BQuIjMS4mjnFbNjv78A3xVGzkIrTVGbI337lt+0qOGYS5C5lf5j3BmM1snccV4yy+zjRiC6Coiy58Gx+bdatb/NFibNZMqYG6hxs9eWN4E0Z5i6kVsbO8mDFVK+hr20BHey01d0S6v5u0v/5xd0bNO4p5+jeWbt52Rrr9xeJUWyaKY6cKsql7sy2bRawqrX3Eu8gqhtMMsHQmEKzXWuDY++koR9B2aRCoL1S/KbQnMt8sG+velz6VaJQ6ZU3rOevuH0lZYJ2SgUW6nbjEy9KVCypokPYTz9vf5myfAYAAA==
	Logging: 2026-02-09T20:37:43.9144878Z	2026-02-09T14:37:43.9144878-06:00	Info	MetricsData	Track_HashTables	WebHost.ps1	ProcessLogQueue		Webhost	MainLoop	1	{"prefixesToTry":{"Name":"prefixesToTry","Count":2,"LastSeen":"2026-02-09T14:37:43.9139234-06:00"},"dbRoles":{"Name":"dbRoles","Count":15,"LastSeen":"2026-02-09T14:37:43.9135950-06:00"},"args":{"Name":"args","Count":0,"LastSeen":"2026-02-09T14:37:43.9134569-06:00"},"systemUsers":{"Name":"systemUsers","Count":2,"LastSeen":"2026-02-09T14:37:43.9141511-06:00"},"fileInfo":{"Name":"fileInfo","Count":2,"LastSeen":"2026-02-09T14:37:43.9136632-06:00"},"configRoles":{"Name":"configRoles","Count":6,"LastSeen":"2026-02-09T14:37:43.9135395-06:00"},"ModulePathEnv":{"Name":"ModulePathEnv","Count":19,"LastSeen":"2026-02-09T14:37:43.9138470-06:00"}}
	Logging: 2026-02-09T20:38:14.0833509Z	2026-02-09T14:38:14.0833509-06:00	Verbose	EventViewer	Event\ log\ request:\ 479\ events\ returned	apps\WebhostRealtimeEvents\routes\api\v1\logs\get.ps1	get.ps1		6ec71a85-fb79-4ebc-aa1d-587c7f8b403c		1	{"ResultCount":479,"Filters":{"categories":null,"userID":null,"severities":null,"source":null,"activityName":null,"filter":null,"runspaceID":null,"sessionID":null},"TimeRange":15}
	Logging: 2026-02-09T20:38:14.0858209Z	2026-02-09T14:38:14.0858209-06:00	Info	MetricsData	Track_HashTables	WebHost.ps1	ProcessLogQueue		Webhost	MainLoop	1	H4sIAAAAAAAACpWUy27CMBBF/8VrqPyK89jCopWgQgql64EaihSSKHYqIcS/VyBwxpRK9jLX0Znx3Ds+kUX5qdel7n50N2+++kobUpzIOxw0KZ4djsik6WtLCkZHZAbGllrXpCCccjWmfEzzJZOFyAomX2iWMCnFmKqCUnIekRY6XdsJWFRj0Bw6CSDLnGfpQDZH82F0h7h3xVFFSL8ipWygbsDqXdMdEdZJjpuGdCsVzQfu4TrMKVhAZCRG9SwzgScBbfsAviuOmodQWZYi50y/9m27CY7JQ6bLU4o9uyIeB4zVSO+4RN6h7D5PNKLLoCgzjvDQtm/1tvHHfFXixsyVQtQ52M23t4J3Zdi7oEhQhuK2KKd6C31lF9DBQVvdraDqHzb9n19c3ZB1l3meodDMmt3r3ljfXyTGsVWWJPhOK92ZfVMvYV1p7ybeQZQbCVUJR2sK9X6rDY69kwY/gnY0VVT9yaa5tPnkvb3pcelnqUIVNt6yXr7i3ivBufRoUDU7n3hV4mIpcuGo51+YPhZrfAYAAA==
	Logging: 2026-02-09T20:38:14.0877528Z	2026-02-09T14:38:14.0877528-06:00	Info	MetricsData	Track_HashTables	WebHost.ps1	ProcessLogQueue		Webhost	MainLoop	1	{"prefixesToTry":{"Name":"prefixesToTry","Count":2,"LastSeen":"2026-02-09T14:38:14.0872840-06:00"},"dbRoles":{"Name":"dbRoles","Count":15,"LastSeen":"2026-02-09T14:38:14.0869223-06:00"},"args":{"Name":"args","Count":0,"LastSeen":"2026-02-09T14:38:14.0867251-06:00"},"systemUsers":{"Name":"systemUsers","Count":2,"LastSeen":"2026-02-09T14:38:14.0874506-06:00"},"fileInfo":{"Name":"fileInfo","Count":2,"LastSeen":"2026-02-09T14:38:14.0870104-06:00"},"configRoles":{"Name":"configRoles","Count":6,"LastSeen":"2026-02-09T14:38:14.0868072-06:00"},"ModulePathEnv":{"Name":"ModulePathEnv","Count":19,"LastSeen":"2026-02-09T14:38:14.0872026-06:00"}}
	Logging: 2026-02-09T20:38:44.5950282Z	2026-02-09T14:38:44.5950282-06:00	Verbose	EventViewer	Event\ log\ request:\ 484\ events\ returned	apps\WebhostRealtimeEvents\routes\api\v1\logs\get.ps1	get.ps1		6ec71a85-fb79-4ebc-aa1d-587c7f8b403c		1	{"ResultCount":484,"Filters":{"categories":null,"userID":null,"severities":null,"source":null,"activityName":null,"filter":null,"runspaceID":null,"sessionID":null},"TimeRange":15}
	Logging: 2026-02-09T20:38:44.5973246Z	2026-02-09T14:38:44.5973246-06:00	Info	MetricsData	Track_HashTables	WebHost.ps1	ProcessLogQueue		Webhost	MainLoop	1	H4sIAAAAAAAACpWUzW7CMBCE38VnqBz/Jc4VDq0EFRKUnhdqKFJIotiphBDvXkHB3kRUco4ZR9+uZ2d9Jovlp9ksTfNjmnn11RbGkvxM3uFoSP7scEQmVVs6kid0RGZg3dKYkuSEUabGlI2pXiUi51kuxIvUKuWMjanKKSWXEamhMaWbgEM1gubRMobMUykD2Z7shzUN4j4UT+UxVM14EqhbcGZfNSeE9ZLnphFcqZUUgXu8mTkFB4iMxGE9cypQz1DXPfBD8VQd03GqpUL+tpvu2O6CZ7KYTjOe0j6zbzBWh/mQpZQHOsru80QjuojBK61Q4KCu38pd1bX5pgyzOZMcBWMObvvdWcGHEvYuplemMjS8xXJqdtAWbgENHI0zzRqKtrfp//zi60atuxCJDnVn1f71YF13vkgcxk7SqxbutDaNPVTlCjaF6dykczBoGkpRgSJ0hPKwMxbH3kthHlHZZJyi8Cz+UmivbT55b+/6sPSnCgdp21nW69fA94r2aFBU+y7xpgyKpdRcensvv63CFot8BgAA
	Logging: 2026-02-09T20:38:44.5991947Z	2026-02-09T14:38:44.5991947-06:00	Info	MetricsData	Track_HashTables	WebHost.ps1	ProcessLogQueue		Webhost	MainLoop	1	{"prefixesToTry":{"Name":"prefixesToTry","Count":2,"LastSeen":"2026-02-09T14:38:44.5986231-06:00"},"dbRoles":{"Name":"dbRoles","Count":15,"LastSeen":"2026-02-09T14:38:44.5982948-06:00"},"args":{"Name":"args","Count":0,"LastSeen":"2026-02-09T14:38:44.5981656-06:00"},"systemUsers":{"Name":"systemUsers","Count":2,"LastSeen":"2026-02-09T14:38:44.5987947-06:00"},"fileInfo":{"Name":"fileInfo","Count":2,"LastSeen":"2026-02-09T14:38:44.5983601-06:00"},"configRoles":{"Name":"configRoles","Count":6,"LastSeen":"2026-02-09T14:38:44.5982395-06:00"},"ModulePathEnv":{"Name":"ModulePathEnv","Count":19,"LastSeen":"2026-02-09T14:38:44.5985447-06:00"}}
	Logging: 2026-02-09T20:39:30.0502428Z	2026-02-09T14:39:30.0502428-06:00	Verbose	EventViewer	Event\ log\ request:\ 485\ events\ returned	apps\WebhostRealtimeEvents\routes\api\v1\logs\get.ps1	get.ps1		6ec71a85-fb79-4ebc-aa1d-587c7f8b403c		1	{"ResultCount":485,"Filters":{"categories":null,"userID":null,"severities":null,"source":null,"activityName":null,"filter":null,"runspaceID":null,"sessionID":null},"TimeRange":15}
	Logging: 2026-02-09T20:39:30.0515151Z	2026-02-09T14:39:30.0515151-06:00	Debug	GlobalCache	Updated\ cache:\ 3\ jobs,\ 0\ runspaces,\ 0\ tasks\ \(0\.2059ms\)	WebHost.ps1::Update-GlobalCache	Update-GlobalCache				1	
	Logging: 2026-02-09T20:39:30.0534888Z	2026-02-09T14:39:30.0534888-06:00	Info	MetricsData	Track_HashTables	WebHost.ps1	ProcessLogQueue		Webhost	MainLoop	1	H4sIAAAAAAAACpWUQW/CMAyF/0vOMLlJmza9wmGTYEKCsbPpAkMqbdWkkxDiv0+wkTqMSemxL9Xn5NnPJ7ZYvuvNUrdfup3XH12pDctP7BUPmuWPDkdsUneVZXkEIzZDY5daVyxnHLgcAx+DWkVxLlQu4AkSrqJMjUHmAOw8Yg22urITtKRGrzl0EkJOQUJPNkfzZnRLuDfFUUUAVUSgop5aoNW7uj0SrJMcNw25LZcZ4R6uZk7RIiETcdCduRSx6NnYNHfgm+KoKoQKinbOdBu/bb+CY/IQd0FI4sIP4t5gqg7rHaRAfCCz+3iiCT0OMSTLJDEEm+al2ta+zVdlmM1RInhPnaMtPr0I3pQ+dyHURGUJtWKqt9iVdoEtHrTV7RrL7i7p//zi6gbFPU1F3Ned1bvnvbF+f4k4jB2r2HvTWrdmX1cr3JTae4l3MKwbWRzRmGK132pDx95JfT+CMppIkH9m01yu+WDf/urDtoBKgOzDwgvr5WvgvoKYDHuBFst65xOvyrCx5CJ143H+BhbavQl8BgAA
	Logging: 2026-02-09T20:39:30.0551702Z	2026-02-09T14:39:30.0551702-06:00	Info	MetricsData	Track_HashTables	WebHost.ps1	ProcessLogQueue		Webhost	MainLoop	1	{"prefixesToTry":{"Name":"prefixesToTry","Count":2,"LastSeen":"2026-02-09T14:39:30.0547434-06:00"},"dbRoles":{"Name":"dbRoles","Count":15,"LastSeen":"2026-02-09T14:39:30.0544231-06:00"},"args":{"Name":"args","Count":0,"LastSeen":"2026-02-09T14:39:30.0542925-06:00"},"systemUsers":{"Name":"systemUsers","Count":2,"LastSeen":"2026-02-09T14:39:30.0549058-06:00"},"fileInfo":{"Name":"fileInfo","Count":2,"LastSeen":"2026-02-09T14:39:30.0544880-06:00"},"configRoles":{"Name":"configRoles","Count":6,"LastSeen":"2026-02-09T14:39:30.0543694-06:00"},"ModulePathEnv":{"Name":"ModulePathEnv","Count":19,"LastSeen":"2026-02-09T14:39:30.0546689-06:00"}}
	Logging: 2026-02-09T20:39:45.1933458Z	2026-02-09T14:39:45.1933458-06:00	Verbose	EventViewer	Event\ log\ request:\ 488\ events\ returned	apps\WebhostRealtimeEvents\routes\api\v1\logs\get.ps1	get.ps1		6ec71a85-fb79-4ebc-aa1d-587c7f8b403c		1	{"ResultCount":488,"Filters":{"categories":null,"userID":null,"severities":null,"source":null,"activityName":null,"filter":null,"runspaceID":null,"sessionID":null},"TimeRange":15}
	Logging: 2026-02-09T20:39:45.1957795Z	2026-02-09T14:39:45.1957795-06:00	Info	MetricsData	Track_HashTables	WebHost.ps1	ProcessLogQueue		Webhost	MainLoop	1	H4sIAAAAAAAACpWUS2/CMBCE/4vPUDm283CucGglqCKF0vOSGoqUl2KnEkL89woKziaikn3MJPq82ZnxmWT5p9rlqvtR3br56kulSXom71Apkj57OSOLpq8NSQM6IyvQJleqJilhlEVzyuZUbgKRcpmK8CWQYZDEbE6jlFJymZEWOlWbBRh0xqBZdOhAFjJM6EDWJ/2hVYe4D8VSucu8POZ8oBZg1KHpTghrJcuNXaYVCRUDt7otcwkGEBmJXjOLJOFyYEPbTsAPxVKlC5WxKEH77Xdj2+6CZTKX7TIZxVPmdMFY9fSOM+Qdyu7zRCO6cIpyGCI8tO1bvW/Ga74pfmvmQkQDdQ2m+B5V8KEMvXOKhIhRObJ8qfbQlyaDDiplVLeFsp80/Z9P7LlOdaeCo9CsmsPrUZuxv0j0YouYhyg8Wb5VnT429QZ2pRr9yeiFlxthQCWav4L6uFcax95Kgx9uHaU4+dlfCvV1zCf37V33Sz9jFFlejMp6ffK8rwKB5i3AQNkcxsSb4hdLIaSt0OUX0DJW0HwGAAA=
	Logging: 2026-02-09T20:39:45.1976787Z	2026-02-09T14:39:45.1976787-06:00	Info	MetricsData	Track_HashTables	WebHost.ps1	ProcessLogQueue		Webhost	MainLoop	1	{"prefixesToTry":{"Name":"prefixesToTry","Count":2,"LastSeen":"2026-02-09T14:39:45.1971273-06:00"},"dbRoles":{"Name":"dbRoles","Count":15,"LastSeen":"2026-02-09T14:39:45.1967697-06:00"},"ModulePathEnv":{"Name":"ModulePathEnv","Count":19,"LastSeen":"2026-02-09T14:39:45.1970495-06:00"},"args":{"Name":"args","Count":0,"LastSeen":"2026-02-09T14:39:45.1966391-06:00"},"systemUsers":{"Name":"systemUsers","Count":2,"LastSeen":"2026-02-09T14:39:45.1972957-06:00"},"fileInfo":{"Name":"fileInfo","Count":2,"LastSeen":"2026-02-09T14:39:45.1968339-06:00"},"logEntries":{"Name":"logEntries","Count":4,"LastSeen":"2026-02-09T14:39:45.1969568-06:00"},"configRoles":{"Name":"configRoles","Count":6,"LastSeen":"2026-02-09T14:39:45.1967146-06:00"}}
	Logging: 2026-02-09T20:40:15.5840032Z	2026-02-09T14:40:15.5840032-06:00	Verbose	EventViewer	Event\ log\ request:\ 490\ events\ returned	apps\WebhostRealtimeEvents\routes\api\v1\logs\get.ps1	get.ps1		6ec71a85-fb79-4ebc-aa1d-587c7f8b403c		1	{"ResultCount":490,"Filters":{"categories":null,"userID":null,"severities":null,"source":null,"activityName":null,"filter":null,"runspaceID":null,"sessionID":null},"TimeRange":15}
	Logging: 2026-02-09T20:40:15.5863814Z	2026-02-09T14:40:15.5863814-06:00	Info	MetricsData	Track_HashTables	WebHost.ps1	ProcessLogQueue		Webhost	MainLoop	1	H4sIAAAAAAAACpWUX2vCMBTFv0ueddw2Tdv0VR820FGoc8/RRSf0jyTpQMTvPnSa3hQHyWNPyy+3556TMymrT7mppPqRatl99bXUpDiTd9FIUjx7OSGzrm8NKSKYkIXQppKyJQWJIU6nEE+Br6KkSKCI2AvLWU5pNoW0ACCXCTkKJVszEwadMWgWzXzILGXRQNYn/aGlQtyHYqnUg5pCROlA3Qoj9506IayVLDfzmRayCHGbm5lzYQQiIzFoZpYARx6L43EEfiiWyj2oCYc4Rv72G3dtd8EyY59JOeXpmDk2GKthPvCMIjrK7vNEI3riFWUA5tj81u461+abEmgzy9HQS2G2304FH8rQO59ZaUY5tmIud6KvTSmUaKSRai3qftT0fz6x53rVPc0Yivmi278etHH3i8QwdpxRFMiyWkulD127EptaOn/ivAjaBssYoCo1oj3spMaxt9KwD69sUspQeMq/FOrrmE/u27selv48xSdsnbJenwLvK8hdmqi7vUu8KWGxhGSo0OUXlIW9x3wGAAA=
	Logging: 2026-02-09T20:40:15.5883509Z	2026-02-09T14:40:15.5883509-06:00	Info	MetricsData	Track_HashTables	WebHost.ps1	ProcessLogQueue		Webhost	MainLoop	1	{"prefixesToTry":{"Name":"prefixesToTry","Count":2,"LastSeen":"2026-02-09T14:40:15.5876433-06:00"},"dbRoles":{"Name":"dbRoles","Count":15,"LastSeen":"2026-02-09T14:40:15.5873199-06:00"},"args":{"Name":"args","Count":0,"LastSeen":"2026-02-09T14:40:15.5871862-06:00"},"systemUsers":{"Name":"systemUsers","Count":2,"LastSeen":"2026-02-09T14:40:15.5878058-06:00"},"fileInfo":{"Name":"fileInfo","Count":2,"LastSeen":"2026-02-09T14:40:15.5873846-06:00"},"configRoles":{"Name":"configRoles","Count":6,"LastSeen":"2026-02-09T14:40:15.5872658-06:00"},"ModulePathEnv":{"Name":"ModulePathEnv","Count":19,"LastSeen":"2026-02-09T14:40:15.5875691-06:00"}}
	Logging: 2026-02-09T20:40:45.7189460Z	2026-02-09T14:40:45.7189460-06:00	Verbose	EventViewer	Event\ log\ request:\ 490\ events\ returned	apps\WebhostRealtimeEvents\routes\api\v1\logs\get.ps1	get.ps1		6ec71a85-fb79-4ebc-aa1d-587c7f8b403c		1	{"ResultCount":490,"Filters":{"categories":null,"userID":null,"severities":null,"source":null,"activityName":null,"filter":null,"runspaceID":null,"sessionID":null},"TimeRange":15}
	Logging: 2026-02-09T20:40:45.7214216Z	2026-02-09T14:40:45.7214216-06:00	Info	MetricsData	Track_HashTables	WebHost.ps1	ProcessLogQueue		Webhost	MainLoop	1	H4sIAAAAAAAACpWUy27CMBBF/8VrqMbOw3G2sGglqJCgdD1QQ5FCEsVOJYT494pXMqZUsrfX1vH4zp05stn8U6/muvnRzbT6agttWH5k77jXLH92OGCjqi0tyzkM2ASNnWtdspwJEOkQxBDUgsd5DHmcvEgBigMfQpoDsNOA1djo0o7Qkjd6rUMnPmQJEPVkczAfRjeEe1c6auRB5aA4oa7R6m3VHAi2kzqu9KlWSJ703P3FzDFaJGQiBtUMqVCEjXX9AL4rHVX5UCFLqL/tym3bTeiYwstdnpA0XBGPBlM1sHcJTQTJ7vNEE3rsY0gmFSke6/qt3FSuzRclzGYeqaynTtGuv50RvCv93PlQkywjtc7mY73BtrAzbHCvrW6WWLQPk/7Ple5dr3GXqYz7dyfV9nVnrNtfIoaxY8kl/dNSN2ZXlQtcFdr5iXMQ1o0sigQZUyx3G21o7Dup74fXjCYRV3+yac5lPtm3Nz1sC6gYUmdzuUsrdF9BSoxYo8Wi2rrEixIWSxGftSv19As7fGnifAYAAA==
	Logging: 2026-02-09T20:40:45.7232953Z	2026-02-09T14:40:45.7232953-06:00	Info	MetricsData	Track_HashTables	WebHost.ps1	ProcessLogQueue		Webhost	MainLoop	1	{"prefixesToTry":{"Name":"prefixesToTry","Count":2,"LastSeen":"2026-02-09T14:40:45.7227691-06:00"},"dbRoles":{"Name":"dbRoles","Count":15,"LastSeen":"2026-02-09T14:40:45.7224457-06:00"},"args":{"Name":"args","Count":0,"LastSeen":"2026-02-09T14:40:45.7223148-06:00"},"systemUsers":{"Name":"systemUsers","Count":2,"LastSeen":"2026-02-09T14:40:45.7229294-06:00"},"fileInfo":{"Name":"fileInfo","Count":2,"LastSeen":"2026-02-09T14:40:45.7225094-06:00"},"configRoles":{"Name":"configRoles","Count":6,"LastSeen":"2026-02-09T14:40:45.7223918-06:00"},"ModulePathEnv":{"Name":"ModulePathEnv","Count":19,"LastSeen":"2026-02-09T14:40:45.7226919-06:00"}}
	Logging: 2026-02-09T20:41:00.7418875Z	2026-02-09T14:41:00.7418875-06:00	Info	MetricsData	Track_HashTables	WebHost.ps1	ProcessLogQueue		Webhost	MainLoop	1	H4sIAAAAAAAACpWUzW7CMBCE38VnqNaJ83uFQytBFSmUnhdqKFJIotiphBDvXpGCvUFUso8ZR5/Xs7N7ZkX5KTel7H5kt2y++koqlp/ZOx4ly58dTtis6WvNcg4TtkClSylrlrMAgngKwRSyFRe54DnASyK4ABFNIc4B2GXCWuxkrWeoyR1WM+jIhcyzKLRkdVIfSnaEe1cMNXShRqkILHWLWu6b7kSwRjLcxIELScS55R4HM+eokZCJ6FczD0Ri2di2D+C7YqiZS8WRgJj422/GbbsJhhk4ucuB9mxAPBpMVc/eiUhYOsnu80QTunDBh0lIise2fat3zdjmQfG0OUvBUpeot9+jEbwrdu5caoU0IZEoyrncYV/pAjs8Si27NVb9w6T/84u512ncg5h6tGj2rwelx/0lohcbsjTM6JvWslOHpl7hppKjl4wOvLrBwyBNyZhifdhJRWNvJNsPp2yCSMg0FX8pVNcyn+zbm+6XfhHGZMNsR8N6/fLbV7HIyN7eosaq2Y+Jg+IVS4hTbsJ++QV5XPjpfAYAAA==
	Logging: 2026-02-09T20:41:00.7441276Z	2026-02-09T14:41:00.7441276-06:00	Info	MetricsData	Track_HashTables	WebHost.ps1	ProcessLogQueue		Webhost	MainLoop	1	{"prefixesToTry":{"Name":"prefixesToTry","Count":2,"LastSeen":"2026-02-09T14:41:00.7435035-06:00"},"dbRoles":{"Name":"dbRoles","Count":15,"LastSeen":"2026-02-09T14:41:00.7430197-06:00"},"ModulePathEnv":{"Name":"ModulePathEnv","Count":19,"LastSeen":"2026-02-09T14:41:00.7433032-06:00"},"args":{"Name":"args","Count":0,"LastSeen":"2026-02-09T14:41:00.7428786-06:00"},"systemUsers":{"Name":"systemUsers","Count":2,"LastSeen":"2026-02-09T14:41:00.7437472-06:00"},"fileInfo":{"Name":"fileInfo","Count":2,"LastSeen":"2026-02-09T14:41:00.7430852-06:00"},"logEntries":{"Name":"logEntries","Count":3,"LastSeen":"2026-02-09T14:41:00.7432094-06:00"},"configRoles":{"Name":"configRoles","Count":6,"LastSeen":"2026-02-09T14:41:00.7429645-06:00"}}
	Logging: 2026-02-09T20:41:46.0114936Z	2026-02-09T14:41:46.0114936-06:00	Verbose	EventViewer	Event\ log\ request:\ 490\ events\ returned	apps\WebhostRealtimeEvents\routes\api\v1\logs\get.ps1	get.ps1		6ec71a85-fb79-4ebc-aa1d-587c7f8b403c		1	{"ResultCount":490,"Filters":{"categories":null,"userID":null,"severities":null,"source":null,"activityName":null,"filter":null,"runspaceID":null,"sessionID":null},"TimeRange":15}
	Logging: 2026-02-09T20:41:46.0126193Z	2026-02-09T14:41:46.0126193-06:00	Debug	GlobalCache	Updated\ cache:\ 3\ jobs,\ 0\ runspaces,\ 0\ tasks\ \(0\.2137ms\)	WebHost.ps1::Update-GlobalCache	Update-GlobalCache				1	
	Logging: 2026-02-09T20:41:46.0146874Z	2026-02-09T14:41:46.0146874-06:00	Info	MetricsData	Track_HashTables	WebHost.ps1	ProcessLogQueue		Webhost	MainLoop	1	H4sIAAAAAAAACpWUzW7CMBCE38VnqBzbiZNc4dBKUEUKpeclNRQpPyh2KiHEu1dQkqwjKtnHjKPP69nZvZAs/1S7XLU/ql03X12pNEkv5B0qRdJnhzOyaLrakDSgM7ICbXKlapISRlk0p2xOk00gUhGkInqhgQgiKeY0Sikl1xk5QatqswCD7hi1AR06kHnCblpP1mf9oVWLuL0yULlLvTxO5EgtwKhD054RdpAGrnSpVkQyHrnV3cwlGEBkJHrVzGMeJSMbTqcJuFcGauJCZQl2Qnc7u20PYWAyJ3cpo1Pm1GCsevYuxIlA2X2eaEQXTlHmjFs2v9X7xrb5rvjZzEMRjtQ1mOLbGsFeGefOhSpjiYzO8qXaQ1eaDFqolFHtFspuMun//DLc6zLuPEkCFJpVc3g9amP3F4l+7EhKq71b1epjU29gVyrrJdaBVzcEDSWqv4L6uFcax36Qxn44zajkeA9mfynUtzKf7NuH7pd+RmMUpMIa1tuX576iIQp7AQbK5mAT74pfLAUfY3n9Bd1Kco58BgAA
	Logging: 2026-02-09T20:41:46.0165028Z	2026-02-09T14:41:46.0165028-06:00	Info	MetricsData	Track_HashTables	WebHost.ps1	ProcessLogQueue		Webhost	MainLoop	1	{"prefixesToTry":{"Name":"prefixesToTry","Count":2,"LastSeen":"2026-02-09T14:41:46.0159994-06:00"},"dbRoles":{"Name":"dbRoles","Count":15,"LastSeen":"2026-02-09T14:41:46.0156762-06:00"},"args":{"Name":"args","Count":0,"LastSeen":"2026-02-09T14:41:46.0155432-06:00"},"systemUsers":{"Name":"systemUsers","Count":2,"LastSeen":"2026-02-09T14:41:46.0161590-06:00"},"fileInfo":{"Name":"fileInfo","Count":2,"LastSeen":"2026-02-09T14:41:46.0157411-06:00"},"configRoles":{"Name":"configRoles","Count":6,"LastSeen":"2026-02-09T14:41:46.0156224-06:00"},"ModulePathEnv":{"Name":"ModulePathEnv","Count":19,"LastSeen":"2026-02-09T14:41:46.0159247-06:00"}}
	Logging: 2026-02-09T20:42:01.0414216Z	2026-02-09T14:42:01.0414216-06:00	Verbose	EventViewer	Event\ log\ request:\ 494\ events\ returned	apps\WebhostRealtimeEvents\routes\api\v1\logs\get.ps1	get.ps1		6ec71a85-fb79-4ebc-aa1d-587c7f8b403c		1	{"ResultCount":494,"Filters":{"categories":null,"userID":null,"severities":null,"source":null,"activityName":null,"filter":null,"runspaceID":null,"sessionID":null},"TimeRange":15}
	Logging: 2026-02-09T20:42:01.0439715Z	2026-02-09T14:42:01.0439715-06:00	Info	MetricsData	Track_HashTables	WebHost.ps1	ProcessLogQueue		Webhost	MainLoop	1	H4sIAAAAAAAACpWUW2sCMRCF/0uetUyu6+6rPrSgRdDa52ijFdZdSbIFEf970Woui4Xk9SR8mZw5M2c0X3yq9ULpH6Vn7VdXK4OqM3qXB4WqZ4cDNG67xqIKwwBNpbELpRpUIQJEDIEMoVxiVjFSAX4BRhlhdAiiAkCXATpKrRo7ljZ4w2sOzVPIBFPsyeZkPozSAfehOCpNoQpghadupFW7Vp8CrJMct0jgkoKW3HMPNzMn0sqAHIh5NWMGpWfL47EHfiiOWqZUzEnohOnWcdvugmOSlEo5hVGf2Tc4VPN84IIHiQiy+zzRAZ2l4GlJIbL5rdm2sc03Jc9mAZh46kzazXc0gg/Fz11SJCC2YqK2sqvtXGp5UFbplay73qT/c8W9mzTuZISFf3fa7l73xsb9DcQsNinLq+z/tFLa7NtmKde1in4SHWR1g1JWBD0+yGa/VSaMvZN8P5KyCYIH8z//S6G5lvlk3971vPQzzuPNFS+tzH0lCohpsm53MfGmZMWSFODtvfwC69cfqnwGAAA=
	Logging: 2026-02-09T20:42:01.0460434Z	2026-02-09T14:42:01.0460434-06:00	Info	MetricsData	Track_HashTables	WebHost.ps1	ProcessLogQueue		Webhost	MainLoop	1	{"prefixesToTry":{"Name":"prefixesToTry","Count":2,"LastSeen":"2026-02-09T14:42:01.0453717-06:00"},"dbRoles":{"Name":"dbRoles","Count":15,"LastSeen":"2026-02-09T14:42:01.0450170-06:00"},"ModulePathEnv":{"Name":"ModulePathEnv","Count":19,"LastSeen":"2026-02-09T14:42:01.0452993-06:00"},"args":{"Name":"args","Count":0,"LastSeen":"2026-02-09T14:42:01.0448377-06:00"},"systemUsers":{"Name":"systemUsers","Count":2,"LastSeen":"2026-02-09T14:42:01.0456044-06:00"},"fileInfo":{"Name":"fileInfo","Count":2,"LastSeen":"2026-02-09T14:42:01.0450823-06:00"},"logEntries":{"Name":"logEntries","Count":4,"LastSeen":"2026-02-09T14:42:01.0452094-06:00"},"configRoles":{"Name":"configRoles","Count":6,"LastSeen":"2026-02-09T14:42:01.0449556-06:00"}}
	Logging: 2026-02-09T20:42:46.7538143Z	2026-02-09T14:42:46.7538143-06:00	Verbose	EventViewer	Event\ log\ request:\ 494\ events\ returned	apps\WebhostRealtimeEvents\routes\api\v1\logs\get.ps1	get.ps1		6ec71a85-fb79-4ebc-aa1d-587c7f8b403c		1	{"ResultCount":494,"Filters":{"categories":null,"userID":null,"severities":null,"source":null,"activityName":null,"filter":null,"runspaceID":null,"sessionID":null},"TimeRange":15}
	Logging: 2026-02-09T20:42:46.7555880Z	2026-02-09T14:42:46.7555880-06:00	Debug	GlobalCache	Updated\ cache:\ 3\ jobs,\ 0\ runspaces,\ 0\ tasks\ \(0\.196ms\)	WebHost.ps1::Update-GlobalCache	Update-GlobalCache				1	
	Logging: 2026-02-09T20:42:46.7581314Z	2026-02-09T14:42:46.7581314-06:00	Info	MetricsData	Track_HashTables	WebHost.ps1	ProcessLogQueue		Webhost	MainLoop	1	H4sIAAAAAAAACpWVT28CIRDFvwtnbVhgwd2rHtpEGxOtPY8Wrcn+McA2Mcbv3miVHYxN4PrY/Jh9b2Y4kfniU68X2vxoM2u/ukpbUp7IO9SalM8OB2Tcdo0jZUYHZArWLbRuSEkYZXJI2ZAWy0yUgpVCvqhc5VTSIZUlpeQ8IAcwunFjcOiOXvPoPIbMhGA92R7th9UGce+Kp/IYqspwvRtweteaI8J6yXNVBFeOuFQ9t76aOQEHiIzEtJozlSM2HA4P4LviqUVMxVJlI+Rvtw5juwmeyWIqlRy7+4d4NBiraT5IhT1Gvfu8oxFdxOCF4kVg81uzbUObr0qazYrh8GbgNt/BCN6Vfu6iWoIXAlsx0VvoKjcHA7V22qyg6h4m/Z9P/L1R485pgYZy2u5e99aF+SIxjU15EcS70sbu22YJ60oHfxIcJKWhRCZQxjU0+622uO291OcRN6OUBoF8XrrQXsp8sm9velr351yFmytcWon7SilsxAYcVO0uJF6VpLaUI/QanH8BI1KF5HwGAAA=
	Logging: 2026-02-09T20:42:46.7745728Z	2026-02-09T14:42:46.7745728-06:00	Info	MetricsData	Track_HashTables	WebHost.ps1	ProcessLogQueue		Webhost	MainLoop	1	{"prefixesToTry":{"Name":"prefixesToTry","Count":2,"LastSeen":"2026-02-09T14:42:46.7594281-06:00"},"dbRoles":{"Name":"dbRoles","Count":15,"LastSeen":"2026-02-09T14:42:46.7591049-06:00"},"args":{"Name":"args","Count":0,"LastSeen":"2026-02-09T14:42:46.7589650-06:00"},"systemUsers":{"Name":"systemUsers","Count":2,"LastSeen":"2026-02-09T14:42:46.7740112-06:00"},"fileInfo":{"Name":"fileInfo","Count":2,"LastSeen":"2026-02-09T14:42:46.7591709-06:00"},"configRoles":{"Name":"configRoles","Count":6,"LastSeen":"2026-02-09T14:42:46.7590374-06:00"},"ModulePathEnv":{"Name":"ModulePathEnv","Count":19,"LastSeen":"2026-02-09T14:42:46.7593520-06:00"}}
	Logging: 2026-02-09T20:43:01.7630985Z	2026-02-09T14:43:01.7630985-06:00	Verbose	EventViewer	Event\ log\ request:\ 498\ events\ returned	apps\WebhostRealtimeEvents\routes\api\v1\logs\get.ps1	get.ps1		6ec71a85-fb79-4ebc-aa1d-587c7f8b403c		1	{"ResultCount":498,"Filters":{"categories":null,"userID":null,"severities":null,"source":null,"activityName":null,"filter":null,"runspaceID":null,"sessionID":null},"TimeRange":15}
	Logging: 2026-02-09T20:43:01.7656964Z	2026-02-09T14:43:01.7656964-06:00	Info	MetricsData	Track_HashTables	WebHost.ps1	ProcessLogQueue		Webhost	MainLoop	1	H4sIAAAAAAAACpWUQW/CMAyF/0vOMLlNmja9wmGTYEKCsbNhgSGVtmrSSQjx3ycYNE7FpPT6En1xnp99Zovlp94sdfOjm3n11RbasPzM3vGoWf7scMQmVVtalkcwYjM0dql1yXIWQyzHEI9BrSKRC55D9JLKBEDFY5A5ALuMWI2NLu0ELXnDaR06CSCLDCLpyOZkPoxuCPehdFQeUm+UZuCoW7R6XzUngu2kjpuGVCsiINzjzcwpWiRkIg6qWaRcZI6Ndd0DP5SOqkKoUZYK4m+78dt2FzpmHOQuKN5n9g2m6sDeCUgcnWT3eaIJXYQYolJBDMG6fit3lW/zTRlmc8wVCcYc7fbbG8GH4uYuKBJw1ZwVU73DtrALbPCorW7WWLS9Sf/nSvduyLiLTCakBbNq/3ow1u8vEYexJUjvT2vdmENVrnBTaO8n3sGwbqg4U2RMsTzstKGx7yTXj6AZlZIT8OIvheZa5pN9e9eHpR94lnqby19aA/cV54o0cosWi2rvE2/KsFjy1M3/5ReT+4jVfAYAAA==
	Logging: 2026-02-09T20:43:01.7680651Z	2026-02-09T14:43:01.7680651-06:00	Info	MetricsData	Track_HashTables	WebHost.ps1	ProcessLogQueue		Webhost	MainLoop	1	{"prefixesToTry":{"Name":"prefixesToTry","Count":2,"LastSeen":"2026-02-09T14:43:01.7670649-06:00"},"dbRoles":{"Name":"dbRoles","Count":15,"LastSeen":"2026-02-09T14:43:01.7666769-06:00"},"ModulePathEnv":{"Name":"ModulePathEnv","Count":19,"LastSeen":"2026-02-09T14:43:01.7669939-06:00"},"args":{"Name":"args","Count":0,"LastSeen":"2026-02-09T14:43:01.7665512-06:00"},"systemUsers":{"Name":"systemUsers","Count":2,"LastSeen":"2026-02-09T14:43:01.7672221-06:00"},"fileInfo":{"Name":"fileInfo","Count":2,"LastSeen":"2026-02-09T14:43:01.7667380-06:00"},"logEntries":{"Name":"logEntries","Count":4,"LastSeen":"2026-02-09T14:43:01.7668996-06:00"},"configRoles":{"Name":"configRoles","Count":6,"LastSeen":"2026-02-09T14:43:01.7666258-06:00"}}
	Logging: 2026-02-09T20:43:46.8534021Z	2026-02-09T14:43:46.8534021-06:00	Verbose	EventViewer	Event\ log\ request:\ 498\ events\ returned	apps\WebhostRealtimeEvents\routes\api\v1\logs\get.ps1	get.ps1		6ec71a85-fb79-4ebc-aa1d-587c7f8b403c		1	{"ResultCount":498,"Filters":{"categories":null,"userID":null,"severities":null,"source":null,"activityName":null,"filter":null,"runspaceID":null,"sessionID":null},"TimeRange":15}
	Logging: 2026-02-09T20:43:46.8546288Z	2026-02-09T14:43:46.8546288-06:00	Debug	GlobalCache	Updated\ cache:\ 3\ jobs,\ 0\ runspaces,\ 0\ tasks\ \(0\.2292ms\)	WebHost.ps1::Update-GlobalCache	Update-GlobalCache				1	
	Logging: 2026-02-09T20:43:46.8565435Z	2026-02-09T14:43:46.8565435-06:00	Info	MetricsData	Track_HashTables	WebHost.ps1	ProcessLogQueue		Webhost	MainLoop	1	H4sIAAAAAAAACpWUT4vCMBDFv0vOuiRt0qa96mEXdBHq6nnsRlfoP5J0QcTvvii2nRQX0mNfyi+TN2/mSjbZXh0ypX+VXtffbaEMSa/kE0pF0leHM7Ko28qSlNEZWYGxmVIVSUlAg2hOgzlNtoynPEx59CZFRJlkcxqllJLbjDSgVWUXYNEdg9ajhQdZxEIGA9lczJdRGnE7paeGPvUymYiBmoNVp1pfELaXem7sU20oYlRt+TBzCRYQGYmTahZRQuOBDU0zAndKT018qAENEdW0B7dtT6FnBl7usjgaM8cGY3Vi77iUAx1l93WiEZ37GJLIGOGhaT6qY+3a/FAm2iwYH6hrsPmPM4KdMsydVyRETLEVS3WEtrAb0FAqq/QOinY06f/80t/rM+5CxgyFZlWf3s/Guv1F4jS2iHDMN9lOaXOuqy0cCuW8xDmY1o2Eh2hdlVCdj8rg2PfS0A+/GWVuQ/b3FJp7mS/27VOfln7KcTxzZ1jvX9P2VZBIFMscLBT1ySU+lGmxDAMZdtTbHxyF7UV8BgAA
	Logging: 2026-02-09T20:43:46.8758280Z	2026-02-09T14:43:46.8758280-06:00	Info	MetricsData	Track_HashTables	WebHost.ps1	ProcessLogQueue		Webhost	MainLoop	1	{"prefixesToTry":{"Name":"prefixesToTry","Count":2,"LastSeen":"2026-02-09T14:43:46.8750686-06:00"},"dbRoles":{"Name":"dbRoles","Count":15,"LastSeen":"2026-02-09T14:43:46.8584813-06:00"},"args":{"Name":"args","Count":0,"LastSeen":"2026-02-09T14:43:46.8583426-06:00"},"systemUsers":{"Name":"systemUsers","Count":2,"LastSeen":"2026-02-09T14:43:46.8752321-06:00"},"fileInfo":{"Name":"fileInfo","Count":2,"LastSeen":"2026-02-09T14:43:46.8747082-06:00"},"configRoles":{"Name":"configRoles","Count":6,"LastSeen":"2026-02-09T14:43:46.8584268-06:00"},"ModulePathEnv":{"Name":"ModulePathEnv","Count":19,"LastSeen":"2026-02-09T14:43:46.8749834-06:00"}}
	Logging: 2026-02-09T20:44:01.8547246Z	2026-02-09T14:44:01.8547246-06:00	Verbose	EventViewer	Event\ log\ request:\ 502\ events\ returned	apps\WebhostRealtimeEvents\routes\api\v1\logs\get.ps1	get.ps1		6ec71a85-fb79-4ebc-aa1d-587c7f8b403c		1	{"ResultCount":502,"Filters":{"categories":null,"userID":null,"severities":null,"source":null,"activityName":null,"filter":null,"runspaceID":null,"sessionID":null},"TimeRange":15}
	Logging: 2026-02-09T20:44:01.8588726Z	2026-02-09T14:44:01.8588726-06:00	Info	MetricsData	Track_HashTables	WebHost.ps1	ProcessLogQueue		Webhost	MainLoop	1	H4sIAAAAAAAACpWUX2/CIBTFvwvPukALBfqqD1uii0mde0aHzqR/DNAlxvjdF53Si3EJPPa0+XF77jmc0KL61OtKmx9t5t1XX2uLyhN6V41G5bOXIzTp+tahkuARminrKq1bVKIMZ8UYZ2Msl4SWlJaYvAgmcJ6zMS5KjNF5hA7K6NZNlANnDJpHswgy54QXA9ke7YfVBnDviqfmMfNmUvKBulFO7zpzBFgveS6PmRZLQgZuczVzqpwCZCAmzcwLkomBrQ6HB/Bd8VQZQS04LiTwt1+Ha7sJnpnFuEsEBWn4QzwaDNXE3eUS+ACy+zzRgE5jbJaChTa/tdsutPmqpNksCAPBmCu3+Q4qeFeG3sXMypjIoBVTvVV97RbKqEY7bVaq7h+a/s8n/tyYunNBYH1m3e51b124XyCmsSmhgL2oVtrYfdcu1brWwZ8EL5K2wSWRIKCNavdbbWHsvTTsI6qjDNNgIZ+XFNrLmE/u25ueln7MJThhE5T18pR0XxWSCBzQVN3tQuJVSYslxsLbe/4F2e5203wGAAA=
	Logging: 2026-02-09T20:44:01.8782806Z	2026-02-09T14:44:01.8782806-06:00	Info	MetricsData	Track_HashTables	WebHost.ps1	ProcessLogQueue		Webhost	MainLoop	1	{"prefixesToTry":{"Name":"prefixesToTry","Count":2,"LastSeen":"2026-02-09T14:44:01.8776876-06:00"},"dbRoles":{"Name":"dbRoles","Count":15,"LastSeen":"2026-02-09T14:44:01.8772814-06:00"},"ModulePathEnv":{"Name":"ModulePathEnv","Count":19,"LastSeen":"2026-02-09T14:44:01.8776053-06:00"},"args":{"Name":"args","Count":0,"LastSeen":"2026-02-09T14:44:01.8601382-06:00"},"systemUsers":{"Name":"systemUsers","Count":2,"LastSeen":"2026-02-09T14:44:01.8778595-06:00"},"fileInfo":{"Name":"fileInfo","Count":2,"LastSeen":"2026-02-09T14:44:01.8773523-06:00"},"logEntries":{"Name":"logEntries","Count":4,"LastSeen":"2026-02-09T14:44:01.8775032-06:00"},"configRoles":{"Name":"configRoles","Count":6,"LastSeen":"2026-02-09T14:44:01.8771803-06:00"}}
	Logging: 2026-02-09T20:44:47.2608910Z	2026-02-09T14:44:47.2608910-06:00	Verbose	EventViewer	Event\ log\ request:\ 502\ events\ returned	apps\WebhostRealtimeEvents\routes\api\v1\logs\get.ps1	get.ps1		6ec71a85-fb79-4ebc-aa1d-587c7f8b403c		1	{"ResultCount":502,"Filters":{"categories":null,"userID":null,"severities":null,"source":null,"activityName":null,"filter":null,"runspaceID":null,"sessionID":null},"TimeRange":15}
	Logging: 2026-02-09T20:44:47.2630192Z	2026-02-09T14:44:47.2630192-06:00	Info	MetricsData	Track_HashTables	WebHost.ps1	ProcessLogQueue		Webhost	MainLoop	1	H4sIAAAAAAAACpWUS2/CMBCE/4vPUDmOH3GucGglqCKFtueFGooUEhQ7lRDiv1e8nDWiknPMJPq8mZ3xkRTll1mWpv017bz57ipjSX4k77AzJH/2ckQmTVc7kid0RGZgXWlMTXLCKJNjysZULxKec55z9cIkE4ylYypzSslpRPbQmtpNwKEzes2jRQyZpVnSk+3BfljTIu5d8dQ0hiq1znrqCpzZNO0BYb3kuSqCm2SJEj13dzFzCg4QGYnDZk6k1j0b9vsH8F3xVB0zsRRn2fvbLcO13QTPZFHuMoncvSIeDcbqwN0J7APK7vNEIzqPwfNMq8Dmt3rdhDZflGE2KyqRzXNwq5+ggnel711UJFKOqEU5NWvoKldACzvjTPsJVffQ9H8+8edG1T0VGp07azavW+vC/SJxGJuyLFjvp2nttqkXsKxM8CfBi0HbYJxTXFOot2tjcey91O8jKptUKxSe4ppCex7zyX1704elX4gU3bSroKznp2H3lRISzbsCB1WzCYkXZVAsE5Up3//TH2WV0nN8BgAA
	Logging: 2026-02-09T20:44:47.2773774Z	2026-02-09T14:44:47.2773774-06:00	Info	MetricsData	Track_HashTables	WebHost.ps1	ProcessLogQueue		Webhost	MainLoop	1	{"prefixesToTry":{"Name":"prefixesToTry","Count":2,"LastSeen":"2026-02-09T14:44:47.2759248-06:00"},"dbRoles":{"Name":"dbRoles","Count":15,"LastSeen":"2026-02-09T14:44:47.2756151-06:00"},"args":{"Name":"args","Count":0,"LastSeen":"2026-02-09T14:44:47.2754622-06:00"},"systemUsers":{"Name":"systemUsers","Count":2,"LastSeen":"2026-02-09T14:44:47.2760858-06:00"},"fileInfo":{"Name":"fileInfo","Count":2,"LastSeen":"2026-02-09T14:44:47.2756791-06:00"},"configRoles":{"Name":"configRoles","Count":6,"LastSeen":"2026-02-09T14:44:47.2755623-06:00"},"ModulePathEnv":{"Name":"ModulePathEnv","Count":19,"LastSeen":"2026-02-09T14:44:47.2758527-06:00"}}
	Logging: 2026-02-09T20:45:47.4099034Z	2026-02-09T14:45:47.4099034-06:00	Verbose	EventViewer	Event\ log\ request:\ 503\ events\ returned	apps\WebhostRealtimeEvents\routes\api\v1\logs\get.ps1	get.ps1		6ec71a85-fb79-4ebc-aa1d-587c7f8b403c		1	{"ResultCount":503,"Filters":{"categories":null,"userID":null,"severities":null,"source":null,"activityName":null,"filter":null,"runspaceID":null,"sessionID":null},"TimeRange":15}
	Logging: 2026-02-09T20:45:47.4277907Z	2026-02-09T14:45:47.4277907-06:00	Info	MetricsData	Track_HashTables	WebHost.ps1	ProcessLogQueue		Webhost	MainLoop	1	H4sIAAAAAAAACpWUzW7CMBCE38VnqGzHsZNc4dBKUEUKbc8LNRQpf4qdSgjx7hUInDWlanwdR99uZmf3SPLiQ68L3X3rbtl89qU2JDuSV6g0yR49Tsis6WtLMkYnZAHGFlrXJCOccjmlfErTFROZiDOhngRXnEZsSmVGKTlNSAudru0MLKoxaA4djyDLVMlkIJuDeTO6Q9yb4qjRmH4Fk3KgbsDqXdMdENZJjqv+5zKaMoq41cXMOVhAZCQG9SwTwfjAhra9A98UR03HdKyo52+/9sd2FRyTj3E3EkLcM+8NxmrY7CKVxAMdZfdxohFdjMEzqZAh0LYv9bbxbb4ogTZLjqhLsJsvbwVvyrB3I6iMswhR82Kut9CXNocOKm119w5lf7fpf3zi6o5adxoLVHfR7J73xvrzRWIImzHGFDolefGuO7Nv6hWsS+39ifcQMg2uGGcoQhXU+602OPZOGuYxIpvn3hX9lU1zbvPBvb3qYenncRp5l8s/WoH3KhH4Xm3AQtnsfOJFCYolTVTi4nH6AYKKD7x8BgAA
	Logging: 2026-02-09T20:45:47.4300674Z	2026-02-09T14:45:47.4300674-06:00	Info	MetricsData	Track_HashTables	WebHost.ps1	ProcessLogQueue		Webhost	MainLoop	1	{"prefixesToTry":{"Name":"prefixesToTry","Count":2,"LastSeen":"2026-02-09T14:45:47.4294941-06:00"},"dbRoles":{"Name":"dbRoles","Count":15,"LastSeen":"2026-02-09T14:45:47.4291382-06:00"},"args":{"Name":"args","Count":0,"LastSeen":"2026-02-09T14:45:47.4290013-06:00"},"systemUsers":{"Name":"systemUsers","Count":2,"LastSeen":"2026-02-09T14:45:47.4296584-06:00"},"fileInfo":{"Name":"fileInfo","Count":2,"LastSeen":"2026-02-09T14:45:47.4292031-06:00"},"configRoles":{"Name":"configRoles","Count":6,"LastSeen":"2026-02-09T14:45:47.4290833-06:00"},"ModulePathEnv":{"Name":"ModulePathEnv","Count":19,"LastSeen":"2026-02-09T14:45:47.4294115-06:00"}}
	Logging: 2026-02-09T20:46:17.4445944Z	2026-02-09T14:46:17.4445944-06:00	Verbose	EventViewer	Event\ log\ request:\ 506\ events\ returned	apps\WebhostRealtimeEvents\routes\api\v1\logs\get.ps1	get.ps1		6ec71a85-fb79-4ebc-aa1d-587c7f8b403c		1	{"ResultCount":506,"Filters":{"categories":null,"userID":null,"severities":null,"source":null,"activityName":null,"filter":null,"runspaceID":null,"sessionID":null},"TimeRange":15}
	Logging: 2026-02-09T20:46:17.4789069Z	2026-02-09T14:46:17.4789069-06:00	Info	MetricsData	Track_HashTables	WebHost.ps1	ProcessLogQueue		Webhost	MainLoop	1	H4sIAAAAAAAACpWUy27CMBBF/8VrqPyKnWQLi1aCKlIoXQ+toUh5KXYqIcS/V6WQjCMqOdtr63h8586cSZa/m11u2m/TruvPrjCWpGfyCqUh6aPDGVnUXeVIyuiMrMC63JiKpIRTruaUz2myYTKVKmX6SepYSM7nVKWUksuMNNCayi3AoTcGrUdHIWQmNCLbk32zpkXcu9JTRQg1YlE8UD/AmUPdnhC2l3quDuBqLZgeuOXVzCU4QGQkTquZKoVqhqYZge9KT01CKhYRT5C/3c5v203omTykUimFGjPHBmN1mg9Sx8gHlN3HiUZ0GRRlhqMMTfNS7Wvf5qsyzWZJEzFQ1+A+vrwRvCvD3AVFQrAIW7E0e+gKl0ELpXGm3ULRjSb9nyv9u0HjzqlAv1nVh+ejdX5/kTiJrRMRoUBm+da09lhXG9gVxvuJdzCpGzFXeKmUUB33xuLY99LQj5Bs6iSRaP6zvxTa3zIf7NubPi39QnPmbS5/aU3cVxFX0qNBUR984lWZFEut4mGnXH4AEmHAWnwGAAA=
	Logging: 2026-02-09T20:46:17.4807999Z	2026-02-09T14:46:17.4807999-06:00	Info	MetricsData	Track_HashTables	WebHost.ps1	ProcessLogQueue		Webhost	MainLoop	1	{"prefixesToTry":{"Name":"prefixesToTry","Count":2,"LastSeen":"2026-02-09T14:46:17.4802771-06:00"},"dbRoles":{"Name":"dbRoles","Count":15,"LastSeen":"2026-02-09T14:46:17.4799397-06:00"},"args":{"Name":"args","Count":0,"LastSeen":"2026-02-09T14:46:17.4798169-06:00"},"systemUsers":{"Name":"systemUsers","Count":2,"LastSeen":"2026-02-09T14:46:17.4804363-06:00"},"fileInfo":{"Name":"fileInfo","Count":2,"LastSeen":"2026-02-09T14:46:17.4800005-06:00"},"configRoles":{"Name":"configRoles","Count":6,"LastSeen":"2026-02-09T14:46:17.4798893-06:00"},"ModulePathEnv":{"Name":"ModulePathEnv","Count":19,"LastSeen":"2026-02-09T14:46:17.4801983-06:00"}}
	Logging: 2026-02-09T20:46:47.5849885Z	2026-02-09T14:46:47.5849885-06:00	Verbose	EventViewer	Event\ log\ request:\ 505\ events\ returned	apps\WebhostRealtimeEvents\routes\api\v1\logs\get.ps1	get.ps1		6ec71a85-fb79-4ebc-aa1d-587c7f8b403c		1	{"ResultCount":505,"Filters":{"categories":null,"userID":null,"severities":null,"source":null,"activityName":null,"filter":null,"runspaceID":null,"sessionID":null},"TimeRange":15}
	Logging: 2026-02-09T20:46:47.6023827Z	2026-02-09T14:46:47.6023827-06:00	Debug	GlobalCache	Updated\ cache:\ 3\ jobs,\ 0\ runspaces,\ 0\ tasks\ \(0\.2201ms\)	WebHost.ps1::Update-GlobalCache	Update-GlobalCache				1	
	Logging: 2026-02-09T20:46:47.6047056Z	2026-02-09T14:46:47.6047056-06:00	Info	MetricsData	Track_HashTables	WebHost.ps1	ProcessLogQueue		Webhost	MainLoop	1	H4sIAAAAAAAACpWUUW+CMBSF/0ufdSltKZRXfdgSXUhw7vnKqjNBMLQsMcb/vui03BKXlEcO5Ovl3HN6JnnxqTeFbn90u2y+ukobkp3JOxw0yZ69nJBZ09WWZBGdkAUYW2hdk4wwyuSUsilVq0hkQmYieZFUUCHklMqMUnKZkCO0urYzsOiMXnPoOIDME6lYTzYn82F0i7gPxVF5yLyMcdpTS7B617QnhHWS4yYh0/JYiZ57uJk5BwuIjMRRM3OpFJoZjscB+KE4qgqhRmmCJjbdxl/bXXBMFuJuJJQaMocGY3Xc7qJUIDrK7vNEI7oIijKNuGfzW71tfJtvyjibmaBJT12CLb+9Cj6UvndBkZAMlSMv5noLXWVzaOGgrW7XUHWDpv/ziTs3pO485XHan7todq97Y/39InEcO5YcBTIv1ro1+6ZewabS3p94L8ZtQ9Gr5moK9X6rDY69k/p9hHWUcWRM/pdCcx3zyX1718elnyYxSn/plfX6NO6+YoqhsJdgoWp2PvGmjIslZ4kL++UXNIpEjHwGAAA=
	Logging: 2026-02-09T20:46:47.6066908Z	2026-02-09T14:46:47.6066908-06:00	Info	MetricsData	Track_HashTables	WebHost.ps1	ProcessLogQueue		Webhost	MainLoop	1	{"prefixesToTry":{"Name":"prefixesToTry","Count":2,"LastSeen":"2026-02-09T14:46:47.6060461-06:00"},"dbRoles":{"Name":"dbRoles","Count":15,"LastSeen":"2026-02-09T14:46:47.6057283-06:00"},"args":{"Name":"args","Count":0,"LastSeen":"2026-02-09T14:46:47.6056018-06:00"},"systemUsers":{"Name":"systemUsers","Count":2,"LastSeen":"2026-02-09T14:46:47.6062186-06:00"},"fileInfo":{"Name":"fileInfo","Count":2,"LastSeen":"2026-02-09T14:46:47.6057911-06:00"},"configRoles":{"Name":"configRoles","Count":6,"LastSeen":"2026-02-09T14:46:47.6056763-06:00"},"ModulePathEnv":{"Name":"ModulePathEnv","Count":19,"LastSeen":"2026-02-09T14:46:47.6059705-06:00"}}
	Logging: 2026-02-09T20:47:02.6054126Z	2026-02-09T14:47:02.6054126-06:00	Verbose	EventViewer	Event\ log\ request:\ 509\ events\ returned	apps\WebhostRealtimeEvents\routes\api\v1\logs\get.ps1	get.ps1		6ec71a85-fb79-4ebc-aa1d-587c7f8b403c		1	{"ResultCount":509,"Filters":{"categories":null,"userID":null,"severities":null,"source":null,"activityName":null,"filter":null,"runspaceID":null,"sessionID":null},"TimeRange":15}
	Logging: 2026-02-09T20:47:02.6288206Z	2026-02-09T14:47:02.6288206-06:00	Info	MetricsData	Track_HashTables	WebHost.ps1	ProcessLogQueue		Webhost	MainLoop	1	H4sIAAAAAAAACpWUQW/CMAyF/0vOMKVp0iS9wmGTYEIq286GBYZU2qpJJyHEf5+GIHU6JqXXl+qza7/nM1kVH2ZTmPbbtMv6syuNJfmZvMLRkPzR44TM6q5yJE/ohCzAusKYiuSEUZZNKZtSvU54zmVO2VPGVMK0ntIsp5RcJqSB1lRuBg7V6DWPFhFkqRlPe7I92TdrWsS9K56axvSbcsV76hac2dftCWG95LkypluRSNVzj9dhzsEBIiNxVM9SiUz2bGiaAfiueKqOoaapRlTbbcK13QTPZDHTZZmiQ+ZwwFgduTuKvYa8+9jRiM5j8FRnqHlompdqV4djviojx6wFMtwS3PYriOBd6XMXZQmWIuqqmJsddKVbQQtH40z7DmU3SPo/n/i6MXGXWmlUd1Hvnw/WhftF4ji2ZDiaq+LdtPZQV2vYlCb4k+Bh1DYUFUygmEJ12BmLbe+lfh9RGZUq++tN+9vmg3t708e5PxGaBZcrPFoj7xXnAvW7BQdlvQ+JV2WcLbmUvsfLDyksl3Z8BgAA
	Logging: 2026-02-09T20:47:02.6307286Z	2026-02-09T14:47:02.6307286-06:00	Info	MetricsData	Track_HashTables	WebHost.ps1	ProcessLogQueue		Webhost	MainLoop	1	{"prefixesToTry":{"Name":"prefixesToTry","Count":2,"LastSeen":"2026-02-09T14:47:02.6301616-06:00"},"dbRoles":{"Name":"dbRoles","Count":15,"LastSeen":"2026-02-09T14:47:02.6298326-06:00"},"ModulePathEnv":{"Name":"ModulePathEnv","Count":19,"LastSeen":"2026-02-09T14:47:02.6300916-06:00"},"args":{"Name":"args","Count":0,"LastSeen":"2026-02-09T14:47:02.6297063-06:00"},"systemUsers":{"Name":"systemUsers","Count":2,"LastSeen":"2026-02-09T14:47:02.6303189-06:00"},"fileInfo":{"Name":"fileInfo","Count":2,"LastSeen":"2026-02-09T14:47:02.6298926-06:00"},"logEntries":{"Name":"logEntries","Count":4,"LastSeen":"2026-02-09T14:47:02.6300059-06:00"},"configRoles":{"Name":"configRoles","Count":6,"LastSeen":"2026-02-09T14:47:02.6297822-06:00"}}
	Logging: 2026-02-09T20:47:47.6834243Z	2026-02-09T14:47:47.6834243-06:00	Verbose	EventViewer	Event\ log\ request:\ 512\ events\ returned	apps\WebhostRealtimeEvents\routes\api\v1\logs\get.ps1	get.ps1		6ec71a85-fb79-4ebc-aa1d-587c7f8b403c		1	{"ResultCount":512,"Filters":{"categories":null,"userID":null,"severities":null,"source":null,"activityName":null,"filter":null,"runspaceID":null,"sessionID":null},"TimeRange":15}
	Logging: 2026-02-09T20:47:47.6848255Z	2026-02-09T14:47:47.6848255-06:00	Debug	GlobalCache	Updated\ cache:\ 3\ jobs,\ 0\ runspaces,\ 0\ tasks\ \(0\.1961ms\)	WebHost.ps1::Update-GlobalCache	Update-GlobalCache				1	
	Logging: 2026-02-09T20:47:47.6869461Z	2026-02-09T14:47:47.6869461-06:00	Info	MetricsData	Track_HashTables	WebHost.ps1	ProcessLogQueue		Webhost	MainLoop	1	H4sIAAAAAAAACpWUX2vCMBTFv0uedaRtkjZ91YcNdBTq3PPVRSf0H0k6EPG7j7mZ3hQH6etJ+eX03HNzIUX5rnal0l9Kr9uPvlKG5BfyCrUi+aPDGVm0fWNJHtEZWYGxpVINyUlMYzGn8ZzKTcRyluYsfRKZYJymcypySsl1RjrQqrELsOiOQXNoHkKOKZUD2ZzNm1Eace+KoyYhVMFEMlD3YNWx1WeEdZLjpgFcnkoZD9z6FuYSLCAyEqd5jhJKBzZ03Qh8VxxVhjgWSZKhfPudP7Y/wTHjEKecp9GYOQ4Yq9Ny4JKjjFF3Hzca0VlQlaMEmYeue2kOrR/zTZkYc4YLtwa7//RW8K4MexfilUqGvBblUh2gr2wBGmplld5C1Y82/Z9P3L1B6x5Lhqq4ao/PJ2P9+SJxEptLmaGkinKrtDm1zQZ2lfL+xDuYNA2RCDyNGprTQRlceycN8wjqJvWaX/y20PzYfPDe/unT2s+ymHkvl/9oTX2vEoG2fw8WqvboE2/KpFryVGTiTr1+A5++wPh8BgAA
	Logging: 2026-02-09T20:47:47.6885010Z	2026-02-09T14:47:47.6885010-06:00	Info	MetricsData	Track_HashTables	WebHost.ps1	ProcessLogQueue		Webhost	MainLoop	1	{"prefixesToTry":{"Name":"prefixesToTry","Count":2,"LastSeen":"2026-02-09T14:47:47.6881808-06:00"},"dbRoles":{"Name":"dbRoles","Count":15,"LastSeen":"2026-02-09T14:47:47.6878752-06:00"},"args":{"Name":"args","Count":0,"LastSeen":"2026-02-09T14:47:47.6877542-06:00"},"systemUsers":{"Name":"systemUsers","Count":2,"LastSeen":"2026-02-09T14:47:47.6883368-06:00"},"fileInfo":{"Name":"fileInfo","Count":2,"LastSeen":"2026-02-09T14:47:47.6879353-06:00"},"configRoles":{"Name":"configRoles","Count":6,"LastSeen":"2026-02-09T14:47:47.6878249-06:00"},"ModulePathEnv":{"Name":"ModulePathEnv","Count":19,"LastSeen":"2026-02-09T14:47:47.6881087-06:00"}}
	Logging: 2026-02-09T20:48:02.7133748Z	2026-02-09T14:48:02.7133748-06:00	Verbose	EventViewer	Event\ log\ request:\ 516\ events\ returned	apps\WebhostRealtimeEvents\routes\api\v1\logs\get.ps1	get.ps1		6ec71a85-fb79-4ebc-aa1d-587c7f8b403c		1	{"ResultCount":516,"Filters":{"categories":null,"userID":null,"severities":null,"source":null,"activityName":null,"filter":null,"runspaceID":null,"sessionID":null},"TimeRange":15}
	Logging: 2026-02-09T20:48:02.7159349Z	2026-02-09T14:48:02.7159349-06:00	Info	MetricsData	Track_HashTables	WebHost.ps1	ProcessLogQueue		Webhost	MainLoop	1	H4sIAAAAAAAACpWUy27CMBBF/8VrqBzHjzhbWLQSVEjQdj1QQ5HyUuxUQoh/r4rAGadUcrbX0ZnJnTtzJqv1h9muTftt2mX92RXGkvxMXqE0JH/0OCGzuqscyRM6IQuwbm1MRXLCKJNTyqZUbxKe8yyn7EklItVSTKnMKSWXCWmgNZWbgUM1es2jRQw5kUz3ZHuyb9a0iHtXPDWNoQqp0p66A2cOdXtCWC95rorgcskV8qG8mjkHB4iMxHE9U8Zpz4amGYDviqfqmI55pjjyt9uGY7sJnsliOuVaqiFzaDBWR86OaURH2X2caETnUVGWFI0Qmual2tehzVdlnM0iVajpJbjdV7CCd6XfuxiqzrTEVszNHrrCraCF0jjTvkPRDTb9n0983ah1Z1yiuov68Hy0LpwvEkexeZalKOar9btp7bGuNrAtTPAnwcOoaYg0keiolFAd98bi2Hupn0dMNrkWLPuTTfvb5oN7e9PHpZ8zyYLLFR6tkfdKZBJt/w4cFPUhJF6VcbGUifLxuPwA3dO6F3wGAAA=
	Logging: 2026-02-09T20:48:02.7176909Z	2026-02-09T14:48:02.7176909-06:00	Info	MetricsData	Track_HashTables	WebHost.ps1	ProcessLogQueue		Webhost	MainLoop	1	{"prefixesToTry":{"Name":"prefixesToTry","Count":2,"LastSeen":"2026-02-09T14:48:02.7172739-06:00"},"dbRoles":{"Name":"dbRoles","Count":15,"LastSeen":"2026-02-09T14:48:02.7168870-06:00"},"ModulePathEnv":{"Name":"ModulePathEnv","Count":19,"LastSeen":"2026-02-09T14:48:02.7171781-06:00"},"args":{"Name":"args","Count":0,"LastSeen":"2026-02-09T14:48:02.7167670-06:00"},"systemUsers":{"Name":"systemUsers","Count":2,"LastSeen":"2026-02-09T14:48:02.7174413-06:00"},"fileInfo":{"Name":"fileInfo","Count":2,"LastSeen":"2026-02-09T14:48:02.7169483-06:00"},"logEntries":{"Name":"logEntries","Count":4,"LastSeen":"2026-02-09T14:48:02.7170656-06:00"},"configRoles":{"Name":"configRoles","Count":6,"LastSeen":"2026-02-09T14:48:02.7168379-06:00"}}
	Logging: 2026-02-09T20:48:48.0607222Z	2026-02-09T14:48:48.0607222-06:00	Verbose	EventViewer	Event\ log\ request:\ 516\ events\ returned	apps\WebhostRealtimeEvents\routes\api\v1\logs\get.ps1	get.ps1		6ec71a85-fb79-4ebc-aa1d-587c7f8b403c		1	{"ResultCount":516,"Filters":{"categories":null,"userID":null,"severities":null,"source":null,"activityName":null,"filter":null,"runspaceID":null,"sessionID":null},"TimeRange":15}
	Logging: 2026-02-09T20:48:48.0630913Z	2026-02-09T14:48:48.0630913-06:00	Info	MetricsData	Track_HashTables	WebHost.ps1	ProcessLogQueue		Webhost	MainLoop	1	H4sIAAAAAAAACpWUUW+CMBDHv0ufdWlLKYVXfdgSXUhw7vl01ZkgEFqWGON3XzTaHswl5ZEf5Nfj7n89k7z41JtCtz+6XdZfXakNyc7kHY6aZM9eTsis7ipLMkYnZAHGFlpXJCOccjmlfErTFROZUJlQL1TyWKV0SmVGKblMSAOtruwMLDrDM6eOQ8yRYsKbzcl8GN0i74M4axRiTaRIvHULVu/r9oS0DjlvEuBlSkXKe4+3Zs7BAjIjOK7miNHIu6FpBuIHcdY0pOKECYn62236Y7sD5+QhlcqU86Fz2GBMR86Ox7G3o+w+TzSyi6AoxwpFGZrmrdrV/TbfyMg2S5V66xLs9ru3gg/i9y6kVp7g4eXFXO+gK20OLRy11e0aym6w6f984s4NWnchcI8W9f71YGx/vgiOczPJUHjyYq1bc6irFWxK3fuT3otR0+Axu2K3plAddtrg2Dvk5xGUTR5J9ieb5lrmk/v2zselX7IU3QLb3rJen0beV5yi+2oLFsp63zfeyKhYMhVzZ738AiAc4Ct8BgAA
	Logging: 2026-02-09T20:48:48.0649315Z	2026-02-09T14:48:48.0649315-06:00	Info	MetricsData	Track_HashTables	WebHost.ps1	ProcessLogQueue		Webhost	MainLoop	1	{"prefixesToTry":{"Name":"prefixesToTry","Count":2,"LastSeen":"2026-02-09T14:48:48.0644204-06:00"},"dbRoles":{"Name":"dbRoles","Count":15,"LastSeen":"2026-02-09T14:48:48.0641003-06:00"},"args":{"Name":"args","Count":0,"LastSeen":"2026-02-09T14:48:48.0639779-06:00"},"systemUsers":{"Name":"systemUsers","Count":2,"LastSeen":"2026-02-09T14:48:48.0645738-06:00"},"fileInfo":{"Name":"fileInfo","Count":2,"LastSeen":"2026-02-09T14:48:48.0641630-06:00"},"configRoles":{"Name":"configRoles","Count":6,"LastSeen":"2026-02-09T14:48:48.0640486-06:00"},"ModulePathEnv":{"Name":"ModulePathEnv","Count":19,"LastSeen":"2026-02-09T14:48:48.0643484-06:00"}}
	Logging: 2026-02-09T20:49:18.0973983Z	2026-02-09T14:49:18.0973983-06:00	Verbose	EventViewer	Event\ log\ request:\ 519\ events\ returned	apps\WebhostRealtimeEvents\routes\api\v1\logs\get.ps1	get.ps1		6ec71a85-fb79-4ebc-aa1d-587c7f8b403c		1	{"ResultCount":519,"Filters":{"categories":null,"userID":null,"severities":null,"source":null,"activityName":null,"filter":null,"runspaceID":null,"sessionID":null},"TimeRange":15}
	Logging: 2026-02-09T20:49:18.0994631Z	2026-02-09T14:49:18.0994631-06:00	Info	MetricsData	Track_HashTables	WebHost.ps1	ProcessLogQueue		Webhost	MainLoop	1	H4sIAAAAAAAACpWUy2rDMBBF/0XrpIwfsiVv00ULbTG4j/UkVdKAX0hyoYT8e2naSKOQgrz0lTka3bkzB1Y3b2rdKP2p9OPwPrXKsOrAnrBTrLp2uGCrYeotqxJYsAc0tlGqZxVLIS2WkC5BPid5lcsqETcgJRRlsoSiAmDHBRtRq96u0JI7vObQPIIsBIjck82XeTFKE+5ZcdQspt40z0tP3aBVu0F/EayTHLeMqTYrk9Rzu5OZt2iRkIk4q2ZRZqLwbBzHC/BZcVQZQ02BE6qZ1mHb/gTHTGPcTQIXfhGXBlN1Zu+Ac08n2b2eaELPo6KcUUNwHO/77RDafFJm2syl9NRHtJuPYATPip+7qEhARoyum1u1xam1NWrslFX6FdvpYtL/+cXdGzPuQpScvOZh2N3tjQ37S8R5bF5yskrq5lVpsx/6Z1y3KnhJcDCvG1IAuaPDfr9VhsbeSb4fUTNa8IJsq/o3heanzCv79k+fl36QJUn/JhjWn6+Z+wokMWKDFtthFxJPyrxYZjm4Go/fIkgKXHwGAAA=
	Logging: 2026-02-09T20:49:18.1013959Z	2026-02-09T14:49:18.1013959-06:00	Info	MetricsData	Track_HashTables	WebHost.ps1	ProcessLogQueue		Webhost	MainLoop	1	{"prefixesToTry":{"Name":"prefixesToTry","Count":2,"LastSeen":"2026-02-09T14:49:18.1008632-06:00"},"dbRoles":{"Name":"dbRoles","Count":15,"LastSeen":"2026-02-09T14:49:18.1004998-06:00"},"args":{"Name":"args","Count":0,"LastSeen":"2026-02-09T14:49:18.1003484-06:00"},"systemUsers":{"Name":"systemUsers","Count":2,"LastSeen":"2026-02-09T14:49:18.1010853-06:00"},"fileInfo":{"Name":"fileInfo","Count":2,"LastSeen":"2026-02-09T14:49:18.1005705-06:00"},"configRoles":{"Name":"configRoles","Count":6,"LastSeen":"2026-02-09T14:49:18.1004247-06:00"},"ModulePathEnv":{"Name":"ModulePathEnv","Count":19,"LastSeen":"2026-02-09T14:49:18.1007789-06:00"}}
	Logging: 2026-02-09T20:49:48.1562914Z	2026-02-09T14:49:48.1562914-06:00	Verbose	EventViewer	Event\ log\ request:\ 518\ events\ returned	apps\WebhostRealtimeEvents\routes\api\v1\logs\get.ps1	get.ps1		6ec71a85-fb79-4ebc-aa1d-587c7f8b403c		1	{"ResultCount":518,"Filters":{"categories":null,"userID":null,"severities":null,"source":null,"activityName":null,"filter":null,"runspaceID":null,"sessionID":null},"TimeRange":15}
	Logging: 2026-02-09T20:49:48.1584433Z	2026-02-09T14:49:48.1584433-06:00	Info	MetricsData	Track_HashTables	WebHost.ps1	ProcessLogQueue		Webhost	MainLoop	1	H4sIAAAAAAAACpWUX2+CMBTFv0ufdWlLC5RXfdgSXUhw7vnKqjPhX2hZYozffZFNuHUuKY8cyK+Xc8/pmaTZu95luv3S7br+6AptSHImr1Bqkjx6OSOLuqssSRidkRUYm2ldkYRwysM55XOqNkwkQiUifmIypkzKOQ0TSsllRhpodWUXYNEZozagpQc5ipQIRrI5mTejW8S9KQM18JmXKS5Gag5WH+r2hLCDNHAjn2m5xNOWvZlLsIDISJw0cyTjgI9saJo78E0ZqMqHSmNGkb/dzl3brzAwuZe7TOGd9Yh7g7E6cXeSxyMdZfdxohFd+BiiYo6Gh6Z5qfa1a3OvTLOZCRqO1DXY/NOp4E0Ze+cVCRGh2qXZUu+hK2wKLZTa6nYLRXfX9H8+Gc71qXsUh3jBq/rwfDTW3S8Sp7GFZKiaabbVrTnW1QZ2hXb+xHkxbRsqEMi3EqrjXhsc+0Ea9+HXUcbYn2ya65gP7ttffVr6qQhRkHKnrNenafcVU3jeHCwU9cEl9sq0WHJ+lX+ol28iYKrlfAYAAA==
	Logging: 2026-02-09T20:49:48.1602458Z	2026-02-09T14:49:48.1602458-06:00	Info	MetricsData	Track_HashTables	WebHost.ps1	ProcessLogQueue		Webhost	MainLoop	1	{"prefixesToTry":{"Name":"prefixesToTry","Count":2,"LastSeen":"2026-02-09T14:49:48.1598653-06:00"},"dbRoles":{"Name":"dbRoles","Count":15,"LastSeen":"2026-02-09T14:49:48.1595047-06:00"},"args":{"Name":"args","Count":0,"LastSeen":"2026-02-09T14:49:48.1592926-06:00"},"systemUsers":{"Name":"systemUsers","Count":2,"LastSeen":"2026-02-09T14:49:48.1600288-06:00"},"fileInfo":{"Name":"fileInfo","Count":2,"LastSeen":"2026-02-09T14:49:48.1595936-06:00"},"configRoles":{"Name":"configRoles","Count":6,"LastSeen":"2026-02-09T14:49:48.1594379-06:00"},"ModulePathEnv":{"Name":"ModulePathEnv","Count":19,"LastSeen":"2026-02-09T14:49:48.1597872-06:00"}}
	Logging: 2026-02-09T20:50:18.4997493Z	2026-02-09T14:50:18.4997493-06:00	Info	MetricsData	Track_HashTables	WebHost.ps1	ProcessLogQueue		Webhost	MainLoop	1	{"prefixesToTry":{"Name":"prefixesToTry","Count":2,"LastSeen":"2026-02-09T14:50:18.4993417-06:00"},"dbRoles":{"Name":"dbRoles","Count":15,"LastSeen":"2026-02-09T14:50:18.4989691-06:00"},"ModulePathEnv":{"Name":"ModulePathEnv","Count":19,"LastSeen":"2026-02-09T14:50:18.4992663-06:00"},"args":{"Name":"args","Count":0,"LastSeen":"2026-02-09T14:50:18.4988299-06:00"},"systemUsers":{"Name":"systemUsers","Count":2,"LastSeen":"2026-02-09T14:50:18.4995068-06:00"},"fileInfo":{"Name":"fileInfo","Count":2,"LastSeen":"2026-02-09T14:50:18.4990342-06:00"},"logEntries":{"Name":"logEntries","Count":3,"LastSeen":"2026-02-09T14:50:18.4991713-06:00"},"configRoles":{"Name":"configRoles","Count":6,"LastSeen":"2026-02-09T14:50:18.4989099-06:00"}}
	Logging: 2026-02-09T20:50:48.8147794Z	2026-02-09T14:50:48.8147794-06:00	Verbose	EventViewer	Event\ log\ request:\ 515\ events\ returned	apps\WebhostRealtimeEvents\routes\api\v1\logs\get.ps1	get.ps1		6ec71a85-fb79-4ebc-aa1d-587c7f8b403c		1	{"ResultCount":515,"Filters":{"categories":null,"userID":null,"severities":null,"source":null,"activityName":null,"filter":null,"runspaceID":null,"sessionID":null},"TimeRange":15}
	Logging: 2026-02-09T20:50:48.8168206Z	2026-02-09T14:50:48.8168206-06:00	Info	MetricsData	Track_HashTables	WebHost.ps1	ProcessLogQueue		Webhost	MainLoop	1	H4sIAAAAAAAACpWUX2vCMBTFv0uedSRpkv551YcNdAh17vnqohNqW5p0IOJ3H4qmN85B8tjT8svtOefmRBblp16XuvvR3bz56ittSHEi73DQpHj2ckQmTV9bUjA6IjMwttS6JgXhlKsx5WOaL5koJC1E9pIxlWQyH1NVUErOI9JCp2s7AYvOGDSHliFkxrJsIJuj+TC6Q9y74qhJCFUqng7UDVi9a7ojwjrJcdMArkx5gqY9XM2cggVERmLczFTSZGBD2z6A74qj5iET+06Yfu3HdhMck4dMKnKKM7siHg3GamR2XCAfUHefNxrRRVCVRYIMgbZ9q7eNb/NVibNZMY4WZA528+2t4F0Z9i6oEkxybMVUb6Gv7AI6OGiruxVU/cOm//OJOzdo3VmGI5g1u9e9sX6+SIxiy5zj8izKle7MvqmXsK609yfei6g0FBeZQmsK9X6rDa69k4Y8Qrop8zT/201zGfPJfXvT49ovmEL2bLxlvTzF3VdKcebRoGp2PvGqRNVSqny4Bc+/g+AevHwGAAA=
	Logging: 2026-02-09T20:50:48.8184841Z	2026-02-09T14:50:48.8184841-06:00	Info	MetricsData	Track_HashTables	WebHost.ps1	ProcessLogQueue		Webhost	MainLoop	1	{"prefixesToTry":{"Name":"prefixesToTry","Count":2,"LastSeen":"2026-02-09T14:50:48.8180756-06:00"},"dbRoles":{"Name":"dbRoles","Count":15,"LastSeen":"2026-02-09T14:50:48.8177679-06:00"},"args":{"Name":"args","Count":0,"LastSeen":"2026-02-09T14:50:48.8176450-06:00"},"systemUsers":{"Name":"systemUsers","Count":2,"LastSeen":"2026-02-09T14:50:48.8182293-06:00"},"fileInfo":{"Name":"fileInfo","Count":2,"LastSeen":"2026-02-09T14:50:48.8178323-06:00"},"configRoles":{"Name":"configRoles","Count":6,"LastSeen":"2026-02-09T14:50:48.8177165-06:00"},"ModulePathEnv":{"Name":"ModulePathEnv","Count":19,"LastSeen":"2026-02-09T14:50:48.8180037-06:00"}}
	Logging: 2026-02-09T20:51:19.1774440Z	2026-02-09T14:51:19.1774440-06:00	Verbose	EventViewer	Event\ log\ request:\ 515\ events\ returned	apps\WebhostRealtimeEvents\routes\api\v1\logs\get.ps1	get.ps1		6ec71a85-fb79-4ebc-aa1d-587c7f8b403c		1	{"ResultCount":515,"Filters":{"categories":null,"userID":null,"severities":null,"source":null,"activityName":null,"filter":null,"runspaceID":null,"sessionID":null},"TimeRange":15}
	Logging: 2026-02-09T20:51:19.1797885Z	2026-02-09T14:51:19.1797885-06:00	Info	MetricsData	Track_HashTables	WebHost.ps1	ProcessLogQueue		Webhost	MainLoop	1	H4sIAAAAAAAACpWUzW7CMBCE38VnqPyTxHaucGglqJBC6dlQQ5FCgmynEkK8ewUtzjqlkn3MOPq8np3dM1pU73pdafOlzbz96GptUXlGr+qgUfnocIQmbdc4VBI8QjNlXaV1g0pEMS3GmI6xXJKszElJ5BPhkkhCxrgoMUaXEToqoxs3UQ7c0WsenUeQhSSY92R7sm9WG8C9K57KYuplHOc9daOc3rXmBLBe8lweU23GhOi5h5uZU+UUIAMxqWYhmAAeq+NxAL4rnipjqJTngGq7ddi2X8EzaYy7VBbAhR/E0GCoJvaOEdbTQXYfJxrQs6go5wObX5ptG9p8U9JsZlSAoufKbT6DEbwr/dxFRQJjYPSimuqt6mq3UEYdtNNmpepuMOn//OLvjRp3zFjW3ztrd89768L+AjGJLYqikPBNK23svm2Wal3r4CXBQVI3JMGSgjFVzX6rLYy9l/p+RM0oz3P8J5v2WuaDffurp6WfUgpK3wTDev1K21eM8yKgqbrdhcSbkhbLDAu/sy/f9gB9aXwGAAA=
	Logging: 2026-02-09T20:51:19.1817549Z	2026-02-09T14:51:19.1817549-06:00	Info	MetricsData	Track_HashTables	WebHost.ps1	ProcessLogQueue		Webhost	MainLoop	1	{"prefixesToTry":{"Name":"prefixesToTry","Count":2,"LastSeen":"2026-02-09T14:51:19.1811087-06:00"},"dbRoles":{"Name":"dbRoles","Count":15,"LastSeen":"2026-02-09T14:51:19.1807884-06:00"},"args":{"Name":"args","Count":0,"LastSeen":"2026-02-09T14:51:19.1806605-06:00"},"systemUsers":{"Name":"systemUsers","Count":2,"LastSeen":"2026-02-09T14:51:19.1812676-06:00"},"fileInfo":{"Name":"fileInfo","Count":2,"LastSeen":"2026-02-09T14:51:19.1808512-06:00"},"configRoles":{"Name":"configRoles","Count":6,"LastSeen":"2026-02-09T14:51:19.1807364-06:00"},"ModulePathEnv":{"Name":"ModulePathEnv","Count":19,"LastSeen":"2026-02-09T14:51:19.1810337-06:00"}}
	Logging: 2026-02-09T20:51:49.5539664Z	2026-02-09T14:51:49.5539664-06:00	Verbose	EventViewer	Event\ log\ request:\ 515\ events\ returned	apps\WebhostRealtimeEvents\routes\api\v1\logs\get.ps1	get.ps1		6ec71a85-fb79-4ebc-aa1d-587c7f8b403c		1	{"ResultCount":515,"Filters":{"categories":null,"userID":null,"severities":null,"source":null,"activityName":null,"filter":null,"runspaceID":null,"sessionID":null},"TimeRange":15}
	Logging: 2026-02-09T20:51:49.5568462Z	2026-02-09T14:51:49.5568462-06:00	Info	MetricsData	Track_HashTables	WebHost.ps1	ProcessLogQueue		Webhost	MainLoop	1	H4sIAAAAAAAACpWUX2+CMBTFv0ufdSn0D5RXfdgSXUx0+nxl1ZkgGFqWGON3XzACt8Ql7SOn5NfLuedwI6v1Tu/Xuv7V9bL6bgptSHYjn3DWJHt1OCGzqiktySI6IQswdq11STIS01hOaTylahPxTEQZV29CyChN5ZTKjFJyn5AL1Lq0M7DojkHr0cKDLBRrtY5srubL6BpxO6WnMp95uWKImoPVx6q+Imwv9dzEg8tVItjAPT/MnIMFREZi0MwiFYka2HC5jMCd0lOVz8SJUmhzptm7a3sKPTP2cZdxJcbMscFYDdwdi5APKLuvE43o3CvKnKWOzR/loXJtfihhNqcyRsFYgs1/nAp2ytA7r0hEKcVWzPUBmsKuoIaztrreQtGMmv7PK/29PnUXSuEoLqrj+8lYd79IDGMLKSL8TVtdm1NVbmBfaOdLnIOgbUgqGa4plKeDNjj2vTTsw6ujiXCH37UpNO2YL/63Tz0s/XFMUV9zp6ztU+D/KmJo3hwsFNXRJT6UoFhyxQcX7n8/kKQwfAYAAA==
	Logging: 2026-02-09T20:51:49.5586465Z	2026-02-09T14:51:49.5586465-06:00	Info	MetricsData	Track_HashTables	WebHost.ps1	ProcessLogQueue		Webhost	MainLoop	1	{"prefixesToTry":{"Name":"prefixesToTry","Count":2,"LastSeen":"2026-02-09T14:51:49.5582013-06:00"},"dbRoles":{"Name":"dbRoles","Count":15,"LastSeen":"2026-02-09T14:51:49.5578822-06:00"},"args":{"Name":"args","Count":0,"LastSeen":"2026-02-09T14:51:49.5577543-06:00"},"systemUsers":{"Name":"systemUsers","Count":2,"LastSeen":"2026-02-09T14:51:49.5583661-06:00"},"fileInfo":{"Name":"fileInfo","Count":2,"LastSeen":"2026-02-09T14:51:49.5579461-06:00"},"configRoles":{"Name":"configRoles","Count":6,"LastSeen":"2026-02-09T14:51:49.5578286-06:00"},"ModulePathEnv":{"Name":"ModulePathEnv","Count":19,"LastSeen":"2026-02-09T14:51:49.5581269-06:00"}}
	Logging: 2026-02-09T20:52:50.4575097Z	2026-02-09T14:52:50.4575097-06:00	Verbose	EventViewer	Event\ log\ request:\ 512\ events\ returned	apps\WebhostRealtimeEvents\routes\api\v1\logs\get.ps1	get.ps1		6ec71a85-fb79-4ebc-aa1d-587c7f8b403c		1	{"ResultCount":512,"Filters":{"categories":null,"userID":null,"severities":null,"source":null,"activityName":null,"filter":null,"runspaceID":null,"sessionID":null},"TimeRange":15}
	Logging: 2026-02-09T20:52:50.4597081Z	2026-02-09T14:52:50.4597081-06:00	Info	MetricsData	Track_HashTables	WebHost.ps1	ProcessLogQueue		Webhost	MainLoop	1	H4sIAAAAAAAACpWUX2vCMBTFv0ueddymTdr0VR820FGo0+foohP6R5p0IOJ3H4qmN8VB8tjT8svtOefmQopyo7al6n5Vt2y/+0ppkl/Ip6wVyV+9nJBZ2zeG5BFMyEJqUyrVkJxQoHwKdApiFSU5ozmDt4SJKI3EFHgOQK4TcpKdasxMGnTGoFk08yBngnM2kPVZf2nVIe5TsdTYZ944AUTdSaMObXdGWCtZbuozbcKzeODWdzPn0khERmLQzFkmeDqw5ek0Aj8VSxU+1BhiNLHut25sD8EyqY+7NI34mDk2GKuB2UECAx1193WjET3xqnISZY7NH82+dW2+K4E2M0YH6lKa3Y+zgk9l2DuvSnBARhflXO1lX5lCdrJWRnVrWfWjTf/nE3uu17pDzFEEi/bwftTGzReJQewspdipolyrTh/bZiW3lXL+xHkRlIYAkaIzatkc90rj2ltpyMNvR6kbyObWQn0b88V9+9DD2k8B79bOWdbbU+B9Bcy9B2XVHlziXQmrZRJnth7XP6vtmet8BgAA
	Logging: 2026-02-09T20:52:50.4615503Z	2026-02-09T14:52:50.4615503-06:00	Info	MetricsData	Track_HashTables	WebHost.ps1	ProcessLogQueue		Webhost	MainLoop	1	{"prefixesToTry":{"Name":"prefixesToTry","Count":2,"LastSeen":"2026-02-09T14:52:50.4610117-06:00"},"dbRoles":{"Name":"dbRoles","Count":15,"LastSeen":"2026-02-09T14:52:50.4606709-06:00"},"args":{"Name":"args","Count":0,"LastSeen":"2026-02-09T14:52:50.4605506-06:00"},"systemUsers":{"Name":"systemUsers","Count":2,"LastSeen":"2026-02-09T14:52:50.4611654-06:00"},"fileInfo":{"Name":"fileInfo","Count":2,"LastSeen":"2026-02-09T14:52:50.4607310-06:00"},"configRoles":{"Name":"configRoles","Count":6,"LastSeen":"2026-02-09T14:52:50.4606199-06:00"},"ModulePathEnv":{"Name":"ModulePathEnv","Count":19,"LastSeen":"2026-02-09T14:52:50.4609343-06:00"}}
	Logging: 2026-02-09T20:54:06.0809786Z	2026-02-09T14:54:06.0809786-06:00	Verbose	EventViewer	Event\ log\ request:\ 509\ events\ returned	apps\WebhostRealtimeEvents\routes\api\v1\logs\get.ps1	get.ps1		6ec71a85-fb79-4ebc-aa1d-587c7f8b403c		1	{"ResultCount":509,"Filters":{"categories":null,"userID":null,"severities":null,"source":null,"activityName":null,"filter":null,"runspaceID":null,"sessionID":null},"TimeRange":15}
	Logging: 2026-02-09T20:54:06.0835785Z	2026-02-09T14:54:06.0835785-06:00	Info	MetricsData	Track_HashTables	WebHost.ps1	ProcessLogQueue		Webhost	MainLoop	1	H4sIAAAAAAAACpWUUW+CMBSF/0ufdbm0pQKv+rAlupDg3POVVWeCYGhZYoz/fdFNuHUuaR85kK+Xc8/pieXFu14Xuv3S7aL56CptWHZir7jXLHv0csSmTVdblkUwYnM0ttC6ZhnjwNUY+BjSZSSzWGagniARkYrUGFQGwM4jdsBW13aKlpwxaD069iDzNOZiIJujeTO6Jdyb0lOFz7xCJGTeEq3eNu2RYHup5058po2FiAfu/mrmDC0SMhGDZuZJEvGBjYfDHfim9NTUhypARcTfbu2u7VfomdzHXa7+Mu8NpmrY7niakt2R7D5ONKFLrygLSBybX+pN49p8VQJtVoLEeIG2/HQqeFOG3nlFQipJrZjpDXaVzbHFvba6XWHV3TX9n0/6c73qDhwmw7nzZvu8M9bdLxGD2HwiBYl5Xqx0a3ZNvcR1pZ0/cV4EbUNAooDUFOvdRhsa+14a9uHXUUhI//OfFJrLmA/u2189LP1Ryon1pVPWy1PYfSWjmBhRosWq2brEqxIWS5kMd/b5G/i6cvZ8BgAA
	Logging: 2026-02-09T20:54:06.0855147Z	2026-02-09T14:54:06.0855147-06:00	Info	MetricsData	Track_HashTables	WebHost.ps1	ProcessLogQueue		Webhost	MainLoop	1	{"prefixesToTry":{"Name":"prefixesToTry","Count":2,"LastSeen":"2026-02-09T14:54:06.0850677-06:00"},"dbRoles":{"Name":"dbRoles","Count":15,"LastSeen":"2026-02-09T14:54:06.0847363-06:00"},"args":{"Name":"args","Count":0,"LastSeen":"2026-02-09T14:54:06.0845985-06:00"},"systemUsers":{"Name":"systemUsers","Count":2,"LastSeen":"2026-02-09T14:54:06.0852277-06:00"},"fileInfo":{"Name":"fileInfo","Count":2,"LastSeen":"2026-02-09T14:54:06.0848074-06:00"},"configRoles":{"Name":"configRoles","Count":6,"LastSeen":"2026-02-09T14:54:06.0846811-06:00"},"ModulePathEnv":{"Name":"ModulePathEnv","Count":19,"LastSeen":"2026-02-09T14:54:06.0849895-06:00"}}
	Logging: 2026-02-09T20:54:52.0097055Z	2026-02-09T14:54:52.0097055-06:00	Verbose	EventViewer	Event\ log\ request:\ 504\ events\ returned	apps\WebhostRealtimeEvents\routes\api\v1\logs\get.ps1	get.ps1		6ec71a85-fb79-4ebc-aa1d-587c7f8b403c		1	{"ResultCount":504,"Filters":{"categories":null,"userID":null,"severities":null,"source":null,"activityName":null,"filter":null,"runspaceID":null,"sessionID":null},"TimeRange":15}
	Logging: 2026-02-09T20:54:52.0125011Z	2026-02-09T14:54:52.0125011-06:00	Info	MetricsData	Track_HashTables	WebHost.ps1	ProcessLogQueue		Webhost	MainLoop	1	H4sIAAAAAAAACpWUzW7CMBCE38VnqOwkjuNc4dBKUEUKpeeFGoqUHxQ7lRDi3SsoOOuISvYx4+jb9eysz6QoP9WmVN2P6pbtV18pTfIzeYdakfzZ4YTM2r4xJGd0QhagTalUQ3IS0Sid0mhK5YolOU9yHr1QdlX5lKY5peQyIUfoVGNmYFCNQbNo7kFmGRPxQNYn/aFVh7gPxVJjn34jyqOBugWj9m13QlgrWa7w6TahMRu49c3MORhAZCQG9cxEwuXAhuNxBH4olip9qCxjiKr7jTu2u2CZkY+7LGbZmDk2GKths2MpRx6j7D5PNKInPoZIyalj81uza12bb0qYzZFIkM1LMNtvZwUfyrB3XpGgEsW4KOdqB31lCuigVkZ1a6j60ab/84ut67PuLMsSMdRdtPvXgzbufJEYxk4pR09JUa5Vpw9ts4JNpZybOAdh05CJRDVqaA47pXHsrTTMw2tHU0FR8ou/FOprm0/e27seln7KBbJ+6yzr9SvsvYrjDPW7BQNVu3eJNyUslrFgtsfLL325GHN8BgAA
	Logging: 2026-02-09T20:54:52.0318568Z	2026-02-09T14:54:52.0318568-06:00	Info	MetricsData	Track_HashTables	WebHost.ps1	ProcessLogQueue		Webhost	MainLoop	1	{"prefixesToTry":{"Name":"prefixesToTry","Count":2,"LastSeen":"2026-02-09T14:54:52.0142637-06:00"},"dbRoles":{"Name":"dbRoles","Count":15,"LastSeen":"2026-02-09T14:54:52.0138723-06:00"},"args":{"Name":"args","Count":0,"LastSeen":"2026-02-09T14:54:52.0137366-06:00"},"systemUsers":{"Name":"systemUsers","Count":2,"LastSeen":"2026-02-09T14:54:52.0314173-06:00"},"fileInfo":{"Name":"fileInfo","Count":2,"LastSeen":"2026-02-09T14:54:52.0139939-06:00"},"configRoles":{"Name":"configRoles","Count":6,"LastSeen":"2026-02-09T14:54:52.0138165-06:00"},"ModulePathEnv":{"Name":"ModulePathEnv","Count":19,"LastSeen":"2026-02-09T14:54:52.0141867-06:00"}}
	Logging: 2026-02-09T20:55:22.3645596Z	2026-02-09T14:55:22.3645596-06:00	Verbose	EventViewer	Event\ log\ request:\ 504\ events\ returned	apps\WebhostRealtimeEvents\routes\api\v1\logs\get.ps1	get.ps1		6ec71a85-fb79-4ebc-aa1d-587c7f8b403c		1	{"ResultCount":504,"Filters":{"categories":null,"userID":null,"severities":null,"source":null,"activityName":null,"filter":null,"runspaceID":null,"sessionID":null},"TimeRange":15}
	Logging: 2026-02-09T20:55:22.3669469Z	2026-02-09T14:55:22.3669469-06:00	Info	MetricsData	Track_HashTables	WebHost.ps1	ProcessLogQueue		Webhost	MainLoop	1	H4sIAAAAAAAACpWVy27CMBBF/8VrqPzOYwuLVoIKCUrXAzUUKS/FTiWE+PcKSpxJRCVnmWvreHznjnMhq/Wn2a1N/WPqZfnVZMaS9ELeITckfbY4IbOyKRxJGZ2QBVi3NqYgKeGU6ynlU5psmEyVSjl/EVpLqtiU6pRScp2QCmpTuBk4dEanebQKIbNEyo5sz/bDmhpxW8VTRQhVxTetpe7BmWNZnxHWS54bBXBVpOKk4+Z3M+fgAJGROK5mxhiqGapqAG4VT01CKlaSx8jfZtdv20PwTB7kLk3okDk0GKsjeydZ1NFRdp8nGtFlCF5EAgUOquqtOJR9m+/KSJsTjYKxBLf/7o1gq3RzF1IrjZjAVszNAZrMraCG3DhTbyFrBpP+zxZ/btC4c81Qgxfl8fVkXb+/SBzFVknENL7T1tT2VBYb2GWmd5PewqhuaME18i2H4nQwFsfeS10/grJJhUDGrP5SaG9lPnlvH/q49Euh0Lzue8N6+xr3XmmJ36s9OMjKY594V0bFUulY+L/B9RfzIOYyfAYAAA==
	Logging: 2026-02-09T20:55:22.3688379Z	2026-02-09T14:55:22.3688379-06:00	Info	MetricsData	Track_HashTables	WebHost.ps1	ProcessLogQueue		Webhost	MainLoop	1	{"prefixesToTry":{"Name":"prefixesToTry","Count":2,"LastSeen":"2026-02-09T14:55:22.3683512-06:00"},"dbRoles":{"Name":"dbRoles","Count":15,"LastSeen":"2026-02-09T14:55:22.3680318-06:00"},"args":{"Name":"args","Count":0,"LastSeen":"2026-02-09T14:55:22.3678496-06:00"},"systemUsers":{"Name":"systemUsers","Count":2,"LastSeen":"2026-02-09T14:55:22.3685122-06:00"},"fileInfo":{"Name":"fileInfo","Count":2,"LastSeen":"2026-02-09T14:55:22.3680966-06:00"},"configRoles":{"Name":"configRoles","Count":6,"LastSeen":"2026-02-09T14:55:22.3679665-06:00"},"ModulePathEnv":{"Name":"ModulePathEnv","Count":19,"LastSeen":"2026-02-09T14:55:22.3682764-06:00"}}
	Logging: 2026-02-09T20:56:07.8429730Z	2026-02-09T14:56:07.8429730-06:00	Verbose	EventViewer	Event\ log\ request:\ 502\ events\ returned	apps\WebhostRealtimeEvents\routes\api\v1\logs\get.ps1	get.ps1		6ec71a85-fb79-4ebc-aa1d-587c7f8b403c		1	{"ResultCount":502,"Filters":{"categories":null,"userID":null,"severities":null,"source":null,"activityName":null,"filter":null,"runspaceID":null,"sessionID":null},"TimeRange":15}
	Logging: 2026-02-09T20:56:07.8443309Z	2026-02-09T14:56:07.8443309-06:00	Debug	GlobalCache	Updated\ cache:\ 3\ jobs,\ 0\ runspaces,\ 0\ tasks\ \(0\.1965ms\)	WebHost.ps1::Update-GlobalCache	Update-GlobalCache				1	
	Logging: 2026-02-09T20:56:07.8466212Z	2026-02-09T14:56:07.8466212-06:00	Info	MetricsData	Track_HashTables	WebHost.ps1	ProcessLogQueue		Webhost	MainLoop	1	H4sIAAAAAAAACpWUUWvCMBSF/0ueddwmTZv0VR820FHQuefoohNqK006EPG/D52mN8VB8tjT8uX23HNyJuXiU68Xuv3R7bz56iptSHEm7+qgSfHs5YhMmq62pEhgRGbK2IXWNSkIBZqNgY5BLpO04FkB+YtIM2CUjyErAMhlRI6q1bWdKIvO6DWH5gFkLkAisjmZD6NbxH0ojspC5qUJoz11o6zeNe0JYZ3kuHnItIkUec893MycKqsQGYlRM/McKPRsdTwOwA/FUWUIFZgQyN9u7a/tLjgmDXE3SVk6ZA4Nxmrc7pKcI49Rdp8nGtHToCgDJJ7Nb/W28W2+KZE2S5A9da7s5tur4EPpexdCzbhg2Iqp3qqusqVq1UFb3a5U1Q2a/s8n7tyQunMhOFrwrNm97o3194vEODaTFDlVLla6NfumXqp1pb0/8V7EbUNyhmuq6v1WGxx7J/X7COooF4CMKf9SaK5jPrlv73pc+iHDo2+8sl6fIu8rJjKPpqpm5xNvSlwsk0y62/XyC2rQY/t8BgAA
	Logging: 2026-02-09T20:56:07.8630872Z	2026-02-09T14:56:07.8630872-06:00	Info	MetricsData	Track_HashTables	WebHost.ps1	ProcessLogQueue		Webhost	MainLoop	1	{"prefixesToTry":{"Name":"prefixesToTry","Count":2,"LastSeen":"2026-02-09T14:56:07.8624411-06:00"},"dbRoles":{"Name":"dbRoles","Count":15,"LastSeen":"2026-02-09T14:56:07.8476150-06:00"},"args":{"Name":"args","Count":0,"LastSeen":"2026-02-09T14:56:07.8474926-06:00"},"systemUsers":{"Name":"systemUsers","Count":2,"LastSeen":"2026-02-09T14:56:07.8626524-06:00"},"fileInfo":{"Name":"fileInfo","Count":2,"LastSeen":"2026-02-09T14:56:07.8476833-06:00"},"configRoles":{"Name":"configRoles","Count":6,"LastSeen":"2026-02-09T14:56:07.8475647-06:00"},"ModulePathEnv":{"Name":"ModulePathEnv","Count":19,"LastSeen":"2026-02-09T14:56:07.8622572-06:00"}}
	Logging: 2026-02-09T20:56:23.0431587Z	2026-02-09T14:56:23.0431587-06:00	Info	MetricsData	Track_HashTables	WebHost.ps1	ProcessLogQueue		Webhost	MainLoop	1	{"prefixesToTry":{"Name":"prefixesToTry","Count":2,"LastSeen":"2026-02-09T14:56:23.0286697-06:00"},"dbRoles":{"Name":"dbRoles","Count":15,"LastSeen":"2026-02-09T14:56:23.0282679-06:00"},"ModulePathEnv":{"Name":"ModulePathEnv","Count":19,"LastSeen":"2026-02-09T14:56:23.0285964-06:00"},"args":{"Name":"args","Count":0,"LastSeen":"2026-02-09T14:56:23.0281263-06:00"},"systemUsers":{"Name":"systemUsers","Count":2,"LastSeen":"2026-02-09T14:56:23.0426987-06:00"},"fileInfo":{"Name":"fileInfo","Count":2,"LastSeen":"2026-02-09T14:56:23.0283324-06:00"},"logEntries":{"Name":"logEntries","Count":4,"LastSeen":"2026-02-09T14:56:23.0284995-06:00"},"configRoles":{"Name":"configRoles","Count":6,"LastSeen":"2026-02-09T14:56:23.0282143-06:00"}}
	Logging: 2026-02-09T20:57:08.4275570Z	2026-02-09T14:57:08.4275570-06:00	Info	MetricsData	Track_HashTables	WebHost.ps1	ProcessLogQueue		Webhost	MainLoop	1	{"prefixesToTry":{"Name":"prefixesToTry","Count":2,"LastSeen":"2026-02-09T14:57:08.4271169-06:00"},"dbRoles":{"Name":"dbRoles","Count":15,"LastSeen":"2026-02-09T14:57:08.4267497-06:00"},"args":{"Name":"args","Count":0,"LastSeen":"2026-02-09T14:57:08.4265667-06:00"},"systemUsers":{"Name":"systemUsers","Count":2,"LastSeen":"2026-02-09T14:57:08.4272823-06:00"},"fileInfo":{"Name":"fileInfo","Count":2,"LastSeen":"2026-02-09T14:57:08.4268293-06:00"},"configRoles":{"Name":"configRoles","Count":6,"LastSeen":"2026-02-09T14:57:08.4266739-06:00"},"ModulePathEnv":{"Name":"ModulePathEnv","Count":19,"LastSeen":"2026-02-09T14:57:08.4270341-06:00"}}
	Logging: 2026-02-09T20:57:53.8031433Z	2026-02-09T14:57:53.8031433-06:00	Verbose	EventViewer	Event\ log\ request:\ 498\ events\ returned	apps\WebhostRealtimeEvents\routes\api\v1\logs\get.ps1	get.ps1		6ec71a85-fb79-4ebc-aa1d-587c7f8b403c		1	{"ResultCount":498,"Filters":{"categories":null,"userID":null,"severities":null,"source":null,"activityName":null,"filter":null,"runspaceID":null,"sessionID":null},"TimeRange":15}
	Logging: 2026-02-09T20:57:53.8054051Z	2026-02-09T14:57:53.8054051-06:00	Info	MetricsData	Track_HashTables	WebHost.ps1	ProcessLogQueue		Webhost	MainLoop	1	H4sIAAAAAAAACpWUW28CIRCF/wvPtoFd2F32VR/aRBsTrX0eLVqTvQXYJsb43xtvMBibsK8H8jGcOTNHMl98qfVC6V+lZ+13XylDyiP5gFqR8tnhiIzbvrGkZHREpmDsQqmGlCShSfZCkxcql4yXIi9F+lpQXuRnOSspJacR6UCrxo7Boje85tAihpxlNPVkczCfRmnEvSuOmkZQBZVF4akbsGrX6gPCOslx85hqGc9zz60vZk7AAiIjcVDNXBRcejZ03QP4rjiqjKCmMuOoYtOvw7bdBMdMotxlArl7RTwajNWBvRMF9XSU3eeJRnQeFWXOEB667r3ZtqHNF2WQzZwyiWI8A7v5CUbwrvi5i4oEyxm2YqK20Fd2DhpqZZVeQdU/TPo/V9y7UeOepxS9O213b3tjw/4icRg7FTz400pps2+bJawrFfwkOBjWjVxyFNAamv1WGRx7J/l+RM0oZxztwfk1heZc5pN9e9OHbQFJUxFsrnBpDdxXNJNo+jdgoWp3IfGiDIslo8xRT39x48x2fAYAAA==
	Logging: 2026-02-09T20:57:53.8257615Z	2026-02-09T14:57:53.8257615-06:00	Info	MetricsData	Track_HashTables	WebHost.ps1	ProcessLogQueue		Webhost	MainLoop	1	{"prefixesToTry":{"Name":"prefixesToTry","Count":2,"LastSeen":"2026-02-09T14:57:53.8251477-06:00"},"dbRoles":{"Name":"dbRoles","Count":15,"LastSeen":"2026-02-09T14:57:53.8247335-06:00"},"args":{"Name":"args","Count":0,"LastSeen":"2026-02-09T14:57:53.8063656-06:00"},"systemUsers":{"Name":"systemUsers","Count":2,"LastSeen":"2026-02-09T14:57:53.8253184-06:00"},"fileInfo":{"Name":"fileInfo","Count":2,"LastSeen":"2026-02-09T14:57:53.8248698-06:00"},"configRoles":{"Name":"configRoles","Count":6,"LastSeen":"2026-02-09T14:57:53.8064508-06:00"},"ModulePathEnv":{"Name":"ModulePathEnv","Count":19,"LastSeen":"2026-02-09T14:57:53.8250677-06:00"}}
	Logging: 2026-02-09T20:58:08.8870357Z	2026-02-09T14:58:08.8870357-06:00	Info	MetricsData	Track_HashTables	WebHost.ps1	ProcessLogQueue		Webhost	MainLoop	1	H4sIAAAAAAAACpWUy27CMBBF/8VrqBzb8SPbdtFKUCFB6dpQQ5FCgmynEkL8e8XLGSOq2stcR8fjO3fmgCbTT7OYGvtj7Lj96mrjUHVA73prUPXocICe267xqCrwAI2081NjGlQhggkfYjLEalawqpQVlk9SclZwOcS8whgdB2inrWn8s/bgjl4L6PJ/MheUqqInu737cMYC7k0JVJpSLy8E7alL7c26tXuADVLgioRquaKK9Nzt2cwX7TUgAzGnZi6IwICtd7s78E0JVJVSsRBUAH+7Rdy2qxCYJMXdkhGQhgvi3mCo5vWuFIL3dJDdx4kGdJaCJ5LHNr81qza2+azk2SxJCWwea7/8jkbwpvRzlxQJShW04sWsdFf7ibZ6a7yxc113d5P+xy/h3oRx54JhBjwatevXjfNxf4GYxy4oj940N9Zt2mamF7WJXhIdZHVDMIEZGFPdbFbGwdgHqe9H0owWCu7BySWF7lTmg3171fPSz0oFSl9Gw3r6yttXUvCYput2HRPPSlYsucIyuHD8Bap3W/d8BgAA
	Logging: 2026-02-09T20:58:08.8890395Z	2026-02-09T14:58:08.8890395-06:00	Info	MetricsData	Track_HashTables	WebHost.ps1	ProcessLogQueue		Webhost	MainLoop	1	{"prefixesToTry":{"Name":"prefixesToTry","Count":2,"LastSeen":"2026-02-09T14:58:08.8886414-06:00"},"dbRoles":{"Name":"dbRoles","Count":15,"LastSeen":"2026-02-09T14:58:08.8882988-06:00"},"ModulePathEnv":{"Name":"ModulePathEnv","Count":19,"LastSeen":"2026-02-09T14:58:08.8885687-06:00"},"args":{"Name":"args","Count":0,"LastSeen":"2026-02-09T14:58:08.8881308-06:00"},"systemUsers":{"Name":"systemUsers","Count":2,"LastSeen":"2026-02-09T14:58:08.8888033-06:00"},"fileInfo":{"Name":"fileInfo","Count":2,"LastSeen":"2026-02-09T14:58:08.8883609-06:00"},"logEntries":{"Name":"logEntries","Count":3,"LastSeen":"2026-02-09T14:58:08.8884802-06:00"},"configRoles":{"Name":"configRoles","Count":6,"LastSeen":"2026-02-09T14:58:08.8882428-06:00"}}
	Logging: 2026-02-09T20:58:54.4056442Z	2026-02-09T14:58:54.4056442-06:00	Verbose	EventViewer	Event\ log\ request:\ 496\ events\ returned	apps\WebhostRealtimeEvents\routes\api\v1\logs\get.ps1	get.ps1		6ec71a85-fb79-4ebc-aa1d-587c7f8b403c		1	{"ResultCount":496,"Filters":{"categories":null,"userID":null,"severities":null,"source":null,"activityName":null,"filter":null,"runspaceID":null,"sessionID":null},"TimeRange":15}
	Logging: 2026-02-09T20:58:54.4083838Z	2026-02-09T14:58:54.4083838-06:00	Info	MetricsData	Track_HashTables	WebHost.ps1	ProcessLogQueue		Webhost	MainLoop	1	H4sIAAAAAAAACpWUzW7CMBCE38VnqBzHf8kVDq0EFRKUnpfUUKSQINuphBDvXkEhWUdUco4ZR9+uZ2d9Jovlp9ksjf0xdl5/NaVxJD+TdzgYkj87HJFJ3VSe5AkdkRk4vzSmIjlhlMkxZWOarRKeC50L/sKpSoSSYypzSsllRI5gTeUn4FGNTmvRIoIsM5mmHdmd3IczFnEfSktNY/pNmeYdtQBvdrU9IWwrtVwV063QKeu4h5uZU/CAyEgc1LPUmVQdG47HHvihtNQshppmClFdswnHdhdaJotxlwmu+8y+wVgdNjumJfIYZfd5ohGdR0WZKRHY/FZt69DmmzLMZi41ivEcfPEdrOBD6fYuKhKSoeEtllOzhab0C7BwMN7YNZRNb9P/+aWtG7XulKVZV3dW7173zofzReIgtlQqvNPaWLevqxVsShPcJDgYNA1FNUfP1QGq/dY4HPtW6uYRt6MMj3nxl0J3bfPJe3vXh6U/0RJVKIJlvX4NfK8S3G8BHsp6FxJvyrBYCsHpg3r5BSAdCu98BgAA
	Logging: 2026-02-09T20:58:54.4300984Z	2026-02-09T14:58:54.4300984-06:00	Info	MetricsData	Track_HashTables	WebHost.ps1	ProcessLogQueue		Webhost	MainLoop	1	{"prefixesToTry":{"Name":"prefixesToTry","Count":2,"LastSeen":"2026-02-09T14:58:54.4294492-06:00"},"dbRoles":{"Name":"dbRoles","Count":15,"LastSeen":"2026-02-09T14:58:54.4291220-06:00"},"args":{"Name":"args","Count":0,"LastSeen":"2026-02-09T14:58:54.4287888-06:00"},"systemUsers":{"Name":"systemUsers","Count":2,"LastSeen":"2026-02-09T14:58:54.4296142-06:00"},"fileInfo":{"Name":"fileInfo","Count":2,"LastSeen":"2026-02-09T14:58:54.4291924-06:00"},"configRoles":{"Name":"configRoles","Count":6,"LastSeen":"2026-02-09T14:58:54.4290288-06:00"},"ModulePathEnv":{"Name":"ModulePathEnv","Count":19,"LastSeen":"2026-02-09T14:58:54.4293752-06:00"}}
	Logging: 2026-02-09T20:59:24.8367788Z	2026-02-09T14:59:24.8367788-06:00	Verbose	EventViewer	Event\ log\ request:\ 493\ events\ returned	apps\WebhostRealtimeEvents\routes\api\v1\logs\get.ps1	get.ps1		6ec71a85-fb79-4ebc-aa1d-587c7f8b403c		1	{"ResultCount":493,"Filters":{"categories":null,"userID":null,"severities":null,"source":null,"activityName":null,"filter":null,"runspaceID":null,"sessionID":null},"TimeRange":15}
	Logging: 2026-02-09T20:59:24.8577308Z	2026-02-09T14:59:24.8577308-06:00	Info	MetricsData	Track_HashTables	WebHost.ps1	ProcessLogQueue		Webhost	MainLoop	1	H4sIAAAAAAAACpWUUW+CMBSF/0ufdWkLlJZXfdgSXUhw7vnqqjNBMG1ZYoz/fdGNcktcBo8cyNfDuff0QvLiXW8Kbb60WdYfTaktyS7kFY6aZI9eTsisbipHMkYnZAHWFVpXJCOccjGlfErVisVZojIeP8lICqqiKRUZpeQ6IScwunIzcOiMTvPoZAg5kox2ZHu2b1YbxG0VT43+pyYppynyuwWn97U5I6yXPDcd4DZVCUVuj/cw5+AAkZE4xnMko8AznE49cKt4qhriOBVcoXybTTi2X8Ez+YB0hZJM9Jn9gLE6bnYsiVHGaHcfbzSix0NiTtI4jPml2tVhzHdlXMySS2R6CW77GVSwVbreDfHKheI4irneQVO6HAwctdNmDWXTa/ofn/hzB9U9TiLZnbuo988H68L5InEcmwmcVF6stbGHulrBptTBnwQvRk1DJpzHqKZQHXba4rX3UjePQR3lEUXLk/9sob3ZfHDf/urjbgERMzTybVDW29O4+0pKhtq/BQdlvQ+Jd2XUWqaKpaylXr8BAk356XwGAAA=
	Logging: 2026-02-09T20:59:24.8597067Z	2026-02-09T14:59:24.8597067-06:00	Info	MetricsData	Track_HashTables	WebHost.ps1	ProcessLogQueue		Webhost	MainLoop	1	{"prefixesToTry":{"Name":"prefixesToTry","Count":2,"LastSeen":"2026-02-09T14:59:24.8590990-06:00"},"dbRoles":{"Name":"dbRoles","Count":15,"LastSeen":"2026-02-09T14:59:24.8587734-06:00"},"args":{"Name":"args","Count":0,"LastSeen":"2026-02-09T14:59:24.8586402-06:00"},"systemUsers":{"Name":"systemUsers","Count":2,"LastSeen":"2026-02-09T14:59:24.8592762-06:00"},"fileInfo":{"Name":"fileInfo","Count":2,"LastSeen":"2026-02-09T14:59:24.8588369-06:00"},"configRoles":{"Name":"configRoles","Count":6,"LastSeen":"2026-02-09T14:59:24.8587184-06:00"},"ModulePathEnv":{"Name":"ModulePathEnv","Count":19,"LastSeen":"2026-02-09T14:59:24.8590228-06:00"}}
	Logging: 2026-02-09T20:59:55.1961551Z	2026-02-09T14:59:55.1961551-06:00	Info	MetricsData	Track_HashTables	WebHost.ps1	ProcessLogQueue		Webhost	MainLoop	1	H4sIAAAAAAAACpWUUW+CMBSF/0ufdSmlpS2v+rAlupDgtuerq84EgdCyxBj/+6JRemEuK4+ckq+3955zTyTLP8w6N823aZbVZ1sYS9ITeYWDIemjwwmZVW3pSBrRCVmAdbkxJUkJoyyZUjalehXxVOhUiKdIc5UINqVJSik5T0gNjSndDBy6w2sdWvxPlkwJzT3ZHu2bNQ3i3pWOGgfUKyjXsaduwJld1RwRtpM6rgyplgsuPPdwbeYcHCAyEsfULJlUuGao6wH4rnRUHUJlSkSov+26P7ab0DFZiBu0jNWQOWwwVkfOjipUMfLuY0cjOg+yMlPIylDXL+W26rf5qoxrcxxL6alLcJuvXgTvis9dkCVEjCyR5XOzhbZwGTRwMM4071C0g6T/8Ut3b1DcRURRKBfV7nlvXX++SBzDliwRCYpQlr+bxu6rcgXrwvRe0jsYMw3NZawoiimU+62x2Pad5OcRltFIJL+8aS9lPti3N32U+7nS2EibXlgvX+P2VawZytIGHBTVrk+8KuNsyZnfgucfVd8kRnwGAAA=
	Logging: 2026-02-09T20:59:55.1984896Z	2026-02-09T14:59:55.1984896-06:00	Info	MetricsData	Track_HashTables	WebHost.ps1	ProcessLogQueue		Webhost	MainLoop	1	{"prefixesToTry":{"Name":"prefixesToTry","Count":2,"LastSeen":"2026-02-09T14:59:55.1978832-06:00"},"dbRoles":{"Name":"dbRoles","Count":15,"LastSeen":"2026-02-09T14:59:55.1975111-06:00"},"args":{"Name":"args","Count":0,"LastSeen":"2026-02-09T14:59:55.1973186-06:00"},"systemUsers":{"Name":"systemUsers","Count":2,"LastSeen":"2026-02-09T14:59:55.1980489-06:00"},"fileInfo":{"Name":"fileInfo","Count":2,"LastSeen":"2026-02-09T14:59:55.1975927-06:00"},"configRoles":{"Name":"configRoles","Count":6,"LastSeen":"2026-02-09T14:59:55.1974504-06:00"},"ModulePathEnv":{"Name":"ModulePathEnv","Count":19,"LastSeen":"2026-02-09T14:59:55.1978026-06:00"}}
	Logging: 2026-02-09T21:00:25.3230714Z	2026-02-09T15:00:25.3230714-06:00	Info	MetricsData	Track_HashTables	WebHost.ps1	ProcessLogQueue		Webhost	MainLoop	1	H4sIAAAAAAAACpWUS2/CMBCE/4vPUK0feV7h0EpQRYLS80INRcpLsVMJIf57BS3OOqJqcsw4+mzPzvjMstW73q5086WbZfXR5tqw9MxesdAsfbQ4YbOqLS1LOUzYAo1daV2ylAkQ4RTEFJI1D1KAVARPUoAIhJxCmAKwy4TV2OjSztCSPTrNoYN/ySKJo1gRsjmZN6Mbwr0rjiqHnFcFSnXUHVp9qJoTwTrJcaMhp5XAw45b3Myco0VCJuKIM1+dgCTp2FjXPfBdcdRkCBUSHhB/260/tl/BMcUQd2Uooz6zbzBVR86Oi7ijk+w+TjShq0FR5jHBY12/lPvKt/mmjLOZq4hYskS7+/QqeFe63g2hhhF4Vsz1HtvcZthgoa1uNpi3vab/8Yvbd1DdQcXkNovq8Hw01p8vEUewRRIHUpIKZauNbsyxKte4zbV3E29hxDSkAB5GpP4Flse9NjT2TurmMaijIQ8JOPtJobke88F7+6uPS7+IFbFn55X1+jXuvRIA3KNhXh184k0ZF0shlaNevgH0O7AefAYAAA==
	Logging: 2026-02-09T21:00:25.3253635Z	2026-02-09T15:00:25.3253635-06:00	Info	MetricsData	Track_HashTables	WebHost.ps1	ProcessLogQueue		Webhost	MainLoop	1	{"prefixesToTry":{"Name":"prefixesToTry","Count":2,"LastSeen":"2026-02-09T15:00:25.3248433-06:00"},"dbRoles":{"Name":"dbRoles","Count":15,"LastSeen":"2026-02-09T15:00:25.3245192-06:00"},"args":{"Name":"args","Count":0,"LastSeen":"2026-02-09T15:00:25.3243842-06:00"},"systemUsers":{"Name":"systemUsers","Count":2,"LastSeen":"2026-02-09T15:00:25.3250044-06:00"},"fileInfo":{"Name":"fileInfo","Count":2,"LastSeen":"2026-02-09T15:00:25.3245828-06:00"},"configRoles":{"Name":"configRoles","Count":6,"LastSeen":"2026-02-09T15:00:25.3244648-06:00"},"ModulePathEnv":{"Name":"ModulePathEnv","Count":19,"LastSeen":"2026-02-09T15:00:25.3247675-06:00"}}
	Logging: 2026-02-09T21:00:55.3439420Z	2026-02-09T15:00:55.3439420-06:00	Verbose	EventViewer	Event\ log\ request:\ 494\ events\ returned	apps\WebhostRealtimeEvents\routes\api\v1\logs\get.ps1	get.ps1		6ec71a85-fb79-4ebc-aa1d-587c7f8b403c		1	{"ResultCount":494,"Filters":{"categories":null,"userID":null,"severities":null,"source":null,"activityName":null,"filter":null,"runspaceID":null,"sessionID":null},"TimeRange":15}
	Logging: 2026-02-09T21:00:55.3803997Z	2026-02-09T15:00:55.3803997-06:00	Info	MetricsData	Track_HashTables	WebHost.ps1	ProcessLogQueue		Webhost	MainLoop	1	H4sIAAAAAAAACpWUW28CIRCF/wvP2rDswi77qg9too2Jtn0eLVqTvWVhmxjjf2/qBQZjU3g9kI/hzJk5ksXyQ62Xqv9W/bz9HCqlSXkkr1ArUj46HJFJOzSGlAkdkRlos1SqISVhlIkxZWMqVwkvKS05f0pzmTNBx1SUlJLTiHTQq8ZMwKA3nGbRPITMKUscWR/0m1Y94t4US03/pxaUMi4ddQNG7dr+gLBWstw8pFpacOG49dnMKRhAZCTG1JzLjEnEhq67A98US5UB1KIQCXJCD2u/bVfBMllIpTLBlV4Q9wZjNc4HWbDU0VF2Hyca0bMQvJAMGQJd99JsW9/msxJns0wFd9Q5mM2XN4I3xc1dSK2p9K2Yqi0MlVlAD7Uyqn+Harib9D+u2HeDxp3nae7enbW75702fn+RGMdmkmX4T++q1/u2WcG6Ut5PvIOobkiRYd9qaPZbpXHsreT6EZTNlGdoDy4uKdS/ZT7Yt1c9Lv05z5m3ufylFbuvEoZiuQEDVbvziWclLpaUJ8WNevoB2PVDQHwGAAA=
	Logging: 2026-02-09T21:00:55.3823968Z	2026-02-09T15:00:55.3823968-06:00	Info	MetricsData	Track_HashTables	WebHost.ps1	ProcessLogQueue		Webhost	MainLoop	1	{"prefixesToTry":{"Name":"prefixesToTry","Count":2,"LastSeen":"2026-02-09T15:00:55.3818762-06:00"},"dbRoles":{"Name":"dbRoles","Count":15,"LastSeen":"2026-02-09T15:00:55.3814577-06:00"},"args":{"Name":"args","Count":0,"LastSeen":"2026-02-09T15:00:55.3813321-06:00"},"systemUsers":{"Name":"systemUsers","Count":2,"LastSeen":"2026-02-09T15:00:55.3820879-06:00"},"fileInfo":{"Name":"fileInfo","Count":2,"LastSeen":"2026-02-09T15:00:55.3815205-06:00"},"configRoles":{"Name":"configRoles","Count":6,"LastSeen":"2026-02-09T15:00:55.3814064-06:00"},"ModulePathEnv":{"Name":"ModulePathEnv","Count":19,"LastSeen":"2026-02-09T15:00:55.3817747-06:00"}}
	Logging: 2026-02-09T21:01:55.6282130Z	2026-02-09T15:01:55.6282130-06:00	Verbose	EventViewer	Event\ log\ request:\ 490\ events\ returned	apps\WebhostRealtimeEvents\routes\api\v1\logs\get.ps1	get.ps1		6ec71a85-fb79-4ebc-aa1d-587c7f8b403c		1	{"ResultCount":490,"Filters":{"categories":null,"userID":null,"severities":null,"source":null,"activityName":null,"filter":null,"runspaceID":null,"sessionID":null},"TimeRange":15}
	Logging: 2026-02-09T21:01:55.6292490Z	2026-02-09T15:01:55.6292490-06:00	Debug	GlobalCache	Updated\ cache:\ 3\ jobs,\ 0\ runspaces,\ 0\ tasks\ \(0\.1975ms\)	WebHost.ps1::Update-GlobalCache	Update-GlobalCache				1	
	Logging: 2026-02-09T21:01:55.6314874Z	2026-02-09T15:01:55.6314874-06:00	Info	MetricsData	Track_HashTables	WebHost.ps1	ProcessLogQueue		Webhost	MainLoop	1	H4sIAAAAAAAACpWUX2/CIBTFvwvPugAFWvqqD1uii4nOPV8dOpP+S6FLjPG7LzqlF+MS+thD8wPOPYcTWSw/zWZp2h/TzuuvrjCW5CfyDqUh+bPFEZnUXeVIzuiIzMC6pTEVyQmnXI0pH1O9YjKnLJfyRSU0UwkdU5VTSs4j0kBrKjcBh/boNY+WMWQlOe/J9mg/rGkR9654ahJBZTRRrKduwZl93R4R1kuem8aclgue9NzyauYUHCAyEgedmcqMZT0bmuYBfFc8VcdQKRUS+dttwrHdBM/kMUytJHL3D/FoMFaH+aC1Fj0dZfd5ohFdREU54QgPTfNW7erQ5qsy0OaUo+HNwW2/gwrelb53UZEQSmErpmYHXeEW0EJpnGnXUHQPTf/nF79vVN1TplEpZ/X+9WBdOF8kDmMLoVGFFsu1ae2hrlawKUxwk2Bh2DTSLEUzLqE67IzFsfdSP4+4jlIdDOTzkkJ7OeaT9/amD0t/phO0wzYo6+Vr2HvFuAhpUNT7kHhVhsWSSeXDfv4FPU9uBHwGAAA=
	Logging: 2026-02-09T21:01:55.6333656Z	2026-02-09T15:01:55.6333656-06:00	Info	MetricsData	Track_HashTables	WebHost.ps1	ProcessLogQueue		Webhost	MainLoop	1	{"prefixesToTry":{"Name":"prefixesToTry","Count":2,"LastSeen":"2026-02-09T15:01:55.6328081-06:00"},"dbRoles":{"Name":"dbRoles","Count":15,"LastSeen":"2026-02-09T15:01:55.6324934-06:00"},"args":{"Name":"args","Count":0,"LastSeen":"2026-02-09T15:01:55.6323676-06:00"},"systemUsers":{"Name":"systemUsers","Count":2,"LastSeen":"2026-02-09T15:01:55.6329674-06:00"},"fileInfo":{"Name":"fileInfo","Count":2,"LastSeen":"2026-02-09T15:01:55.6325558-06:00"},"configRoles":{"Name":"configRoles","Count":6,"LastSeen":"2026-02-09T15:01:55.6324414-06:00"},"ModulePathEnv":{"Name":"ModulePathEnv","Count":19,"LastSeen":"2026-02-09T15:01:55.6327346-06:00"}}
	Logging: 2026-02-09T21:02:10.6389462Z	2026-02-09T15:02:10.6389462-06:00	Info	MetricsData	Track_HashTables	WebHost.ps1	ProcessLogQueue		Webhost	MainLoop	1	H4sIAAAAAAAACpWUzW7CMBCE38VnqNYOtuNc4dBKUCHRn/NCDUUKSRQ7lVDVd69KwVlTKjnXsfV5PTu7n2y5erXrlW0/bLuo37rSOlZ8skc8WFbcOhyxad1VnhUcRmyOzq+srVjBBAg1BjEG88RlAaLgcKeyfCLFZAyqAGBfI9Zgays/RU/e6LWAlilkARnvye7onp1tCfeiBGqWQlXCmJ66QW93dXsk2CAFrk7gap0r0XMPJzNn6JGQiTisZi606tnYNFfgixKoJqViBYZQXbeO23YWAlOkVCql+sO8Npiqw3yQBvKeTrJ7O9GEPkmKMqeGYNM8VNs6tvmkDLRZKTIgC/Sb92gEL0o/dym1guGEulzN7Ba70i+xxYP1tn3Bsrua9H+uhHeTxj0DIO/O69393vm4v0QcxNbGcKB/erGt29fVE65LG/0kOhjUjTzTQpIxxWq/tY7GPkh9P5KyCTIj4Vn+ptD9lHlj3571Yemf5EJHmyteWkP3FddZRMOy3sXEkzIollpLFXb21zfsX1TXfAYAAA==
	Logging: 2026-02-09T21:02:10.6408688Z	2026-02-09T15:02:10.6408688-06:00	Info	MetricsData	Track_HashTables	WebHost.ps1	ProcessLogQueue		Webhost	MainLoop	1	{"prefixesToTry":{"Name":"prefixesToTry","Count":2,"LastSeen":"2026-02-09T15:02:10.6403359-06:00"},"dbRoles":{"Name":"dbRoles","Count":15,"LastSeen":"2026-02-09T15:02:10.6399808-06:00"},"ModulePathEnv":{"Name":"ModulePathEnv","Count":19,"LastSeen":"2026-02-09T15:02:10.6402621-06:00"},"args":{"Name":"args","Count":0,"LastSeen":"2026-02-09T15:02:10.6398437-06:00"},"systemUsers":{"Name":"systemUsers","Count":2,"LastSeen":"2026-02-09T15:02:10.6404972-06:00"},"fileInfo":{"Name":"fileInfo","Count":2,"LastSeen":"2026-02-09T15:02:10.6400470-06:00"},"logEntries":{"Name":"logEntries","Count":4,"LastSeen":"2026-02-09T15:02:10.6401713-06:00"},"configRoles":{"Name":"configRoles","Count":6,"LastSeen":"2026-02-09T15:02:10.6399257-06:00"}}
	Logging: 2026-02-09T21:02:25.7121366Z	2026-02-09T15:02:25.7121366-06:00	Info	MetricsData	Track_HashTables	WebHost.ps1	ProcessLogQueue		Webhost	MainLoop	1	{"prefixesToTry":{"Name":"prefixesToTry","Count":2,"LastSeen":"2026-02-09T15:02:25.7115760-06:00"},"dbRoles":{"Name":"dbRoles","Count":15,"LastSeen":"2026-02-09T15:02:25.7112052-06:00"},"ModulePathEnv":{"Name":"ModulePathEnv","Count":19,"LastSeen":"2026-02-09T15:02:25.7115002-06:00"},"args":{"Name":"args","Count":0,"LastSeen":"2026-02-09T15:02:25.7108807-06:00"},"systemUsers":{"Name":"systemUsers","Count":2,"LastSeen":"2026-02-09T15:02:25.7117396-06:00"},"fileInfo":{"Name":"fileInfo","Count":2,"LastSeen":"2026-02-09T15:02:25.7112871-06:00"},"logEntries":{"Name":"logEntries","Count":2,"LastSeen":"2026-02-09T15:02:25.7114094-06:00"},"configRoles":{"Name":"configRoles","Count":6,"LastSeen":"2026-02-09T15:02:25.7111066-06:00"}}
	Logging: 2026-02-09T21:02:56.0387615Z	2026-02-09T15:02:56.0387615-06:00	Verbose	EventViewer	Event\ log\ request:\ 490\ events\ returned	apps\WebhostRealtimeEvents\routes\api\v1\logs\get.ps1	get.ps1		6ec71a85-fb79-4ebc-aa1d-587c7f8b403c		1	{"ResultCount":490,"Filters":{"categories":null,"userID":null,"severities":null,"source":null,"activityName":null,"filter":null,"runspaceID":null,"sessionID":null},"TimeRange":15}
	Logging: 2026-02-09T21:02:56.0413639Z	2026-02-09T15:02:56.0413639-06:00	Info	MetricsData	Track_HashTables	WebHost.ps1	ProcessLogQueue		Webhost	MainLoop	1	H4sIAAAAAAAACpWUzW7CMBCE38VnqBwnjuNc4dBKUEUKpeclNRQpPyh2KiHEu1fQJllHVLWPGUef17szeyFZ/q52uWq/VLtuPrpSaZJeyCtUiqSPDmdk0XS1IWlAZ2QF2uRK1SQljLJ4Ttmcyk3AU8pSHj/RiAqaRHMap5SS64ycoFW1WYBBd4zagOYuZE6FGMn6rN+0ahG3VwZq6EJNxE3uqQUYdWjaM8IO0sAV/3NDKQOejNzq3swlGEBkJPrVHAUhqhlOpwm4VwaqdKlYRAxVrLudPbZfYWAyp+5SzqfMaYOx6jm7ULCRjrz72NGIHrng44QGVptf6n1jt/mueLZZcjpS12CKTyuCvTLmzqVWFsYodlm+VHvoSpNBC5Uyqt1C2U2S/scvw71OceciRq9ZNYfnozb2fJHoxw4YjlCWb1Wrj029gV2prJdYBz7TiGgcCtS3CurjXmls+0Ea5+HkzUBKtK2yHxfqW5kP9u2v7ud+EcbI/YUV1tuX375KoggltQADZXOwiXfFx5ahTMRo9us3rbol1nwGAAA=
	Logging: 2026-02-09T21:02:56.0436664Z	2026-02-09T15:02:56.0436664-06:00	Info	MetricsData	Track_HashTables	WebHost.ps1	ProcessLogQueue		Webhost	MainLoop	1	{"prefixesToTry":{"Name":"prefixesToTry","Count":2,"LastSeen":"2026-02-09T15:02:56.0429977-06:00"},"dbRoles":{"Name":"dbRoles","Count":15,"LastSeen":"2026-02-09T15:02:56.0425621-06:00"},"args":{"Name":"args","Count":0,"LastSeen":"2026-02-09T15:02:56.0422808-06:00"},"systemUsers":{"Name":"systemUsers","Count":2,"LastSeen":"2026-02-09T15:02:56.0433423-06:00"},"fileInfo":{"Name":"fileInfo","Count":2,"LastSeen":"2026-02-09T15:02:56.0426323-06:00"},"configRoles":{"Name":"configRoles","Count":6,"LastSeen":"2026-02-09T15:02:56.0424599-06:00"},"ModulePathEnv":{"Name":"ModulePathEnv","Count":19,"LastSeen":"2026-02-09T15:02:56.0428969-06:00"}}
	Logging: 2026-02-09T21:03:26.3745217Z	2026-02-09T15:03:26.3745217-06:00	Verbose	EventViewer	Event\ log\ request:\ 490\ events\ returned	apps\WebhostRealtimeEvents\routes\api\v1\logs\get.ps1	get.ps1		6ec71a85-fb79-4ebc-aa1d-587c7f8b403c		1	{"ResultCount":490,"Filters":{"categories":null,"userID":null,"severities":null,"source":null,"activityName":null,"filter":null,"runspaceID":null,"sessionID":null},"TimeRange":15}
	Logging: 2026-02-09T21:03:26.3771095Z	2026-02-09T15:03:26.3771095-06:00	Info	MetricsData	Track_HashTables	WebHost.ps1	ProcessLogQueue		Webhost	MainLoop	1	H4sIAAAAAAAACpWUzW7CMBCE38VnqGwnduJc4dBKUEUKpeeFGoqUP8VOJYR496q0JOuISvZ1bH1ez87uheTFu94VuvvS3br56EttSHYhr1Bpkj06nJFF09eWZIzOyAqMLbSuSUY45XJO+ZyqDRMZjTIun6JExqmicyozSsl1RlrodG0XYNEbozaghQ+ZpzIdyeZs3ozuEPeuDNTIhypFhKh7sPrYdGeEHaSBm3hwhZRMjNzqZuYSLCAyEsNqZomKRja07QR8Vwaq8qk4lqlC/vY7t21/wsDkPpWKVPIpc2owVgN7xxLkMcru40QjeuwVZaEQHtr2pT40rs03JcxmwRkK3Brs/tMZwbsyzp0PVUnXiqU+QF/aHDqotNXdFsp+Mun/XBne9Rr3SMQoNKvm+Hwy1u0vEoPYIpUCxTwvtrozp6bewK7Uzk+cg6BuyJhJtK4qqE8HbXDsB2nsh082heJ4mvLfFJqfMh/s2z89LP2CJdLZXO7SCtxXQsUoQHuwUDZHl3hTwmIpI5rcqddvfsVMPnwGAAA=
	Logging: 2026-02-09T21:03:26.3791539Z	2026-02-09T15:03:26.3791539-06:00	Info	MetricsData	Track_HashTables	WebHost.ps1	ProcessLogQueue		Webhost	MainLoop	1	{"prefixesToTry":{"Name":"prefixesToTry","Count":2,"LastSeen":"2026-02-09T15:03:26.3784191-06:00"},"dbRoles":{"Name":"dbRoles","Count":15,"LastSeen":"2026-02-09T15:03:26.3780764-06:00"},"args":{"Name":"args","Count":0,"LastSeen":"2026-02-09T15:03:26.3779544-06:00"},"systemUsers":{"Name":"systemUsers","Count":2,"LastSeen":"2026-02-09T15:03:26.3785784-06:00"},"fileInfo":{"Name":"fileInfo","Count":2,"LastSeen":"2026-02-09T15:03:26.3781382-06:00"},"configRoles":{"Name":"configRoles","Count":6,"LastSeen":"2026-02-09T15:03:26.3780255-06:00"},"ModulePathEnv":{"Name":"ModulePathEnv","Count":19,"LastSeen":"2026-02-09T15:03:26.3783117-06:00"}}
	Logging: 2026-02-09T21:03:56.5817218Z	2026-02-09T15:03:56.5817218-06:00	Info	MetricsData	Track_HashTables	WebHost.ps1	ProcessLogQueue		Webhost	MainLoop	1	{"prefixesToTry":{"Name":"prefixesToTry","Count":2,"LastSeen":"2026-02-09T15:03:56.5812529-06:00"},"dbRoles":{"Name":"dbRoles","Count":15,"LastSeen":"2026-02-09T15:03:56.5808852-06:00"},"args":{"Name":"args","Count":0,"LastSeen":"2026-02-09T15:03:56.5807626-06:00"},"systemUsers":{"Name":"systemUsers","Count":2,"LastSeen":"2026-02-09T15:03:56.5814100-06:00"},"fileInfo":{"Name":"fileInfo","Count":2,"LastSeen":"2026-02-09T15:03:56.5809469-06:00"},"configRoles":{"Name":"configRoles","Count":6,"LastSeen":"2026-02-09T15:03:56.5808336-06:00"},"ModulePathEnv":{"Name":"ModulePathEnv","Count":19,"LastSeen":"2026-02-09T15:03:56.5811735-06:00"}}
	Logging: 2026-02-09T21:04:26.9795873Z	2026-02-09T15:04:26.9795873-06:00	Verbose	EventViewer	Event\ log\ request:\ 488\ events\ returned	apps\WebhostRealtimeEvents\routes\api\v1\logs\get.ps1	get.ps1		6ec71a85-fb79-4ebc-aa1d-587c7f8b403c		1	{"ResultCount":488,"Filters":{"categories":null,"userID":null,"severities":null,"source":null,"activityName":null,"filter":null,"runspaceID":null,"sessionID":null},"TimeRange":15}
	Logging: 2026-02-09T21:04:26.9820543Z	2026-02-09T15:04:26.9820543-06:00	Info	MetricsData	Track_HashTables	WebHost.ps1	ProcessLogQueue		Webhost	MainLoop	1	H4sIAAAAAAAACpWUS2/CMBCE/4vPUG0c23lc6aGV2goplJ4XaihSHih2KlWI/16BwF5TKjnHTKLPm5lZH9i8+tCrSvffun/tPodaG1Ye2Bs2mpX3Xk7YrBtay8oEJuwFja20blnJOHA1BT6FYpHIEkTJ1UORJxIUTEGVAOw4YXvsdWtnaMkZXnNoGUPmRZp4svkx70b3hHtVHDWNoaos5566Rqu3Xf9DsE5y3CyCC1kuhOc2ZzMf0SIhE3HczDzJC8/G/f4GfFUctYiZWBaSJGeGVRjbRXBMHuUuZPKWeWswVUdmJyDzdNLd+40mdBGDF5lMA5uf200X2nxWxtmsZJp76iva9VewglfF713MrEkOhDqvHvUGh9rOscdGW90vsR5uNv2fT9y5UeueqpTU/KXbPu2MDfMl4jg2KEHKM6+Wuje7rl3gqtbBnwQvRqWRCF6QjBtsdxttaO2d5POI6mYiQP3ppjmNeee+vejj2i9TSdq/Dpb19DTyvgJBtn+NFutuGxLPyqhaQia5q+XxF3Rl5xl8BgAA
	Logging: 2026-02-09T21:04:26.9839159Z	2026-02-09T15:04:26.9839159-06:00	Info	MetricsData	Track_HashTables	WebHost.ps1	ProcessLogQueue		Webhost	MainLoop	1	{"prefixesToTry":{"Name":"prefixesToTry","Count":2,"LastSeen":"2026-02-09T15:04:26.9834394-06:00"},"dbRoles":{"Name":"dbRoles","Count":15,"LastSeen":"2026-02-09T15:04:26.9831171-06:00"},"args":{"Name":"args","Count":0,"LastSeen":"2026-02-09T15:04:26.9829880-06:00"},"systemUsers":{"Name":"systemUsers","Count":2,"LastSeen":"2026-02-09T15:04:26.9836028-06:00"},"fileInfo":{"Name":"fileInfo","Count":2,"LastSeen":"2026-02-09T15:04:26.9831818-06:00"},"configRoles":{"Name":"configRoles","Count":6,"LastSeen":"2026-02-09T15:04:26.9830638-06:00"},"ModulePathEnv":{"Name":"ModulePathEnv","Count":19,"LastSeen":"2026-02-09T15:04:26.9833650-06:00"}}
	Logging: 2026-02-09T21:04:42.3685038Z	2026-02-09T15:04:42.3685038-06:00	Info	MetricsData	Track_HashTables	WebHost.ps1	ProcessLogQueue		Webhost	MainLoop	1	H4sIAAAAAAAACpWUUW/CIBSF/wvPugClUPqqD1uiS5M694wbOpPaGqBLjPG/L3OWXoxL4PVAPi7nnnvPqKrf9abW5lubZffZN9qi8oxe1UGj8tHhBM26vnWoJHiCFsq6WusWlYhiyqeYTrFckbzErGT0KeOiEBxPMS8xRpcJOiqjWzdTDrwxah6dx5C5kIBsT/bNagO4g+KpWQS1IIzwkfqhnN515gSwXvJcEVMtzQtQ7eFq5lw5BchATKpZcJJlI1sdj3fgQfFUGUPFBQNU22/Ctt0Ez6QxTClkfs+8Nxiqab3DRQ56B7L7ONGAzqKizDgLbH5pt11o81VJs5lkObB5qdzHVzCCgzLOXQw1F1JAK+Z6q/rGVcqog3barFXT3036P1f8u1HjLhgFMV90u+e9dWF/gZjGZhyyq3qtjd137UptGh38JDhI60aBswKMqWr3W21h7L009iNqRnOWgeRXfym0v2U+2Lc3PW0LSMxksLnCpZW4r4hkJKCpptuFxKuSFktKOR2olx+3seFOfAYAAA==
	Logging: 2026-02-09T21:04:42.3729998Z	2026-02-09T15:04:42.3729998-06:00	Info	MetricsData	Track_HashTables	WebHost.ps1	ProcessLogQueue		Webhost	MainLoop	1	{"prefixesToTry":{"Name":"prefixesToTry","Count":2,"LastSeen":"2026-02-09T15:04:42.3700409-06:00"},"dbRoles":{"Name":"dbRoles","Count":15,"LastSeen":"2026-02-09T15:04:42.3696958-06:00"},"ModulePathEnv":{"Name":"ModulePathEnv","Count":19,"LastSeen":"2026-02-09T15:04:42.3699675-06:00"},"args":{"Name":"args","Count":0,"LastSeen":"2026-02-09T15:04:42.3695665-06:00"},"systemUsers":{"Name":"systemUsers","Count":2,"LastSeen":"2026-02-09T15:04:42.3702095-06:00"},"fileInfo":{"Name":"fileInfo","Count":2,"LastSeen":"2026-02-09T15:04:42.3697580-06:00"},"logEntries":{"Name":"logEntries","Count":3,"LastSeen":"2026-02-09T15:04:42.3698771-06:00"},"configRoles":{"Name":"configRoles","Count":6,"LastSeen":"2026-02-09T15:04:42.3696428-06:00"}}
	Logging: 2026-02-09T21:05:27.4479130Z	2026-02-09T15:05:27.4479130-06:00	Verbose	EventViewer	Event\ log\ request:\ 489\ events\ returned	apps\WebhostRealtimeEvents\routes\api\v1\logs\get.ps1	get.ps1		6ec71a85-fb79-4ebc-aa1d-587c7f8b403c		1	{"ResultCount":489,"Filters":{"categories":null,"userID":null,"severities":null,"source":null,"activityName":null,"filter":null,"runspaceID":null,"sessionID":null},"TimeRange":15}
	Logging: 2026-02-09T21:05:27.4500583Z	2026-02-09T15:05:27.4500583-06:00	Info	MetricsData	Track_HashTables	WebHost.ps1	ProcessLogQueue		Webhost	MainLoop	1	H4sIAAAAAAAACpWUX2vCMBTFv0uedSSxadK+6sMGOgp17vnqohP6jyYdiPjdh86mN+IgfT0pv6TnnnPPJMs/9TbX7Y9uV/VXV2hD0jN5h1KT9NnhhMzrrrIkZXRClmBsrnVFUsIpj6eUT2myZiKlIuXyJYqSmMpkSuOUUnKZkAZaXdk5WHTHoDm0CCHPuJwNZHMyH0a3iNsrjjoLoUqZIOoOrD7U7QlhneS4MoCrEibYwC1vZi7AAiIjcdybuYjjgQ1N8wDuFUdNQl4so6vs/O22/tjugmPyIHepUo/MR4OxOnJ2ERMDHWX3eaIRPQrBCynRCKFp3qp97dt8U8bZrCiLBuoK7O7bq2CvDL0LigRTqHZZvtB76AqbQQultrrdQNE9NP2fT9y9QXWPGEf3LuvD69FYf75IHMdmnCKnsnyjW3OsqzVsC+39iXcwahqJ4BzVv4TquNcGx95JwzyCsskUQ23K/lJors98sm/v+rj0xzMpvc3lL62R+0oJ3P4dWCjqg0+8KaNiqZSKaE+9/AJoc8SRfAYAAA==
	Logging: 2026-02-09T21:05:27.4518712Z	2026-02-09T15:05:27.4518712-06:00	Info	MetricsData	Track_HashTables	WebHost.ps1	ProcessLogQueue		Webhost	MainLoop	1	{"prefixesToTry":{"Name":"prefixesToTry","Count":2,"LastSeen":"2026-02-09T15:05:27.4513481-06:00"},"dbRoles":{"Name":"dbRoles","Count":15,"LastSeen":"2026-02-09T15:05:27.4510419-06:00"},"args":{"Name":"args","Count":0,"LastSeen":"2026-02-09T15:05:27.4509162-06:00"},"systemUsers":{"Name":"systemUsers","Count":2,"LastSeen":"2026-02-09T15:05:27.4514998-06:00"},"fileInfo":{"Name":"fileInfo","Count":2,"LastSeen":"2026-02-09T15:05:27.4511024-06:00"},"configRoles":{"Name":"configRoles","Count":6,"LastSeen":"2026-02-09T15:05:27.4509909-06:00"},"ModulePathEnv":{"Name":"ModulePathEnv","Count":19,"LastSeen":"2026-02-09T15:05:27.4512736-06:00"}}
	Logging: 2026-02-09T21:05:57.4886875Z	2026-02-09T15:05:57.4886875-06:00	Verbose	EventViewer	Event\ log\ request:\ 489\ events\ returned	apps\WebhostRealtimeEvents\routes\api\v1\logs\get.ps1	get.ps1		6ec71a85-fb79-4ebc-aa1d-587c7f8b403c		1	{"ResultCount":489,"Filters":{"categories":null,"userID":null,"severities":null,"source":null,"activityName":null,"filter":null,"runspaceID":null,"sessionID":null},"TimeRange":15}
	Logging: 2026-02-09T21:05:57.4916936Z	2026-02-09T15:05:57.4916936-06:00	Info	MetricsData	Track_HashTables	WebHost.ps1	ProcessLogQueue		Webhost	MainLoop	1	H4sIAAAAAAAACpWUUW/CIBSF/wvPulAs0NtXfdgSXUx02zM6dCa1NUCXGON/XzRKL53L4LGnzcftOedyIvPFh14ttPnWZtZ8tpW2pDyRV7XXpHz0ckDGTVs7UmZ0QKbKuoXWNSkJo0wMKRtSWGa8pLzk8ikHWhQwGlJRUkrOA3JQRtdurBw6o9M8mseQczEqOrI92jerDeLeFU8dRVAzKkB01LVyetuYI8J6yXPl/9wCJJdo2v3VzIlyCpGRmDQzzXKG2Opw6IHviqdCzMQcGErOtqswtpvgmSxmUoCc95l9g7GamB0TKDvU3ceNRvQ8qspc5oHNL/WmCW2+Kmk2i1yg8GbKrb+CFbwr3d5FVYIKwFZM9Ea1lZsro/baafOuqra36X984s+NWnfOC9mdO222zzvrwnyRmMIuAIQM4n3Xxu6aeqlWlQ7+JHiRkgZQCZChNVX1bqMtrr2XujyidpQKyX51017GfHDf3vS0WwAYRdavg2W9PKXdVwJESFNVsw2JVyWllgVIJr295x+FPSOQfAYAAA==
	Logging: 2026-02-09T21:05:57.4938649Z	2026-02-09T15:05:57.4938649-06:00	Info	MetricsData	Track_HashTables	WebHost.ps1	ProcessLogQueue		Webhost	MainLoop	1	{"prefixesToTry":{"Name":"prefixesToTry","Count":2,"LastSeen":"2026-02-09T15:05:57.4933284-06:00"},"dbRoles":{"Name":"dbRoles","Count":15,"LastSeen":"2026-02-09T15:05:57.4927074-06:00"},"args":{"Name":"args","Count":0,"LastSeen":"2026-02-09T15:05:57.4925725-06:00"},"systemUsers":{"Name":"systemUsers","Count":2,"LastSeen":"2026-02-09T15:05:57.4935166-06:00"},"fileInfo":{"Name":"fileInfo","Count":2,"LastSeen":"2026-02-09T15:05:57.4927710-06:00"},"configRoles":{"Name":"configRoles","Count":6,"LastSeen":"2026-02-09T15:05:57.4926478-06:00"},"ModulePathEnv":{"Name":"ModulePathEnv","Count":19,"LastSeen":"2026-02-09T15:05:57.4929509-06:00"}}
	Logging: 2026-02-09T21:06:27.5291087Z	2026-02-09T15:06:27.5291087-06:00	Verbose	EventViewer	Event\ log\ request:\ 489\ events\ returned	apps\WebhostRealtimeEvents\routes\api\v1\logs\get.ps1	get.ps1		6ec71a85-fb79-4ebc-aa1d-587c7f8b403c		1	{"ResultCount":489,"Filters":{"categories":null,"userID":null,"severities":null,"source":null,"activityName":null,"filter":null,"runspaceID":null,"sessionID":null},"TimeRange":15}
	Logging: 2026-02-09T21:06:27.5314019Z	2026-02-09T15:06:27.5314019-06:00	Info	MetricsData	Track_HashTables	WebHost.ps1	ProcessLogQueue		Webhost	MainLoop	1	H4sIAAAAAAAACpWUzW7CMBCE38VnqDZOYse5wqGVoIoUSs8LNRQpPyh2KiHEu1dQcNaUqsl1bH1ez87ukWX5u17luvnSzbz+aAttWHpkr1hqlj46HLFJ3VaWpQGM2AyNzbWuWMo4cDEGPga1COIURMrlUxxCEgsxBpECsNOI7bHRlZ2gJW90mkPHfcgiSJKObA7mzeiGcG+Ko4Y9qAGEgeyoa7R6WzcHgnWS48o+1Qb8rN245cXMKVokZCIOqhli4FHHxv3+DnxTHFX9T+VKhZJQTbvy23YVHJP3qVQJ+MW8N5iqw3xQKiR0kt3HiSb0qFeUeRx6Nr9Um9q3+aIMtFmB6qhztOtPbwRvSjd3fWqNhIypFVO9wbawGTZYaqubJRbt3aT/ccW922vcZcCJR7N6+7wz1u8vEYexQ0FHKMuXujG7ulrgqtDeT7yDId0IQUpF6i+x2m20obF3UtePXtmMuCJ7MPtJoTmX+WDfXvVh6U8SGXiby19aA/cVRDRAa7RY1FufeFGGxRJk58LpGyJFDhh8BgAA
	Logging: 2026-02-09T21:06:27.5333991Z	2026-02-09T15:06:27.5333991-06:00	Info	MetricsData	Track_HashTables	WebHost.ps1	ProcessLogQueue		Webhost	MainLoop	1	{"prefixesToTry":{"Name":"prefixesToTry","Count":2,"LastSeen":"2026-02-09T15:06:27.5329005-06:00"},"dbRoles":{"Name":"dbRoles","Count":15,"LastSeen":"2026-02-09T15:06:27.5325809-06:00"},"args":{"Name":"args","Count":0,"LastSeen":"2026-02-09T15:06:27.5324348-06:00"},"systemUsers":{"Name":"systemUsers","Count":2,"LastSeen":"2026-02-09T15:06:27.5330670-06:00"},"fileInfo":{"Name":"fileInfo","Count":2,"LastSeen":"2026-02-09T15:06:27.5326444-06:00"},"configRoles":{"Name":"configRoles","Count":6,"LastSeen":"2026-02-09T15:06:27.5325267-06:00"},"ModulePathEnv":{"Name":"ModulePathEnv","Count":19,"LastSeen":"2026-02-09T15:06:27.5328253-06:00"}}
	Logging: 2026-02-09T21:06:57.7714454Z	2026-02-09T15:06:57.7714454-06:00	Verbose	EventViewer	Event\ log\ request:\ 488\ events\ returned	apps\WebhostRealtimeEvents\routes\api\v1\logs\get.ps1	get.ps1		6ec71a85-fb79-4ebc-aa1d-587c7f8b403c		1	{"ResultCount":488,"Filters":{"categories":null,"userID":null,"severities":null,"source":null,"activityName":null,"filter":null,"runspaceID":null,"sessionID":null},"TimeRange":15}
	Logging: 2026-02-09T21:06:57.7724672Z	2026-02-09T15:06:57.7724672-06:00	Debug	GlobalCache	Updated\ cache:\ 3\ jobs,\ 0\ runspaces,\ 0\ tasks\ \(0\.2148ms\)	WebHost.ps1::Update-GlobalCache	Update-GlobalCache				1	
	Logging: 2026-02-09T21:06:57.7745433Z	2026-02-09T15:06:57.7745433-06:00	Info	MetricsData	Track_HashTables	WebHost.ps1	ProcessLogQueue		Webhost	MainLoop	1	H4sIAAAAAAAACpWUT4vCMBDFv0vOuiRN07S96mEXdCnU1fPoRlfoP5p0QcTvvii2nRQXkmNfyi+TN2/mSrJ8p/a5an9Vu66/u0Jpkl7JJ5SKpK8OZ2RRd5UhKaMzsgJtcqUqkpKABtGcBnOabJhIaZQK+SYlT+IgntMopZTcZqSBVlVmAQbdMWoDWriQpYz4SNYX/aVVi7i9MlC5AzVkQsqRegCjTnV7QdhBGrjSpVouqBi55cPMJRhAZCR61cwlleHIhqaZgHtloCYuVCYp9rfb2217CgMzcHGXxiKZMqcGY9WzdyyJRjrK7utEI3roFGXBUDSgaT6qY23b/FD8bA5CbPMazOHHGsFeGefOhRpJjmrN8qU6QleYDFoolVHtFopuMun//DLc6zTucchQFFf16f2sjd1fJPqxhQyRU1m+Va0+19UG9oWyXmId+HUjoXiplFCdj0rj2A/S2A+nGY24tIrf3VOo72W+2LdP3S/9lHFk/cEa1vuX374K4oRZNCjqk018KH6x5AGlPfX2Bzv6hFx8BgAA
	Logging: 2026-02-09T21:06:57.7763305Z	2026-02-09T15:06:57.7763305-06:00	Info	MetricsData	Track_HashTables	WebHost.ps1	ProcessLogQueue		Webhost	MainLoop	1	{"prefixesToTry":{"Name":"prefixesToTry","Count":2,"LastSeen":"2026-02-09T15:06:57.7758317-06:00"},"dbRoles":{"Name":"dbRoles","Count":15,"LastSeen":"2026-02-09T15:06:57.7755189-06:00"},"args":{"Name":"args","Count":0,"LastSeen":"2026-02-09T15:06:57.7753969-06:00"},"systemUsers":{"Name":"systemUsers","Count":2,"LastSeen":"2026-02-09T15:06:57.7759935-06:00"},"fileInfo":{"Name":"fileInfo","Count":2,"LastSeen":"2026-02-09T15:06:57.7755795-06:00"},"configRoles":{"Name":"configRoles","Count":6,"LastSeen":"2026-02-09T15:06:57.7754688-06:00"},"ModulePathEnv":{"Name":"ModulePathEnv","Count":19,"LastSeen":"2026-02-09T15:06:57.7757589-06:00"}}
	Logging: 2026-02-09T21:07:13.0997984Z	2026-02-09T15:07:13.0997984-06:00	Verbose	EventViewer	Event\ log\ request:\ 493\ events\ returned	apps\WebhostRealtimeEvents\routes\api\v1\logs\get.ps1	get.ps1		6ec71a85-fb79-4ebc-aa1d-587c7f8b403c		1	{"ResultCount":493,"Filters":{"categories":null,"userID":null,"severities":null,"source":null,"activityName":null,"filter":null,"runspaceID":null,"sessionID":null},"TimeRange":15}
	Logging: 2026-02-09T21:07:13.1023197Z	2026-02-09T15:07:13.1023197-06:00	Info	MetricsData	Track_HashTables	WebHost.ps1	ProcessLogQueue		Webhost	MainLoop	1	H4sIAAAAAAAACpWUzW7CMBCE38VnqNbOj+Nc4dBKUEUKpeeFGooUEhQ7lRDi3StocdaUSs4x4+jzenZnT6wo3/Wq1O2XbufNR1dpw/ITe8W9ZvmjwxGbNF1tWc5hxGZobKl1zXImQKRjEGNQC57kIHMePXHgKpLJGNIcgJ1H7ICtru0ELbmj1xw6CSFLrrKebI7mzeiWcG+Ko0YBVMFBpT11jVZvm/ZIsE5yXBlSrcgkqXZ/NXOKFgmZiINq5qngomfj4XAHvimOqgKooLgkTphu5bftV3BMEeIuRNTdH8S9wVQd1juQAno6md3HE03ocdAoQxp7Nr/Um8a3+aoMtFkmhDpHu/70InhT+tyF1JpkKTG6KKd6g11lC2xxr61ul1h1d0n/5xd3b1DcpUqi/t5Zs33eGev3l4jD2LESxKmiXOrW7Jp6gatKey/xDgZ1g2cpSBJTrHcbbejYO6nvR1BGk1ipP7NpLmU+2Le/+rAtoNKMbNq1F9bL17B9BXFEdsoaLVbN1idelWFjyUG6Fp6/ASdbGqd8BgAA
	Logging: 2026-02-09T21:07:13.1044002Z	2026-02-09T15:07:13.1044002-06:00	Info	MetricsData	Track_HashTables	WebHost.ps1	ProcessLogQueue		Webhost	MainLoop	1	{"prefixesToTry":{"Name":"prefixesToTry","Count":2,"LastSeen":"2026-02-09T15:07:13.1037280-06:00"},"dbRoles":{"Name":"dbRoles","Count":15,"LastSeen":"2026-02-09T15:07:13.1033858-06:00"},"ModulePathEnv":{"Name":"ModulePathEnv","Count":19,"LastSeen":"2026-02-09T15:07:13.1036551-06:00"},"args":{"Name":"args","Count":0,"LastSeen":"2026-02-09T15:07:13.1032572-06:00"},"systemUsers":{"Name":"systemUsers","Count":2,"LastSeen":"2026-02-09T15:07:13.1038878-06:00"},"fileInfo":{"Name":"fileInfo","Count":2,"LastSeen":"2026-02-09T15:07:13.1034488-06:00"},"logEntries":{"Name":"logEntries","Count":4,"LastSeen":"2026-02-09T15:07:13.1035665-06:00"},"configRoles":{"Name":"configRoles","Count":6,"LastSeen":"2026-02-09T15:07:13.1033319-06:00"}}
	Logging: 2026-02-09T21:07:58.2249000Z	2026-02-09T15:07:58.2249000-06:00	Verbose	EventViewer	Event\ log\ request:\ 492\ events\ returned	apps\WebhostRealtimeEvents\routes\api\v1\logs\get.ps1	get.ps1		6ec71a85-fb79-4ebc-aa1d-587c7f8b403c		1	{"ResultCount":492,"Filters":{"categories":null,"userID":null,"severities":null,"source":null,"activityName":null,"filter":null,"runspaceID":null,"sessionID":null},"TimeRange":15}
	Logging: 2026-02-09T21:07:58.2259901Z	2026-02-09T15:07:58.2259901-06:00	Debug	GlobalCache	Updated\ cache:\ 3\ jobs,\ 0\ runspaces,\ 0\ tasks\ \(0\.2128ms\)	WebHost.ps1::Update-GlobalCache	Update-GlobalCache				1	
	Logging: 2026-02-09T21:07:58.2279933Z	2026-02-09T15:07:58.2279933-06:00	Info	MetricsData	Track_HashTables	WebHost.ps1	ProcessLogQueue		Webhost	MainLoop	1	H4sIAAAAAAAACpWUy27CMBBF/8VrqGwnfiRbWLQSVEhQuh5SQ5HyQLFTCSH+vYIWZ0yp5CxzHR2P79yZE1ks381madov086bj640luQn8gqVIfmjwxGZNF3tSM7oiMzAuqUxNckJp1yOKR/TbMVETlUu9BPnKuWajanMKSXnETlAa2o3AYfu6DWPFjFkzlnWk+3RvlnTIu5N8dQkhipTnfTUApzZNe0RYb3kuSqCKzXLVM+trmZOwQEiI3FYzUxw0bPhcLgD3xRPzWIqlkmKqLbbhG37FTyTx1QquEYu/CDuDcbqMB+EpIiOsvs40YiexuCTTOrA5pd624Q2X5WBNmuFAjcHV3wGI3hT+rmLigRTHFsxNVvoSreAFirjTLuGsrub9H9+8fdGjTvXGoVm1uye99aF/UXiMDblTOI3rU1r9029gk1pgpcEB4O6oRLBUI8rqPdbY3HsvdT3IyqbVFP6J5v2UuaDffurD0t/KhSypwiG9fI1bF+pRKHtWoCDstmFxKsyKJZSaeXtPX8DswnQI3wGAAA=
	Logging: 2026-02-09T21:07:58.2298129Z	2026-02-09T15:07:58.2298129-06:00	Info	MetricsData	Track_HashTables	WebHost.ps1	ProcessLogQueue		Webhost	MainLoop	1	{"prefixesToTry":{"Name":"prefixesToTry","Count":2,"LastSeen":"2026-02-09T15:07:58.2293266-06:00"},"dbRoles":{"Name":"dbRoles","Count":15,"LastSeen":"2026-02-09T15:07:58.2290121-06:00"},"args":{"Name":"args","Count":0,"LastSeen":"2026-02-09T15:07:58.2288861-06:00"},"systemUsers":{"Name":"systemUsers","Count":2,"LastSeen":"2026-02-09T15:07:58.2294833-06:00"},"fileInfo":{"Name":"fileInfo","Count":2,"LastSeen":"2026-02-09T15:07:58.2290752-06:00"},"configRoles":{"Name":"configRoles","Count":6,"LastSeen":"2026-02-09T15:07:58.2289607-06:00"},"ModulePathEnv":{"Name":"ModulePathEnv","Count":19,"LastSeen":"2026-02-09T15:07:58.2292536-06:00"}}
	Logging: 2026-02-09T21:08:13.2720132Z	2026-02-09T15:08:13.2720132-06:00	Verbose	EventViewer	Event\ log\ request:\ 497\ events\ returned	apps\WebhostRealtimeEvents\routes\api\v1\logs\get.ps1	get.ps1		6ec71a85-fb79-4ebc-aa1d-587c7f8b403c		1	{"ResultCount":497,"Filters":{"categories":null,"userID":null,"severities":null,"source":null,"activityName":null,"filter":null,"runspaceID":null,"sessionID":null},"TimeRange":15}
	Logging: 2026-02-09T21:08:13.2748317Z	2026-02-09T15:08:13.2748317-06:00	Info	MetricsData	Track_HashTables	WebHost.ps1	ProcessLogQueue		Webhost	MainLoop	1	H4sIAAAAAAAACpWUX2vCMBTFv0uedeSfbdNXfdhAR6HOPUd3dUJtpUkHIn73oWh60zlIXk/KL+m559wzKcpPWJfQ/kC7aL66CgzJz+RdH4Dkzw5HZNp0tSU5oyMy18aWADXJCac8GVM+pmrJJjnNciZeeCq5FGpMk5xSchmRo26htlNt0R295tCTEDIVgvVkczIfBlrEfSiOKkKokrGkp260hV3TnhDWSY6bBnCFVEL23MPNzJm2GpGRGPVmoZIUOaGPxwH4oTiqCqFSJSnyt1v7Y7sLjslD3BWS8yFzaDBW42YnUonoKLvPE43oMijKTArP5rd62/g235Q4m5lMUEEW2m6+vQo+lL53QZEQHFGLcgZb3VW20K0+gIV2patu0PR/PnH3BtWdKoVGMG92r3tj/fkiMYotMpaiChXlClqzb+qlXlfg/Yl3EDUNydKr5mqq6/0WDI69k/p5BHU0Uyz9k01zfeaTfXvX49J/ray3ufylFbmvmEomHk1Xzc4n3pS4WHKeuTdefgGmcXZlfAYAAA==
	Logging: 2026-02-09T21:08:13.2769534Z	2026-02-09T15:08:13.2769534-06:00	Info	MetricsData	Track_HashTables	WebHost.ps1	ProcessLogQueue		Webhost	MainLoop	1	{"prefixesToTry":{"Name":"prefixesToTry","Count":2,"LastSeen":"2026-02-09T15:08:13.2762840-06:00"},"dbRoles":{"Name":"dbRoles","Count":15,"LastSeen":"2026-02-09T15:08:13.2759510-06:00"},"ModulePathEnv":{"Name":"ModulePathEnv","Count":19,"LastSeen":"2026-02-09T15:08:13.2762138-06:00"},"args":{"Name":"args","Count":0,"LastSeen":"2026-02-09T15:08:13.2758280-06:00"},"systemUsers":{"Name":"systemUsers","Count":2,"LastSeen":"2026-02-09T15:08:13.2764529-06:00"},"fileInfo":{"Name":"fileInfo","Count":2,"LastSeen":"2026-02-09T15:08:13.2760121-06:00"},"logEntries":{"Name":"logEntries","Count":4,"LastSeen":"2026-02-09T15:08:13.2761277-06:00"},"configRoles":{"Name":"configRoles","Count":6,"LastSeen":"2026-02-09T15:08:13.2759008-06:00"}}
	Logging: 2026-02-09T21:08:58.4988660Z	2026-02-09T15:08:58.4988660-06:00	Verbose	EventViewer	Event\ log\ request:\ 500\ events\ returned	apps\WebhostRealtimeEvents\routes\api\v1\logs\get.ps1	get.ps1		6ec71a85-fb79-4ebc-aa1d-587c7f8b403c		1	{"ResultCount":500,"Filters":{"categories":null,"userID":null,"severities":null,"source":null,"activityName":null,"filter":null,"runspaceID":null,"sessionID":null},"TimeRange":15}
	Logging: 2026-02-09T21:08:58.4998703Z	2026-02-09T15:08:58.4998703-06:00	Debug	GlobalCache	Updated\ cache:\ 3\ jobs,\ 0\ runspaces,\ 0\ tasks\ \(0\.204ms\)	WebHost.ps1::Update-GlobalCache	Update-GlobalCache				1	
	Logging: 2026-02-09T21:08:58.5018256Z	2026-02-09T15:08:58.5018256-06:00	Info	MetricsData	Track_HashTables	WebHost.ps1	ProcessLogQueue		Webhost	MainLoop	1	H4sIAAAAAAAACpWUy27CMBBF/8VrqMZ2HCfZwqKVoIoUStemNRQpDxQ7lRDi3yseccaISs722joez9w7J5IXn3pT6PZXt8vmuyu1IdmJvKtKk+zZ4YTMmq62JKMwIQtlbKF1TTLCgMVTYFNIV1RkkGQieRFAeRJHU4gzAHKekINqdW1nyqI3Bs2hRQiZSsEHsjmaD6NbxO0VR+UhVCFBDtQvZfWuaY8I6yTHlQFckPKi9dzq2sy5sgqRkTiuZgoxHdjqcHgA94qjpiEVi5glqL/dxh/bXXBMFlJplCao0hviscFYHTk7zmCgI+8+dzSiR0FWFlHqtfmt3jZ+m6/KuDbHLELGWCr79eNFsFeG3IXUChJQ7PJirreqK22uWlVpq9u1KruHpP9zxb0bFHcWMRSfRbN73RvrzxeJo9iQSi7wn9a6NfumXqlNqb2feAejpkE5JOiNStX7rTbY9k4a5hHkTeAcpSm/udBcynyyb+/6OPdHVMTe5vKX1sh9FcvEp6my2fnEqzLKliBp6qjnPyuVfaN8BgAA
	Logging: 2026-02-09T21:08:58.5035131Z	2026-02-09T15:08:58.5035131-06:00	Info	MetricsData	Track_HashTables	WebHost.ps1	ProcessLogQueue		Webhost	MainLoop	1	{"prefixesToTry":{"Name":"prefixesToTry","Count":2,"LastSeen":"2026-02-09T15:08:58.5031054-06:00"},"dbRoles":{"Name":"dbRoles","Count":15,"LastSeen":"2026-02-09T15:08:58.5027917-06:00"},"args":{"Name":"args","Count":0,"LastSeen":"2026-02-09T15:08:58.5026697-06:00"},"systemUsers":{"Name":"systemUsers","Count":2,"LastSeen":"2026-02-09T15:08:58.5032638-06:00"},"fileInfo":{"Name":"fileInfo","Count":2,"LastSeen":"2026-02-09T15:08:58.5028530-06:00"},"configRoles":{"Name":"configRoles","Count":6,"LastSeen":"2026-02-09T15:08:58.5027415-06:00"},"ModulePathEnv":{"Name":"ModulePathEnv","Count":19,"LastSeen":"2026-02-09T15:08:58.5030310-06:00"}}
	Logging: 2026-02-09T21:09:13.5258686Z	2026-02-09T15:09:13.5258686-06:00	Verbose	EventViewer	Event\ log\ request:\ 501\ events\ returned	apps\WebhostRealtimeEvents\routes\api\v1\logs\get.ps1	get.ps1		6ec71a85-fb79-4ebc-aa1d-587c7f8b403c		1	{"ResultCount":501,"Filters":{"categories":null,"userID":null,"severities":null,"source":null,"activityName":null,"filter":null,"runspaceID":null,"sessionID":null},"TimeRange":15}
	Logging: 2026-02-09T21:09:13.5291989Z	2026-02-09T15:09:13.5291989-06:00	Info	MetricsData	Track_HashTables	WebHost.ps1	ProcessLogQueue		Webhost	MainLoop	1	H4sIAAAAAAAACpWUXWvCMBSG/0uudaRpPnurFxvoKNS566OLTqitNOlAxP8+dDNNnIPk9kl5cnrOe3JCZfWuV5XuvnQ3bz/6WhtUnNAr7DUqHh2O0KTtG4uKDI/QDIyttG5QgQgmfIzJGKtFxgqsiix/YkRyJeQY8wJjdB6hA3S6sROw3h0Dc2oWY6aS0sFsjubN6M7z3oiz5jFWlXMxWNdg9bbtjp7WIecVEV6hMPW8+2szp2DBM3swreZcMjW44XC4E9+Is6qYigUlntX0q3Bsv8A5SUylEuM/zvsG+zStD5JzPNi97D5OtGenUVHmPAva/NJs2rDNV5LYZsX4YJ2DXX8GK3gjw97F1EpU5tVaVlO9gb62JXSw11Z3S6j7u03/5xN3b9S6M0a9e2ft9nlnbDhfD6a5M0mCf1rqzuzaZgGrWgd/EhwkTUNycmFuTaHZbbTxY+/QMI+obBJGPHH5k0JzKfPBe/vL09IviMqDlyt8tBLfK0n9Qa7BQt1uQ+OVJMVSSEFd2M/fxhzkHXwGAAA=
	Logging: 2026-02-09T21:09:13.5312457Z	2026-02-09T15:09:13.5312457-06:00	Info	MetricsData	Track_HashTables	WebHost.ps1	ProcessLogQueue		Webhost	MainLoop	1	{"prefixesToTry":{"Name":"prefixesToTry","Count":2,"LastSeen":"2026-02-09T15:09:13.5307248-06:00"},"dbRoles":{"Name":"dbRoles","Count":15,"LastSeen":"2026-02-09T15:09:13.5302257-06:00"},"ModulePathEnv":{"Name":"ModulePathEnv","Count":19,"LastSeen":"2026-02-09T15:09:13.5306512-06:00"},"args":{"Name":"args","Count":0,"LastSeen":"2026-02-09T15:09:13.5300252-06:00"},"systemUsers":{"Name":"systemUsers","Count":2,"LastSeen":"2026-02-09T15:09:13.5308902-06:00"},"fileInfo":{"Name":"fileInfo","Count":2,"LastSeen":"2026-02-09T15:09:13.5304091-06:00"},"logEntries":{"Name":"logEntries","Count":4,"LastSeen":"2026-02-09T15:09:13.5305575-06:00"},"configRoles":{"Name":"configRoles","Count":6,"LastSeen":"2026-02-09T15:09:13.5301658-06:00"}}
	Logging: 2026-02-09T21:09:58.5791858Z	2026-02-09T15:09:58.5791858-06:00	Verbose	EventViewer	Event\ log\ request:\ 501\ events\ returned	apps\WebhostRealtimeEvents\routes\api\v1\logs\get.ps1	get.ps1		6ec71a85-fb79-4ebc-aa1d-587c7f8b403c		1	{"ResultCount":501,"Filters":{"categories":null,"userID":null,"severities":null,"source":null,"activityName":null,"filter":null,"runspaceID":null,"sessionID":null},"TimeRange":15}
	Logging: 2026-02-09T21:09:58.5817221Z	2026-02-09T15:09:58.5817221-06:00	Info	MetricsData	Track_HashTables	WebHost.ps1	ProcessLogQueue		Webhost	MainLoop	1	H4sIAAAAAAAACpWUUW+CMBSF/0ufdbltKQVe9WFLdCHBuefqqjNBMLQsMcb/vuhme+tcUh45kK+Xc8/piZTVu15VuvvS3bz96GttSHEir2qvSfHo5YhM2r6xpKAwIjNlbKV1QwrCgKVjYGPIF1QUkBciexIZpULkY0gLAHIekYPqdGMnyqIzvObQIoIMOZfMk83RvBndIe5NcVQeMy9nDFHXyupt2x0R1kmOK2OmZSAzz91fzZwqqxAZiYNmhoyn1LPV4XAHvimOmsdQgUq0OdOvwrX9Co7JYtxlgv9h3huM1WG7Y5lIPR1l93GiET2JijJLRWDzS7NpQ5uvykCbJU88da7s+jOo4E3xvYuhpiJBRpfVVG9UX9tSdWqvre6Wqu7vmv7PJ+7cqLoDleDPnbXb552x4X6ROIgNgnNUzbJa6s7s2mahVrUO/iR4MWgbFDJA8+9Vs9tog2PvJL+PqI6mNEHhKX9SaC5jPrhvf/Vh6adZgtK/Dsp6eRp2X1EuZUBTdbsNiVdlWCypTF3Yz99lkPMBfAYAAA==
	Logging: 2026-02-09T21:09:58.5837281Z	2026-02-09T15:09:58.5837281-06:00	Info	MetricsData	Track_HashTables	WebHost.ps1	ProcessLogQueue		Webhost	MainLoop	1	{"prefixesToTry":{"Name":"prefixesToTry","Count":2,"LastSeen":"2026-02-09T15:09:58.5830980-06:00"},"dbRoles":{"Name":"dbRoles","Count":15,"LastSeen":"2026-02-09T15:09:58.5827813-06:00"},"args":{"Name":"args","Count":0,"LastSeen":"2026-02-09T15:09:58.5826515-06:00"},"systemUsers":{"Name":"systemUsers","Count":2,"LastSeen":"2026-02-09T15:09:58.5832574-06:00"},"fileInfo":{"Name":"fileInfo","Count":2,"LastSeen":"2026-02-09T15:09:58.5828465-06:00"},"configRoles":{"Name":"configRoles","Count":6,"LastSeen":"2026-02-09T15:09:58.5827278-06:00"},"ModulePathEnv":{"Name":"ModulePathEnv","Count":19,"LastSeen":"2026-02-09T15:09:58.5830252-06:00"}}
	Logging: 2026-02-09T21:10:13.6615535Z	2026-02-09T15:10:13.6615535-06:00	Info	MetricsData	Track_HashTables	WebHost.ps1	ProcessLogQueue		Webhost	MainLoop	1	H4sIAAAAAAAACpWUy27CMBBF/8VrqPxI7CRbWLQSVEjQdj1QQ5HyUuxUQoh/r4rAGadUsrfX1vH4zp05k9X6Q2/XuvvW3bL57EttSHEmr1BpUjw6nJBZ09eWFIxOyAKMXWtdk4JwyuWU8inNNywtGC2YeJKSsUTmUyoLSsllQlrodG1nYNEbg+bQaQCZ5gkTA9mczJvRHeLeFUcVIfUKIVC9O7D60HQnhHWS46qQapNcyIFbXc2cgwVERmJUzTSTGWJD247Ad8VR8xAqz1OF/O23fttugmPyEHd5yuiYOTYYq3G943maDHSU3ceJRvQkKMoMGwJt+1LvG9/mqxJns1ACUZdgd1/eCN6VYe6CIiE4x1bM9R760q6gg0pb3b1D2Y8m/Z8r7t2gcadUseHdRXN4Phrr9xeJUWyquMjwn951Z45NvYFtqb2feAdR3WBUMeRbBfVxrw2OvZOGfgTNqMp5+ieb5rfMB/v2pselnynlby5/acXuK54hI3ZgoWwOPvGqxMUykcyF/fIDcncR2nwGAAA=
	Logging: 2026-02-09T21:10:13.6872303Z	2026-02-09T15:10:13.6872303-06:00	Info	MetricsData	Track_HashTables	WebHost.ps1	ProcessLogQueue		Webhost	MainLoop	1	{"prefixesToTry":{"Name":"prefixesToTry","Count":2,"LastSeen":"2026-02-09T15:10:13.6866748-06:00"},"dbRoles":{"Name":"dbRoles","Count":15,"LastSeen":"2026-02-09T15:10:13.6863252-06:00"},"ModulePathEnv":{"Name":"ModulePathEnv","Count":19,"LastSeen":"2026-02-09T15:10:13.6866010-06:00"},"args":{"Name":"args","Count":0,"LastSeen":"2026-02-09T15:10:13.6861745-06:00"},"systemUsers":{"Name":"systemUsers","Count":2,"LastSeen":"2026-02-09T15:10:13.6868882-06:00"},"fileInfo":{"Name":"fileInfo","Count":2,"LastSeen":"2026-02-09T15:10:13.6863897-06:00"},"logEntries":{"Name":"logEntries","Count":3,"LastSeen":"2026-02-09T15:10:13.6865108-06:00"},"configRoles":{"Name":"configRoles","Count":6,"LastSeen":"2026-02-09T15:10:13.6862683-06:00"}}
	Logging: 2026-02-09T21:10:58.7547218Z	2026-02-09T15:10:58.7547218-06:00	Verbose	EventViewer	Event\ log\ request:\ 503\ events\ returned	apps\WebhostRealtimeEvents\routes\api\v1\logs\get.ps1	get.ps1		6ec71a85-fb79-4ebc-aa1d-587c7f8b403c		1	{"ResultCount":503,"Filters":{"categories":null,"userID":null,"severities":null,"source":null,"activityName":null,"filter":null,"runspaceID":null,"sessionID":null},"TimeRange":15}
	Logging: 2026-02-09T21:10:58.7924972Z	2026-02-09T15:10:58.7924972-06:00	Info	MetricsData	Track_HashTables	WebHost.ps1	ProcessLogQueue		Webhost	MainLoop	1	H4sIAAAAAAAACpWUy27CMBBF/8VrqBwnduxsYdFKUEUKpeshNRQpL8VOJYT494qXM0FUjZe5jo7Hc+/MkaTZp95kuv3R7bL+6gptSHIk71Bqkjw7nJBZ3VWWJAGdkAUYm2ldkYQwysSUsilVq4AnAU24fIlVIEMRT6lIKCWnCWmg1ZWdgUV39JpD8//JQtGI0Z5sDubD6BZx74qjhiPqZTSioqfmYPWubg8I6yTHjUdUK0WoeM8tL82cgwVERqJPzUKqmIU9G5rmAXxXHFWNoUZcKdTfbjO07SY4JhuTBiUYSsMV8dhgrHp6RymqGGX3eaIRPRpTfKywhdA0b9W2Hrb5ovi1mTOBzFuCzb8HI3hX+rkbFYlQSNyKud5CV9gUWii11e0aiu5h0v/4xd07aty5wKFZ1LvXvbFDf5HowxZShgqNZpqtdWv2dbWCTaEHLxkc+LihgjhUaKmUUO232uDYO6n3Y9SMSoUbk15TaM5lPtm3N90r/YEUMSo9Hwzr+ctvX/EY7+0cLBT1bki8KH6xFFQ6C0+/oJNJonwGAAA=
	Logging: 2026-02-09T21:10:58.7943650Z	2026-02-09T15:10:58.7943650-06:00	Info	MetricsData	Track_HashTables	WebHost.ps1	ProcessLogQueue		Webhost	MainLoop	1	{"prefixesToTry":{"Name":"prefixesToTry","Count":2,"LastSeen":"2026-02-09T15:10:58.7938101-06:00"},"dbRoles":{"Name":"dbRoles","Count":15,"LastSeen":"2026-02-09T15:10:58.7935038-06:00"},"args":{"Name":"args","Count":0,"LastSeen":"2026-02-09T15:10:58.7933822-06:00"},"systemUsers":{"Name":"systemUsers","Count":2,"LastSeen":"2026-02-09T15:10:58.7939912-06:00"},"fileInfo":{"Name":"fileInfo","Count":2,"LastSeen":"2026-02-09T15:10:58.7935631-06:00"},"configRoles":{"Name":"configRoles","Count":6,"LastSeen":"2026-02-09T15:10:58.7934545-06:00"},"ModulePathEnv":{"Name":"ModulePathEnv","Count":19,"LastSeen":"2026-02-09T15:10:58.7937373-06:00"}}
	Logging: 2026-02-09T21:11:13.8266459Z	2026-02-09T15:11:13.8266459-06:00	Info	MetricsData	Track_HashTables	WebHost.ps1	ProcessLogQueue		Webhost	MainLoop	1	{"prefixesToTry":{"Name":"prefixesToTry","Count":2,"LastSeen":"2026-02-09T15:11:13.8087074-06:00"},"dbRoles":{"Name":"dbRoles","Count":15,"LastSeen":"2026-02-09T15:11:13.8083579-06:00"},"ModulePathEnv":{"Name":"ModulePathEnv","Count":19,"LastSeen":"2026-02-09T15:11:13.8086350-06:00"},"args":{"Name":"args","Count":0,"LastSeen":"2026-02-09T15:11:13.8082307-06:00"},"systemUsers":{"Name":"systemUsers","Count":2,"LastSeen":"2026-02-09T15:11:13.8258826-06:00"},"fileInfo":{"Name":"fileInfo","Count":2,"LastSeen":"2026-02-09T15:11:13.8084201-06:00"},"logEntries":{"Name":"logEntries","Count":3,"LastSeen":"2026-02-09T15:11:13.8085406-06:00"},"configRoles":{"Name":"configRoles","Count":6,"LastSeen":"2026-02-09T15:11:13.8083062-06:00"}}
	Logging: 2026-02-09T21:11:59.0428771Z	2026-02-09T15:11:59.0428771-06:00	Info	MetricsData	Track_HashTables	WebHost.ps1	ProcessLogQueue		Webhost	MainLoop	1	H4sIAAAAAAAACpWUS2/CMBCE/4vPUPmRh50rHFoJqkih9LxQQ5FCEsVOJYT47xUInHVE1fiYSfR5MzvjM8mLT70pdPuj22X91ZXakOxM3uGoSfbs5YTM6q6yJGN0QhZgbKF1RTLCKU+mlE+pWrE4YyyL1QuNOEuUnNIko5RcJqSBVld2Bhad0WsOHY8gMxVJ1ZPNyXwY3SLuQ3FUMWbeiMq0p27B6n3dnhDWSY6b/s8VXEU87rnHm5lzsIDISAyamck0ET0bmmYAfiiOqsZMnKaSIX+7jb+2u+CYfIy7ggs+ZA4NxmrY7kQSo92h7D5PNKJHo6IsUrRCaJq3alf7Nt+UMJul4FFPXYLdfnsVfCh970ZFQihEzYu53kFX2hxaOGqr2zWU3aDpf3zizh1Vd8pw3Rf1/vVgrL9fJAaxWSJx4fNirVtzqKsVbErt/Yn3ImQbEaeKUVRTqA47bXDsndTvY1RHUxV7w39eU2iuYz65b+96WPo5ZaivW6+s16ew+0pKhsK+BQtlvfeJNyUkloIrxpwLl1/+Hc+hfAYAAA==
	Logging: 2026-02-09T21:11:59.0447627Z	2026-02-09T15:11:59.0447627-06:00	Info	MetricsData	Track_HashTables	WebHost.ps1	ProcessLogQueue		Webhost	MainLoop	1	{"prefixesToTry":{"Name":"prefixesToTry","Count":2,"LastSeen":"2026-02-09T15:11:59.0442337-06:00"},"dbRoles":{"Name":"dbRoles","Count":15,"LastSeen":"2026-02-09T15:11:59.0439291-06:00"},"args":{"Name":"args","Count":0,"LastSeen":"2026-02-09T15:11:59.0437935-06:00"},"systemUsers":{"Name":"systemUsers","Count":2,"LastSeen":"2026-02-09T15:11:59.0444858-06:00"},"fileInfo":{"Name":"fileInfo","Count":2,"LastSeen":"2026-02-09T15:11:59.0439928-06:00"},"configRoles":{"Name":"configRoles","Count":6,"LastSeen":"2026-02-09T15:11:59.0438697-06:00"},"ModulePathEnv":{"Name":"ModulePathEnv","Count":19,"LastSeen":"2026-02-09T15:11:59.0441629-06:00"}}
	Logging: 2026-02-09T21:12:59.2111071Z	2026-02-09T15:12:59.2111071-06:00	Verbose	EventViewer	Event\ log\ request:\ 499\ events\ returned	apps\WebhostRealtimeEvents\routes\api\v1\logs\get.ps1	get.ps1		6ec71a85-fb79-4ebc-aa1d-587c7f8b403c		1	{"ResultCount":499,"Filters":{"categories":null,"userID":null,"severities":null,"source":null,"activityName":null,"filter":null,"runspaceID":null,"sessionID":null},"TimeRange":15}
	Logging: 2026-02-09T21:12:59.2128949Z	2026-02-09T15:12:59.2128949-06:00	Debug	GlobalCache	Updated\ cache:\ 3\ jobs,\ 0\ runspaces,\ 0\ tasks\ \(0\.2461ms\)	WebHost.ps1::Update-GlobalCache	Update-GlobalCache				1	
	Logging: 2026-02-09T21:12:59.2503871Z	2026-02-09T15:12:59.2503871-06:00	Info	MetricsData	Track_HashTables	WebHost.ps1	ProcessLogQueue		Webhost	MainLoop	1	H4sIAAAAAAAACpWUT2sCMRDFv0vOWvJ3d7NXPbSgRdDa82ijFdZdSbIFEb97UTQ7EUuz15fwy+TNmzmR2fzTrObG/hg7bb7ayjhSnsg77A0pnx0OyKhpa09KRgdkAs7PjalJSTjl2ZDyIdULpkrGS6VfuNQ51XpIs5JSch6QA1hT+xF49EanBbRKIQtORUd2R/fhjEXcuxKoIoWqqUL1rsGbbWOPCBukwM3/5zJJdVZ03P3VzDF4QGQk9qmZSSkYYsPh8AC+K4GqE6gi1zmiunYVt+0mBCZPcbcQXD4yHw3Gar/eFRnuHcru80QjukzBZ4zRyOa3etPENl+VfjZrKXlHnYJff0cjeFe6uUuJhNCxFWOzgbbyM7CwN97YJVTtw6T/cSW8mzTuUlHU4Emzfd05H/cXiX3YTHKtGf7T0li3a+oFrCoT/SQ66NMNqRVXeEyh3m2Mw7EPUtePpBkVqoiK/7yk0F3KfLJvb3q/9OeKZdHmipdW333FCxT2NXiomm1MvCr9YkkzGWJ5/gVt7UROfAYAAA==
	Logging: 2026-02-09T21:12:59.2524046Z	2026-02-09T15:12:59.2524046-06:00	Info	MetricsData	Track_HashTables	WebHost.ps1	ProcessLogQueue		Webhost	MainLoop	1	{"prefixesToTry":{"Name":"prefixesToTry","Count":2,"LastSeen":"2026-02-09T15:12:59.2517578-06:00"},"dbRoles":{"Name":"dbRoles","Count":15,"LastSeen":"2026-02-09T15:12:59.2514364-06:00"},"args":{"Name":"args","Count":0,"LastSeen":"2026-02-09T15:12:59.2513067-06:00"},"systemUsers":{"Name":"systemUsers","Count":2,"LastSeen":"2026-02-09T15:12:59.2519149-06:00"},"fileInfo":{"Name":"fileInfo","Count":2,"LastSeen":"2026-02-09T15:12:59.2515021-06:00"},"configRoles":{"Name":"configRoles","Count":6,"LastSeen":"2026-02-09T15:12:59.2513835-06:00"},"ModulePathEnv":{"Name":"ModulePathEnv","Count":19,"LastSeen":"2026-02-09T15:12:59.2516836-06:00"}}
	Logging: 2026-02-09T21:13:14.2380510Z	2026-02-09T15:13:14.2380510-06:00	Verbose	EventViewer	Event\ log\ request:\ 502\ events\ returned	apps\WebhostRealtimeEvents\routes\api\v1\logs\get.ps1	get.ps1		6ec71a85-fb79-4ebc-aa1d-587c7f8b403c		1	{"ResultCount":502,"Filters":{"categories":null,"userID":null,"severities":null,"source":null,"activityName":null,"filter":null,"runspaceID":null,"sessionID":null},"TimeRange":15}
	Logging: 2026-02-09T21:13:14.2644605Z	2026-02-09T15:13:14.2644605-06:00	Info	MetricsData	Track_HashTables	WebHost.ps1	ProcessLogQueue		Webhost	MainLoop	1	H4sIAAAAAAAACpWUzW7CMBCE38VnqJw4tkmucGglqCKF0vOSGoqUP9lOJYR49wraOJuIqs4x4+jb9e6MLyTN3tU+U/pL6U390RbKkORCXqFUJHl0OCPLuq0sSQI6I2swNlOqIgkJaSjmNJzTeBvwJGBJED2Fgkkp2JyKhFJynZEGtKrsEiyq0WsOzX3IXN60jmzO5s0ojbid4qjMhxpHnPfUHKw61vqMsE5yXPk/l8UylIueW96HuQILiIzEaT1zSkXPhqYZgTvFUWOfjjmP8Hzb/XBtv4Jjhj6dLqSIx8zxgLE6cXc0Dno68u5jRyN65GXliCMrQ9O8VId6OOa7Mm3MIgiQ4TZg889BBDulz51Pr5HAvabZSh2gLWwKGkplld5B0Y6S/scvrq5X3AWTaMHr+vh8Mna4XyROY7MgkvhOO6XNqa62sC/U4CaDgynbEExSimqUUJ0OymDbO6nfh5c3o5ChjKY/LjS3Nh+8t7/6NPcvqEDuzwdhvX1Ne6+EwOnPwUJRH4fEuzLFliwWsXBmv34Dst5I1HwGAAA=
	Logging: 2026-02-09T21:13:14.2664940Z	2026-02-09T15:13:14.2664940-06:00	Info	MetricsData	Track_HashTables	WebHost.ps1	ProcessLogQueue		Webhost	MainLoop	1	{"prefixesToTry":{"Name":"prefixesToTry","Count":2,"LastSeen":"2026-02-09T15:13:14.2658383-06:00"},"dbRoles":{"Name":"dbRoles","Count":15,"LastSeen":"2026-02-09T15:13:14.2655046-06:00"},"ModulePathEnv":{"Name":"ModulePathEnv","Count":19,"LastSeen":"2026-02-09T15:13:14.2657690-06:00"},"args":{"Name":"args","Count":0,"LastSeen":"2026-02-09T15:13:14.2653814-06:00"},"systemUsers":{"Name":"systemUsers","Count":2,"LastSeen":"2026-02-09T15:13:14.2659997-06:00"},"fileInfo":{"Name":"fileInfo","Count":2,"LastSeen":"2026-02-09T15:13:14.2655651-06:00"},"logEntries":{"Name":"logEntries","Count":4,"LastSeen":"2026-02-09T15:13:14.2656820-06:00"},"configRoles":{"Name":"configRoles","Count":6,"LastSeen":"2026-02-09T15:13:14.2654547-06:00"}}
	Logging: 2026-02-09T21:13:29.3054873Z	2026-02-09T15:13:29.3054873-06:00	Info	MetricsData	Track_HashTables	WebHost.ps1	ProcessLogQueue		Webhost	MainLoop	1	H4sIAAAAAAAACpWUzW7CMBCE38VnqJzEjp1c4dBKUEUKpeclNRQpPyh2KiHEu1dExFlTKjnHjKPP69nZvZAs/1S7XLU/ql03X12pNEkv5B0qRdJnhzOyaLrakDSgM7ICbXKlapKSkIbxnIZzmmwCngZRGiYvEWWSiWRO45RScp2RE7SqNgsw6I5Rs2juQ44ZlyNZn/WHVi3iDoqlRh5UTgMZjNQCjDo07RlhrWS5wqdaKiUduVVv5hIMIDISJ9XMuLjJAxtOpwfwoFhq4kGNpJAc+dvt3LbdBcsMfSpNmMA96xGPBmN1mg+JpGKko+w+TzSiM68oB8K1+a3eN67NvTLN5iSOkM1rMMW3M4KDMs6dVyQigahZvlR76EqTQQuVMqrdQtk9TPo/v9h7vcZdBAFqwao5vB61cfuLxGlsRikKT5ZvVauPTb2BXamclzgHk7rBhIjQHRXUx73SOPZWGvvhlU2W8L/Z1Lcyn+zbuz4t/VLgDVM4w3r7mrivQmxEAQbK5uASe2VaLCmP7QhdfwEDBJ4SfAYAAA==
	Logging: 2026-02-09T21:13:29.3074334Z	2026-02-09T15:13:29.3074334-06:00	Info	MetricsData	Track_HashTables	WebHost.ps1	ProcessLogQueue		Webhost	MainLoop	1	{"prefixesToTry":{"Name":"prefixesToTry","Count":2,"LastSeen":"2026-02-09T15:13:29.3068400-06:00"},"dbRoles":{"Name":"dbRoles","Count":15,"LastSeen":"2026-02-09T15:13:29.3064894-06:00"},"ModulePathEnv":{"Name":"ModulePathEnv","Count":19,"LastSeen":"2026-02-09T15:13:29.3067683-06:00"},"args":{"Name":"args","Count":0,"LastSeen":"2026-02-09T15:13:29.3063617-06:00"},"systemUsers":{"Name":"systemUsers","Count":2,"LastSeen":"2026-02-09T15:13:29.3069990-06:00"},"fileInfo":{"Name":"fileInfo","Count":2,"LastSeen":"2026-02-09T15:13:29.3065530-06:00"},"logEntries":{"Name":"logEntries","Count":3,"LastSeen":"2026-02-09T15:13:29.3066751-06:00"},"configRoles":{"Name":"configRoles","Count":6,"LastSeen":"2026-02-09T15:13:29.3064385-06:00"}}
	Logging: 2026-02-09T21:13:59.3227119Z	2026-02-09T15:13:59.3227119-06:00	Verbose	EventViewer	Event\ log\ request:\ 508\ events\ returned	apps\WebhostRealtimeEvents\routes\api\v1\logs\get.ps1	get.ps1		6ec71a85-fb79-4ebc-aa1d-587c7f8b403c		1	{"ResultCount":508,"Filters":{"categories":null,"userID":null,"severities":null,"source":null,"activityName":null,"filter":null,"runspaceID":null,"sessionID":null},"TimeRange":15}
	Logging: 2026-02-09T21:13:59.3348360Z	2026-02-09T15:13:59.3348360-06:00	Debug	GlobalCache	Updated\ cache:\ 3\ jobs,\ 0\ runspaces,\ 0\ tasks\ \(0\.2385ms\)	WebHost.ps1::Update-GlobalCache	Update-GlobalCache				1	
	Logging: 2026-02-09T21:13:59.3367252Z	2026-02-09T15:13:59.3367252-06:00	Info	MetricsData	Track_HashTables	WebHost.ps1	ProcessLogQueue		Webhost	MainLoop	1	H4sIAAAAAAAACpWUX2vCMBTFv0uedSTNn9q+6sMGOgp17vnqohNqK006EPG7D50mN8VB+tjT8svtuefkTIryU69L3f7odtF8dZU2JD+Tdzhokj97OSLTpqstyRkdkTkYW2pdk5wkNFFjmoxptmQyZzyX2QvnignKx1TllJLLiByh1bWdgkVneM2hZQRZZkKlnmxO5sPoFnEfiqPymHk5FYmnbsDqXdOeENZJjpvGTCtTLjz3cDNzBhYQGYmDZpaTCcs8G47HHvihOGoWQxUsRZsz3Tpc211wzCTG3YSntM/sG4zVYbtLVIp8QNl9nmhEF1FRZjS0+a3eNqHNN2WgzUogmxdgN99BBR+K711UJESGqEU501voKltACwdtdbuCqus1/Z9P3LlRdad0guozb3ave2PD/SJxEFumiqIKFeVKt2bf1EtYVzr4k+DFoG0oqjKGagr1fqsNjr2T/D7iOsokSn7xl0JzHfPJfXvXh6WfKbzyTVDW69PA+4rhO2UDFqpmFxJvyrBYSuGpl18fZ76YfAYAAA==
	Logging: 2026-02-09T21:13:59.3385746Z	2026-02-09T15:13:59.3385746-06:00	Info	MetricsData	Track_HashTables	WebHost.ps1	ProcessLogQueue		Webhost	MainLoop	1	{"prefixesToTry":{"Name":"prefixesToTry","Count":2,"LastSeen":"2026-02-09T15:13:59.3380256-06:00"},"dbRoles":{"Name":"dbRoles","Count":15,"LastSeen":"2026-02-09T15:13:59.3377289-06:00"},"args":{"Name":"args","Count":0,"LastSeen":"2026-02-09T15:13:59.3376030-06:00"},"systemUsers":{"Name":"systemUsers","Count":2,"LastSeen":"2026-02-09T15:13:59.3381770-06:00"},"fileInfo":{"Name":"fileInfo","Count":2,"LastSeen":"2026-02-09T15:13:59.3377885-06:00"},"configRoles":{"Name":"configRoles","Count":6,"LastSeen":"2026-02-09T15:13:59.3376773-06:00"},"ModulePathEnv":{"Name":"ModulePathEnv","Count":19,"LastSeen":"2026-02-09T15:13:59.3379572-06:00"}}
	Logging: 2026-02-09T21:14:14.5604294Z	2026-02-09T15:14:14.5604294-06:00	Verbose	EventViewer	Event\ log\ request:\ 512\ events\ returned	apps\WebhostRealtimeEvents\routes\api\v1\logs\get.ps1	get.ps1		6ec71a85-fb79-4ebc-aa1d-587c7f8b403c		1	{"ResultCount":512,"Filters":{"categories":null,"userID":null,"severities":null,"source":null,"activityName":null,"filter":null,"runspaceID":null,"sessionID":null},"TimeRange":15}
	Logging: 2026-02-09T21:14:14.5632467Z	2026-02-09T15:14:14.5632467-06:00	Info	MetricsData	Track_HashTables	WebHost.ps1	ProcessLogQueue		Webhost	MainLoop	1	H4sIAAAAAAAACpWUT28CIRDFvwtnbYDlj+xVD22ijYnWntGiNVl3DbBNjPG7N26VHYxN4LiPzW+GN284o/ni06wXxv4YO2u+2so4VJ7Ruz4YVD47HKBx09YelQQP0FQ7vzCmRiWimIohpkOsloSXhJWEvXBBpcR4iEWJMboM0FFbU/ux9qBGrwU0TyFzSQHZndyHMxZw70qgFilUVUjeUzfam11jTwAbpMCVKVwi2KjnHjozJ9prQAZiXs8cc+CEPh4fwHclUFUClXDFQceuXcdjuwmBSVM6HQkFZ9YhHg2GaubsMKE9HWT3eaIBnSVFmWEW2fxWb5vY5k7Js3mECQjcTPvNd7SCd6Xfu5RemSQEWjExW91Wfq6tPhhv7EpX7cOm//NLqJu07qIQRV932uxe987H8wViHruQVME7rYx1+6Ze6nVloptEB1nToEJJAdZU1/utcTD2QernkZRNVmAAnv+l0F3bfPLe3vS89Es1Avu6iZb1+pX3XmFOZETTVbOLiZ2SF0tCi+DC5Rcz5YJofAYAAA==
	Logging: 2026-02-09T21:14:14.5651792Z	2026-02-09T15:14:14.5651792-06:00	Info	MetricsData	Track_HashTables	WebHost.ps1	ProcessLogQueue		Webhost	MainLoop	1	{"prefixesToTry":{"Name":"prefixesToTry","Count":2,"LastSeen":"2026-02-09T15:14:14.5646091-06:00"},"dbRoles":{"Name":"dbRoles","Count":15,"LastSeen":"2026-02-09T15:14:14.5642650-06:00"},"ModulePathEnv":{"Name":"ModulePathEnv","Count":19,"LastSeen":"2026-02-09T15:14:14.5645359-06:00"},"args":{"Name":"args","Count":0,"LastSeen":"2026-02-09T15:14:14.5641403-06:00"},"systemUsers":{"Name":"systemUsers","Count":2,"LastSeen":"2026-02-09T15:14:14.5647717-06:00"},"fileInfo":{"Name":"fileInfo","Count":2,"LastSeen":"2026-02-09T15:14:14.5643254-06:00"},"logEntries":{"Name":"logEntries","Count":4,"LastSeen":"2026-02-09T15:14:14.5644450-06:00"},"configRoles":{"Name":"configRoles","Count":6,"LastSeen":"2026-02-09T15:14:14.5642140-06:00"}}
	Logging: 2026-02-09T21:15:00.4014102Z	2026-02-09T15:15:00.4014102-06:00	Verbose	EventViewer	Event\ log\ request:\ 508\ events\ returned	apps\WebhostRealtimeEvents\routes\api\v1\logs\get.ps1	get.ps1		6ec71a85-fb79-4ebc-aa1d-587c7f8b403c		1	{"ResultCount":508,"Filters":{"categories":null,"userID":null,"severities":null,"source":null,"activityName":null,"filter":null,"runspaceID":null,"sessionID":null},"TimeRange":15}
	Logging: 2026-02-09T21:15:00.4025995Z	2026-02-09T15:15:00.4025995-06:00	Debug	GlobalCache	Updated\ cache:\ 3\ jobs,\ 0\ runspaces,\ 0\ tasks\ \(0\.2089ms\)	WebHost.ps1::Update-GlobalCache	Update-GlobalCache				1	
	Logging: 2026-02-09T21:15:00.4046175Z	2026-02-09T15:15:00.4046175-06:00	Info	MetricsData	Track_HashTables	WebHost.ps1	ProcessLogQueue		Webhost	MainLoop	1	H4sIAAAAAAAACpWUzW7CMBCE38VnqNZ2HCe5wqGVoEKCtueFGooUEhQ7lRDi3Sv+nDWiknPMOPq8mZ3Jkc3mX2Y5N82vaab1d1say4oje8edYcWzwwEb1W3lWMFhwCZo3dyYihVMgEiHIIaQL7gquCoAXhJIQKt8CGkBwE4DtsfGVG6EjtzRaR6tIsgy0xI6sj3YD2sawr0rnipj5hUq4x11hc5s6uZAsF7yXB0zbaI44e4uZo7RISETsdfMMgORdWzc7x/Ad8VT8xiqSKgTtl2Ga7sJnili3OUZTcMV8WgwVXvujueqo5PsPk80oSdRUU6UCGx+q9Z1aPNF6Wez5Ep31Cm61U9QwbvS9S6GqlNNyjGbj80a29LNsMGdcab5xLJ9aPo/r/h7Y+ouc6nJCib15nVrXbhfIvZjp5pL+k2fprHbulrgsjTBlwQHvbaRAEBKaorVdm0sjb2Xun1EdVRLIB2dXVNoz2M++d/e9H7p51yS0VdBWc9P/f5XMkvJvCt0WNabkHhR+sUyEeBjefoDIzkCZHwGAAA=
	Logging: 2026-02-09T21:15:00.4066783Z	2026-02-09T15:15:00.4066783-06:00	Info	MetricsData	Track_HashTables	WebHost.ps1	ProcessLogQueue		Webhost	MainLoop	1	{"prefixesToTry":{"Name":"prefixesToTry","Count":2,"LastSeen":"2026-02-09T15:15:00.4060981-06:00"},"dbRoles":{"Name":"dbRoles","Count":15,"LastSeen":"2026-02-09T15:15:00.4057418-06:00"},"args":{"Name":"args","Count":0,"LastSeen":"2026-02-09T15:15:00.4056149-06:00"},"systemUsers":{"Name":"systemUsers","Count":2,"LastSeen":"2026-02-09T15:15:00.4062532-06:00"},"fileInfo":{"Name":"fileInfo","Count":2,"LastSeen":"2026-02-09T15:15:00.4058045-06:00"},"configRoles":{"Name":"configRoles","Count":6,"LastSeen":"2026-02-09T15:15:00.4056904-06:00"},"ModulePathEnv":{"Name":"ModulePathEnv","Count":19,"LastSeen":"2026-02-09T15:15:00.4060170-06:00"}}
	Logging: 2026-02-09T21:15:15.3941837Z	2026-02-09T15:15:15.3941837-06:00	Verbose	EventViewer	Event\ log\ request:\ 513\ events\ returned	apps\WebhostRealtimeEvents\routes\api\v1\logs\get.ps1	get.ps1		6ec71a85-fb79-4ebc-aa1d-587c7f8b403c		1	{"ResultCount":513,"Filters":{"categories":null,"userID":null,"severities":null,"source":null,"activityName":null,"filter":null,"runspaceID":null,"sessionID":null},"TimeRange":15}
	Logging: 2026-02-09T21:15:15.4094774Z	2026-02-09T15:15:15.4094774-06:00	Info	MetricsData	Track_HashTables	WebHost.ps1	ProcessLogQueue		Webhost	MainLoop	1	H4sIAAAAAAAACpWUX2vCMBTFv0uedSTpnzR91YcNdBTq3PN1i06obUnSgYjffazT9KY4SKFPJ+WXm3PPvRdSlO9qVyr9rfS6+ewqZUh+Ia9wUiR/dDgji6arLckZnZEVGFsqVZOccMrTOeVzKjcsyfvvKaaZFGk8p2lOKbnOSAta1XYBFt0xaA6dhJAFl2wgm7N5M0oj7l1x1CiAKlkayYH6AVYdGn1GWCc5rgipNuIccU+9mUuwgMhInFRzliYSeQxtOwLfFUeVIVTKBKKabue37SY4Jg9xl8o4HTPHBmN1Yu+44AMdZfdxohE9Dooyy1Dx0LYv9b7xbe6VaTazlKGi12A/vrwRvCvD3AVFgseoeUW5VHvoKluAhpOySm+h6kaT/s8v7t6gcRdSII9WzeH5aKzfXyROYycRpfhNW6XNsak3sKuU9xLvYFo3MhFlaEyhPu6VwbF30tCPoBlNsgyBi78Umt8yH+zbmz4t/ZTTyNtc/tKauK94EguPBlVz8Im9Mi2WXDLXwusPuOhvcnwGAAA=
	Logging: 2026-02-09T21:15:15.4114512Z	2026-02-09T15:15:15.4114512-06:00	Info	MetricsData	Track_HashTables	WebHost.ps1	ProcessLogQueue		Webhost	MainLoop	1	{"prefixesToTry":{"Name":"prefixesToTry","Count":2,"LastSeen":"2026-02-09T15:15:15.4108813-06:00"},"dbRoles":{"Name":"dbRoles","Count":15,"LastSeen":"2026-02-09T15:15:15.4105487-06:00"},"ModulePathEnv":{"Name":"ModulePathEnv","Count":19,"LastSeen":"2026-02-09T15:15:15.4108108-06:00"},"args":{"Name":"args","Count":0,"LastSeen":"2026-02-09T15:15:15.4104239-06:00"},"systemUsers":{"Name":"systemUsers","Count":2,"LastSeen":"2026-02-09T15:15:15.4110376-06:00"},"fileInfo":{"Name":"fileInfo","Count":2,"LastSeen":"2026-02-09T15:15:15.4106088-06:00"},"logEntries":{"Name":"logEntries","Count":4,"LastSeen":"2026-02-09T15:15:15.4107239-06:00"},"configRoles":{"Name":"configRoles","Count":6,"LastSeen":"2026-02-09T15:15:15.4104981-06:00"}}
	Logging: 2026-02-09T21:15:45.9668051Z	2026-02-09T15:15:45.9668051-06:00	Info	MetricsData	Track_HashTables	WebHost.ps1	ProcessLogQueue		Webhost	MainLoop	1	{"prefixesToTry":{"Name":"prefixesToTry","Count":2,"LastSeen":"2026-02-09T15:15:45.9662466-06:00"},"dbRoles":{"Name":"dbRoles","Count":15,"LastSeen":"2026-02-09T15:15:45.9302539-06:00"},"args":{"Name":"args","Count":0,"LastSeen":"2026-02-09T15:15:45.9301311-06:00"},"systemUsers":{"Name":"systemUsers","Count":2,"LastSeen":"2026-02-09T15:15:45.9664326-06:00"},"fileInfo":{"Name":"fileInfo","Count":2,"LastSeen":"2026-02-09T15:15:45.9303147-06:00"},"configRoles":{"Name":"configRoles","Count":6,"LastSeen":"2026-02-09T15:15:45.9302033-06:00"},"ModulePathEnv":{"Name":"ModulePathEnv","Count":19,"LastSeen":"2026-02-09T15:15:45.9660398-06:00"}}
	Logging: 2026-02-09T21:16:16.1439128Z	2026-02-09T15:16:16.1439128-06:00	Info	MetricsData	Track_HashTables	WebHost.ps1	ProcessLogQueue		Webhost	MainLoop	1	H4sIAAAAAAAACpWUzW7CMBCE38VnqLxO4pBc4dBKUCGF0vOSGoqUH2Q7lRDi3SsQOGtKJeeYcfR5PTu7J7YsPtWmUPpH6UX71VXKsPzE3rFWLH92OGLTtmssy4GP2ByNLZRqWM4EF3LMxZhnK0hykDnIF4gjgEk05jLnnJ1H7IBaNXaKltzRaw6dBJDFBGJCNkfzYZQm3LviqFFIvUkSi55aolW7Vh8J1kmOm4ZUKyKQPbe+mjlDi4RMxEE1ixQiwsbD4QF8Vxw1C6FykQLxt9v4bbsJjilC3BVp9of5aDBVh/UujtK4p5PsPk80occheJ4K3+a3Ztv6Nl+VYTYDALFkgbb89kbwrvRzF0KVUiTUipnaYlfZJWqslVV6jVX3MOn//OLuDRl3kQEnLZi3u9e9sX5/iTiMnYiIOLUs1kqbfduscFMp7yXewaBuRJzTpVJjs98qQ2PvpL4fQTMqgU/+ZNNcynyyb2/6sPRDyknppTesl69h+wqkJGEv0WLV7nziVRkWS8H7Gs+/G+N7m3wGAAA=
	Logging: 2026-02-09T21:16:16.1463980Z	2026-02-09T15:16:16.1463980-06:00	Info	MetricsData	Track_HashTables	WebHost.ps1	ProcessLogQueue		Webhost	MainLoop	1	{"prefixesToTry":{"Name":"prefixesToTry","Count":2,"LastSeen":"2026-02-09T15:16:16.1457781-06:00"},"dbRoles":{"Name":"dbRoles","Count":15,"LastSeen":"2026-02-09T15:16:16.1451732-06:00"},"args":{"Name":"args","Count":0,"LastSeen":"2026-02-09T15:16:16.1450035-06:00"},"systemUsers":{"Name":"systemUsers","Count":2,"LastSeen":"2026-02-09T15:16:16.1460121-06:00"},"fileInfo":{"Name":"fileInfo","Count":2,"LastSeen":"2026-02-09T15:16:16.1452618-06:00"},"configRoles":{"Name":"configRoles","Count":6,"LastSeen":"2026-02-09T15:16:16.1451042-06:00"},"ModulePathEnv":{"Name":"ModulePathEnv","Count":19,"LastSeen":"2026-02-09T15:16:16.1456530-06:00"}}
	Logging: 2026-02-09T21:17:01.4357002Z	2026-02-09T15:17:01.4357002-06:00	Verbose	EventViewer	Event\ log\ request:\ 510\ events\ returned	apps\WebhostRealtimeEvents\routes\api\v1\logs\get.ps1	get.ps1		6ec71a85-fb79-4ebc-aa1d-587c7f8b403c		1	{"ResultCount":510,"Filters":{"categories":null,"userID":null,"severities":null,"source":null,"activityName":null,"filter":null,"runspaceID":null,"sessionID":null},"TimeRange":15}
	Logging: 2026-02-09T21:17:01.4383304Z	2026-02-09T15:17:01.4383304-06:00	Info	MetricsData	Track_HashTables	WebHost.ps1	ProcessLogQueue		Webhost	MainLoop	1	H4sIAAAAAAAACpWUX2vCMBTFv0uedeR/2r7qwwY6CnXuObrohNpKkg5E/O5DN9sb5yB57Gn55fbcc3JCZfVuVpWxX8bO24+uNg4VJ/Sq9wYVj16O0KTtGo8Kgkdopp2vjGlQgSimcozpGOcLIgqiCkyeOFOCqGyMZYExOo/QQVvT+In24IxB69EihkwzwQayO7o3Zyzg3pSeymKoCksxUNfam21rjwDbSz1XRXBlxhkeuPurmVPtNSADMW1mkudgZn043IFvSk/NYyaWGYX+dqtwbb9Cz6Qxk0rGwKQ/iHuDoZrmg5QKTAyy+zjRgM5j8FwqEtj80mza0OarkmazYpwO1Ln268+ggjdl6F1UJJgCcSurqdnorvaltnpvvLFLXXd3Tf/nk/7cqLozwYBHs3b7vHM+3C8Q09iYCxCesloa63Zts9Cr2gR/ErxI2obiFOegprrZbYyDse+lYR9xHcWE/8mmu4z54L791dPSLwRc+Too6+Up7b5SGQ3vQV2325B4VZJiKTMy9P/8DfENQ8d8BgAA
	Logging: 2026-02-09T21:17:01.4403256Z	2026-02-09T15:17:01.4403256-06:00	Info	MetricsData	Track_HashTables	WebHost.ps1	ProcessLogQueue		Webhost	MainLoop	1	{"prefixesToTry":{"Name":"prefixesToTry","Count":2,"LastSeen":"2026-02-09T15:17:01.4397530-06:00"},"dbRoles":{"Name":"dbRoles","Count":15,"LastSeen":"2026-02-09T15:17:01.4393842-06:00"},"args":{"Name":"args","Count":0,"LastSeen":"2026-02-09T15:17:01.4392577-06:00"},"systemUsers":{"Name":"systemUsers","Count":2,"LastSeen":"2026-02-09T15:17:01.4399076-06:00"},"fileInfo":{"Name":"fileInfo","Count":2,"LastSeen":"2026-02-09T15:17:01.4394455-06:00"},"configRoles":{"Name":"configRoles","Count":6,"LastSeen":"2026-02-09T15:17:01.4393330-06:00"},"ModulePathEnv":{"Name":"ModulePathEnv","Count":19,"LastSeen":"2026-02-09T15:17:01.4396629-06:00"}}
	Logging: 2026-02-09T21:17:31.5401179Z	2026-02-09T15:17:31.5401179-06:00	Verbose	EventViewer	Event\ log\ request:\ 507\ events\ returned	apps\WebhostRealtimeEvents\routes\api\v1\logs\get.ps1	get.ps1		6ec71a85-fb79-4ebc-aa1d-587c7f8b403c		1	{"ResultCount":507,"Filters":{"categories":null,"userID":null,"severities":null,"source":null,"activityName":null,"filter":null,"runspaceID":null,"sessionID":null},"TimeRange":15}
	Logging: 2026-02-09T21:17:31.5424783Z	2026-02-09T15:17:31.5424783-06:00	Info	MetricsData	Track_HashTables	WebHost.ps1	ProcessLogQueue		Webhost	MainLoop	1	H4sIAAAAAAAACpWUy27CMBBF/8VrqGwnzmsLi1aCKlIoXQ/UUKQ8kO1UQoh/r6DgjCMq2ctcR2fGd+74TMrqU24qqX6kWnZffS01Kc7kHRpJimeHEzLr+taQgtEJWYA2lZQtKQinPJlSPqX5iomCpUXEXkTMaUrplCYFpeQyIUdQsjUzMKjGoFm08CCzTGRsIOuT/tBSIe5DsdTIp18uWD5Qt2DkvlMnhLWS5aY+3UYMd9vczJyDAURGYlDPLM0yPrDheByBH4ql5j5UFgnsb79xx3YXLJP7uMvSNBszxwZjNXB2LEJZQ9l9nmhEj72iHGWxY/Nbu+tcm29KmM2cMjFQl2C2384KPpRh77wiEUcoxmU1lzvoa1OCgkYaqdZQ96NN/+cXW9dn3VnOE+TRotu/HrRx54vEMLZIBWKX1VoqfejaFWxq6dzEOQibRp4zVKOB9rCTGsfeSsM8/HaUUjTm8i+F+trmk/f2roelnzlB2jrLev0Ke6+4wAHagoG627vEmxIWS54ltsfLL7zi3LJ8BgAA
	Logging: 2026-02-09T21:17:31.5445226Z	2026-02-09T15:17:31.5445226-06:00	Info	MetricsData	Track_HashTables	WebHost.ps1	ProcessLogQueue		Webhost	MainLoop	1	{"prefixesToTry":{"Name":"prefixesToTry","Count":2,"LastSeen":"2026-02-09T15:17:31.5439927-06:00"},"dbRoles":{"Name":"dbRoles","Count":15,"LastSeen":"2026-02-09T15:17:31.5434695-06:00"},"args":{"Name":"args","Count":0,"LastSeen":"2026-02-09T15:17:31.5433408-06:00"},"systemUsers":{"Name":"systemUsers","Count":2,"LastSeen":"2026-02-09T15:17:31.5441926-06:00"},"fileInfo":{"Name":"fileInfo","Count":2,"LastSeen":"2026-02-09T15:17:31.5435341-06:00"},"configRoles":{"Name":"configRoles","Count":6,"LastSeen":"2026-02-09T15:17:31.5434172-06:00"},"ModulePathEnv":{"Name":"ModulePathEnv","Count":19,"LastSeen":"2026-02-09T15:17:31.5438943-06:00"}}
	Logging: 2026-02-09T21:18:01.6436465Z	2026-02-09T15:18:01.6436465-06:00	Verbose	EventViewer	Event\ log\ request:\ 506\ events\ returned	apps\WebhostRealtimeEvents\routes\api\v1\logs\get.ps1	get.ps1		6ec71a85-fb79-4ebc-aa1d-587c7f8b403c		1	{"ResultCount":506,"Filters":{"categories":null,"userID":null,"severities":null,"source":null,"activityName":null,"filter":null,"runspaceID":null,"sessionID":null},"TimeRange":15}
	Logging: 2026-02-09T21:18:01.6454705Z	2026-02-09T15:18:01.6454705-06:00	Debug	GlobalCache	Updated\ cache:\ 3\ jobs,\ 0\ runspaces,\ 0\ tasks\ \(0\.2126ms\)	WebHost.ps1::Update-GlobalCache	Update-GlobalCache				1	
	Logging: 2026-02-09T21:18:01.6475630Z	2026-02-09T15:18:01.6475630-06:00	Info	MetricsData	Track_HashTables	WebHost.ps1	ProcessLogQueue		Webhost	MainLoop	1	H4sIAAAAAAAACpWUX2vCMBTFv0uedeRf06av+rCBjkKde44uOqG20qQDEb/70GlyIw6Sx56WX27PPScnVNWfelXr/kf38+5raLRB5Qm9q71G5bOXIzTphtaikuARmilja61bVCKKqRhjOsZyQbKSFCUmL4LnhAk+xqLEGJ1H6KB63dqJsuAMrzl0FkEWkmS5J5uj+TC6B9y74qgsZl5GOfbUtbJ62/VHgHWS4+Yx03ImCs/dX82cKqsAGYhJM4uCE+CxOhwewHfFUWUMlfICOGGGVbi2m+CYNMZdyoV4ZD4aDNW03dGCZJ4Osvs80YDOo6KMKQtsfms3XWjzVUmzmWFBPHWu7Po7qOBd8b2LigTmgFrVU71RQ2Mr1au9trpfqmZ4aPo/n7hzY+ouZMGlP3fWbV93xob7BWIaW0gMYl7VS92bXdcu1KrRwZ8EL5K2keOMwJqqdrfRBsbeSX4fUR3NRQbaVP2l0FzGfHLf3vS09BNRAHvWQVkvT2n3FctkeA+qptuGxKuSFksmmZvx/Atk6Y4WfAYAAA==
	Logging: 2026-02-09T21:18:01.6497257Z	2026-02-09T15:18:01.6497257-06:00	Info	MetricsData	Track_HashTables	WebHost.ps1	ProcessLogQueue		Webhost	MainLoop	1	{"prefixesToTry":{"Name":"prefixesToTry","Count":2,"LastSeen":"2026-02-09T15:18:01.6490500-06:00"},"dbRoles":{"Name":"dbRoles","Count":15,"LastSeen":"2026-02-09T15:18:01.6487073-06:00"},"args":{"Name":"args","Count":0,"LastSeen":"2026-02-09T15:18:01.6485091-06:00"},"systemUsers":{"Name":"systemUsers","Count":2,"LastSeen":"2026-02-09T15:18:01.6492265-06:00"},"fileInfo":{"Name":"fileInfo","Count":2,"LastSeen":"2026-02-09T15:18:01.6487774-06:00"},"configRoles":{"Name":"configRoles","Count":6,"LastSeen":"2026-02-09T15:18:01.6486365-06:00"},"ModulePathEnv":{"Name":"ModulePathEnv","Count":19,"LastSeen":"2026-02-09T15:18:01.6489684-06:00"}}
	Logging: 2026-02-09T21:18:16.7068799Z	2026-02-09T15:18:16.7068799-06:00	Verbose	EventViewer	Event\ log\ request:\ 511\ events\ returned	apps\WebhostRealtimeEvents\routes\api\v1\logs\get.ps1	get.ps1		6ec71a85-fb79-4ebc-aa1d-587c7f8b403c		1	{"ResultCount":511,"Filters":{"categories":null,"userID":null,"severities":null,"source":null,"activityName":null,"filter":null,"runspaceID":null,"sessionID":null},"TimeRange":15}
	Logging: 2026-02-09T21:18:16.7096530Z	2026-02-09T15:18:16.7096530-06:00	Info	MetricsData	Track_HashTables	WebHost.ps1	ProcessLogQueue		Webhost	MainLoop	1	H4sIAAAAAAAACpWUX2/CIBTFvwvPugClBfqqD1uii0mde0aHzqR/DNAlxvjdF53CxbiEPva0+XF77jmc0KL61OtKmx9t5t1XX2uLyhN6V41G5bOXIzTp+tahkuARminrKq1bVCKKaTHGdIzlkuQlESUpXjiWmORkjIsSY3QeoYMyunUT5cAZQfPoPIEsBKEikO3RflhtAPeueGqWMi+RmAXqRjm968wRYL3kuTxlWkYyGrjN1cypcgqQgThoZsFZzgNbHQ4P4LviqTKFSil0wvbreG03wTNpkruEgzT8IR4NhurA3TEJEgGy+zzRgM5SDJGCFZHNb+22i22+KgNtljwL1Llym++ogncl9C4pEoRgaMVUb1Vfu4UyqtFOm5Wq+4em//OJPzel7kJwAc6ddbvXvXXxfoE4jF2QHFRoUa20sfuuXap1raM/iV4M24ZkMPSNavdbbWHsvRT2kdTRgrNoIZ+XFNrLmE/u25s+LP2Y5SBIm6isl6dh91WWkzyiqbrbxcSrMiyWmaDyTj3/ArYFCSl8BgAA
	Logging: 2026-02-09T21:18:16.7117661Z	2026-02-09T15:18:16.7117661-06:00	Info	MetricsData	Track_HashTables	WebHost.ps1	ProcessLogQueue		Webhost	MainLoop	1	{"prefixesToTry":{"Name":"prefixesToTry","Count":2,"LastSeen":"2026-02-09T15:18:16.7110423-06:00"},"dbRoles":{"Name":"dbRoles","Count":15,"LastSeen":"2026-02-09T15:18:16.7107112-06:00"},"ModulePathEnv":{"Name":"ModulePathEnv","Count":19,"LastSeen":"2026-02-09T15:18:16.7109729-06:00"},"args":{"Name":"args","Count":0,"LastSeen":"2026-02-09T15:18:16.7105864-06:00"},"systemUsers":{"Name":"systemUsers","Count":2,"LastSeen":"2026-02-09T15:18:16.7111978-06:00"},"fileInfo":{"Name":"fileInfo","Count":2,"LastSeen":"2026-02-09T15:18:16.7107714-06:00"},"logEntries":{"Name":"logEntries","Count":4,"LastSeen":"2026-02-09T15:18:16.7108866-06:00"},"configRoles":{"Name":"configRoles","Count":6,"LastSeen":"2026-02-09T15:18:16.7106594-06:00"}}
	Logging: 2026-02-09T21:18:31.7519654Z	2026-02-09T15:18:31.7519654-06:00	Info	MetricsData	Track_HashTables	WebHost.ps1	ProcessLogQueue		Webhost	MainLoop	1	H4sIAAAAAAAACpWUzW7CMBCE38VnqNZ24vxc4dBKUCGF0vOSGooUEhQ7lRDi3StocdaUSs4xk+jzZmbWJ7Yo3vW60O2XbufNR1dpw/ITe8W9ZvmjlyM2abraspzDiM3Q2ELrmuVMgFBjEGPIljzOeZpL/pTEHFSUjEHlAOw8YgdsdW0naMkZvebQcQAZUkjTnmyO5s3olnBviqPKkHmFzFRPLdHqbdMeCdZJjpuETCuziHD3VzOnaJGQiThoZkhkBj0bD4c78E1x1CyEyuOEE3+7tR/br+CYIsRdrtI/zHuDqTowO+BRTyfdfdxoQo+CqiyF8Gx+qTeNb/NVGWaz4DEJb462/PRW8Kb0exdUCZAxtWKqN9hVdoEt7rXV7Qqr7m7T//nEnRuy7pDxmJw7a7bPO2P9fIk4jK1AkfIsipVuza6pl7iutPcn3othaWRpTK6rPda7jTa09k7q8wjaUaUUiXnx00JzGfPBffurD2s/ZBGxvvSW9fI07L4SShCzS7RYNVufeFWG1VJK7lw4fwPYYJWRfAYAAA==
	Logging: 2026-02-09T21:18:31.7540069Z	2026-02-09T15:18:31.7540069-06:00	Info	MetricsData	Track_HashTables	WebHost.ps1	ProcessLogQueue		Webhost	MainLoop	1	{"prefixesToTry":{"Name":"prefixesToTry","Count":2,"LastSeen":"2026-02-09T15:18:31.7534700-06:00"},"dbRoles":{"Name":"dbRoles","Count":15,"LastSeen":"2026-02-09T15:18:31.7530540-06:00"},"ModulePathEnv":{"Name":"ModulePathEnv","Count":19,"LastSeen":"2026-02-09T15:18:31.7533847-06:00"},"args":{"Name":"args","Count":0,"LastSeen":"2026-02-09T15:18:31.7529171-06:00"},"systemUsers":{"Name":"systemUsers","Count":2,"LastSeen":"2026-02-09T15:18:31.7536612-06:00"},"fileInfo":{"Name":"fileInfo","Count":2,"LastSeen":"2026-02-09T15:18:31.7531211-06:00"},"logEntries":{"Name":"logEntries","Count":3,"LastSeen":"2026-02-09T15:18:31.7532483-06:00"},"configRoles":{"Name":"configRoles","Count":6,"LastSeen":"2026-02-09T15:18:31.7529971-06:00"}}
	Logging: 2026-02-09T21:19:01.8032808Z	2026-02-09T15:19:01.8032808-06:00	Verbose	EventViewer	Event\ log\ request:\ 511\ events\ returned	apps\WebhostRealtimeEvents\routes\api\v1\logs\get.ps1	get.ps1		6ec71a85-fb79-4ebc-aa1d-587c7f8b403c		1	{"ResultCount":511,"Filters":{"categories":null,"userID":null,"severities":null,"source":null,"activityName":null,"filter":null,"runspaceID":null,"sessionID":null},"TimeRange":15}
	Logging: 2026-02-09T21:19:01.8045766Z	2026-02-09T15:19:01.8045766-06:00	Debug	GlobalCache	Updated\ cache:\ 3\ jobs,\ 0\ runspaces,\ 0\ tasks\ \(0\.203ms\)	WebHost.ps1::Update-GlobalCache	Update-GlobalCache				1	
	Logging: 2026-02-09T21:19:01.8069974Z	2026-02-09T15:19:01.8069974-06:00	Info	MetricsData	Track_HashTables	WebHost.ps1	ProcessLogQueue		Webhost	MainLoop	1	H4sIAAAAAAAACpWUS2/CMBCE/4vPUDl+5HWFQytBFSmUnhdqKFIeKHYqIcR/r6BgryMqOddx9NmZndkzKcpPtSlV96O6ZfvVV0qT/EzeoVYkf3Y4IbO2bwzJIzohC9CmVKohOWGUxVPKpjRbRTKPspxGLymNJRXRlMY5peQyIUfoVGNmYNAdTrNoGUJmCY8dWZ/0h1Yd4j4US+Uh1Djl0lG3YNS+7U4IayXLTQK4MhUJddz6ZuYcDCAyEse9OUp56thwPA7AD8VSs5AXi4QiJ3S/8cd2FyyTBblLMzFkDg3G6sjZCZ44Osru80QjugjBi+QqI5vfml3r23xTxtksOWOOugSz/fYq+FBc74IiIVIUiaKcqx30lSmgg1oZ1a2h6gdN/+cTe29Q3bkQaMCLdv960MafLxLHsanEq6Qo16rTh7ZZwaZS3p94B6OmEYsIV6mG5rBTGsfeSm4eYR2NGGpT8ZdCfX3mk31718elX3LBvc3lL62R+ypOcCy3YKBq9z7xpoyKpUwpsw29/AI+qosofAYAAA==
	Logging: 2026-02-09T21:19:01.8088103Z	2026-02-09T15:19:01.8088103-06:00	Info	MetricsData	Track_HashTables	WebHost.ps1	ProcessLogQueue		Webhost	MainLoop	1	{"prefixesToTry":{"Name":"prefixesToTry","Count":2,"LastSeen":"2026-02-09T15:19:01.8082991-06:00"},"dbRoles":{"Name":"dbRoles","Count":15,"LastSeen":"2026-02-09T15:19:01.8079871-06:00"},"args":{"Name":"args","Count":0,"LastSeen":"2026-02-09T15:19:01.8078593-06:00"},"systemUsers":{"Name":"systemUsers","Count":2,"LastSeen":"2026-02-09T15:19:01.8084595-06:00"},"fileInfo":{"Name":"fileInfo","Count":2,"LastSeen":"2026-02-09T15:19:01.8080504-06:00"},"configRoles":{"Name":"configRoles","Count":6,"LastSeen":"2026-02-09T15:19:01.8079329-06:00"},"ModulePathEnv":{"Name":"ModulePathEnv","Count":19,"LastSeen":"2026-02-09T15:19:01.8082225-06:00"}}
	Logging: 2026-02-09T21:19:16.8041570Z	2026-02-09T15:19:16.8041570-06:00	Verbose	EventViewer	Event\ log\ request:\ 516\ events\ returned	apps\WebhostRealtimeEvents\routes\api\v1\logs\get.ps1	get.ps1		6ec71a85-fb79-4ebc-aa1d-587c7f8b403c		1	{"ResultCount":516,"Filters":{"categories":null,"userID":null,"severities":null,"source":null,"activityName":null,"filter":null,"runspaceID":null,"sessionID":null},"TimeRange":15}
	Logging: 2026-02-09T21:19:16.8186071Z	2026-02-09T15:19:16.8186071-06:00	Info	MetricsData	Track_HashTables	WebHost.ps1	ProcessLogQueue		Webhost	MainLoop	1	H4sIAAAAAAAACpWUUWvCMBSF/0uedSRt2qR91YcNdAg693x10Qm1LUk6EPG/D0XTm85B8tjT8uX2nHNzJovlp9oslf5Ret58dZUypDyTdzgqUj57OSKTpqstKRkdkRkYu1SqJiVJaJKPaTKmxYplJStKlr9IJqmUdEzzklJyGZEWtKrtBCw6o9ccOgsgCykp78nmZD6M0oj7UBw1DZk3ERxRt2DVvtEnhHWS44qQabngouceb2ZOwQIiIzFqZiEZkz0b2nYAfiiOWoRQU8pQcqbb+LHdBcdMgtyljA2ZQ4OxGpldmuU9HXX3eaMRnQdVOctRhNC2b/Wu8W2+KZE25xQNPQe7/fZW8KH0exdCFSLPsBVTtYOusgvQcFRW6TVU3WDT//nEnRuy7qLgAp07a/avB2P9fJEYx86F9OJdK20OTb2CTaW8P/FeRKUhKWMJWlOoDztlcO2d1OcRtKMiLdI/3TTXMZ/ct3c9rv0sEcierbes16fI+4ol6E7ZgoWq2fvEmxJXS865s/fyCzzylY98BgAA
	Logging: 2026-02-09T21:19:16.8205499Z	2026-02-09T15:19:16.8205499-06:00	Info	MetricsData	Track_HashTables	WebHost.ps1	ProcessLogQueue		Webhost	MainLoop	1	{"prefixesToTry":{"Name":"prefixesToTry","Count":2,"LastSeen":"2026-02-09T15:19:16.8200641-06:00"},"dbRoles":{"Name":"dbRoles","Count":15,"LastSeen":"2026-02-09T15:19:16.8196757-06:00"},"ModulePathEnv":{"Name":"ModulePathEnv","Count":19,"LastSeen":"2026-02-09T15:19:16.8199933-06:00"},"args":{"Name":"args","Count":0,"LastSeen":"2026-02-09T15:19:16.8195426-06:00"},"systemUsers":{"Name":"systemUsers","Count":2,"LastSeen":"2026-02-09T15:19:16.8202477-06:00"},"fileInfo":{"Name":"fileInfo","Count":2,"LastSeen":"2026-02-09T15:19:16.8197804-06:00"},"logEntries":{"Name":"logEntries","Count":4,"LastSeen":"2026-02-09T15:19:16.8199073-06:00"},"configRoles":{"Name":"configRoles","Count":6,"LastSeen":"2026-02-09T15:19:16.8196231-06:00"}}
	Logging: 2026-02-09T21:20:02.0265081Z	2026-02-09T15:20:02.0265081-06:00	Verbose	EventViewer	Event\ log\ request:\ 515\ events\ returned	apps\WebhostRealtimeEvents\routes\api\v1\logs\get.ps1	get.ps1		6ec71a85-fb79-4ebc-aa1d-587c7f8b403c		1	{"ResultCount":515,"Filters":{"categories":null,"userID":null,"severities":null,"source":null,"activityName":null,"filter":null,"runspaceID":null,"sessionID":null},"TimeRange":15}
	Logging: 2026-02-09T21:20:02.0276672Z	2026-02-09T15:20:02.0276672-06:00	Debug	GlobalCache	Updated\ cache:\ 3\ jobs,\ 0\ runspaces,\ 0\ tasks\ \(0\.219ms\)	WebHost.ps1::Update-GlobalCache	Update-GlobalCache				1	
	Logging: 2026-02-09T21:20:02.0296722Z	2026-02-09T15:20:02.0296722-06:00	Info	MetricsData	Track_HashTables	WebHost.ps1	ProcessLogQueue		Webhost	MainLoop	1	H4sIAAAAAAAACpWUS2/CMBCE/4vPUNlO4sS5wqGVoEKCtuclNRQpD2Q7lRDiv1e8nDWikn3MJPq8mZ3xkSyWX2q9VPpX6Xn33dfKkPJI3qFRpHz2ckQmXd9aUjI6IjMwdqlUS0rCKRdjysdUrlhWclpS/kK5ZEnCxlSUlJLTiOxBq9ZOwKIzBs2hswByITlNB7I5mA+jNOLeFUdNQuZNOOMDtQKrtp0+IKyTHDcPmTbjiRi4zcXMKVhAZCRGzVwUGZMDG/b7B/BdcVQZQk0yQZG//dpf201wTB7iLk8FSsMV8WgwVuN2x3OJdoey+zzRiJ6G4Kkscs/mt3bT+TZflDibU4YLMgdb/XgVvCtD74IiwUSGrZiqDfS1XYCGRlmlP6HuH5r+zyfu3JC6F7LI0bmzbvu6M9bfLxLj2DkrvPV+Km12XbuCda28P/FeRG1D0gxvo4F2t1EGx95Jwz6COprnEnV0cU2hOY/55L696XHpZ4Ih6yuvrOenuPsqFRzNW4GFutv6xIsSF8tUJo56+gMUuMrBfAYAAA==
	Logging: 2026-02-09T21:20:02.0315726Z	2026-02-09T15:20:02.0315726-06:00	Info	MetricsData	Track_HashTables	WebHost.ps1	ProcessLogQueue		Webhost	MainLoop	1	{"prefixesToTry":{"Name":"prefixesToTry","Count":2,"LastSeen":"2026-02-09T15:20:02.0310451-06:00"},"dbRoles":{"Name":"dbRoles","Count":15,"LastSeen":"2026-02-09T15:20:02.0306524-06:00"},"args":{"Name":"args","Count":0,"LastSeen":"2026-02-09T15:20:02.0305217-06:00"},"systemUsers":{"Name":"systemUsers","Count":2,"LastSeen":"2026-02-09T15:20:02.0312615-06:00"},"fileInfo":{"Name":"fileInfo","Count":2,"LastSeen":"2026-02-09T15:20:02.0307571-06:00"},"configRoles":{"Name":"configRoles","Count":6,"LastSeen":"2026-02-09T15:20:02.0306014-06:00"},"ModulePathEnv":{"Name":"ModulePathEnv","Count":19,"LastSeen":"2026-02-09T15:20:02.0309650-06:00"}}
	Logging: 2026-02-09T21:20:17.2710062Z	2026-02-09T15:20:17.2710062-06:00	Verbose	EventViewer	Event\ log\ request:\ 519\ events\ returned	apps\WebhostRealtimeEvents\routes\api\v1\logs\get.ps1	get.ps1		6ec71a85-fb79-4ebc-aa1d-587c7f8b403c		1	{"ResultCount":519,"Filters":{"categories":null,"userID":null,"severities":null,"source":null,"activityName":null,"filter":null,"runspaceID":null,"sessionID":null},"TimeRange":15}
	Logging: 2026-02-09T21:20:17.2737704Z	2026-02-09T15:20:17.2737704-06:00	Info	MetricsData	Track_HashTables	WebHost.ps1	ProcessLogQueue		Webhost	MainLoop	1	H4sIAAAAAAAACpWUX2vCMBTFv0uedeRP07R91YcNdBTq3HN00Qm1lSQdiPjdh52mN8VB8tiT8rvJuffcCyqrT7WplP5Retl+dbUyqLigd3lUqHh2OEGztmssKgieoIU0tlKqQQWimKZTTKc4XxFeUFwQ8UIFozgVU5wWGKPrBJ2kVo2dSQtqDJpD8xAy7uUH2ZzNh1EacB+Ko7IQaoI5uO9WWrVv9RlgneS4IoBLeZZmA/fYmzmXVgIyEKPuTHNGyMCWp9MI/FAcNQ+hUio48Lfb+G27C45JQ9xlNMnHzLHBUI3rHUs58BjM7vOJBvQkBE9Emng2vzW71re5VyJtzimweSnt9tuL4EMZchdCzXLBoBVztZNdbUup5VFZpdey7kZJ/+cXVzco7jjN8FB30e5fD8b6/QViFJuKHEaorNZKm0PbrOSmVt5LvIOobjDCCAUxlc1hpwwceycN/QjKaMZz0ObybwrN7ZpP9u1dj5t+ygTYAlsvrLevuH3FksSnybrd+8ReiRvLhHFHvf4CA8/X1XwGAAA=
	Logging: 2026-02-09T21:20:17.2756356Z	2026-02-09T15:20:17.2756356-06:00	Info	MetricsData	Track_HashTables	WebHost.ps1	ProcessLogQueue		Webhost	MainLoop	1	{"prefixesToTry":{"Name":"prefixesToTry","Count":2,"LastSeen":"2026-02-09T15:20:17.2751181-06:00"},"dbRoles":{"Name":"dbRoles","Count":15,"LastSeen":"2026-02-09T15:20:17.2747815-06:00"},"ModulePathEnv":{"Name":"ModulePathEnv","Count":19,"LastSeen":"2026-02-09T15:20:17.2750465-06:00"},"args":{"Name":"args","Count":0,"LastSeen":"2026-02-09T15:20:17.2746585-06:00"},"systemUsers":{"Name":"systemUsers","Count":2,"LastSeen":"2026-02-09T15:20:17.2752765-06:00"},"fileInfo":{"Name":"fileInfo","Count":2,"LastSeen":"2026-02-09T15:20:17.2748427-06:00"},"logEntries":{"Name":"logEntries","Count":4,"LastSeen":"2026-02-09T15:20:17.2749596-06:00"},"configRoles":{"Name":"configRoles","Count":6,"LastSeen":"2026-02-09T15:20:17.2747290-06:00"}}
	Logging: 2026-02-09T21:20:47.7037276Z	2026-02-09T15:20:47.7037276-06:00	Info	MetricsData	Track_HashTables	WebHost.ps1	ProcessLogQueue		Webhost	MainLoop	1	{"prefixesToTry":{"Name":"prefixesToTry","Count":2,"LastSeen":"2026-02-09T15:20:47.6798042-06:00"},"dbRoles":{"Name":"dbRoles","Count":15,"LastSeen":"2026-02-09T15:20:47.6795023-06:00"},"args":{"Name":"args","Count":0,"LastSeen":"2026-02-09T15:20:47.6793825-06:00"},"systemUsers":{"Name":"systemUsers","Count":2,"LastSeen":"2026-02-09T15:20:47.7032820-06:00"},"fileInfo":{"Name":"fileInfo","Count":2,"LastSeen":"2026-02-09T15:20:47.6795627-06:00"},"configRoles":{"Name":"configRoles","Count":6,"LastSeen":"2026-02-09T15:20:47.6794519-06:00"},"ModulePathEnv":{"Name":"ModulePathEnv","Count":19,"LastSeen":"2026-02-09T15:20:47.6797324-06:00"}}
	Logging: 2026-02-09T21:21:17.7496085Z	2026-02-09T15:21:17.7496085-06:00	Verbose	EventViewer	Event\ log\ request:\ 516\ events\ returned	apps\WebhostRealtimeEvents\routes\api\v1\logs\get.ps1	get.ps1		6ec71a85-fb79-4ebc-aa1d-587c7f8b403c		1	{"ResultCount":516,"Filters":{"categories":null,"userID":null,"severities":null,"source":null,"activityName":null,"filter":null,"runspaceID":null,"sessionID":null},"TimeRange":15}
	Logging: 2026-02-09T21:21:17.7522589Z	2026-02-09T15:21:17.7522589-06:00	Info	MetricsData	Track_HashTables	WebHost.ps1	ProcessLogQueue		Webhost	MainLoop	1	H4sIAAAAAAAACpWUX2+CMBTFv0ufdSmFQuFVH7ZEFxKce7666kz4Y9qyxBi/+4KTcktcUh45kF8P957TK8mLT7krpPqRat18taXUJLuSd6gkyZ69nJFF09aGZAGdkRVoU0hZk4wwyuI5ZXOabgKesSALkpeEB0nSaXFGKbnNyBmUrM0CDDpj0Cya+5B5HCcDWV/0h5YKcXvFUkMfahrF0UDdg5HHRl0Q1kqWm3hwaRp0cs+t7sNcggFERuI0z5GI04EN5/MI3CuWmvo4TiKBHOt2567tIVgm83EqEsHHzPGAsTpxdwENBzrK7vNEI3rkFeUwFc6Y3+pD4475rkwbs6DY9BrM/tupYK8MvfOKBGfIa14s5QHa0uSgoJJGqi2U7ajp/3xiz/WqexwyVMpVc3w9aePuF4nT2CyNUMzzYiuVPjX1BnaldP7EeTFpG0GcclT/CurTQWoceysN+/DrKMX3Sv6XQt3ZfHLfPvRp6RdUoPHsnbJ2T9PuK8EpWuQeDJTN0SXelUmxpEIwG/bbL/ywJFl8BgAA
	Logging: 2026-02-09T21:21:17.7541503Z	2026-02-09T15:21:17.7541503-06:00	Info	MetricsData	Track_HashTables	WebHost.ps1	ProcessLogQueue		Webhost	MainLoop	1	{"prefixesToTry":{"Name":"prefixesToTry","Count":2,"LastSeen":"2026-02-09T15:21:17.7535928-06:00"},"dbRoles":{"Name":"dbRoles","Count":15,"LastSeen":"2026-02-09T15:21:17.7532159-06:00"},"args":{"Name":"args","Count":0,"LastSeen":"2026-02-09T15:21:17.7530919-06:00"},"systemUsers":{"Name":"systemUsers","Count":2,"LastSeen":"2026-02-09T15:21:17.7537470-06:00"},"fileInfo":{"Name":"fileInfo","Count":2,"LastSeen":"2026-02-09T15:21:17.7533209-06:00"},"configRoles":{"Name":"configRoles","Count":6,"LastSeen":"2026-02-09T15:21:17.7531646-06:00"},"ModulePathEnv":{"Name":"ModulePathEnv","Count":19,"LastSeen":"2026-02-09T15:21:17.7535161-06:00"}}
	Logging: 2026-02-09T21:21:47.9037326Z	2026-02-09T15:21:47.9037326-06:00	Info	MetricsData	Track_HashTables	WebHost.ps1	ProcessLogQueue		Webhost	MainLoop	1	{"prefixesToTry":{"Name":"prefixesToTry","Count":2,"LastSeen":"2026-02-09T15:21:47.9030737-06:00"},"dbRoles":{"Name":"dbRoles","Count":15,"LastSeen":"2026-02-09T15:21:47.8824444-06:00"},"args":{"Name":"args","Count":0,"LastSeen":"2026-02-09T15:21:47.8822424-06:00"},"systemUsers":{"Name":"systemUsers","Count":2,"LastSeen":"2026-02-09T15:21:47.9032492-06:00"},"fileInfo":{"Name":"fileInfo","Count":2,"LastSeen":"2026-02-09T15:21:47.8825338-06:00"},"configRoles":{"Name":"configRoles","Count":6,"LastSeen":"2026-02-09T15:21:47.8823249-06:00"},"ModulePathEnv":{"Name":"ModulePathEnv","Count":19,"LastSeen":"2026-02-09T15:21:47.9029423-06:00"}}
	Logging: 2026-02-09T21:22:18.2055566Z	2026-02-09T15:22:18.2055566-06:00	Verbose	EventViewer	Event\ log\ request:\ 512\ events\ returned	apps\WebhostRealtimeEvents\routes\api\v1\logs\get.ps1	get.ps1		6ec71a85-fb79-4ebc-aa1d-587c7f8b403c		1	{"ResultCount":512,"Filters":{"categories":null,"userID":null,"severities":null,"source":null,"activityName":null,"filter":null,"runspaceID":null,"sessionID":null},"TimeRange":15}
	Logging: 2026-02-09T21:22:18.2078922Z	2026-02-09T15:22:18.2078922-06:00	Info	MetricsData	Track_HashTables	WebHost.ps1	ProcessLogQueue		Webhost	MainLoop	1	H4sIAAAAAAAACpWUS2/CMBCE/4vPUDlO4jyucGglqCKFtueFLhQpJMh2KiHEf694OWtEJfuYSfR5MzvjI6vqL1zWqH5RzbvvvkHNyiN7hx2y8tnLEZt0fWtYGfERm4E2NWLLSia4kGMuxrxYRGkpRBnlL4JnosiSMZcl5+w0YntQ2JoJGHLGoFl06kPmucwHsj7oD42KcO+KpcY+1CSLyLwrMLjp1IFgrWS5mQdXpnnKB+7uYuYUDBAyEYNmlkUWy4EN+/0D+K5YauFDTaJYEH/7pbu2m2CZwsfduMiIC1fEo8FUDdydKEgiSHafJ5rQE68oS+na/NauO9fmixJoc8bjgToHs/pxKnhXht55RSKWxOiqnuIa+sZUoGCHBtUnNP1D0//5xJ7rVfdIRulw7qzbvG61cfdLxCC2zLkk1azqT1R627ULWDbo/InzImgbmRCiIDWFdrtGTWNvpWEfXh3NC9rR6ppCfR7zyX1708PSHwvarZVT1vNT4H0lItL+FRhouo1LvChhsUzTxM54+gMzaT2UfAYAAA==
	Logging: 2026-02-09T21:22:18.2098173Z	2026-02-09T15:22:18.2098173-06:00	Info	MetricsData	Track_HashTables	WebHost.ps1	ProcessLogQueue		Webhost	MainLoop	1	{"prefixesToTry":{"Name":"prefixesToTry","Count":2,"LastSeen":"2026-02-09T15:22:18.2092304-06:00"},"dbRoles":{"Name":"dbRoles","Count":15,"LastSeen":"2026-02-09T15:22:18.2089184-06:00"},"args":{"Name":"args","Count":0,"LastSeen":"2026-02-09T15:22:18.2087742-06:00"},"systemUsers":{"Name":"systemUsers","Count":2,"LastSeen":"2026-02-09T15:22:18.2093873-06:00"},"fileInfo":{"Name":"fileInfo","Count":2,"LastSeen":"2026-02-09T15:22:18.2089861-06:00"},"configRoles":{"Name":"configRoles","Count":6,"LastSeen":"2026-02-09T15:22:18.2088545-06:00"},"ModulePathEnv":{"Name":"ModulePathEnv","Count":19,"LastSeen":"2026-02-09T15:22:18.2091599-06:00"}}
	Logging: 2026-02-09T21:22:33.2572296Z	2026-02-09T15:22:33.2572296-06:00	Info	MetricsData	Track_HashTables	WebHost.ps1	ProcessLogQueue		Webhost	MainLoop	1	{"prefixesToTry":{"Name":"prefixesToTry","Count":2,"LastSeen":"2026-02-09T15:22:33.2566688-06:00"},"dbRoles":{"Name":"dbRoles","Count":15,"LastSeen":"2026-02-09T15:22:33.2301598-06:00"},"ModulePathEnv":{"Name":"ModulePathEnv","Count":19,"LastSeen":"2026-02-09T15:22:33.2543941-06:00"},"args":{"Name":"args","Count":0,"LastSeen":"2026-02-09T15:22:33.2299902-06:00"},"systemUsers":{"Name":"systemUsers","Count":2,"LastSeen":"2026-02-09T15:22:33.2568862-06:00"},"fileInfo":{"Name":"fileInfo","Count":2,"LastSeen":"2026-02-09T15:22:33.2302272-06:00"},"logEntries":{"Name":"logEntries","Count":3,"LastSeen":"2026-02-09T15:22:33.2303541-06:00"},"configRoles":{"Name":"configRoles","Count":6,"LastSeen":"2026-02-09T15:22:33.2300974-06:00"}}
	Logging: 2026-02-09T21:23:18.6871124Z	2026-02-09T15:23:18.6871124-06:00	Verbose	EventViewer	Event\ log\ request:\ 507\ events\ returned	apps\WebhostRealtimeEvents\routes\api\v1\logs\get.ps1	get.ps1		6ec71a85-fb79-4ebc-aa1d-587c7f8b403c		1	{"ResultCount":507,"Filters":{"categories":null,"userID":null,"severities":null,"source":null,"activityName":null,"filter":null,"runspaceID":null,"sessionID":null},"TimeRange":15}
	Logging: 2026-02-09T21:23:18.6898348Z	2026-02-09T15:23:18.6898348-06:00	Info	MetricsData	Track_HashTables	WebHost.ps1	ProcessLogQueue		Webhost	MainLoop	1	H4sIAAAAAAAACpWUzW7CMBCE38VnqOw4MU6ucGglqCKF0vOSGoqUH2Q7lRDi3SsicNaUSs4x4+jb9c6szyQvPtW2UPpH6VX71VXKkOxM3qFWJHt2OCHztmssyRidkCUYWyjVkIxENBJTGk1pumZJFvGMyRch02iWsikVGaXkMiFH0Kqxc7CoxqA5dBJCpiLlA9mczIdRGnHviqPyEGosWDJQS7Bq3+oTwjrJcWcBXJkkNB64dT/MBVhAZCSO65lSzIbj8QF8Vxw1DemYS4mcM93Wt+0mOGYU0imXMfasRzwOGKsjvWNSDnSU3eeJRvQ4KMqxEN6Y35pd64+5V8aNOeY4xiuw5be3gndl2LsQaio4inFeLNQOusrmoKFWVukNVN3Dpv/zi6sbtO6MCzrUXbb714Oxvr9IHMWWknPEzouN0ubQNmvYVsq7iXcwyo008laphuawUwbH3kmDHyHZ7Ml/smmubT55b2/6uPRzhiuU3rJev8a9V7HE73YJFqp27xN7ZVwsk4g66uUXTScUW3wGAAA=
	Logging: 2026-02-09T21:23:18.7153809Z	2026-02-09T15:23:18.7153809-06:00	Info	MetricsData	Track_HashTables	WebHost.ps1	ProcessLogQueue		Webhost	MainLoop	1	{"prefixesToTry":{"Name":"prefixesToTry","Count":2,"LastSeen":"2026-02-09T15:23:18.6911873-06:00"},"dbRoles":{"Name":"dbRoles","Count":15,"LastSeen":"2026-02-09T15:23:18.6908465-06:00"},"args":{"Name":"args","Count":0,"LastSeen":"2026-02-09T15:23:18.6907261-06:00"},"systemUsers":{"Name":"systemUsers","Count":2,"LastSeen":"2026-02-09T15:23:18.6913433-06:00"},"fileInfo":{"Name":"fileInfo","Count":2,"LastSeen":"2026-02-09T15:23:18.6909065-06:00"},"configRoles":{"Name":"configRoles","Count":6,"LastSeen":"2026-02-09T15:23:18.6907963-06:00"},"ModulePathEnv":{"Name":"ModulePathEnv","Count":19,"LastSeen":"2026-02-09T15:23:18.6910909-06:00"}}
	Logging: 2026-02-09T21:24:04.1739181Z	2026-02-09T15:24:04.1739181-06:00	Info	MetricsData	Track_HashTables	WebHost.ps1	ProcessLogQueue		Webhost	MainLoop	1	{"prefixesToTry":{"Name":"prefixesToTry","Count":2,"LastSeen":"2026-02-09T15:24:04.1731060-06:00"},"dbRoles":{"Name":"dbRoles","Count":15,"LastSeen":"2026-02-09T15:24:04.1721653-06:00"},"args":{"Name":"args","Count":0,"LastSeen":"2026-02-09T15:24:04.1715584-06:00"},"systemUsers":{"Name":"systemUsers","Count":2,"LastSeen":"2026-02-09T15:24:04.1735857-06:00"},"fileInfo":{"Name":"fileInfo","Count":2,"LastSeen":"2026-02-09T15:24:04.1723634-06:00"},"configRoles":{"Name":"configRoles","Count":6,"LastSeen":"2026-02-09T15:24:04.1719800-06:00"},"ModulePathEnv":{"Name":"ModulePathEnv","Count":19,"LastSeen":"2026-02-09T15:24:04.1728799-06:00"}}
	Logging: 2026-02-09T21:25:05.3952390Z	2026-02-09T15:25:05.3952390-06:00	Debug	GlobalCache	Updated\ cache:\ 3\ jobs,\ 0\ runspaces,\ 0\ tasks\ \(0\.1921ms\)	WebHost.ps1::Update-GlobalCache	Update-GlobalCache				1	
	Logging: 2026-02-09T21:25:05.3975659Z	2026-02-09T15:25:05.3975659-06:00	Info	MetricsData	Track_HashTables	WebHost.ps1	ProcessLogQueue		Webhost	MainLoop	1	H4sIAAAAAAAACpWUX2+CMBTFv0ufdSmFFsqrPmyJLiQ493xl1Znwx9CyxBi/+6KTcktcUh45kF8v55zbC8nyT7XLVfuj2nXz1ZVKk/RC3qFSJH32ckYWTVcbkgZ0RlagTa5UTVLCKBNzyuZUbgKeMp5S/hLKOGA0nlORUkquM3KCVtVmAQadMWgWzT3IQrJYDGR91h9atYjbK5Ya+szL5E3rqQUYdWjaM8JayXJjn2l5FEYDt7qbuQQDiIzESTOLRFA5sOF0GoF7xVKlDzUIwwD52+3c2B6CZTIvdxnlY+bYYKxOzI6H4UBH3X3eaESPfPBUBtSx+a3eN67Nd2WazUwIVOM1mOLbWcFeGfbOqxJMoBpn+VLtoStNBi1Uyqh2C2U32vR/PrHn+qy7kIlEpVk1h9ejNm6+SJzGjkOOVijLt6rVx6bewK5Uzp84LyalEdMoQWlUUB/3SuPaW2nIw2tHY6c82V8L9W3MJ/ftQ5/W/oBTZH3hLOvtadp9FUUBMqIAA2VzcIl3ZVotOU1shNdfeJgWbHwGAAA=
	Logging: 2026-02-09T21:25:05.3992587Z	2026-02-09T15:25:05.3992587-06:00	Info	MetricsData	Track_HashTables	WebHost.ps1	ProcessLogQueue		Webhost	MainLoop	1	{"prefixesToTry":{"Name":"prefixesToTry","Count":2,"LastSeen":"2026-02-09T15:25:05.3988233-06:00"},"dbRoles":{"Name":"dbRoles","Count":15,"LastSeen":"2026-02-09T15:25:05.3985186-06:00"},"args":{"Name":"args","Count":0,"LastSeen":"2026-02-09T15:25:05.3983997-06:00"},"systemUsers":{"Name":"systemUsers","Count":2,"LastSeen":"2026-02-09T15:25:05.3989748-06:00"},"fileInfo":{"Name":"fileInfo","Count":2,"LastSeen":"2026-02-09T15:25:05.3985787-06:00"},"configRoles":{"Name":"configRoles","Count":6,"LastSeen":"2026-02-09T15:25:05.3984691-06:00"},"ModulePathEnv":{"Name":"ModulePathEnv","Count":19,"LastSeen":"2026-02-09T15:25:05.3987516-06:00"}}
	Logging: 2026-02-09T21:25:20.5212181Z	2026-02-09T15:25:20.5212181-06:00	Info	MetricsData	Track_HashTables	WebHost.ps1	ProcessLogQueue		Webhost	MainLoop	1	H4sIAAAAAAAACpWUS2+DMBCE/4vPSWXWGAzX5NBKSYVEmp43qZNG4iVsKkVR/nuVB7BEqWqODOjzMjvjE0vST71Jdf2j62X51WTasPjE3jHXLH72csJmZVNYFnt8whZobKp1wWIGHIIphymPVp6MQcbAX3wlAhnwKQ9iztl5wiqsdWFnaMkZvdahpQvZ9yHsyeZoPoyuCbdVOqr4lyqBKw9ET92i1fuyPhJsJ3Xc0GVaDmHQc/OrmXO0SMhEHDGzr4QIfeIxVtUDuFU6auRABQE8Iv42m+Ha7kLHBJdJlaeICzfEo8FUHeeDCiVJBMnu80QTuu8UZZAkGlhVb8WuHNp8VcbZHPKL1lKXaLffgwq2St87p0gIpagVc73DJrMJ1phrq+s1Zs1D0//4pDvXqe7SC7z+3EW5fz0YO9wvEcexwafVTNK1rs2hLFa4yfTgTwYvRm1DSEW3kWNx2GlDY99J/T7cOso90tHklkJzGfPJfXvXx6U/UAFZ+XZQ1svTqPsKIgFk3i1azMr9kHhVRsUSoqhf4fkXwVzZdHwGAAA=
	Logging: 2026-02-09T21:25:20.5233169Z	2026-02-09T15:25:20.5233169-06:00	Info	MetricsData	Track_HashTables	WebHost.ps1	ProcessLogQueue		Webhost	MainLoop	1	{"prefixesToTry":{"Name":"prefixesToTry","Count":2,"LastSeen":"2026-02-09T15:25:20.5226969-06:00"},"dbRoles":{"Name":"dbRoles","Count":15,"LastSeen":"2026-02-09T15:25:20.5222341-06:00"},"ModulePathEnv":{"Name":"ModulePathEnv","Count":19,"LastSeen":"2026-02-09T15:25:20.5225121-06:00"},"args":{"Name":"args","Count":0,"LastSeen":"2026-02-09T15:25:20.5221088-06:00"},"systemUsers":{"Name":"systemUsers","Count":2,"LastSeen":"2026-02-09T15:25:20.5229603-06:00"},"fileInfo":{"Name":"fileInfo","Count":2,"LastSeen":"2026-02-09T15:25:20.5222961-06:00"},"logEntries":{"Name":"logEntries","Count":3,"LastSeen":"2026-02-09T15:25:20.5224182-06:00"},"configRoles":{"Name":"configRoles","Count":6,"LastSeen":"2026-02-09T15:25:20.5221827-06:00"}}
	Logging: 2026-02-09T21:28:07.9685534Z	2026-02-09T15:28:07.9685534-06:00	Info	MetricsData	Track_HashTables	WebHost.ps1	ProcessLogQueue		Webhost	MainLoop	1	{"prefixesToTry":{"Name":"prefixesToTry","Count":2,"LastSeen":"2026-02-09T15:28:07.9670244-06:00"},"dbRoles":{"Name":"dbRoles","Count":15,"LastSeen":"2026-02-09T15:28:07.9666730-06:00"},"ModulePathEnv":{"Name":"ModulePathEnv","Count":19,"LastSeen":"2026-02-09T15:28:07.9669498-06:00"},"args":{"Name":"args","Count":0,"LastSeen":"2026-02-09T15:28:07.9665303-06:00"},"systemUsers":{"Name":"systemUsers","Count":2,"LastSeen":"2026-02-09T15:28:07.9671892-06:00"},"fileInfo":{"Name":"fileInfo","Count":2,"LastSeen":"2026-02-09T15:28:07.9667382-06:00"},"logEntries":{"Name":"logEntries","Count":2,"LastSeen":"2026-02-09T15:28:07.9668597-06:00"},"configRoles":{"Name":"configRoles","Count":6,"LastSeen":"2026-02-09T15:28:07.9666170-06:00"}}
	Logging: 2026-02-09T21:28:38.4688411Z	2026-02-09T15:28:38.4688411-06:00	Info	MetricsData	Track_HashTables	WebHost.ps1	ProcessLogQueue		Webhost	MainLoop	1	{"prefixesToTry":{"Name":"prefixesToTry","Count":2,"LastSeen":"2026-02-09T15:28:38.4681848-06:00"},"dbRoles":{"Name":"dbRoles","Count":15,"LastSeen":"2026-02-09T15:28:38.4676036-06:00"},"args":{"Name":"args","Count":0,"LastSeen":"2026-02-09T15:28:38.4674543-06:00"},"systemUsers":{"Name":"systemUsers","Count":2,"LastSeen":"2026-02-09T15:28:38.4685040-06:00"},"fileInfo":{"Name":"fileInfo","Count":2,"LastSeen":"2026-02-09T15:28:38.4676723-06:00"},"configRoles":{"Name":"configRoles","Count":6,"LastSeen":"2026-02-09T15:28:38.4675437-06:00"},"ModulePathEnv":{"Name":"ModulePathEnv","Count":19,"LastSeen":"2026-02-09T15:28:38.4679954-06:00"}}
	Logging: 2026-02-09T21:34:58.7261039Z	2026-02-09T15:34:58.7261039-06:00	Verbose	EventViewer	Event\ log\ request:\ 456\ events\ returned	apps\WebhostRealtimeEvents\routes\api\v1\logs\get.ps1	get.ps1		6ec71a85-fb79-4ebc-aa1d-587c7f8b403c		1	{"ResultCount":456,"Filters":{"categories":null,"userID":null,"severities":null,"source":null,"activityName":null,"filter":null,"runspaceID":null,"sessionID":null},"TimeRange":15}
	Logging: 2026-02-09T21:34:58.7284620Z	2026-02-09T15:34:58.7284620-06:00	Info	MetricsData	Track_HashTables	WebHost.ps1	ProcessLogQueue		Webhost	MainLoop	1	H4sIAAAAAAAACpWUzW7CMBCE38VnqGwnseNc4dBKUEUKpeclNRQpPyh2KiHEu1fQkqwplexjJtHnzcyOTyQv3vWm0N2X7pbtR19pQ7ITeYVak+zRywmZtX1jScbohCzA2ELrhmSEUy6mlE+pWrEki+IsSZ8kTymlYkpFRik5T8gBOt3YGVh0xqgN6MSDLKWS8Ug2R/NmdIe4N2WgRj7z8kiieUuwetd2R4QdpIErfablgqJp66uZc7CAyEgMmllKLtnIhsPhDnxTBqryoVLFsL/9xo3tVxiY3MddRqM/zHuDsRqWHYsEyg7t7uONRvTYxxAlVOrY/NJsW9fmqxJmM4sTZMkSbPnpVPCmjL3zoQpFFbZirrfQVzaHDmptdbeGqr9r+j+fDOf61F2mIorGcxft7nlvrJsvEsPYiWCInRdr3Zl926xgU2nnT5wXYWkonqCMa2j2W23w2g/SmIdXR0Wcoo7mP1toLmM+uG9/9bDtpxG+aUunrJensPuKKWxECRaqducSr0rYWnI+unD+BrMpOAl8BgAA
	Logging: 2026-02-09T21:34:58.7304152Z	2026-02-09T15:34:58.7304152-06:00	Info	MetricsData	Track_HashTables	WebHost.ps1	ProcessLogQueue		Webhost	MainLoop	1	{"prefixesToTry":{"Name":"prefixesToTry","Count":2,"LastSeen":"2026-02-09T15:34:58.7298727-06:00"},"dbRoles":{"Name":"dbRoles","Count":15,"LastSeen":"2026-02-09T15:34:58.7294791-06:00"},"args":{"Name":"args","Count":0,"LastSeen":"2026-02-09T15:34:58.7293615-06:00"},"systemUsers":{"Name":"systemUsers","Count":2,"LastSeen":"2026-02-09T15:34:58.7300395-06:00"},"fileInfo":{"Name":"fileInfo","Count":2,"LastSeen":"2026-02-09T15:34:58.7295397-06:00"},"configRoles":{"Name":"configRoles","Count":6,"LastSeen":"2026-02-09T15:34:58.7294305-06:00"},"ModulePathEnv":{"Name":"ModulePathEnv","Count":19,"LastSeen":"2026-02-09T15:34:58.7297756-06:00"}}
	Logging: 2026-02-09T21:35:28.8451902Z	2026-02-09T15:35:28.8451902-06:00	Verbose	EventViewer	Event\ log\ request:\ 452\ events\ returned	apps\WebhostRealtimeEvents\routes\api\v1\logs\get.ps1	get.ps1		6ec71a85-fb79-4ebc-aa1d-587c7f8b403c		1	{"ResultCount":452,"Filters":{"categories":null,"userID":null,"severities":null,"source":null,"activityName":null,"filter":null,"runspaceID":null,"sessionID":null},"TimeRange":15}
	Logging: 2026-02-09T21:35:28.8475272Z	2026-02-09T15:35:28.8475272-06:00	Info	MetricsData	Track_HashTables	WebHost.ps1	ProcessLogQueue		Webhost	MainLoop	1	H4sIAAAAAAAACpWUy27CMBBF/8VrqGzn6Wxh0UpQIYXS9UANRcpLtlMJIf69gjbxmFLJXuY6OjO+c8dnsirf5baU6kuqZfvRV1KT4kxeoZakeHQ4IbO2bwwpGJ2QBWhTStmQgnDK0ynlUyrWLCmipOD5Ux5nlMVsStOCUnKZkA6UbMwMDKphtRGdeJDTnLLckvVJv2mpEHdQRmrk0y+PGLfUHRh5aNUJYUdp5GY+3UY8Qtz6ZuYcDCAyEoN6TjPGI8uGrrsDD8pIFT5UFqfY337rju1XGJncx10W58iFH8S9wVgNmx0TNLZ0lN3HiUb02McQkeMRQte9NPvWtfmmhNnMKQ7cEszu01nBQbF750NNuUCRWJVzuYe+MitQUEsj1Qaq/m7T//llrOuz7mmeRYmtu2gPz0dt3PkiMYydcEHxnTZS6WPbrGFbSecmzkHYNESUof5raI57qXHsR8nOw2tHE8HSP9nU1zYfvLe/elj6aRyj1nfOsl6/wt4rnjAUoB0YqNqDS7wpYbHkgomBevkGMEuCZXwGAAA=
	Logging: 2026-02-09T21:35:28.8497056Z	2026-02-09T15:35:28.8497056-06:00	Info	MetricsData	Track_HashTables	WebHost.ps1	ProcessLogQueue		Webhost	MainLoop	1	{"prefixesToTry":{"Name":"prefixesToTry","Count":2,"LastSeen":"2026-02-09T15:35:28.8490780-06:00"},"dbRoles":{"Name":"dbRoles","Count":15,"LastSeen":"2026-02-09T15:35:28.8485590-06:00"},"args":{"Name":"args","Count":0,"LastSeen":"2026-02-09T15:35:28.8484303-06:00"},"systemUsers":{"Name":"systemUsers","Count":2,"LastSeen":"2026-02-09T15:35:28.8492763-06:00"},"fileInfo":{"Name":"fileInfo","Count":2,"LastSeen":"2026-02-09T15:35:28.8486217-06:00"},"configRoles":{"Name":"configRoles","Count":6,"LastSeen":"2026-02-09T15:35:28.8485041-06:00"},"ModulePathEnv":{"Name":"ModulePathEnv","Count":19,"LastSeen":"2026-02-09T15:35:28.8489731-06:00"}}
	Logging: 2026-02-09T21:35:58.9326541Z	2026-02-09T15:35:58.9326541-06:00	Verbose	EventViewer	Event\ log\ request:\ 454\ events\ returned	apps\WebhostRealtimeEvents\routes\api\v1\logs\get.ps1	get.ps1		6ec71a85-fb79-4ebc-aa1d-587c7f8b403c		1	{"ResultCount":454,"Filters":{"categories":null,"userID":null,"severities":null,"source":null,"activityName":null,"filter":null,"runspaceID":null,"sessionID":null},"TimeRange":15}
	Logging: 2026-02-09T21:35:58.9352021Z	2026-02-09T15:35:58.9352021-06:00	Info	MetricsData	Track_HashTables	WebHost.ps1	ProcessLogQueue		Webhost	MainLoop	1	H4sIAAAAAAAACpWUUWvCMBSF/0uedaRN0jZ91YcNdAh17vnqohNqK0k6EPG/D0XTm85B8tiT8uXm3HPvmSyqT7WulP5Ret5+dbUypDyTdzgoUj47HJFJ2zWWlAkdkRkYWynVkJKkNM3GNB1TuUxEyUQpihfJOOOcj2lWUkouI3IErRo7AYvu6DWHFiHkhHPZk83JfBilEfehOCoLoRY0oz11A1btWn1CWCc5bh7AZRnPWc893MycggVERmJczVQIVDMcjwPwQ3FUGVIxL1JENd3ab9tdcMw0pNI8YfmQOTQYq3E+5JlAHqPsPk80ovOgKCc882x+a7atb/NNibNZMNy8OdjNtzeCD6WfuxCqlIXAVkzVFrraLkDDQVmlV1B3g0n/5xd3b9C4pwlFr5m1u9e9sX5/kRjFZoWkaOAX1Upps2+bJaxr5b3EO4jqBk9ziscUmv1WGRx7J/X9CMkmk0IWf7JprmU+2bd3PS79LGfoho03rNevuH0lCubvQajbnU+8KXGxzBLm7L38AvCPcnB8BgAA
	Logging: 2026-02-09T21:35:58.9368896Z	2026-02-09T15:35:58.9368896-06:00	Info	MetricsData	Track_HashTables	WebHost.ps1	ProcessLogQueue		Webhost	MainLoop	1	{"prefixesToTry":{"Name":"prefixesToTry","Count":2,"LastSeen":"2026-02-09T15:35:58.9365093-06:00"},"dbRoles":{"Name":"dbRoles","Count":15,"LastSeen":"2026-02-09T15:35:58.9362072-06:00"},"args":{"Name":"args","Count":0,"LastSeen":"2026-02-09T15:35:58.9360848-06:00"},"systemUsers":{"Name":"systemUsers","Count":2,"LastSeen":"2026-02-09T15:35:58.9366637-06:00"},"fileInfo":{"Name":"fileInfo","Count":2,"LastSeen":"2026-02-09T15:35:58.9362671-06:00"},"configRoles":{"Name":"configRoles","Count":6,"LastSeen":"2026-02-09T15:35:58.9361570-06:00"},"ModulePathEnv":{"Name":"ModulePathEnv","Count":19,"LastSeen":"2026-02-09T15:35:58.9364379-06:00"}}
	Logging: 2026-02-09T21:36:59.4361162Z	2026-02-09T15:36:59.4361162-06:00	Verbose	EventViewer	Event\ log\ request:\ 453\ events\ returned	apps\WebhostRealtimeEvents\routes\api\v1\logs\get.ps1	get.ps1		6ec71a85-fb79-4ebc-aa1d-587c7f8b403c		1	{"ResultCount":453,"Filters":{"categories":null,"userID":null,"severities":null,"source":null,"activityName":null,"filter":null,"runspaceID":null,"sessionID":null},"TimeRange":15}
	Logging: 2026-02-09T21:36:59.4385981Z	2026-02-09T15:36:59.4385981-06:00	Info	MetricsData	Track_HashTables	WebHost.ps1	ProcessLogQueue		Webhost	MainLoop	1	H4sIAAAAAAAACpWUy27CMBBF/8VrqPzIy9nCopWgihTarofUUKSQRLFTCSH+veLljBGV7GWuo+PxzL1zJEX5pdal6n9Vv2y/h1ppkh/JO+wVyZ8dTsisHRpDckYnZAHalEo1JCec8mRK+ZTKFYtzkeSxfIlExrhIpzTJKSWnCemgV42ZgUF3jJpFxx7kNBUyG8n6oD+06hH3rliq8KlX8EiO1AqM2rb9AWGtZLmpT7Wc82jk7i/NnIMBREZiUM1pHCeIDV33AL4rlip9qJSJGPV3WLtjuwmWyX26y2PshiviscFYDZsdz1I60pF3nzsa0SMfPJUcWQO67q3ZtG6bL0pgm5MsGalLMNWPE8G7MubOyxKcIksU5VxtYKhNAT3slVH9J9TDQ9L/+cXe6xP3VNIMDXjRbl932rjzRWIYO3IiVJSfqte7tlnBulbOS5yDoGlkVAiGYgrNbqM0tr2Vxnl4ZTTKONpWxdWF+lzmk31708Pcz5II3VA5YT1/he0rxiRqdgUG6nbrEi9KmC1ZKu1OOf0BsLF+s3wGAAA=
	Logging: 2026-02-09T21:36:59.4404466Z	2026-02-09T15:36:59.4404466-06:00	Info	MetricsData	Track_HashTables	WebHost.ps1	ProcessLogQueue		Webhost	MainLoop	1	{"prefixesToTry":{"Name":"prefixesToTry","Count":2,"LastSeen":"2026-02-09T15:36:59.4399452-06:00"},"dbRoles":{"Name":"dbRoles","Count":15,"LastSeen":"2026-02-09T15:36:59.4395816-06:00"},"args":{"Name":"args","Count":0,"LastSeen":"2026-02-09T15:36:59.4394538-06:00"},"systemUsers":{"Name":"systemUsers","Count":2,"LastSeen":"2026-02-09T15:36:59.4400997-06:00"},"fileInfo":{"Name":"fileInfo","Count":2,"LastSeen":"2026-02-09T15:36:59.4396793-06:00"},"configRoles":{"Name":"configRoles","Count":6,"LastSeen":"2026-02-09T15:36:59.4395281-06:00"},"ModulePathEnv":{"Name":"ModulePathEnv","Count":19,"LastSeen":"2026-02-09T15:36:59.4398727-06:00"}}
	Logging: 2026-02-09T21:37:29.5443977Z	2026-02-09T15:37:29.5443977-06:00	Verbose	EventViewer	Event\ log\ request:\ 453\ events\ returned	apps\WebhostRealtimeEvents\routes\api\v1\logs\get.ps1	get.ps1		6ec71a85-fb79-4ebc-aa1d-587c7f8b403c		1	{"ResultCount":453,"Filters":{"categories":null,"userID":null,"severities":null,"source":null,"activityName":null,"filter":null,"runspaceID":null,"sessionID":null},"TimeRange":15}
	Logging: 2026-02-09T21:37:29.5475475Z	2026-02-09T15:37:29.5475475-06:00	Info	MetricsData	Track_HashTables	WebHost.ps1	ProcessLogQueue		Webhost	MainLoop	1	H4sIAAAAAAAACpWUX2vCMBTFv0uedSRpmrR91YcNdBTq3PPVRSf0H006EPG7j7mZ3hQH6etJ+eX23HNyIXnxrneF7r50t24++lIbkl3IK1SaZI8OZ2TR9LUlGaMzsgJjC61rkhFOuZxTPqfphsVZpDKePsVCUSXYnMqMUnKdkRY6XdsFWHTHoDl0HECWSczUQDZn82Z0h7h3xVGjkHm5kHKg7sHqY9OdEdZJjqtCpmUq4gO3upm5BAuIjMRJM0uV0GRgQ9uOwHfFUdMAapzKhCJ/+52/tj/BMXmIu0wl8Zg5NhirE3dHU5QIlN3HiUZ0ERRlIZAh0LYv9aHxbb4pk2yWlOOCrMHuP70K3pWhd0GREEJgK5b6AH1pc+ig0lZ3Wyj7UdP/+cTdG1J3mUYRunfVHJ9Pxvr7ReI0dpxgdl5sdWdOTb2BXam9P/EOpm0jTRWqfwX16aANjr2Thn2EdZQy1NH8N4XmZ8wH7+2fPi39jEb+y+U/WhPfK5pwFPY9WCibo0+8KdNiydhAvX4Dq9dbj3wGAAA=
	Logging: 2026-02-09T21:37:29.5492879Z	2026-02-09T15:37:29.5492879-06:00	Info	MetricsData	Track_HashTables	WebHost.ps1	ProcessLogQueue		Webhost	MainLoop	1	{"prefixesToTry":{"Name":"prefixesToTry","Count":2,"LastSeen":"2026-02-09T15:37:29.5488632-06:00"},"dbRoles":{"Name":"dbRoles","Count":15,"LastSeen":"2026-02-09T15:37:29.5485556-06:00"},"args":{"Name":"args","Count":0,"LastSeen":"2026-02-09T15:37:29.5484312-06:00"},"systemUsers":{"Name":"systemUsers","Count":2,"LastSeen":"2026-02-09T15:37:29.5490180-06:00"},"fileInfo":{"Name":"fileInfo","Count":2,"LastSeen":"2026-02-09T15:37:29.5486215-06:00"},"configRoles":{"Name":"configRoles","Count":6,"LastSeen":"2026-02-09T15:37:29.5485041-06:00"},"ModulePathEnv":{"Name":"ModulePathEnv","Count":19,"LastSeen":"2026-02-09T15:37:29.5487925-06:00"}}
	Logging: 2026-02-09T21:37:59.5694544Z	2026-02-09T15:37:59.5694544-06:00	Info	MetricsData	Track_HashTables	WebHost.ps1	ProcessLogQueue		Webhost	MainLoop	1	H4sIAAAAAAAACpWUXWvCMBiF/0uudaRp89He6sUGOgSdu37tohP6RZMORPzvQ9H0TecgvexJeZKcc96cyWr9qXdr3f7odll/dYU2JDuTdyg1yZ4tTsis7ipLsohOyAKMXWtdkYwwysSUsilNNxHPYpnx9IULlUpKp1RklJLLhDTQ6srOwKI9es2heQhZ8iTuyeZkPoxuEfehOGocQE0jHomemoPVh7o9IayTHFeGnJZxhrjlzcw5WEBkJI46sxJSyJ4NTTMAPxRHTQOoUqmUIX+7nR/bXXBMFuIulSoaMocGY3VkdhFDdNTd541G9CSoyrFChYOmeav2tW/zTRlls6IqReEtwebf3gg+lH7ugipBRYKtmOs9dIVdQQultrrdQtENJv2fX9y+QeOuGEf7LurD69FYP18kjmMnSnp32urWHOtqA7tCezfxFsaloVKK0iihOu61wbV3Up9H0IxyIfifbprrMZ+8t3d9XPspxe3PvWG9fo17ryKBX9ccLBT1wSfelHG1ZIw6Fy6/pKxrtnwGAAA=
	Logging: 2026-02-09T21:37:59.5713312Z	2026-02-09T15:37:59.5713312-06:00	Info	MetricsData	Track_HashTables	WebHost.ps1	ProcessLogQueue		Webhost	MainLoop	1	{"prefixesToTry":{"Name":"prefixesToTry","Count":2,"LastSeen":"2026-02-09T15:37:59.5708558-06:00"},"dbRoles":{"Name":"dbRoles","Count":15,"LastSeen":"2026-02-09T15:37:59.5705025-06:00"},"ModulePathEnv":{"Name":"ModulePathEnv","Count":19,"LastSeen":"2026-02-09T15:37:59.5707791-06:00"},"args":{"Name":"args","Count":0,"LastSeen":"2026-02-09T15:37:59.5703676-06:00"},"systemUsers":{"Name":"systemUsers","Count":2,"LastSeen":"2026-02-09T15:37:59.5710359-06:00"},"fileInfo":{"Name":"fileInfo","Count":2,"LastSeen":"2026-02-09T15:37:59.5705642-06:00"},"logEntries":{"Name":"logEntries","Count":3,"LastSeen":"2026-02-09T15:37:59.5706886-06:00"},"configRoles":{"Name":"configRoles","Count":6,"LastSeen":"2026-02-09T15:37:59.5704485-06:00"}}
	Logging: 2026-02-09T21:38:44.6716077Z	2026-02-09T15:38:44.6716077-06:00	Verbose	EventViewer	Event\ log\ request:\ 453\ events\ returned	apps\WebhostRealtimeEvents\routes\api\v1\logs\get.ps1	get.ps1		6ec71a85-fb79-4ebc-aa1d-587c7f8b403c		1	{"ResultCount":453,"Filters":{"categories":null,"userID":null,"severities":null,"source":null,"activityName":null,"filter":null,"runspaceID":null,"sessionID":null},"TimeRange":15}
	Logging: 2026-02-09T21:38:44.6738774Z	2026-02-09T15:38:44.6738774-06:00	Info	MetricsData	Track_HashTables	WebHost.ps1	ProcessLogQueue		Webhost	MainLoop	1	H4sIAAAAAAAACpWUzW7CMBCE38VnqBzbseNc4dBKUCFB6XlJDUXKn2KnEkK8e0UEzoZSyTlmHH27np31mazWn2a3Ns2PaZbVV5sbS9IzeYfCkPTZ4YTMqrZ0JI3ohCzAurUxJUkJo0xOKZtSvYnilCepEC9ScRErOqUypZRcJqSGxpRuBg7V6DWPjkPIjEvdk+3JfljTIO5d8VQeQpUiRv1m4Myhak4I6yXPVQFclkRC9NyiM3MODhAZieN6jqSOezbU9QP4rniqDulYch0hf9vdcGw3wTNZSKexYnhmHeLRYKyOnB1VqGOU3eeJRnQRFGUm0Qihrt/KfTW0uVNG2qwVsmQJLvserOBd6fcuKBI8ltiKudlDm7sVNFAYZ5ot5O3Dpv/zi68btO48Eqyvu6gOr0frhvNF4jg25VzhO21NY49VuYFdbgY3GRyMmgbnSqMaBZTHvbE49l7q5xGUTapF8ieb9trmk/f2po9Lv9AaWZ8NlvX6Ne69UjFFRmTgIK8OQ2KnjIolUwn3r+vlF/8aaLN8BgAA
	Logging: 2026-02-09T21:38:44.6760410Z	2026-02-09T15:38:44.6760410-06:00	Info	MetricsData	Track_HashTables	WebHost.ps1	ProcessLogQueue		Webhost	MainLoop	1	{"prefixesToTry":{"Name":"prefixesToTry","Count":2,"LastSeen":"2026-02-09T15:38:44.6754738-06:00"},"dbRoles":{"Name":"dbRoles","Count":15,"LastSeen":"2026-02-09T15:38:44.6751518-06:00"},"args":{"Name":"args","Count":0,"LastSeen":"2026-02-09T15:38:44.6750059-06:00"},"systemUsers":{"Name":"systemUsers","Count":2,"LastSeen":"2026-02-09T15:38:44.6756325-06:00"},"fileInfo":{"Name":"fileInfo","Count":2,"LastSeen":"2026-02-09T15:38:44.6752160-06:00"},"configRoles":{"Name":"configRoles","Count":6,"LastSeen":"2026-02-09T15:38:44.6750978-06:00"},"ModulePathEnv":{"Name":"ModulePathEnv","Count":19,"LastSeen":"2026-02-09T15:38:44.6753993-06:00"}}
	Logging: 2026-02-09T21:39:14.7626851Z	2026-02-09T15:39:14.7626851-06:00	Verbose	EventViewer	Event\ log\ request:\ 455\ events\ returned	apps\WebhostRealtimeEvents\routes\api\v1\logs\get.ps1	get.ps1		6ec71a85-fb79-4ebc-aa1d-587c7f8b403c		1	{"ResultCount":455,"Filters":{"categories":null,"userID":null,"severities":null,"source":null,"activityName":null,"filter":null,"runspaceID":null,"sessionID":null},"TimeRange":15}
	Logging: 2026-02-09T21:39:14.7654810Z	2026-02-09T15:39:14.7654810-06:00	Info	MetricsData	Track_HashTables	WebHost.ps1	ProcessLogQueue		Webhost	MainLoop	1	H4sIAAAAAAAACpWUS4vCMBSF/0vWOuTRpI+tLmZAh0IdXV870RFqW5p0QMT/Piia3ogD6bKn5cvtPefkTPJio7eF7n51t2y++0obkp3JJxw1yV69nJBZ09eWZIxOyAKMLbSuSUY45WpK+ZSmKyYzkWYseotVpJSUU6oySsllQlrodG1nYNEZg+bQMoQcCUYHsjmZL6M7xH0ojipCqIlM04FagtX7pjshrJMcNw7giiSOEfd4W+YcLCAyEsfNLJiKBja07RP4oThqGjKxSpVC++23vm13wTF5yKRxzPkz83nBWB3pHUvEQEfZfZ1oRI+Coiw4shDa9qPeNf6ab8q4NcdSJgN1Cbb88Sr4UIbehczK4xRFIi/megd9ZXPo4Kit7tZQ9U9N/+cTd25Q3SVTqJSLZv9+MNb3F4nj2ExJFJ68WOvOHJp6BdtKe3/ivRjlRiSTCF1XR6gPO21w7J00+BGUTS58QzbXFJrrmC/u27s+Lv0qVWj00ivr9WnkfcUoan8JFqpm7xNvyqhYiiSSrqGXP6aFQ8Z8BgAA
	Logging: 2026-02-09T21:39:14.7675960Z	2026-02-09T15:39:14.7675960-06:00	Info	MetricsData	Track_HashTables	WebHost.ps1	ProcessLogQueue		Webhost	MainLoop	1	{"prefixesToTry":{"Name":"prefixesToTry","Count":2,"LastSeen":"2026-02-09T15:39:14.7670448-06:00"},"dbRoles":{"Name":"dbRoles","Count":15,"LastSeen":"2026-02-09T15:39:14.7667065-06:00"},"args":{"Name":"args","Count":0,"LastSeen":"2026-02-09T15:39:14.7665575-06:00"},"systemUsers":{"Name":"systemUsers","Count":2,"LastSeen":"2026-02-09T15:39:14.7672120-06:00"},"fileInfo":{"Name":"fileInfo","Count":2,"LastSeen":"2026-02-09T15:39:14.7667735-06:00"},"configRoles":{"Name":"configRoles","Count":6,"LastSeen":"2026-02-09T15:39:14.7666487-06:00"},"ModulePathEnv":{"Name":"ModulePathEnv","Count":19,"LastSeen":"2026-02-09T15:39:14.7669679-06:00"}}
	Logging: 2026-02-09T21:39:44.9237668Z	2026-02-09T15:39:44.9237668-06:00	Verbose	EventViewer	Event\ log\ request:\ 458\ events\ returned	apps\WebhostRealtimeEvents\routes\api\v1\logs\get.ps1	get.ps1		6ec71a85-fb79-4ebc-aa1d-587c7f8b403c		1	{"ResultCount":458,"Filters":{"categories":null,"userID":null,"severities":null,"source":null,"activityName":null,"filter":null,"runspaceID":null,"sessionID":null},"TimeRange":15}
	Logging: 2026-02-09T21:39:44.9262725Z	2026-02-09T15:39:44.9262725-06:00	Info	MetricsData	Track_HashTables	WebHost.ps1	ProcessLogQueue		Webhost	MainLoop	1	H4sIAAAAAAAACpWUUW/CIBSF/wvPukCBtvRVH7ZElyY694wOnUltDdAlxvjfF92ES+cSeOyh+e7l3nM4o3rxrtYLpb+UnncffaMMqs7oVR4Uqh4djtCk61uLKoJHaCaNXSjVogplOMvHOBtjsSS8oqJi7ElkvMiJGOO8whhdRugotWrtRFpQw2sOzWPILKfYk83JvBmlAfeuOCqNoQrGmadupFW7Tp8A1kmOW0RwmeCYe+7hNsyptBKQgZjWMxWEerY8Hgfgu+KoIqbjomBgc6Zfh2v7FRwzi+m0LPAf5nDAUE3cHebAEcC7jx0N6CzKyiQPx/zSbrtwzDclbcwlpbmnzqXdfAYRvCs+d1GW4BTYuF5M1Vb2ja2llgdllV7Jph8k/Z9fXN2ouHNKSl931u2e98aG+wViGjsjmMA7rZQ2+65dynWjgpsEB0nb4FwUMKay3W+VgbZ3kt9HXEZxCdZc/7jQXNt88N7+6mnuLwQDFTZBWK9fae9VWQ7eQdl0u5B4U5JsyQQpXYQu38QnKMR8BgAA
	Logging: 2026-02-09T21:39:44.9281963Z	2026-02-09T15:39:44.9281963-06:00	Info	MetricsData	Track_HashTables	WebHost.ps1	ProcessLogQueue		Webhost	MainLoop	1	{"prefixesToTry":{"Name":"prefixesToTry","Count":2,"LastSeen":"2026-02-09T15:39:44.9276564-06:00"},"dbRoles":{"Name":"dbRoles","Count":15,"LastSeen":"2026-02-09T15:39:44.9273257-06:00"},"args":{"Name":"args","Count":0,"LastSeen":"2026-02-09T15:39:44.9271670-06:00"},"systemUsers":{"Name":"systemUsers","Count":2,"LastSeen":"2026-02-09T15:39:44.9278176-06:00"},"fileInfo":{"Name":"fileInfo","Count":2,"LastSeen":"2026-02-09T15:39:44.9273938-06:00"},"configRoles":{"Name":"configRoles","Count":6,"LastSeen":"2026-02-09T15:39:44.9272625-06:00"},"ModulePathEnv":{"Name":"ModulePathEnv","Count":19,"LastSeen":"2026-02-09T15:39:44.9275807-06:00"}}
	Logging: 2026-02-09T21:40:14.9936264Z	2026-02-09T15:40:14.9936264-06:00	Verbose	EventViewer	Event\ log\ request:\ 459\ events\ returned	apps\WebhostRealtimeEvents\routes\api\v1\logs\get.ps1	get.ps1		6ec71a85-fb79-4ebc-aa1d-587c7f8b403c		1	{"ResultCount":459,"Filters":{"categories":null,"userID":null,"severities":null,"source":null,"activityName":null,"filter":null,"runspaceID":null,"sessionID":null},"TimeRange":15}
	Logging: 2026-02-09T21:40:14.9962296Z	2026-02-09T15:40:14.9962296-06:00	Info	MetricsData	Track_HashTables	WebHost.ps1	ProcessLogQueue		Webhost	MainLoop	1	H4sIAAAAAAAACpWUT28CIRDFvwtnbViWhWWvemgTbUy09jxatCb7xyxsE2P87o22yw7WJnDkQX4Mb95wJovlu94sdful23nz0ZXakOJMXqHSpHi0OSKTpqstKRI6IjMwdql1TQrCKBNjysZUrZKs4LRI+JNSmUhSOqaioJRcRuQIra7tBCy6Y9AcOgshM8nVQDYn82Z0i7i94qhpCDVPBap3C1bvm/aEsE5yXBnA5TnL+cCtbmZOwQIiIzGu5kRk6cCG4/EO3CuOqkIqFkJgf7uN37ZfwTFZSKUywy78IO4NxmqcD1JhH1B2Hyca0XkIngsuPZtf6l3j23xT4myW7Kr11DnY7ac3gr0yzF1QJFKaYyumegddaRfQQqWtbtdQdneT/s8Rd2/QuKcZQy2YNfvng7F+f5EYx6YpTfCb1ro1h6ZewabU3ku8jahuZDxRqP4K6sNOGxx7Jw39CMomVenfbJprmQ/+2189Lv1CMhSkrTes11XcfyVFjqZ/CxbKZu8Tb0pULLlUSvTUyzf0iiyJfAYAAA==
	Logging: 2026-02-09T21:40:14.9984513Z	2026-02-09T15:40:14.9984513-06:00	Info	MetricsData	Track_HashTables	WebHost.ps1	ProcessLogQueue		Webhost	MainLoop	1	{"prefixesToTry":{"Name":"prefixesToTry","Count":2,"LastSeen":"2026-02-09T15:40:14.9979477-06:00"},"dbRoles":{"Name":"dbRoles","Count":15,"LastSeen":"2026-02-09T15:40:14.9976322-06:00"},"args":{"Name":"args","Count":0,"LastSeen":"2026-02-09T15:40:14.9974924-06:00"},"systemUsers":{"Name":"systemUsers","Count":2,"LastSeen":"2026-02-09T15:40:14.9981106-06:00"},"fileInfo":{"Name":"fileInfo","Count":2,"LastSeen":"2026-02-09T15:40:14.9976962-06:00"},"configRoles":{"Name":"configRoles","Count":6,"LastSeen":"2026-02-09T15:40:14.9975768-06:00"},"ModulePathEnv":{"Name":"ModulePathEnv","Count":19,"LastSeen":"2026-02-09T15:40:14.9978733-06:00"}}
	Logging: 2026-02-09T21:40:45.0464308Z	2026-02-09T15:40:45.0464308-06:00	Verbose	EventViewer	Event\ log\ request:\ 460\ events\ returned	apps\WebhostRealtimeEvents\routes\api\v1\logs\get.ps1	get.ps1		6ec71a85-fb79-4ebc-aa1d-587c7f8b403c		1	{"ResultCount":460,"Filters":{"categories":null,"userID":null,"severities":null,"source":null,"activityName":null,"filter":null,"runspaceID":null,"sessionID":null},"TimeRange":15}
	Logging: 2026-02-09T21:40:45.0487116Z	2026-02-09T15:40:45.0487116-06:00	Info	MetricsData	Track_HashTables	WebHost.ps1	ProcessLogQueue		Webhost	MainLoop	1	H4sIAAAAAAAACpWUS2vDMBCE/4vOSVnJsmX7mhxaSIrBfZw3qZIGHDtYciGU/vfSPKRVSEE+emw+rWdn9M2q+l2vat1/6X7ZfQyNNqz8Zs+416y893LCZt3QWlZymLAFGltr3bKSCRDZFMQUiheelhJKmT6AzHkGagpZCcB+JuyAvW7tDC05w2sOnUaQVcFz7snmaF6N7gn3qjhqEjOv5HnhqWu0etv1R4J1kuOqmGllkqaeuz+ZOUeLhEzEUTOrXBTSs/FwuAFfFUctYqgiSzPi77AK13YRHFPEuCsyRVw4I24Npuq43SUghKeT7N5PNKHLqCiLHAKbn9pNF9p8UsbZnAieeOoS7fozqOBV8b2LoaqMlqOq53qDQ2Mr7HGvre7fsBlumv7PJ+7cqLoDCBLFRbd93Bkb7peIo9gqk0DCU9Vvuje7rn3BVaODPwlejNpGDjkn19Ue291GGxp7J/l9RHVUQULA1TmF5m/MO/ftRR+Xfl4IsvJ1UNa/p3H3VaKoEWu02HTbkHhSxsVSgnTUn18ZOHhPfAYAAA==
	Logging: 2026-02-09T21:40:45.0508155Z	2026-02-09T15:40:45.0508155-06:00	Info	MetricsData	Track_HashTables	WebHost.ps1	ProcessLogQueue		Webhost	MainLoop	1	{"prefixesToTry":{"Name":"prefixesToTry","Count":2,"LastSeen":"2026-02-09T15:40:45.0502084-06:00"},"dbRoles":{"Name":"dbRoles","Count":15,"LastSeen":"2026-02-09T15:40:45.0498896-06:00"},"args":{"Name":"args","Count":0,"LastSeen":"2026-02-09T15:40:45.0497457-06:00"},"systemUsers":{"Name":"systemUsers","Count":2,"LastSeen":"2026-02-09T15:40:45.0504576-06:00"},"fileInfo":{"Name":"fileInfo","Count":2,"LastSeen":"2026-02-09T15:40:45.0499541-06:00"},"configRoles":{"Name":"configRoles","Count":6,"LastSeen":"2026-02-09T15:40:45.0498346-06:00"},"ModulePathEnv":{"Name":"ModulePathEnv","Count":19,"LastSeen":"2026-02-09T15:40:45.0501325-06:00"}}
	Logging: 2026-02-09T21:41:45.2345456Z	2026-02-09T15:41:45.2345456-06:00	Verbose	EventViewer	Event\ log\ request:\ 463\ events\ returned	apps\WebhostRealtimeEvents\routes\api\v1\logs\get.ps1	get.ps1		6ec71a85-fb79-4ebc-aa1d-587c7f8b403c		1	{"ResultCount":463,"Filters":{"categories":null,"userID":null,"severities":null,"source":null,"activityName":null,"filter":null,"runspaceID":null,"sessionID":null},"TimeRange":15}
	Logging: 2026-02-09T21:41:45.2377725Z	2026-02-09T15:41:45.2377725-06:00	Info	MetricsData	Track_HashTables	WebHost.ps1	ProcessLogQueue		Webhost	MainLoop	1	H4sIAAAAAAAACpWUUWvCMBSF/0uedaRJk5i+6sMGOgSde7666ITaSpMORPzvw06TG3GQPva0fL0595ycyXzxadYL0/yYZlZ/taWxpDiTdzgYUjx7OSDjuq0cKTI6IFOwbmFMRQrCKJNDyoZULzNR5FmRixfGFRNaD6ksKCWXATlCYyo3Bof+ETSPFglkqZkWgWxP9sOaBnHviqfylHnznLNA3YAzu7o5IayXPFclcIXiI+TDoTNzAg4QGYm9ZpZUUxrYcDw+gO+Kp+qUiQVjiGrbdby2m+CZLMVdLkd4Zx3i0WCs9twd5Xmgo+w+TzSi50lRZiqLbH6rtnVsc6f0tHlEeaDOwG2+owreldC7pEgILrEVE7OFtnRzaOBgnGlWULYPTf/nE//fpLpTLdFppvXudW9dvF8k9mILzbXCZ1qZxu7ragnr0kQniV702obKlMQ1hWq/NRbH3kthH2kdpQyFZ/6XQnsd88l9e9P7pZ9p3NdNVNbrU7/7SkqJ5t2Ag7LexcRO6RVLoWiIx+UXSGsiYnwGAAA=
	Logging: 2026-02-09T21:41:45.2698902Z	2026-02-09T15:41:45.2698902-06:00	Info	MetricsData	Track_HashTables	WebHost.ps1	ProcessLogQueue		Webhost	MainLoop	1	{"prefixesToTry":{"Name":"prefixesToTry","Count":2,"LastSeen":"2026-02-09T15:41:45.2692020-06:00"},"dbRoles":{"Name":"dbRoles","Count":15,"LastSeen":"2026-02-09T15:41:45.2388731-06:00"},"args":{"Name":"args","Count":0,"LastSeen":"2026-02-09T15:41:45.2387386-06:00"},"systemUsers":{"Name":"systemUsers","Count":2,"LastSeen":"2026-02-09T15:41:45.2693816-06:00"},"fileInfo":{"Name":"fileInfo","Count":2,"LastSeen":"2026-02-09T15:41:45.2389374-06:00"},"configRoles":{"Name":"configRoles","Count":6,"LastSeen":"2026-02-09T15:41:45.2388193-06:00"},"ModulePathEnv":{"Name":"ModulePathEnv","Count":19,"LastSeen":"2026-02-09T15:41:45.2690607-06:00"}}
	Logging: 2026-02-09T21:42:15.3440491Z	2026-02-09T15:42:15.3440491-06:00	Verbose	EventViewer	Event\ log\ request:\ 466\ events\ returned	apps\WebhostRealtimeEvents\routes\api\v1\logs\get.ps1	get.ps1		6ec71a85-fb79-4ebc-aa1d-587c7f8b403c		1	{"ResultCount":466,"Filters":{"categories":null,"userID":null,"severities":null,"source":null,"activityName":null,"filter":null,"runspaceID":null,"sessionID":null},"TimeRange":15}
	Logging: 2026-02-09T21:42:15.3465026Z	2026-02-09T15:42:15.3465026-06:00	Info	MetricsData	Track_HashTables	WebHost.ps1	ProcessLogQueue		Webhost	MainLoop	1	H4sIAAAAAAAACpWUX2/CIBTFvwvPugCFtvRVH7ZElyZ17hkdOpP+MUCXGON3X3RKL41L4LGnzY/bc8/hjMrqU20qpX+UXnZffa0MKs7oXTYKFc9eTtCs61uLCoInaCGNrZRqUYEopukU0ykWK8ILRgvCXxLGBad4itMCY3SZoKPUqrUzacEZg+bQPITMGMkGsjmZD6M04D4UR00CqCmlPB2oW2nVvtMngHWS42Yh0+JEAB+am5lzaSUgAzFqZp5kmA9seTyOwA/FUUUAleWpAE6YfuOv7S44Jg1xl7CUjpljg6EatzuSs2Sgg+w+TzSgs6AoE048m9/aXefbfFPibBY0BUMvpd1+exV8KEPvgiKRcAatmKud7GtbSi0bZZVey7ofNf2fT9y5QXVPWQ4WvOj2rwdj/f0CMY5NEwHYZbVW2hy6diU3tfL+xHsRtQ2eEwJ8a2R72CkDY++kYR9BHaUiB20q/1JormM+uW/velz6cZKB+3DrlfX6FHVfMZFluUeTdbf3iTclLpYY527Gyy/GH2GffAYAAA==
	Logging: 2026-02-09T21:42:15.3768124Z	2026-02-09T15:42:15.3768124-06:00	Info	MetricsData	Track_HashTables	WebHost.ps1	ProcessLogQueue		Webhost	MainLoop	1	{"prefixesToTry":{"Name":"prefixesToTry","Count":2,"LastSeen":"2026-02-09T15:42:15.3762392-06:00"},"dbRoles":{"Name":"dbRoles","Count":15,"LastSeen":"2026-02-09T15:42:15.3759258-06:00"},"args":{"Name":"args","Count":0,"LastSeen":"2026-02-09T15:42:15.3757753-06:00"},"systemUsers":{"Name":"systemUsers","Count":2,"LastSeen":"2026-02-09T15:42:15.3764062-06:00"},"fileInfo":{"Name":"fileInfo","Count":2,"LastSeen":"2026-02-09T15:42:15.3759933-06:00"},"configRoles":{"Name":"configRoles","Count":6,"LastSeen":"2026-02-09T15:42:15.3758701-06:00"},"ModulePathEnv":{"Name":"ModulePathEnv","Count":19,"LastSeen":"2026-02-09T15:42:15.3761681-06:00"}}
	Logging: 2026-02-09T21:42:45.5009871Z	2026-02-09T15:42:45.5009871-06:00	Info	MetricsData	Track_HashTables	WebHost.ps1	ProcessLogQueue		Webhost	MainLoop	1	H4sIAAAAAAAACpWUzW7CMBCE38VnqBzHseNc4dBKUCGFwnmhhiLlT7FTCSHevYKCs0ZUda7j6NvN7OyeyCJf602u22/dzuvPrtCGZCfyDqUm2bPHEZnUXWVJFtERmYGxudYVyQijTIwpG1O1jJKMs4wnL1xSRhkbU5FRSs4j0kCrKzsBi2r0mkMn/5OFStNU9WRzNB9Gt4h7Vxw1Duk3VkL21C1Yva/bI8I6yXFlSLdcJKjb8mrmFCwgMhKH9CxUGknes6FpHsB3xVFVCJUpJZC/3cYf201wTBbkbiRRGn4RjwZjdeDsEoF8QNl9nmhE5yH4KOGoeWiat2pX+zZflWE2xwlLe+oc7PbLW8G70u9dCFWmkWfFVO+gK+wCWii11e0Kiu5h0//4xNUNWnfKYhSaWb1/PRjrzxeJQ9hCiRQ7tchXujWHulrCptDen3gPQ6YhaUQFqlFCddhpg2PvpH4eQTsqOfeaX19SaC5tPrm3N31Y+lnMqHe5/KM19F7R2KdBUe994lUZFkseJ456/gHbLaWKfAYAAA==
	Logging: 2026-02-09T21:42:45.5031619Z	2026-02-09T15:42:45.5031619-06:00	Info	MetricsData	Track_HashTables	WebHost.ps1	ProcessLogQueue		Webhost	MainLoop	1	{"prefixesToTry":{"Name":"prefixesToTry","Count":2,"LastSeen":"2026-02-09T15:42:45.5026824-06:00"},"dbRoles":{"Name":"dbRoles","Count":15,"LastSeen":"2026-02-09T15:42:45.5022603-06:00"},"args":{"Name":"args","Count":0,"LastSeen":"2026-02-09T15:42:45.5021233-06:00"},"systemUsers":{"Name":"systemUsers","Count":2,"LastSeen":"2026-02-09T15:42:45.5028455-06:00"},"fileInfo":{"Name":"fileInfo","Count":2,"LastSeen":"2026-02-09T15:42:45.5023320-06:00"},"configRoles":{"Name":"configRoles","Count":6,"LastSeen":"2026-02-09T15:42:45.5022065-06:00"},"ModulePathEnv":{"Name":"ModulePathEnv","Count":19,"LastSeen":"2026-02-09T15:42:45.5025703-06:00"}}
	Logging: 2026-02-09T21:43:15.7014364Z	2026-02-09T15:43:15.7014364-06:00	Verbose	EventViewer	Event\ log\ request:\ 470\ events\ returned	apps\WebhostRealtimeEvents\routes\api\v1\logs\get.ps1	get.ps1		6ec71a85-fb79-4ebc-aa1d-587c7f8b403c		1	{"ResultCount":470,"Filters":{"categories":null,"userID":null,"severities":null,"source":null,"activityName":null,"filter":null,"runspaceID":null,"sessionID":null},"TimeRange":15}
	Logging: 2026-02-09T21:43:15.7341609Z	2026-02-09T15:43:15.7341609-06:00	Info	MetricsData	Track_HashTables	WebHost.ps1	ProcessLogQueue		Webhost	MainLoop	1	H4sIAAAAAAAACpWUzW7CMBCE38VnqNaxnb8rHFoJqkih9LxQQ5FCEsVOJYR496oI4nVK1eQ6jj5vdmZ8Zln+rje5br50s6w+2kIblp7ZKx41Sx8dTtisakvLUg4TtkBjc61LlrIAgnAKwRSSFVepFClXT5EQSioxhTAFYJcJq7HRpZ2hJXc4rUOr/8kguFLgyOZk3oxuCPeudFQxZN6Ix5GjbtHqfdWcCLaTOm40YNogBEmmPV6XOUeLhEzEMTODACm4Y2Nd98B3paMmQyaWQhKqaTe+bTehYwZDthvKWPWZ/QVTdZx3YQyho5PsPk40octBUebUQqzrl3JX+Wu+KiPXHCeBoy7Rbj+9Ct4V17sh1IQDqV2Wz/UO28Jm2OBRW92ssWh7Tf/jk+7eQXUXAkhoFtX++WCs7y8Rx7AhiLkg1czytW7MoSpXuCm09yfewRg3hJAKaE2xPOy0obHvJOfHkI4GcSSSX9k0P2M+eG9v+rj0q0hJ7+XyH62R75WSnMy7RYtFtfeJV2VcLFXkLLx8AzO+pqt8BgAA
	Logging: 2026-02-09T21:43:15.7360298Z	2026-02-09T15:43:15.7360298-06:00	Info	MetricsData	Track_HashTables	WebHost.ps1	ProcessLogQueue		Webhost	MainLoop	1	{"prefixesToTry":{"Name":"prefixesToTry","Count":2,"LastSeen":"2026-02-09T15:43:15.7354979-06:00"},"dbRoles":{"Name":"dbRoles","Count":15,"LastSeen":"2026-02-09T15:43:15.7352013-06:00"},"args":{"Name":"args","Count":0,"LastSeen":"2026-02-09T15:43:15.7350706-06:00"},"systemUsers":{"Name":"systemUsers","Count":2,"LastSeen":"2026-02-09T15:43:15.7356472-06:00"},"fileInfo":{"Name":"fileInfo","Count":2,"LastSeen":"2026-02-09T15:43:15.7352602-06:00"},"configRoles":{"Name":"configRoles","Count":6,"LastSeen":"2026-02-09T15:43:15.7351522-06:00"},"ModulePathEnv":{"Name":"ModulePathEnv","Count":19,"LastSeen":"2026-02-09T15:43:15.7354297-06:00"}}
	Logging: 2026-02-09T21:43:45.7760973Z	2026-02-09T15:43:45.7760973-06:00	Verbose	EventViewer	Event\ log\ request:\ 472\ events\ returned	apps\WebhostRealtimeEvents\routes\api\v1\logs\get.ps1	get.ps1		6ec71a85-fb79-4ebc-aa1d-587c7f8b403c		1	{"ResultCount":472,"Filters":{"categories":null,"userID":null,"severities":null,"source":null,"activityName":null,"filter":null,"runspaceID":null,"sessionID":null},"TimeRange":15}
	Logging: 2026-02-09T21:43:45.8209976Z	2026-02-09T15:43:45.8209976-06:00	Info	MetricsData	Track_HashTables	WebHost.ps1	ProcessLogQueue		Webhost	MainLoop	1	H4sIAAAAAAAACpWUy27CMBBF/8VrqBw/4jhbWLQSVEihdD2khiLlgWKnEkL8exVEknFE1WSZ6+h4fOfOXMkm+TT7xFQ/plqXX3VmLImv5B1yQ+JnhzOyKOvCkTigM7IC6xJjChITRlk4p2xO9TaQseCxkC8RoyKQbE7DmFJym5EzVKZwC3Dojl7r0PJ/cqA1V1FPthf7YU2FuK3SUfmYehUViJqCM8eyuiBsJ3VcNaZaKRqt5eZ3M5fgAJGROKXmQEehFj0bzucBuFU6qh5D5SHH/tZ7v20PoWOyMe5KJumQOTQYq9N6FwYc+YCy+zzRiC7G4LlSoWfzW3EofZvvyjSbhWfJGlz67Y1gq/RzNyoSnGlsxdIcoM7cBirIjTPVDrJ6MOl//NLdO2rcKZXIo1V5fD1Z5/cXiVPYgVYcszfJzlT2VBZb2GfGe4l3MKUbjLIoQL7lUJwOxuLYd1Lfj1EzqrT0GvLZpNA2ZT7Ztw99WvqFwPsw9Ya1+Zq2r4RSKJYpOMjKo0+8K9NiKanmLfX2C6ThrkR8BgAA
	Logging: 2026-02-09T21:43:45.8227430Z	2026-02-09T15:43:45.8227430-06:00	Info	MetricsData	Track_HashTables	WebHost.ps1	ProcessLogQueue		Webhost	MainLoop	1	{"prefixesToTry":{"Name":"prefixesToTry","Count":2,"LastSeen":"2026-02-09T15:43:45.8223177-06:00"},"dbRoles":{"Name":"dbRoles","Count":15,"LastSeen":"2026-02-09T15:43:45.8219954-06:00"},"args":{"Name":"args","Count":0,"LastSeen":"2026-02-09T15:43:45.8218723-06:00"},"systemUsers":{"Name":"systemUsers","Count":2,"LastSeen":"2026-02-09T15:43:45.8224752-06:00"},"fileInfo":{"Name":"fileInfo","Count":2,"LastSeen":"2026-02-09T15:43:45.8220601-06:00"},"configRoles":{"Name":"configRoles","Count":6,"LastSeen":"2026-02-09T15:43:45.8219429-06:00"},"ModulePathEnv":{"Name":"ModulePathEnv","Count":19,"LastSeen":"2026-02-09T15:43:45.8222424-06:00"}}
	Logging: 2026-02-09T21:44:00.8264010Z	2026-02-09T15:44:00.8264010-06:00	Info	MetricsData	Track_HashTables	WebHost.ps1	ProcessLogQueue		Webhost	MainLoop	1	H4sIAAAAAAAACpWUy27CMBBF/8VrqMbPPLawaCWoIoXStaGGIuWBYqcSQvx7VSDJGFHJ2V5bx+M7d+ZMsvzTbHLT/JhmWX+1hbEkPZN3XRqSPjuckFndVo6kFCZkoa3LjalIShgwNQU2hWRFZSpECvASM5kAY1NQKQC5TMhRN6ZyM+3QG4PWo2UIWcUKBrI92Q9rGsTtlJ7KA6gKEk4H6lY7s6+bE8L2Us+NQqqlgvOBW17NnGunERmJo2qWinIxsPXx+ADulJ6aBFBFomiC/G03ftvuQs9kQe5CjNy9IR4NxurI3kmOsoay+zzRiC5CbI4jUJ7Nb9Wu9m2+KqNslsA4oi612357I9gpw9yFUGUkkNFZPjc73RYu040ujTPNWhftw6T/c6V/N2jcI6lQzBf1/vVgnd9fJI5jC0G9P61NYw91tdKbwng/8Q7GdSNmHC2VUleHnbE49r009CNoRiWnCJzdUmj/ynyyb+/6uC2QcB55m8tfWiP3FUSR9Gi6qPc+8aqMiyWlEHfUyy/LI1zOfAYAAA==
	Logging: 2026-02-09T21:44:00.8287734Z	2026-02-09T15:44:00.8287734-06:00	Info	MetricsData	Track_HashTables	WebHost.ps1	ProcessLogQueue		Webhost	MainLoop	1	{"prefixesToTry":{"Name":"prefixesToTry","Count":2,"LastSeen":"2026-02-09T15:44:00.8282829-06:00"},"dbRoles":{"Name":"dbRoles","Count":15,"LastSeen":"2026-02-09T15:44:00.8277632-06:00"},"ModulePathEnv":{"Name":"ModulePathEnv","Count":19,"LastSeen":"2026-02-09T15:44:00.8281795-06:00"},"args":{"Name":"args","Count":0,"LastSeen":"2026-02-09T15:44:00.8276341-06:00"},"systemUsers":{"Name":"systemUsers","Count":2,"LastSeen":"2026-02-09T15:44:00.8284841-06:00"},"fileInfo":{"Name":"fileInfo","Count":2,"LastSeen":"2026-02-09T15:44:00.8278263-06:00"},"logEntries":{"Name":"logEntries","Count":3,"LastSeen":"2026-02-09T15:44:00.8279473-06:00"},"configRoles":{"Name":"configRoles","Count":6,"LastSeen":"2026-02-09T15:44:00.8277100-06:00"}}
	Logging: 2026-02-09T21:44:30.9028371Z	2026-02-09T15:44:30.9028371-06:00	Info	MetricsData	Track_HashTables	WebHost.ps1	ProcessLogQueue		Webhost	MainLoop	1	H4sIAAAAAAAACpWUy27CMBRE/8VrqPzKw9nCopWgQgql60tqKFIeKHYqIcS/VyBwrlMqOcuMo2N7Zq7PZJV/6m2u2x/dLpuvrtSGZGfyDpUm2bPFCZk1XW1JxuiELMDYXOuaZIRTHk8pn1K1ZlEmZSboi6Kcy6sWZ5SSy4QcodW1nYFFe/SaQ0chZCqY7MnmZD6MbhH3oTiqCKFKliJqAVbvm/aEsE5y3CSAy2IuELe6mTkHC4iMxFFnZiqmomfD8TgAPxRHVSFUGQmUnOm2fmx3wTF5iLtCRmzIHBqM1XHZiSRNezrq7vNGI7oMqjJVvs1v9a7xbb4p42yOGFU9dQm2+PZG8KH0cxdUCS4TbMVc76Ar7QpaqLTV7QbKbjDp//zi9g0ad6oUCnjR7F8Pxvr5InEUm6U8Qk6t8o1uzaGp17AttXcTb2FUGpzFAu1RQX3YaYNr76Q+j6AZTdMk/tNNcz3mk/f2ro9rP08YmtfCG9br17j3KooZCrIAC2Wz94k3ZVwtI8XdK3j5BSKAIZV8BgAA
	Logging: 2026-02-09T21:44:30.9050905Z	2026-02-09T15:44:30.9050905-06:00	Info	MetricsData	Track_HashTables	WebHost.ps1	ProcessLogQueue		Webhost	MainLoop	1	{"prefixesToTry":{"Name":"prefixesToTry","Count":2,"LastSeen":"2026-02-09T15:44:30.9042871-06:00"},"dbRoles":{"Name":"dbRoles","Count":15,"LastSeen":"2026-02-09T15:44:30.9039658-06:00"},"args":{"Name":"args","Count":0,"LastSeen":"2026-02-09T15:44:30.9038262-06:00"},"systemUsers":{"Name":"systemUsers","Count":2,"LastSeen":"2026-02-09T15:44:30.9046494-06:00"},"fileInfo":{"Name":"fileInfo","Count":2,"LastSeen":"2026-02-09T15:44:30.9040320-06:00"},"configRoles":{"Name":"configRoles","Count":6,"LastSeen":"2026-02-09T15:44:30.9039114-06:00"},"ModulePathEnv":{"Name":"ModulePathEnv","Count":19,"LastSeen":"2026-02-09T15:44:30.9042116-06:00"}}
	Logging: 2026-02-09T21:45:15.9550714Z	2026-02-09T15:45:15.9550714-06:00	Verbose	EventViewer	Event\ log\ request:\ 480\ events\ returned	apps\WebhostRealtimeEvents\routes\api\v1\logs\get.ps1	get.ps1		6ec71a85-fb79-4ebc-aa1d-587c7f8b403c		1	{"ResultCount":480,"Filters":{"categories":null,"userID":null,"severities":null,"source":null,"activityName":null,"filter":null,"runspaceID":null,"sessionID":null},"TimeRange":15}
	Logging: 2026-02-09T21:45:15.9572486Z	2026-02-09T15:45:15.9572486-06:00	Info	MetricsData	Track_HashTables	WebHost.ps1	ProcessLogQueue		Webhost	MainLoop	1	H4sIAAAAAAAACpWUzW7CMBCE38VnqJzEP3GucGglqJCg9GzoQpFCgmynEkK8ewUtzppSyT5mEn1ez87kRGbzd1jNwXyBmbYfXQ2WVCfyqvdAqkcvB2TUdo0jVUYHZKKtmwM0pCI5zcWQ5kOqFhmvGK8y/qS4KAvBh1RUlJLzgBy0gcaNtENn9JpH8xgyk1L0ZHu0bxYM4t4UTy0iqJIWMuupa+1g25ojwnrJc2XMtFQyNO3+auZYO43ISEyaWTBaIrY+HO7AN8VTVQSVKypz5G+3Ctf2K3hmHjOp4uwP895grKb5oMqS9nSU3ceJRnQWFWVaqMDml2bThjZflUSbBUUFmWq3/gwqeFP63sXMWsi8xFaMYaO72s200XtwYJa67u6a/s8n/tyougueofpM2u3zzrpwv0hMY+eSB3dagrG7tlnoVQ3BTYIXSdsQkimJaqqb3QYsjr2X+n1EZbMoOFrz7CeF9jLmg//tr56W/lKW6IR1UNbLU+L/KstYQNN1uw2JVyUtlpT1FTp/A7CV0CB8BgAA
	Logging: 2026-02-09T21:45:15.9590038Z	2026-02-09T15:45:15.9590038-06:00	Info	MetricsData	Track_HashTables	WebHost.ps1	ProcessLogQueue		Webhost	MainLoop	1	{"prefixesToTry":{"Name":"prefixesToTry","Count":2,"LastSeen":"2026-02-09T15:45:15.9585990-06:00"},"dbRoles":{"Name":"dbRoles","Count":15,"LastSeen":"2026-02-09T15:45:15.9582304-06:00"},"args":{"Name":"args","Count":0,"LastSeen":"2026-02-09T15:45:15.9581097-06:00"},"systemUsers":{"Name":"systemUsers","Count":2,"LastSeen":"2026-02-09T15:45:15.9587574-06:00"},"fileInfo":{"Name":"fileInfo","Count":2,"LastSeen":"2026-02-09T15:45:15.9583198-06:00"},"configRoles":{"Name":"configRoles","Count":6,"LastSeen":"2026-02-09T15:45:15.9581804-06:00"},"ModulePathEnv":{"Name":"ModulePathEnv","Count":19,"LastSeen":"2026-02-09T15:45:15.9585099-06:00"}}
	Logging: 2026-02-09T21:45:46.2010985Z	2026-02-09T15:45:46.2010985-06:00	Verbose	EventViewer	Event\ log\ request:\ 483\ events\ returned	apps\WebhostRealtimeEvents\routes\api\v1\logs\get.ps1	get.ps1		6ec71a85-fb79-4ebc-aa1d-587c7f8b403c		1	{"ResultCount":483,"Filters":{"categories":null,"userID":null,"severities":null,"source":null,"activityName":null,"filter":null,"runspaceID":null,"sessionID":null},"TimeRange":15}
	Logging: 2026-02-09T21:45:46.2032797Z	2026-02-09T15:45:46.2032797-06:00	Info	MetricsData	Track_HashTables	WebHost.ps1	ProcessLogQueue		Webhost	MainLoop	1	H4sIAAAAAAAACpWUS2/CMBCE/4vPUPmV5xUOrQQVUig9L62hSCGJbKcSQvz3CgrOmlLJvo6jz87M7B7JonpX60rpb6Xn7WdfK0PKI3mFvSLlo8MRmbR9Y0nJ6IjMwNhKqYaUhFOejikf02LJklImpUyfOOU55XJM05JSchqRDrRq7AQsumPQHDoJISc5SwayOZg3ozTi3hRHFSHUwqN+gFXbVh8Q1kmOm4VwGTvLN+7+YuYULCAyEuPeLDOJPIauuwPfFEctAqisELRA/vZrP7ar4Jg8yF2aIRd+EfcGYzUyO8nZQEfdfdxoRJch+CwtUDWg616aTevbfFEibc5TFN4c7MeXN4I3ZZi7oEow4VkxVRvoa7sADXtllV5B3d9N+j+fuHuDxj1NJCrNrN0+74z180ViHFswifxfVCulza5tlrCulfcn3kFUGjzjnKIxhWa3UQbX3klDHkHdFFmS/+mmOT/zwb696nHtz4Xg3ubyl1bkvqIi9/cg1O3WJ16UuFrSbNgppx/2ktDzfAYAAA==
	Logging: 2026-02-09T21:45:46.2053051Z	2026-02-09T15:45:46.2053051-06:00	Info	MetricsData	Track_HashTables	WebHost.ps1	ProcessLogQueue		Webhost	MainLoop	1	{"prefixesToTry":{"Name":"prefixesToTry","Count":2,"LastSeen":"2026-02-09T15:45:46.2048854-06:00"},"dbRoles":{"Name":"dbRoles","Count":15,"LastSeen":"2026-02-09T15:45:46.2045381-06:00"},"args":{"Name":"args","Count":0,"LastSeen":"2026-02-09T15:45:46.2043361-06:00"},"systemUsers":{"Name":"systemUsers","Count":2,"LastSeen":"2026-02-09T15:45:46.2050482-06:00"},"fileInfo":{"Name":"fileInfo","Count":2,"LastSeen":"2026-02-09T15:45:46.2046146-06:00"},"configRoles":{"Name":"configRoles","Count":6,"LastSeen":"2026-02-09T15:45:46.2044362-06:00"},"ModulePathEnv":{"Name":"ModulePathEnv","Count":19,"LastSeen":"2026-02-09T15:45:46.2047959-06:00"}}
	Logging: 2026-02-09T21:46:31.3255892Z	2026-02-09T15:46:31.3255892-06:00	Verbose	EventViewer	Event\ log\ request:\ 485\ events\ returned	apps\WebhostRealtimeEvents\routes\api\v1\logs\get.ps1	get.ps1		6ec71a85-fb79-4ebc-aa1d-587c7f8b403c		1	{"ResultCount":485,"Filters":{"categories":null,"userID":null,"severities":null,"source":null,"activityName":null,"filter":null,"runspaceID":null,"sessionID":null},"TimeRange":15}
	Logging: 2026-02-09T21:46:31.3283523Z	2026-02-09T15:46:31.3283523-06:00	Info	MetricsData	Track_HashTables	WebHost.ps1	ProcessLogQueue		Webhost	MainLoop	1	H4sIAAAAAAAACpWUzW7CMBCE38VnqGzHsZNc4dBKUEUKpeeFGoqUHxQ7lRDi3SsoOOuISs4x4+jzenZnzyQvPvWm0O2PbpfNV1dqQ7IzeYdKk+zZ4YTMmq62JGN0QhZgbKF1TTLCKZdTyqc0XbE4EzKL2EvEVcq4mFKZUUouE3KEVtd2Bhbd0WsOHYeQpRKsJ5uT+TC6RdyH4qhRADVhVPCeugWr9017QlgnOa4KqZZxGvXc6mbmHCwgMhJH1awkxR7D8TgAPxRHTQOoMmVUIn+7jd+2u+CYPMRdylQ8ZA4Nxuq43lGJJwLN7vOJRnQRYnOiktSz+a3eNb7NN2WkzVKonroEu/32IvhQ+tyF1BpLiah5Mdc76EqbQwuVtrpdQ9kNkv7PL+7eoLgryZL+3kWzfz0Y6/cXiePYIvLftNatOTT1Cjal9l7iHYzqhkoijuJfQX3YaYPH3kl9P4IyGnOBhif/m0JzLfPJvr3r47ZAKgTaAlsvrNevcfuKshjVuwULZbP3iTdl3FhSkbgaL7/GPHCxfAYAAA==
	Logging: 2026-02-09T21:46:31.3304022Z	2026-02-09T15:46:31.3304022-06:00	Info	MetricsData	Track_HashTables	WebHost.ps1	ProcessLogQueue		Webhost	MainLoop	1	{"prefixesToTry":{"Name":"prefixesToTry","Count":2,"LastSeen":"2026-02-09T15:46:31.3297964-06:00"},"dbRoles":{"Name":"dbRoles","Count":15,"LastSeen":"2026-02-09T15:46:31.3294495-06:00"},"args":{"Name":"args","Count":0,"LastSeen":"2026-02-09T15:46:31.3293214-06:00"},"systemUsers":{"Name":"systemUsers","Count":2,"LastSeen":"2026-02-09T15:46:31.3299624-06:00"},"fileInfo":{"Name":"fileInfo","Count":2,"LastSeen":"2026-02-09T15:46:31.3295183-06:00"},"configRoles":{"Name":"configRoles","Count":6,"LastSeen":"2026-02-09T15:46:31.3293966-06:00"},"ModulePathEnv":{"Name":"ModulePathEnv","Count":19,"LastSeen":"2026-02-09T15:46:31.3296982-06:00"}}
	Logging: 2026-02-09T21:47:16.4013456Z	2026-02-09T15:47:16.4013456-06:00	Verbose	EventViewer	Event\ log\ request:\ 488\ events\ returned	apps\WebhostRealtimeEvents\routes\api\v1\logs\get.ps1	get.ps1		6ec71a85-fb79-4ebc-aa1d-587c7f8b403c		1	{"ResultCount":488,"Filters":{"categories":null,"userID":null,"severities":null,"source":null,"activityName":null,"filter":null,"runspaceID":null,"sessionID":null},"TimeRange":15}
	Logging: 2026-02-09T21:47:16.4036920Z	2026-02-09T15:47:16.4036920-06:00	Info	MetricsData	Track_HashTables	WebHost.ps1	ProcessLogQueue		Webhost	MainLoop	1	H4sIAAAAAAAACpWUy27CMBBF/8VrqPxKnGQLi1aCCimUrofUUKS8FDuVEOLfKxA4Y0olZ5nr6Mz4zlyfyCr/1Ntcdz+6WzZffakNyU7kHSpNsmeHEzJr+tqSjNEJWYCxudY1yQinPJ5SPqXpmkWZVBmLXyQVnAo1pXFGKTlPSAudru0MLKoxaA4dBZB5mqSIbI7mw+gOce+Ko4qQfkVK04FagNX7pjsirJMcV4V0G8mYDdzqauYcLCAyEkf1zFOWJAMb2vYBfFccNQ2hMkUl8rff+mO7CY7Jg9xl8g/z0WCsjpydTKOBjnb3+UYjugzBM8XQCKFt3+pd49t8VcbZfMEO1CXY4tuL4F0ZchdCTZRE4Vjlc72DvrQr6KDSVncbKPuHpP/zi6sbFHcaKTTgRbN/PRjrzxeJo9hcRSrGd9rozhyaeg3bUns38Q5GTUMwLlD/FdSHnTZ47Z00zCMoownzm/+8bKG5tPnkvb3p47afixhVKLywXr7GvVdSJMiIAiyUzd4nXpVxaxlR7pb9/AsiuXnKfAYAAA==
	Logging: 2026-02-09T21:47:16.4057757Z	2026-02-09T15:47:16.4057757-06:00	Info	MetricsData	Track_HashTables	WebHost.ps1	ProcessLogQueue		Webhost	MainLoop	1	{"prefixesToTry":{"Name":"prefixesToTry","Count":2,"LastSeen":"2026-02-09T15:47:16.4052942-06:00"},"dbRoles":{"Name":"dbRoles","Count":15,"LastSeen":"2026-02-09T15:47:16.4049753-06:00"},"args":{"Name":"args","Count":0,"LastSeen":"2026-02-09T15:47:16.4048443-06:00"},"systemUsers":{"Name":"systemUsers","Count":2,"LastSeen":"2026-02-09T15:47:16.4054555-06:00"},"fileInfo":{"Name":"fileInfo","Count":2,"LastSeen":"2026-02-09T15:47:16.4050388-06:00"},"configRoles":{"Name":"configRoles","Count":6,"LastSeen":"2026-02-09T15:47:16.4049209-06:00"},"ModulePathEnv":{"Name":"ModulePathEnv","Count":19,"LastSeen":"2026-02-09T15:47:16.4052194-06:00"}}
	Logging: 2026-02-09T21:48:03.2107201Z	2026-02-09T15:48:03.2107201-06:00	Info	MetricsData	Track_HashTables	WebHost.ps1	ProcessLogQueue		Webhost	MainLoop	1	H4sIAAAAAAAACpWUQW/CMAyF/0vOMDlpQ5te4bBJMCHBtrPpAkMqbdWkkxDiv09UkDiMae2xL9Vn5/k5J7ZcfejNSjffullUn22hDctO7BUPmmWPDkdsWrWlZRmHEZujsSutS5YxAWIyBjEGteYyi9MMoifBQQiZjGGSAbDziNXY6NJO0ZIaXnNo2YcMgk882RzNm9EN4d4UR436UCM1EZ6ao9W7qjkSrJMcN/mfCyriKen20Jk5Q4uETMQhPYNSEmLPxrq+A98UR1V9qBBzQjXtJhzbVXBM0ctdIenMOsS9wVQdODuZSE8n2X2caEKP++C5olHGun4pt1Voc6cMtFnJyFMXaPOvYAVvit+7XpHgEadWzPQW28IuscGDtrp5x6K92/Q/fnF1e607pCn4uvNq97w3NpwvEYewQSVCKHqnd92YfVWucVPo4CbBwZBpcOCSkwgdsNxvtaGxd5KfR68dTWWc/sqmubT54L296sPSL4IKebCsl69h7xWPY2J2jhaLahcSO2VYLHkiXSzPP9OoVc58BgAA
	Logging: 2026-02-09T21:48:03.2418138Z	2026-02-09T15:48:03.2418138-06:00	Info	MetricsData	Track_HashTables	WebHost.ps1	ProcessLogQueue		Webhost	MainLoop	1	{"prefixesToTry":{"Name":"prefixesToTry","Count":2,"LastSeen":"2026-02-09T15:48:03.2411523-06:00"},"dbRoles":{"Name":"dbRoles","Count":15,"LastSeen":"2026-02-09T15:48:03.2408370-06:00"},"args":{"Name":"args","Count":0,"LastSeen":"2026-02-09T15:48:03.2406989-06:00"},"systemUsers":{"Name":"systemUsers","Count":2,"LastSeen":"2026-02-09T15:48:03.2413135-06:00"},"fileInfo":{"Name":"fileInfo","Count":2,"LastSeen":"2026-02-09T15:48:03.2408997-06:00"},"configRoles":{"Name":"configRoles","Count":6,"LastSeen":"2026-02-09T15:48:03.2407846-06:00"},"ModulePathEnv":{"Name":"ModulePathEnv","Count":19,"LastSeen":"2026-02-09T15:48:03.2410767-06:00"}}
	Logging: 2026-02-09T21:49:19.0156461Z	2026-02-09T15:49:19.0156461-06:00	Info	MetricsData	Track_HashTables	WebHost.ps1	ProcessLogQueue		Webhost	MainLoop	1	H4sIAAAAAAAACpWUy27CMBBF/8VrqGzHceJsYdFKUEUKbdcDNRQpL8VOJYT494qXM0ZUcrbX1vH4zp05krz40utCd7+6WzbffakNyY7kHSpNsmeHEzJr+tqSjNEJWYCxhdY1yQinXE4pn1K1YnEmVMbUC2VCKRVPqcwoJacJaaHTtZ2BRW8MmkPHIeQkVWIgm4P5MLpD3LviqFEANWZSRQN1A1bvmu6AsE5y3CSk2ojFcuBWFzPnYAGRkTiqZpHws3ZnQ9s+gO+Ko6oAaiRihv3t137bboJj8hB3qVKo0ivi0WCsjuxdxFHWUHafJxrRRVCUJQ4ctO1bvW18my/KOJvThKKil2A3P94I3pVh7kJqlalAMc6Lud5CX9ocOqi01d0nlP3DpP9zxb0bNO6ppMijRbN73Rvr9xeJ49hxGqX4T5+6M/umXsG61N5PvINR3RCKx8i3Cur9VhsceycN/QiaUSkkMia/ptCcy3yyb2/6uPRTrpi3ufylNXJf0SRBsdyAhbLZ+cSLMi6WLEldC09/3VZJCXwGAAA=
	Logging: 2026-02-09T21:49:19.0175290Z	2026-02-09T15:49:19.0175290-06:00	Info	MetricsData	Track_HashTables	WebHost.ps1	ProcessLogQueue		Webhost	MainLoop	1	{"prefixesToTry":{"Name":"prefixesToTry","Count":2,"LastSeen":"2026-02-09T15:49:19.0169442-06:00"},"dbRoles":{"Name":"dbRoles","Count":15,"LastSeen":"2026-02-09T15:49:19.0166416-06:00"},"args":{"Name":"args","Count":0,"LastSeen":"2026-02-09T15:49:19.0165136-06:00"},"systemUsers":{"Name":"systemUsers","Count":2,"LastSeen":"2026-02-09T15:49:19.0171017-06:00"},"fileInfo":{"Name":"fileInfo","Count":2,"LastSeen":"2026-02-09T15:49:19.0167030-06:00"},"configRoles":{"Name":"configRoles","Count":6,"LastSeen":"2026-02-09T15:49:19.0165855-06:00"},"ModulePathEnv":{"Name":"ModulePathEnv","Count":19,"LastSeen":"2026-02-09T15:49:19.0168745-06:00"}}
	Logging: 2026-02-09T21:50:34.9737769Z	2026-02-09T15:50:34.9737769-06:00	Info	MetricsData	Track_HashTables	WebHost.ps1	ProcessLogQueue		Webhost	MainLoop	1	H4sIAAAAAAAACpWVX2+CMBTFv0ufdSktpZRXfdgSXUhw7vnqqjPhj6FliTF+90Wn5Za4pDxyID9uzz0HziQvPvWm0O2PbpfNV1dqQ7IzeYdKk+zZzQmZNV1tSRbRCVmAsYXWNckIoyyZUjalahWJTNCMxy9KcqpUOqVJRim5TMgRWl3bGVj0jl5zaBFAZpKqpCebk/kwukXch+KoPGRezkXcU7dg9b5pTwjrJMeVIdNyJlXPrW5mzsECIiNx1MwsiTlyAo7HAfihOKoKoUYJdsJ0G39td8ExWYi7LIrZkDk0GKvjdsdiKXs6yu7zRCN6HBRlIbhn81u9a3ybb8o4mxmjoqcuwW6/vQo+lL53QZGgCi0vL+Z6B11pc2ih0la3ayi7QdP/ecS9N6TuTEqGPFo0+9eDsf5+kTiOLSJJ8ZnWujWHpl7BptTeSbwb47aRyhTNX0F92GmDY++kfh9BHRUSdzT/S6G5jvnke3vXx6U/4gJ1a+uV9Xo17nvFkhR1aQsWymbvE2/KuFgylbq/weUXSoig73wGAAA=
	Logging: 2026-02-09T21:50:34.9755083Z	2026-02-09T15:50:34.9755083-06:00	Info	MetricsData	Track_HashTables	WebHost.ps1	ProcessLogQueue		Webhost	MainLoop	1	{"prefixesToTry":{"Name":"prefixesToTry","Count":2,"LastSeen":"2026-02-09T15:50:34.9750659-06:00"},"dbRoles":{"Name":"dbRoles","Count":15,"LastSeen":"2026-02-09T15:50:34.9747558-06:00"},"args":{"Name":"args","Count":0,"LastSeen":"2026-02-09T15:50:34.9746341-06:00"},"systemUsers":{"Name":"systemUsers","Count":2,"LastSeen":"2026-02-09T15:50:34.9752202-06:00"},"fileInfo":{"Name":"fileInfo","Count":2,"LastSeen":"2026-02-09T15:50:34.9748179-06:00"},"configRoles":{"Name":"configRoles","Count":6,"LastSeen":"2026-02-09T15:50:34.9747049-06:00"},"ModulePathEnv":{"Name":"ModulePathEnv","Count":19,"LastSeen":"2026-02-09T15:50:34.9749939-06:00"}}
	Logging: 2026-02-09T21:53:21.4345685Z	2026-02-09T15:53:21.4345685-06:00	Info	MetricsData	Track_HashTables	WebHost.ps1	ProcessLogQueue		Webhost	MainLoop	1	{"prefixesToTry":{"Name":"prefixesToTry","Count":2,"LastSeen":"2026-02-09T15:53:21.4340672-06:00"},"dbRoles":{"Name":"dbRoles","Count":15,"LastSeen":"2026-02-09T15:53:21.4337340-06:00"},"ModulePathEnv":{"Name":"ModulePathEnv","Count":19,"LastSeen":"2026-02-09T15:53:21.4339958-06:00"},"args":{"Name":"args","Count":0,"LastSeen":"2026-02-09T15:53:21.4336117-06:00"},"systemUsers":{"Name":"systemUsers","Count":2,"LastSeen":"2026-02-09T15:53:21.4342548-06:00"},"fileInfo":{"Name":"fileInfo","Count":2,"LastSeen":"2026-02-09T15:53:21.4337944-06:00"},"logEntries":{"Name":"logEntries","Count":2,"LastSeen":"2026-02-09T15:53:21.4339092-06:00"},"configRoles":{"Name":"configRoles","Count":6,"LastSeen":"2026-02-09T15:53:21.4336834-06:00"}}
	Logging: 2026-02-09T21:54:37.9081837Z	2026-02-09T15:54:37.9081837-06:00	Info	MetricsData	Track_HashTables	WebHost.ps1	ProcessLogQueue		Webhost	MainLoop	1	{"prefixesToTry":{"Name":"prefixesToTry","Count":2,"LastSeen":"2026-02-09T15:54:37.9077153-06:00"},"dbRoles":{"Name":"dbRoles","Count":15,"LastSeen":"2026-02-09T15:54:37.9070966-06:00"},"args":{"Name":"args","Count":0,"LastSeen":"2026-02-09T15:54:37.9068692-06:00"},"systemUsers":{"Name":"systemUsers","Count":2,"LastSeen":"2026-02-09T15:54:37.9079189-06:00"},"fileInfo":{"Name":"fileInfo","Count":2,"LastSeen":"2026-02-09T15:54:37.9071657-06:00"},"configRoles":{"Name":"configRoles","Count":6,"LastSeen":"2026-02-09T15:54:37.9070299-06:00"},"ModulePathEnv":{"Name":"ModulePathEnv","Count":19,"LastSeen":"2026-02-09T15:54:37.9074710-06:00"}}
	Logging: 2026-02-09T21:56:24.1069553Z	2026-02-09T15:56:24.1069553-06:00	Info	MetricsData	Track_HashTables	WebHost.ps1	ProcessLogQueue		Webhost	MainLoop	1	{"prefixesToTry":{"Name":"prefixesToTry","Count":2,"LastSeen":"2026-02-09T15:56:24.1062298-06:00"},"dbRoles":{"Name":"dbRoles","Count":15,"LastSeen":"2026-02-09T15:56:24.0556755-06:00"},"args":{"Name":"args","Count":0,"LastSeen":"2026-02-09T15:56:24.0555487-06:00"},"systemUsers":{"Name":"systemUsers","Count":2,"LastSeen":"2026-02-09T15:56:24.1064122-06:00"},"fileInfo":{"Name":"fileInfo","Count":2,"LastSeen":"2026-02-09T15:56:24.0557364-06:00"},"configRoles":{"Name":"configRoles","Count":6,"LastSeen":"2026-02-09T15:56:24.0556238-06:00"},"ModulePathEnv":{"Name":"ModulePathEnv","Count":19,"LastSeen":"2026-02-09T15:56:24.1060714-06:00"}}
	Logging: 2026-02-09T21:57:09.2784080Z	2026-02-09T15:57:09.2784080-06:00	Info	MetricsData	Track_HashTables	WebHost.ps1	ProcessLogQueue		Webhost	MainLoop	1	{"prefixesToTry":{"Name":"prefixesToTry","Count":2,"LastSeen":"2026-02-09T15:57:09.2778342-06:00"},"dbRoles":{"Name":"dbRoles","Count":15,"LastSeen":"2026-02-09T15:57:09.2775259-06:00"},"args":{"Name":"args","Count":0,"LastSeen":"2026-02-09T15:57:09.2774024-06:00"},"systemUsers":{"Name":"systemUsers","Count":2,"LastSeen":"2026-02-09T15:57:09.2780355-06:00"},"fileInfo":{"Name":"fileInfo","Count":2,"LastSeen":"2026-02-09T15:57:09.2775873-06:00"},"configRoles":{"Name":"configRoles","Count":6,"LastSeen":"2026-02-09T15:57:09.2774742-06:00"},"ModulePathEnv":{"Name":"ModulePathEnv","Count":19,"LastSeen":"2026-02-09T15:57:09.2777623-06:00"}}
	Logging: 2026-02-09T21:57:40.3654356Z	2026-02-09T15:57:40.3654356-06:00	Info	MetricsData	Track_HashTables	WebHost.ps1	ProcessLogQueue		Webhost	MainLoop	1	H4sIAAAAAAAACpWUT4vCMBDFv0vOuqRp0ia96mEXdBHq6nnsRlfoH2nSBRG/+6JoOikupMe+lF8mb+bNhazyrd7luv3V7bL57kptSHYhn1Bpkr06nJBZ09WWZBGdkAUYm2tdk4wwypIpZVOq1pHIRJpx+hYnXLEondIko5RcJ+QEra7tDCy6o9ccWoSQEyUR2ZzNl9Et4j4VR40DqIIqnvTUAqw+NO0ZYZ3kuGlItUxJ2XOru5lzsIDISBxVM0+YQjXD6TQAPxVHVQHUWDGhkL/dzm/bQ3BMFuQu43TIHBqM1ZG9EwmqGM3u64lGdB5is1RR7Nn8Ue8b3+a7MspmHsUSUZdgix8vgk+lz10IVSiOqKt8rvfQlXYFLVTa6nYDZTdI+j+/uHuD4p5KEfX3LprD+9FYv79IHMcWNBL4TRvdmmNTr2FXau8l3sG4bkiOR6iC+rjXBo+9k/p+BGVUCOkVv71NobmV+WLfPvRxW0AJhlpeeGG9fY3cVwxv1wIslM3BJ96VcWPJktTl//oHJvmTEnwGAAA=
	Logging: 2026-02-09T21:57:40.3671286Z	2026-02-09T15:57:40.3671286-06:00	Info	MetricsData	Track_HashTables	WebHost.ps1	ProcessLogQueue		Webhost	MainLoop	1	{"prefixesToTry":{"Name":"prefixesToTry","Count":2,"LastSeen":"2026-02-09T15:57:40.3667069-06:00"},"dbRoles":{"Name":"dbRoles","Count":15,"LastSeen":"2026-02-09T15:57:40.3663906-06:00"},"args":{"Name":"args","Count":0,"LastSeen":"2026-02-09T15:57:40.3662630-06:00"},"systemUsers":{"Name":"systemUsers","Count":2,"LastSeen":"2026-02-09T15:57:40.3668765-06:00"},"fileInfo":{"Name":"fileInfo","Count":2,"LastSeen":"2026-02-09T15:57:40.3664592-06:00"},"configRoles":{"Name":"configRoles","Count":6,"LastSeen":"2026-02-09T15:57:40.3663331-06:00"},"ModulePathEnv":{"Name":"ModulePathEnv","Count":19,"LastSeen":"2026-02-09T15:57:40.3666347-06:00"}}
	Logging: 2026-02-09T21:58:10.5026509Z	2026-02-09T15:58:10.5026509-06:00	Info	MetricsData	Track_HashTables	WebHost.ps1	ProcessLogQueue		Webhost	MainLoop	1	H4sIAAAAAAAACpWUQW/CMAyF/0vOMCVpQ9Je4bBJMFUqY2fDAkMqbdWkkxDiv09jkDiMSen1pfrs+j37RIryXa9L3X3pbtF89JU2JD+RVzhokj96HJFp09eW5IyOyByMLbWuSU445ZMx5WOaLZnIhcoZfRKUMyaTMZ3klJLziLTQ6dpOwaIaXnNoEUFmGVPKk83RvBndIe5NcdQkpl+upPTUDVi9a7ojwjrJcWVMt4JNmOceLsOcgQVERuKgnplKEurZ0LZ34JviqFkMNWECTcL069C2q+CYPGq6TP1h3g8YqwO9E4x7Osru40QjehqDp0oiPLTtS71twjFflIFjznDgFmA3n8EK3hS/dzFUmWUoEkU501voK1tABwdtdbeCqr/b9H8+cXVj1p1lime+7rzZPe+NDf1F4jC2pCliF+VKd2bf1EtYVzr4k+BhkBucpgly4wD1fqsNjr2TvB9ROyonCbqDxW8KzU+bD+7tVR+WfpbKNLhc4dEaeK9SgY3cgIWq2YXEizIslqkS7gqevwFEOyPdfAYAAA==
	Logging: 2026-02-09T21:58:10.5044532Z	2026-02-09T15:58:10.5044532-06:00	Info	MetricsData	Track_HashTables	WebHost.ps1	ProcessLogQueue		Webhost	MainLoop	1	{"prefixesToTry":{"Name":"prefixesToTry","Count":2,"LastSeen":"2026-02-09T15:58:10.5039515-06:00"},"dbRoles":{"Name":"dbRoles","Count":15,"LastSeen":"2026-02-09T15:58:10.5036264-06:00"},"args":{"Name":"args","Count":0,"LastSeen":"2026-02-09T15:58:10.5034978-06:00"},"systemUsers":{"Name":"systemUsers","Count":2,"LastSeen":"2026-02-09T15:58:10.5041235-06:00"},"fileInfo":{"Name":"fileInfo","Count":2,"LastSeen":"2026-02-09T15:58:10.5036880-06:00"},"configRoles":{"Name":"configRoles","Count":6,"LastSeen":"2026-02-09T15:58:10.5035762-06:00"},"ModulePathEnv":{"Name":"ModulePathEnv","Count":19,"LastSeen":"2026-02-09T15:58:10.5038677-06:00"}}
	Logging: 2026-02-09T22:01:58.0311341Z	2026-02-09T16:01:58.0311341-06:00	Info	MetricsData	Track_HashTables	WebHost.ps1	ProcessLogQueue		Webhost	MainLoop	1	H4sIAAAAAAAACpWUzW7CMBCE38VnqDaOncS5wqGVoEIKpeclNRQpf4qdSgjx7hWIJOuIqskx4+jb9e6ML2yTfOp9ousfXa/LrybThsUX9o65ZvGzwxlblE1hWezBjK3Q2ETrgsWMAw/mwOegtl4QgxfL6AV8kNITcwhiAHadsQprXdgFWlKj1zq0HEP2uSd7sjmbD6Nrwm2VjuqPoUZKqJ6aotXHsj4TbCd13PB/LlcygrDn5vdhLtEiIRNxWs9eAGTGWFUDcKt0VDWmY18BmYRp9u7aHkLH5GM6DZUMhszhgKk6cXcygJ5OvPvc0YQuRlmZA8FjVb0Vh9Id812ZNmYRCGKMNdr024lgq/S5G2UJLkg4NslSH7DJ7AZrzLXV9Q6zZpD0P37p6o6Ku4CI93VX5fH1ZKy7XyJOYwNwj95pp2tzKost7jPt3MQ5mLINH0RI459jcTpoQ23fSf0+RnkTIuE0/3lzobm1+eS9fejT3B9EgtgzdcJ6+5r4XnkhMVCKFrPy6BLvyhRbciWFilrq9Rd+9N+kfAYAAA==
	Logging: 2026-02-09T22:01:58.0332158Z	2026-02-09T16:01:58.0332158-06:00	Info	MetricsData	Track_HashTables	WebHost.ps1	ProcessLogQueue		Webhost	MainLoop	1	{"prefixesToTry":{"Name":"prefixesToTry","Count":2,"LastSeen":"2026-02-09T16:01:58.0325293-06:00"},"dbRoles":{"Name":"dbRoles","Count":15,"LastSeen":"2026-02-09T16:01:58.0321250-06:00"},"args":{"Name":"args","Count":0,"LastSeen":"2026-02-09T16:01:58.0320048-06:00"},"systemUsers":{"Name":"systemUsers","Count":2,"LastSeen":"2026-02-09T16:01:58.0328171-06:00"},"fileInfo":{"Name":"fileInfo","Count":2,"LastSeen":"2026-02-09T16:01:58.0321875-06:00"},"configRoles":{"Name":"configRoles","Count":6,"LastSeen":"2026-02-09T16:01:58.0320740-06:00"},"ModulePathEnv":{"Name":"ModulePathEnv","Count":19,"LastSeen":"2026-02-09T16:01:58.0324358-06:00"}}
	Logging: 2026-02-09T22:02:43.9953887Z	2026-02-09T16:02:43.9953887-06:00	Info	MetricsData	Track_HashTables	WebHost.ps1	ProcessLogQueue		Webhost	MainLoop	1	H4sIAAAAAAAACpWUzW7CMBCE38VnqGwnTuJc4dBKUEUKpeclNRQpP8h2KiHEu1fQ4qwplZxjJtHnzcysT6Qo39WmVPpL6WX30dfKkPxEXqFRJH/0ckJmXd9akjM6IQswtlSqJTnhlCdTyqdUrliSU57H0ZOUsYxSOqVJTik5T8gBtGrtDCw6Y9AcWoSQ04gisjmaN6M04t4UR40CqIJRKQZqBVbtOn1EWCc5bhoyLcsEG7jN1cw5WEBkJI6aOU6ETAY2HA534JviqDKESplEE5t+48f2KzgmD3GXRtkf5r3BWB2XHU0Zyg5193GjET0OqjIVkWfzS7vtfJuvykib0ygeqEuw1ae3gjdl2LugSnAusRVztYW+tgVoaJRVeg11f7fp/3zizg1a91SKdDh30e2e98b6+SJxHDuWuJBFuVba7Lt2BZtaeX/ivRiXRiYk8q2Bdr9VBtfeSUMeQTsqMo5iLn5aaC5jPrhvf/Vxt4BMUlTPylvWy9PI+4rHaN4KLNTdzidelXG1ZCJ29p6/AYHRCrR8BgAA
	Logging: 2026-02-09T22:02:43.9970413Z	2026-02-09T16:02:43.9970413-06:00	Info	MetricsData	Track_HashTables	WebHost.ps1	ProcessLogQueue		Webhost	MainLoop	1	{"prefixesToTry":{"Name":"prefixesToTry","Count":2,"LastSeen":"2026-02-09T16:02:43.9966643-06:00"},"dbRoles":{"Name":"dbRoles","Count":15,"LastSeen":"2026-02-09T16:02:43.9963592-06:00"},"args":{"Name":"args","Count":0,"LastSeen":"2026-02-09T16:02:43.9962409-06:00"},"systemUsers":{"Name":"systemUsers","Count":2,"LastSeen":"2026-02-09T16:02:43.9968176-06:00"},"fileInfo":{"Name":"fileInfo","Count":2,"LastSeen":"2026-02-09T16:02:43.9964194-06:00"},"configRoles":{"Name":"configRoles","Count":6,"LastSeen":"2026-02-09T16:02:43.9963093-06:00"},"ModulePathEnv":{"Name":"ModulePathEnv","Count":19,"LastSeen":"2026-02-09T16:02:43.9965912-06:00"}}
	Logging: 2026-02-09T22:05:02.0958419Z	2026-02-09T16:05:02.0958419-06:00	Info	MetricsData	Track_HashTables	WebHost.ps1	ProcessLogQueue		Webhost	MainLoop	1	{"prefixesToTry":{"Name":"prefixesToTry","Count":2,"LastSeen":"2026-02-09T16:05:02.0952255-06:00"},"dbRoles":{"Name":"dbRoles","Count":15,"LastSeen":"2026-02-09T16:05:02.0393514-06:00"},"args":{"Name":"args","Count":0,"LastSeen":"2026-02-09T16:05:02.0392237-06:00"},"systemUsers":{"Name":"systemUsers","Count":2,"LastSeen":"2026-02-09T16:05:02.0953958-06:00"},"fileInfo":{"Name":"fileInfo","Count":2,"LastSeen":"2026-02-09T16:05:02.0394159-06:00"},"configRoles":{"Name":"configRoles","Count":6,"LastSeen":"2026-02-09T16:05:02.0392981-06:00"},"ModulePathEnv":{"Name":"ModulePathEnv","Count":19,"LastSeen":"2026-02-09T16:05:02.0950840-06:00"}}
	Logging: 2026-02-09T22:05:47.7630156Z	2026-02-09T16:05:47.7630156-06:00	Info	MetricsData	Track_HashTables	WebHost.ps1	ProcessLogQueue		Webhost	MainLoop	1	H4sIAAAAAAAACpWUzW7CMBCE38VnqPyT2CRXOLQSVEhQel5SQ5FCEsVOJYR49woEzjqlkn3MOPrWnp3dM1muPvV2pdsf3S7qr67UhuRn8g5HTfJnhyMyrbvKkpzREZmDsSutK5ITTrkcUz6m2ZrJnKZ5ol6U5CkVfExlTim5jEgDra7sFCyq0WsOnYaQBeVJTzYn82F0i7gPxVFFCFUqJntqAVbv6/aEsE5yXBXAZRmjiHu8mTkDC4iMxLg7c5EiJ6BpBuCH4qhZyI2Z72+39dt2FxyTB7lL+WTIHBqM1cjeiYT2dJTd54lG9CQEnyiB8NA0b9Wu9m2+KXE2K5ogSxZgi29vBB9KP3dBkaBXrbdipnfQlXYJLRy11e0Gym4w6f/84uoGjbuQSvR15/X+9WCs318kxrEZVd6bNro1h7paw7bU3ku8g6hu8IRnCo0pVIedNjj2Tur7EZRNJkX6J5vmes0n+/aux6U/FbhC4Q3r9StuX02YREYUYKGs9z7xpkTFkk1S5bbg5Rf1o6GqfAYAAA==
	Logging: 2026-02-09T22:05:47.7647600Z	2026-02-09T16:05:47.7647600-06:00	Info	MetricsData	Track_HashTables	WebHost.ps1	ProcessLogQueue		Webhost	MainLoop	1	{"prefixesToTry":{"Name":"prefixesToTry","Count":2,"LastSeen":"2026-02-09T16:05:47.7643438-06:00"},"dbRoles":{"Name":"dbRoles","Count":15,"LastSeen":"2026-02-09T16:05:47.7640464-06:00"},"args":{"Name":"args","Count":0,"LastSeen":"2026-02-09T16:05:47.7639185-06:00"},"systemUsers":{"Name":"systemUsers","Count":2,"LastSeen":"2026-02-09T16:05:47.7644968-06:00"},"fileInfo":{"Name":"fileInfo","Count":2,"LastSeen":"2026-02-09T16:05:47.7641063-06:00"},"configRoles":{"Name":"configRoles","Count":6,"LastSeen":"2026-02-09T16:05:47.7639960-06:00"},"ModulePathEnv":{"Name":"ModulePathEnv","Count":19,"LastSeen":"2026-02-09T16:05:47.7642730-06:00"}}
	Logging: 2026-02-09T22:09:06.4066612Z	2026-02-09T16:09:06.4066612-06:00	Info	MetricsData	Track_HashTables	WebHost.ps1	ProcessLogQueue		Webhost	MainLoop	1	H4sIAAAAAAAACpWUX2vCMBTFv0uedSRpkzZ91YcNdBTq3PPVRSf0jzTpQMTvPnSa3hQH6WNPyy+355ybM8mLT70pdPuj22Xz1ZXakOxM3qHSJHv2ckJmTVdbkjE6IQswttC6JhnhlMsp5VOqVkxmVGVUvsRUMimjKZUZpeQyIUdodW1nYNEZvebQIoAsFOeqJ5uT+TC6RdyH4qhRyLxRJJKeugWr9017QlgnOW4SMi1PGPKhupk5BwuIjMRRM4tUsLhnw/E4AD8UR1UB1FgxxZG/3caP7S44Jg9xl0sphsyhwVgdlx1XCWoE6u7zRiN6HFTlSKSezW/1rvFtvikjbU4iFN4S7PbbW8GH0u9dUCVY5Fkx1zvoSptDC5W2ul1D2Q02/Z9P3Lkh6y5UiiNYNPvXg7F+vkgcx45TilYoL9a6NYemXsGm1N6feC9GpSFpKlHpK6gPO21w7Z3U5xG0o0msUMz5XwvNdcwn9+1dH9d+pgQafest6/Vp3H1FOa7lFiyUzd4n3pRxtWSCu/2//AL4897XfAYAAA==
	Logging: 2026-02-09T22:09:06.4084101Z	2026-02-09T16:09:06.4084101-06:00	Info	MetricsData	Track_HashTables	WebHost.ps1	ProcessLogQueue		Webhost	MainLoop	1	{"prefixesToTry":{"Name":"prefixesToTry","Count":2,"LastSeen":"2026-02-09T16:09:06.4079732-06:00"},"dbRoles":{"Name":"dbRoles","Count":15,"LastSeen":"2026-02-09T16:09:06.4076692-06:00"},"args":{"Name":"args","Count":0,"LastSeen":"2026-02-09T16:09:06.4075462-06:00"},"systemUsers":{"Name":"systemUsers","Count":2,"LastSeen":"2026-02-09T16:09:06.4081274-06:00"},"fileInfo":{"Name":"fileInfo","Count":2,"LastSeen":"2026-02-09T16:09:06.4077299-06:00"},"configRoles":{"Name":"configRoles","Count":6,"LastSeen":"2026-02-09T16:09:06.4076185-06:00"},"ModulePathEnv":{"Name":"ModulePathEnv","Count":19,"LastSeen":"2026-02-09T16:09:06.4079024-06:00"}}
	Logging: 2026-02-09T22:11:07.8335604Z	2026-02-09T16:11:07.8335604-06:00	Info	MetricsData	Track_HashTables	WebHost.ps1	ProcessLogQueue		Webhost	MainLoop	1	{"prefixesToTry":{"Name":"prefixesToTry","Count":2,"LastSeen":"2026-02-09T16:11:07.8330547-06:00"},"dbRoles":{"Name":"dbRoles","Count":15,"LastSeen":"2026-02-09T16:11:07.8321043-06:00"},"ModulePathEnv":{"Name":"ModulePathEnv","Count":19,"LastSeen":"2026-02-09T16:11:07.8329680-06:00"},"args":{"Name":"args","Count":0,"LastSeen":"2026-02-09T16:11:07.8319396-06:00"},"systemUsers":{"Name":"systemUsers","Count":2,"LastSeen":"2026-02-09T16:11:07.8332160-06:00"},"fileInfo":{"Name":"fileInfo","Count":2,"LastSeen":"2026-02-09T16:11:07.8321733-06:00"},"logEntries":{"Name":"logEntries","Count":2,"LastSeen":"2026-02-09T16:11:07.8328528-06:00"},"configRoles":{"Name":"configRoles","Count":6,"LastSeen":"2026-02-09T16:11:07.8320443-06:00"}}
	Logging: 2026-02-09T22:12:23.4460876Z	2026-02-09T16:12:23.4460876-06:00	Info	MetricsData	Track_HashTables	WebHost.ps1	ProcessLogQueue		Webhost	MainLoop	1	{"prefixesToTry":{"Name":"prefixesToTry","Count":2,"LastSeen":"2026-02-09T16:12:23.3872548-06:00"},"dbRoles":{"Name":"dbRoles","Count":15,"LastSeen":"2026-02-09T16:12:23.3869447-06:00"},"args":{"Name":"args","Count":0,"LastSeen":"2026-02-09T16:12:23.3868175-06:00"},"systemUsers":{"Name":"systemUsers","Count":2,"LastSeen":"2026-02-09T16:12:23.3874366-06:00"},"fileInfo":{"Name":"fileInfo","Count":2,"LastSeen":"2026-02-09T16:12:23.3870072-06:00"},"configRoles":{"Name":"configRoles","Count":6,"LastSeen":"2026-02-09T16:12:23.3868931-06:00"},"ModulePathEnv":{"Name":"ModulePathEnv","Count":19,"LastSeen":"2026-02-09T16:12:23.3871816-06:00"}}
	Logging: 2026-02-09T22:17:12.5165057Z	2026-02-09T16:17:12.5165057-06:00	Info	MetricsData	Track_HashTables	WebHost.ps1	ProcessLogQueue		Webhost	MainLoop	1	H4sIAAAAAAAACpWUzW7CMBCE38VnqGzHf8kVDq0EFRKUnpfWUKSQRLFTCSHevSolyTqiknMdW5/Xszt7Iav1u92tbf1t62X52eTWkexCXuFkSfbocEJmZVN4kjE6IQtwfm1tQTLCKVdTyqc03TCVMZ0x/iSZNFKzKVUZpeQ6IRXUtvAz8OiNXuvQMoYsqeI92Z3dm7M14rZKR00iqIopk/bUD/D2UNZnhO2kjqsjuCLVAvlwupk5Bw+IjMRRNUvBU1QzVNUA3CodNY2p2FCJ/W12YdvuQsfkMe5SbeiQOTQYqyN7x43o6Wh2H080oouoUeYC4aGqXop9Gdp8U0barBLVU5fgP76CCLZKn7uYWhOZBlbM7R6a3K+ghpP1tt5C3gyS/s+V7t2ouEudmP7dRXl4Pjof9heJ49hMJwn+09bW7lgWG9jlNvhJcDCqG1JLhWMKxXFvHR77Tur7EZVRnmBjVn9T6H7LfLBv7/q4LWCMDjdXuLTG7ivGQxrk5SEk3pRRYylSIWRLvf4A4sfP+nwGAAA=
	Logging: 2026-02-09T22:17:12.5184275Z	2026-02-09T16:17:12.5184275-06:00	Info	MetricsData	Track_HashTables	WebHost.ps1	ProcessLogQueue		Webhost	MainLoop	1	{"prefixesToTry":{"Name":"prefixesToTry","Count":2,"LastSeen":"2026-02-09T16:17:12.5179098-06:00"},"dbRoles":{"Name":"dbRoles","Count":15,"LastSeen":"2026-02-09T16:17:12.5175705-06:00"},"args":{"Name":"args","Count":0,"LastSeen":"2026-02-09T16:17:12.5174435-06:00"},"systemUsers":{"Name":"systemUsers","Count":2,"LastSeen":"2026-02-09T16:17:12.5180665-06:00"},"fileInfo":{"Name":"fileInfo","Count":2,"LastSeen":"2026-02-09T16:17:12.5176334-06:00"},"configRoles":{"Name":"configRoles","Count":6,"LastSeen":"2026-02-09T16:17:12.5175183-06:00"},"ModulePathEnv":{"Name":"ModulePathEnv","Count":19,"LastSeen":"2026-02-09T16:17:12.5178297-06:00"}}
	Logging: 2026-02-09T22:20:14.4119075Z	2026-02-09T16:20:14.4119075-06:00	Verbose	EventViewer	Event\ log\ request:\ 434\ events\ returned	apps\WebhostRealtimeEvents\routes\api\v1\logs\get.ps1	get.ps1		6ec71a85-fb79-4ebc-aa1d-587c7f8b403c		1	{"ResultCount":434,"Filters":{"categories":null,"userID":null,"severities":null,"source":null,"activityName":null,"filter":null,"runspaceID":null,"sessionID":null},"TimeRange":15}
	Logging: 2026-02-09T22:20:14.4150219Z	2026-02-09T16:20:14.4150219-06:00	Info	MetricsData	Track_HashTables	WebHost.ps1	ProcessLogQueue		Webhost	MainLoop	1	H4sIAAAAAAAACpWUXWvCMBiF/0uudeSzX7d6sYGOQp27fu2iE2pbmnQg4n8fdrZ9Iw7Sy56UJ8k5582FpNmn3mW6+dHNuvpqC21IciHvcNIkebY4I4uqLS1JGJ2RFRibaV2ShHDKgznlcxpvWJBwmjD5IpmUNAjmNEgoJdcZqaHRpV2ARXuM2oBWPmSmpBjJ5mw+jG4Qt1cGqvChqkhFIzUHqw9Vc0bYQRq4oQdXKBbJkXvqzFyCBURG4rQzU8HZyIa6fgD3ykCNfU7MeYxObNqdG9tdGJjcy13mZNYhHg3G6sTsZIToqLvPG43o0gcvQoUMgbp+K/eVa3OnTLQ5kvFIXYPNv50R7JVx7nyosWSOFUu9h7awKTRw0lY3Wyjah0n/55dhX69x5zJCt1lVh9ejsW6+SJzEFhFTiJ1mW92YY1VuYFdo5ybOwqQ0pOCxQmMK5XGvDa79II15+HRTRDFD5Un/Wmhux3zy3t71ae2XIkCR586w3r6mvVdCKGREDhaK6uASO2VaLUUQhj31+gvAUlohfAYAAA==
	Logging: 2026-02-09T22:20:14.4170230Z	2026-02-09T16:20:14.4170230-06:00	Info	MetricsData	Track_HashTables	WebHost.ps1	ProcessLogQueue		Webhost	MainLoop	1	{"prefixesToTry":{"Name":"prefixesToTry","Count":2,"LastSeen":"2026-02-09T16:20:14.4164333-06:00"},"dbRoles":{"Name":"dbRoles","Count":15,"LastSeen":"2026-02-09T16:20:14.4160739-06:00"},"args":{"Name":"args","Count":0,"LastSeen":"2026-02-09T16:20:14.4159164-06:00"},"systemUsers":{"Name":"systemUsers","Count":2,"LastSeen":"2026-02-09T16:20:14.4165942-06:00"},"fileInfo":{"Name":"fileInfo","Count":2,"LastSeen":"2026-02-09T16:20:14.4161380-06:00"},"configRoles":{"Name":"configRoles","Count":6,"LastSeen":"2026-02-09T16:20:14.4160111-06:00"},"ModulePathEnv":{"Name":"ModulePathEnv","Count":19,"LastSeen":"2026-02-09T16:20:14.4163522-06:00"}}
	Logging: 2026-02-09T22:20:29.4370863Z	2026-02-09T16:20:29.4370863-06:00	Info	MetricsData	Track_HashTables	WebHost.ps1	ProcessLogQueue		Webhost	MainLoop	1	H4sIAAAAAAAACpWUQW/CMAyF/0vOMKVJkza9wmGTYKpUxs6GBYZUWtSkkxDiv08gaBzGpOT6Un12n599ImX1qVeV7n50N2+/+lobUpzIO+w1KZ49jsik7RtLioSOyAyMrbRuSEEYZXJM2ZiqRSILRgumXlIuRar4mMqCUnIekQN0urETsKiG0wa0CCEzkSSObI7mw+gOce/KQOUh1Ixx4ahrsHrbdkeEHaSBmwVwBROCOu7+auYULCAyEuN6TrJMOjYcDg/guzJQVUjHNE8Z8rdf+WO7CQOThXQqBf/DfDQYq3E+yFxkjo6y+zzRiJ4GRTnJcs/mt2bT+jZflTibkxTHeA52/e2t4F1xexcUCc5RJMpqqjfQ17aEDvba6m4Jdf+w6f98MtQNWncuFao7a7evO2P9+SIxii0ypVB4ymqpO7NrmwWsau39ifcQNQ2ZyhyvKTS7jTY49oPk5hGUTZoy9Seb5tLmk3t70+PSf/HHu1z+0Yq8V4liyOw1WKjbrU+8KlGxFIy5m3L+Baolh0B8BgAA
	Logging: 2026-02-09T22:20:29.4390706Z	2026-02-09T16:20:29.4390706-06:00	Info	MetricsData	Track_HashTables	WebHost.ps1	ProcessLogQueue		Webhost	MainLoop	1	{"prefixesToTry":{"Name":"prefixesToTry","Count":2,"LastSeen":"2026-02-09T16:20:29.4384894-06:00"},"dbRoles":{"Name":"dbRoles","Count":15,"LastSeen":"2026-02-09T16:20:29.4380805-06:00"},"ModulePathEnv":{"Name":"ModulePathEnv","Count":19,"LastSeen":"2026-02-09T16:20:29.4384019-06:00"},"args":{"Name":"args","Count":0,"LastSeen":"2026-02-09T16:20:29.4379542-06:00"},"systemUsers":{"Name":"systemUsers","Count":2,"LastSeen":"2026-02-09T16:20:29.4386509-06:00"},"fileInfo":{"Name":"fileInfo","Count":2,"LastSeen":"2026-02-09T16:20:29.4381444-06:00"},"logEntries":{"Name":"logEntries","Count":3,"LastSeen":"2026-02-09T16:20:29.4382697-06:00"},"configRoles":{"Name":"configRoles","Count":6,"LastSeen":"2026-02-09T16:20:29.4380280-06:00"}}
	Logging: 2026-02-09T22:21:29.7960902Z	2026-02-09T16:21:29.7960902-06:00	Verbose	EventViewer	Event\ log\ request:\ 437\ events\ returned	apps\WebhostRealtimeEvents\routes\api\v1\logs\get.ps1	get.ps1		6ec71a85-fb79-4ebc-aa1d-587c7f8b403c		1	{"ResultCount":437,"Filters":{"categories":null,"userID":null,"severities":null,"source":null,"activityName":null,"filter":null,"runspaceID":null,"sessionID":null},"TimeRange":15}
	Logging: 2026-02-09T22:21:29.7983106Z	2026-02-09T16:21:29.7983106-06:00	Info	MetricsData	Track_HashTables	WebHost.ps1	ProcessLogQueue		Webhost	MainLoop	1	H4sIAAAAAAAACpWUX2/CIBTFvwvPulBaCvRVH7ZEFxPd9nx16Exqa4AuMcbvvswovXQugdcD+XE498+ZLJYfer3U5lubefvZ1dqS6kxe4aBJ9ehwRCZt1zhSZXREZmDdUuuGVIRRVo4pG1O1ysqKZRVTT0IJKWQ+pmVFKbmMyBGMbtwEHHqj1zyax5ALKWRPtif7ZrVB3LviqXkEVVJBaU/dgNO71pwQ1kueK2LcUsmQ28M1zCk4QGQkJnkWRYYzhuNxAL4rnqoiqKXKOEP5duuwbDfBM1mMU6WKYsgcBozVxNoxwXs66t3HHY3oRVQrF5kKYn5ptm0Y81VJjLlUyPQc3OYrGMG70s9djNdc5hmOYqq30NVuAQYO2mnzDnU3mPR/rvh3o8adc4l+M2t3z3vrwvoiMY3NZIlGc7F818bu22YF61oHPwkOkqohRMnxmEKz32qL295LfT2iZjQvuPjTm/bX5oN9e9PTtoBig80VLq3UfcUoavYNOKjbXUi8KmltSXnuPV5+ADcpMGh8BgAA
	Logging: 2026-02-09T22:21:29.8003929Z	2026-02-09T16:21:29.8003929-06:00	Info	MetricsData	Track_HashTables	WebHost.ps1	ProcessLogQueue		Webhost	MainLoop	1	{"prefixesToTry":{"Name":"prefixesToTry","Count":2,"LastSeen":"2026-02-09T16:21:29.7997032-06:00"},"dbRoles":{"Name":"dbRoles","Count":15,"LastSeen":"2026-02-09T16:21:29.7993259-06:00"},"args":{"Name":"args","Count":0,"LastSeen":"2026-02-09T16:21:29.7991997-06:00"},"systemUsers":{"Name":"systemUsers","Count":2,"LastSeen":"2026-02-09T16:21:29.8000781-06:00"},"fileInfo":{"Name":"fileInfo","Count":2,"LastSeen":"2026-02-09T16:21:29.7993890-06:00"},"configRoles":{"Name":"configRoles","Count":6,"LastSeen":"2026-02-09T16:21:29.7992741-06:00"},"ModulePathEnv":{"Name":"ModulePathEnv","Count":19,"LastSeen":"2026-02-09T16:21:29.7996188-06:00"}}
	Logging: 2026-02-09T22:22:15.0573806Z	2026-02-09T16:22:15.0573806-06:00	Verbose	EventViewer	Event\ log\ request:\ 440\ events\ returned	apps\WebhostRealtimeEvents\routes\api\v1\logs\get.ps1	get.ps1		6ec71a85-fb79-4ebc-aa1d-587c7f8b403c		1	{"ResultCount":440,"Filters":{"categories":null,"userID":null,"severities":null,"source":null,"activityName":null,"filter":null,"runspaceID":null,"sessionID":null},"TimeRange":15}
	Logging: 2026-02-09T22:22:15.0602463Z	2026-02-09T16:22:15.0602463-06:00	Info	MetricsData	Track_HashTables	WebHost.ps1	ProcessLogQueue		Webhost	MainLoop	1	H4sIAAAAAAAACpWUzW4CIRSF34W1NsAMDMxWF22izSRau0aL1mR+DDBNjPHdG21lLtYmsORAPi7nnssJVYt3vV5o86XNvPvoa21ReUKvqtGofLQ5QpOubx0qCR6hmbJuoXWLSkQx5WNMx1guCS8pLQl7wkwWouBjzEuM0XmEDsro1k2UA3cMmkezGDLLBCDbo32z2gDuTfHULIYqeSEH6kY5vevMEWC95LlFDJdQVgzc5mrmVDkFyEBMqznnkgxsdTjcgW+Kp8oIqhA48Ldfh237FTyTxlQqZP6HeW8wVBN7RyWgg+w+TjSg51FRZjQPbH5pt11o81VJs1kKmg3UuXKbz2AEb8owd1GRyKDR1WKqt6qvXaWMarTTZqXq/m7S/zni740ad44Z8GjW7Z731oX9BWIaO8uIgG9aaWP3XbtU61oHLwk2kroheYFBNxrV7rfawth7aehHVDYzCcNT/aTQXsp88N/+6mnpF0SC0jfBsF5Waf8VzgsW0FTd7ULiVUmLJRbEU8/fyIagqHwGAAA=
	Logging: 2026-02-09T22:22:15.0621066Z	2026-02-09T16:22:15.0621066-06:00	Info	MetricsData	Track_HashTables	WebHost.ps1	ProcessLogQueue		Webhost	MainLoop	1	{"prefixesToTry":{"Name":"prefixesToTry","Count":2,"LastSeen":"2026-02-09T16:22:15.0615727-06:00"},"dbRoles":{"Name":"dbRoles","Count":15,"LastSeen":"2026-02-09T16:22:15.0612580-06:00"},"args":{"Name":"args","Count":0,"LastSeen":"2026-02-09T16:22:15.0611278-06:00"},"systemUsers":{"Name":"systemUsers","Count":2,"LastSeen":"2026-02-09T16:22:15.0617674-06:00"},"fileInfo":{"Name":"fileInfo","Count":2,"LastSeen":"2026-02-09T16:22:15.0613193-06:00"},"configRoles":{"Name":"configRoles","Count":6,"LastSeen":"2026-02-09T16:22:15.0612057-06:00"},"ModulePathEnv":{"Name":"ModulePathEnv","Count":19,"LastSeen":"2026-02-09T16:22:15.0614988-06:00"}}
	Logging: 2026-02-09T22:22:45.5770263Z	2026-02-09T16:22:45.5770263-06:00	Verbose	EventViewer	Event\ log\ request:\ 443\ events\ returned	apps\WebhostRealtimeEvents\routes\api\v1\logs\get.ps1	get.ps1		6ec71a85-fb79-4ebc-aa1d-587c7f8b403c		1	{"ResultCount":443,"Filters":{"categories":null,"userID":null,"severities":null,"source":null,"activityName":null,"filter":null,"runspaceID":null,"sessionID":null},"TimeRange":15}
	Logging: 2026-02-09T22:22:45.5798914Z	2026-02-09T16:22:45.5798914-06:00	Info	MetricsData	Track_HashTables	WebHost.ps1	ProcessLogQueue		Webhost	MainLoop	1	H4sIAAAAAAAACpWUS2/CMBCE/4vPUDl2Xs4VDq0EVaRQel6ooUh5yXYqIcR/r8rDXiMqOddx9NmZmd0TKatPuamk+pFq2X0NtdSkOJF3aCQpnh1OyKwbWkOKiE7IArSppGxJQRhl6ZSyKRWrKC0YK+LkJckESyM6pWlBKTlPSA9KtmYGBt3hNItOQsg05okj66P+0FIh7l2xVB5CjTljjroFI/edOiKslSw3C+DmKY+F4zYXM+dgAJGROOrNucg4ejP0/QP4rliqCKHGUZYif4eNH9tNsEwW4i732nBFPBqM1XHZcRHHjo66+7zRiB4HVZlThIe+f2t3nW/zRRlpc5bmjroEs/32RvCuuLkLqgTH4ZXVXO5gqE0JChpppFpDPTxM+j+f2HuDxj2iAlVx0e1fD9r4+SJxFDvPeYZGqKzWUulD165gU0vvT7yDUWmIKE9QQRtoDzupce2t5PIIm1FKEbi8tlD/PfPJvr3p49rPRORvLn9pjdxXCcMF2oKButv7xIsyrpaJyG2E51+N91/wfAYAAA==
	Logging: 2026-02-09T22:22:45.5817015Z	2026-02-09T16:22:45.5817015-06:00	Info	MetricsData	Track_HashTables	WebHost.ps1	ProcessLogQueue		Webhost	MainLoop	1	{"prefixesToTry":{"Name":"prefixesToTry","Count":2,"LastSeen":"2026-02-09T16:22:45.5811869-06:00"},"dbRoles":{"Name":"dbRoles","Count":15,"LastSeen":"2026-02-09T16:22:45.5808700-06:00"},"args":{"Name":"args","Count":0,"LastSeen":"2026-02-09T16:22:45.5807423-06:00"},"systemUsers":{"Name":"systemUsers","Count":2,"LastSeen":"2026-02-09T16:22:45.5813485-06:00"},"fileInfo":{"Name":"fileInfo","Count":2,"LastSeen":"2026-02-09T16:22:45.5809336-06:00"},"configRoles":{"Name":"configRoles","Count":6,"LastSeen":"2026-02-09T16:22:45.5808175-06:00"},"ModulePathEnv":{"Name":"ModulePathEnv","Count":19,"LastSeen":"2026-02-09T16:22:45.5811117-06:00"}}
	Logging: 2026-02-09T22:23:16.0735985Z	2026-02-09T16:23:16.0735985-06:00	Verbose	EventViewer	Event\ log\ request:\ 446\ events\ returned	apps\WebhostRealtimeEvents\routes\api\v1\logs\get.ps1	get.ps1		6ec71a85-fb79-4ebc-aa1d-587c7f8b403c		1	{"ResultCount":446,"Filters":{"categories":null,"userID":null,"severities":null,"source":null,"activityName":null,"filter":null,"runspaceID":null,"sessionID":null},"TimeRange":15}
	Logging: 2026-02-09T22:23:16.0764904Z	2026-02-09T16:23:16.0764904-06:00	Info	MetricsData	Track_HashTables	WebHost.ps1	ProcessLogQueue		Webhost	MainLoop	1	H4sIAAAAAAAACpWUXWvCMBiF/0uudaRp0zS91YsNdBTqtutXF53QL5p0IOJ/H36lb8RBctmT8iQ557w5kqL8UutS9b+qX7bfQ6U0yY/kHWpF8meLEzJrh8aQPKITsgBtSqUakhNGWTqlbErlKkpzFudR+kIFl5nkU5rmlJLThHTQq8bMwKA9Rs2iuQ9ZxJkYyfqgP7TqEfeuWGrsQU2jVEQjdQNG7dr+gLBWslzhwU2k5NnIrS9mzsEAIiMx6MycSx6PbOi6B/BdsVTpc+IsihPk77B2Y7sJlsl83KUyRu5eEY8GYzUwOyaQx6i7zxuN6IlXlblAhYOue2u2rWvzRQm0Oc2QJUswmx9nBO/KOHdelUgyFF5RztUWhsoU0EOtjOo/oRoeJv2fX+y+XuOexRx5tGh3r3tt3HyRGMaOE1zzovxUvd63zQrWlXJu4iwEpcElxWnU0Oy3SuPaW2nMw2tGEybQO1hcW6jPx3zy3t70sPZTRtEOG2dYz1+B7xWj1KFB1e5c4kUJqmUi08TW8vQHm+gtLHwGAAA=
	Logging: 2026-02-09T22:23:16.0783409Z	2026-02-09T16:23:16.0783409-06:00	Info	MetricsData	Track_HashTables	WebHost.ps1	ProcessLogQueue		Webhost	MainLoop	1	{"prefixesToTry":{"Name":"prefixesToTry","Count":2,"LastSeen":"2026-02-09T16:23:16.0778782-06:00"},"dbRoles":{"Name":"dbRoles","Count":15,"LastSeen":"2026-02-09T16:23:16.0775569-06:00"},"args":{"Name":"args","Count":0,"LastSeen":"2026-02-09T16:23:16.0774240-06:00"},"systemUsers":{"Name":"systemUsers","Count":2,"LastSeen":"2026-02-09T16:23:16.0780405-06:00"},"fileInfo":{"Name":"fileInfo","Count":2,"LastSeen":"2026-02-09T16:23:16.0776219-06:00"},"configRoles":{"Name":"configRoles","Count":6,"LastSeen":"2026-02-09T16:23:16.0775034-06:00"},"ModulePathEnv":{"Name":"ModulePathEnv","Count":19,"LastSeen":"2026-02-09T16:23:16.0778024-06:00"}}
	Logging: 2026-02-09T22:23:46.5313290Z	2026-02-09T16:23:46.5313290-06:00	Info	MetricsData	Track_HashTables	WebHost.ps1	ProcessLogQueue		Webhost	MainLoop	1	H4sIAAAAAAAACpWUy27CMBBF/8VrqMZ24jy2sGglqJCgdG2ooUh5INuphBD/XkGLM46oai9zHR2P79yZM1ks39VmqfSX0vP2o6uUIeWZvMpakfLR4YhM2q6xpKQwIjNp7FKphpSEARNjYGMoVlSUjJeJeEo55DmDMYgSgFxG5Ci1auxEWnRHrzl0GkIWGRc92ZzMm1Eace+Ko/IAKgVBk566lVbtW31CWCc5bhZSLeVZ2nPrm5lTaSUiIzGqZhCQ0J4tj8cB+K44avE/lRWFoKhzptv4bfsVHJOFVFrkWT5kDg3GamTvGEc+oOw+TjSiJ0FRTsG3+aXZtb7NNyXGZg7AGLJkLu320xvBu9LPXQg1FTnHVkzVTnaVXUgta2WVXsuqG0z6H7+4e4PGPeMFivms3T8fjPX7i8Q4dgIpw29aK20ObbOSm0p5L/EO4rqRQ4JCX8vmsFMGx95JfT+CZjRlArV58ZNCcy3zwb791eO2QEE5sn7rDev1K25fQZb4e1BW7d4n3pS4WFIQjnr5Br1Ohzp8BgAA
	Logging: 2026-02-09T22:23:46.5334843Z	2026-02-09T16:23:46.5334843-06:00	Info	MetricsData	Track_HashTables	WebHost.ps1	ProcessLogQueue		Webhost	MainLoop	1	{"prefixesToTry":{"Name":"prefixesToTry","Count":2,"LastSeen":"2026-02-09T16:23:46.5329551-06:00"},"dbRoles":{"Name":"dbRoles","Count":15,"LastSeen":"2026-02-09T16:23:46.5323639-06:00"},"args":{"Name":"args","Count":0,"LastSeen":"2026-02-09T16:23:46.5322271-06:00"},"systemUsers":{"Name":"systemUsers","Count":2,"LastSeen":"2026-02-09T16:23:46.5331286-06:00"},"fileInfo":{"Name":"fileInfo","Count":2,"LastSeen":"2026-02-09T16:23:46.5324562-06:00"},"configRoles":{"Name":"configRoles","Count":6,"LastSeen":"2026-02-09T16:23:46.5323029-06:00"},"ModulePathEnv":{"Name":"ModulePathEnv","Count":19,"LastSeen":"2026-02-09T16:23:46.5328446-06:00"}}
	Logging: 2026-02-09T22:24:16.9686942Z	2026-02-09T16:24:16.9686942-06:00	Verbose	EventViewer	Event\ log\ request:\ 449\ events\ returned	apps\WebhostRealtimeEvents\routes\api\v1\logs\get.ps1	get.ps1		6ec71a85-fb79-4ebc-aa1d-587c7f8b403c		1	{"ResultCount":449,"Filters":{"categories":null,"userID":null,"severities":null,"source":null,"activityName":null,"filter":null,"runspaceID":null,"sessionID":null},"TimeRange":15}
	Logging: 2026-02-09T22:24:16.9710808Z	2026-02-09T16:24:16.9710808-06:00	Info	MetricsData	Track_HashTables	WebHost.ps1	ProcessLogQueue		Webhost	MainLoop	1	H4sIAAAAAAAACpWUzW7CMBCE38VnqBwnsXGucGglqCJB6XmhhiKFJLKdSgjx7hV/9hpRNT5mEn12Zmf2SMr5p1rNlf5RetZ8dZUypDiSd9grUjx7OSDjpqstKRI6IFMwdq5UTQrCKONDyoZULhJesKxI+IsUlEtBh5QXlJLTgLSgVW3HYNEZXnPovA85E0J6sjmYD6M04t4VR037UEdCME9dg1XbRh8Q1kmOK/pwKRW55+4vZk7AAiIjMe7OqcgSz4a2fQDfFUeV/1O5FFIgqulW4dhugmOyXu5Shly4Ih4Nxmrk7FIuPB1l93miET3rFWWeITy07Vu9aUKbL0qczSOec0+dgV1/BxW8K753vSKR4tqV84naQFfZEjTslVV6CVX30PQ/PnHn9qp7nifIo2mzfd0ZG84XiXFslrJgvEulza6pF7CqVPAnwYuYaQjKEzFCNYV6t1EGx95Jfh69ssmkRHulvKbQnK/5ZN/e9Lj0C4Y3zDoo6/kpZl9xKVOZBjSomm1IvCgxseRSitzd8fQLWaJzunwGAAA=
	Logging: 2026-02-09T22:24:16.9732182Z	2026-02-09T16:24:16.9732182-06:00	Info	MetricsData	Track_HashTables	WebHost.ps1	ProcessLogQueue		Webhost	MainLoop	1	{"prefixesToTry":{"Name":"prefixesToTry","Count":2,"LastSeen":"2026-02-09T16:24:16.9726327-06:00"},"dbRoles":{"Name":"dbRoles","Count":15,"LastSeen":"2026-02-09T16:24:16.9720965-06:00"},"args":{"Name":"args","Count":0,"LastSeen":"2026-02-09T16:24:16.9719693-06:00"},"systemUsers":{"Name":"systemUsers","Count":2,"LastSeen":"2026-02-09T16:24:16.9728275-06:00"},"fileInfo":{"Name":"fileInfo","Count":2,"LastSeen":"2026-02-09T16:24:16.9721610-06:00"},"configRoles":{"Name":"configRoles","Count":6,"LastSeen":"2026-02-09T16:24:16.9720431-06:00"},"ModulePathEnv":{"Name":"ModulePathEnv","Count":19,"LastSeen":"2026-02-09T16:24:16.9723801-06:00"}}
	Logging: 2026-02-09T22:24:32.2357728Z	2026-02-09T16:24:32.2357728-06:00	Info	MetricsData	Track_HashTables	WebHost.ps1	ProcessLogQueue		Webhost	MainLoop	1	{"prefixesToTry":{"Name":"prefixesToTry","Count":2,"LastSeen":"2026-02-09T16:24:32.2352244-06:00"},"dbRoles":{"Name":"dbRoles","Count":15,"LastSeen":"2026-02-09T16:24:32.2348657-06:00"},"ModulePathEnv":{"Name":"ModulePathEnv","Count":19,"LastSeen":"2026-02-09T16:24:32.2351503-06:00"},"args":{"Name":"args","Count":0,"LastSeen":"2026-02-09T16:24:32.2347381-06:00"},"systemUsers":{"Name":"systemUsers","Count":2,"LastSeen":"2026-02-09T16:24:32.2353882-06:00"},"fileInfo":{"Name":"fileInfo","Count":2,"LastSeen":"2026-02-09T16:24:32.2349276-06:00"},"logEntries":{"Name":"logEntries","Count":3,"LastSeen":"2026-02-09T16:24:32.2350594-06:00"},"configRoles":{"Name":"configRoles","Count":6,"LastSeen":"2026-02-09T16:24:32.2348135-06:00"}}
	Logging: 2026-02-09T22:25:17.7421518Z	2026-02-09T16:25:17.7421518-06:00	Verbose	EventViewer	Event\ log\ request:\ 450\ events\ returned	apps\WebhostRealtimeEvents\routes\api\v1\logs\get.ps1	get.ps1		6ec71a85-fb79-4ebc-aa1d-587c7f8b403c		1	{"ResultCount":450,"Filters":{"categories":null,"userID":null,"severities":null,"source":null,"activityName":null,"filter":null,"runspaceID":null,"sessionID":null},"TimeRange":15}
	Logging: 2026-02-09T22:25:17.7448181Z	2026-02-09T16:25:17.7448181-06:00	Info	MetricsData	Track_HashTables	WebHost.ps1	ProcessLogQueue		Webhost	MainLoop	1	H4sIAAAAAAAACpWVX2+CMBTFv0ufdWlpocCrPmyJLiY493xl1ZnwL7QsMcbvvmC0XJhLWt44Jb/enntuuZBN9qn2mWp/VLuuv7pCaZJeyDuUiqTPFmdkUXeVISmjM7ICbTKlKpKSgAbRnAZzmmxZlAZhyuSLFCKQjM5plFJKrjPSQKsqswCD9hg0iw5dyJRRPpD1WX9o1SLuQ7FU7kIVEUfUHIw61u0ZYa1kudKBy4VI5MAtb2YuwQAiI9GrZp5wmQxsaJoJ+KFYauJCDaQIkb/dfty2u2CZgYu7PI7ZlDk1GKuevQsE8gFl93miEV04RZnHyBBomrfqUI9tvil+NvfPQF2Dyb9HI/hQhrlzigSlqNZNtlQH6AqzgRZKZVS7g6KbTPo/n9h9ncad0QS1YFUfX0/ajPuLRC82l7LXhjPtVKtPdbWFfaFGJxkteHVDsDhBvpVQnQ5K49hbaeiH04zGYfw3m7ov88l9e9f90s8pQzdMPhrW/s3vvuIxnqUcDBT1cUy8KX6xFCy2f4PrLyF8b1Z8BgAA
	Logging: 2026-02-09T22:25:17.7905828Z	2026-02-09T16:25:17.7905828-06:00	Info	MetricsData	Track_HashTables	WebHost.ps1	ProcessLogQueue		Webhost	MainLoop	1	{"prefixesToTry":{"Name":"prefixesToTry","Count":2,"LastSeen":"2026-02-09T16:25:17.7899302-06:00"},"dbRoles":{"Name":"dbRoles","Count":15,"LastSeen":"2026-02-09T16:25:17.7458021-06:00"},"args":{"Name":"args","Count":0,"LastSeen":"2026-02-09T16:25:17.7456733-06:00"},"systemUsers":{"Name":"systemUsers","Count":2,"LastSeen":"2026-02-09T16:25:17.7900994-06:00"},"fileInfo":{"Name":"fileInfo","Count":2,"LastSeen":"2026-02-09T16:25:17.7458649-06:00"},"configRoles":{"Name":"configRoles","Count":6,"LastSeen":"2026-02-09T16:25:17.7457488-06:00"},"ModulePathEnv":{"Name":"ModulePathEnv","Count":19,"LastSeen":"2026-02-09T16:25:17.7898010-06:00"}}
	Logging: 2026-02-09T22:25:48.1871124Z	2026-02-09T16:25:48.1871124-06:00	Verbose	EventViewer	Event\ log\ request:\ 453\ events\ returned	apps\WebhostRealtimeEvents\routes\api\v1\logs\get.ps1	get.ps1		6ec71a85-fb79-4ebc-aa1d-587c7f8b403c		1	{"ResultCount":453,"Filters":{"categories":null,"userID":null,"severities":null,"source":null,"activityName":null,"filter":null,"runspaceID":null,"sessionID":null},"TimeRange":15}
	Logging: 2026-02-09T22:25:48.1897363Z	2026-02-09T16:25:48.1897363-06:00	Info	MetricsData	Track_HashTables	WebHost.ps1	ProcessLogQueue		Webhost	MainLoop	1	H4sIAAAAAAAACpWUzW7CMBCE38VnqBw7P3aucGglqCJB6XmhhiKFJLKdSgjx7lUp2GtKJec6jr7dzM7uiVSLd7VeKP2l9Lz96GtlSHkir3BQpHz0OCKTtm8sKRM6IjMwdqFUQ0rCKMvHlI2pXCZ5ybIyFU+JkAnPszHNS0rJeUQ60KqxE7CohtccOosgC0mL3JPN0bwZpRH3pjgqj+mXc4qoG7Bq1+ojwjrJcYuYbtOccc89XMycggVERuKgnoXgeerZ0HV34JviqDKGyiTH/vbrcGxXwTFZjLssy/4w7w3G6rDZMSGlp6PsPk40oqcxeCrwCKHrXpptG9p8UYbZzFOJLJmD3XwGK3hT/N5FRYLSBFsxVVvoa1uBhoOySq+g7u82/Z9PXN2YdRey4MLXnbW7572x4XyROIydS4ZiXi1WSpt92yxhXavgT4KHQdOQlAuK1hSa/VYZHHsn+XlE7WiR4TFXvyk0P20+uLdXfVj6k0Kw4HKFR2vgveJSorBvwELd7kLiRRkWy5QnbkPP33kApIB8BgAA
	Logging: 2026-02-09T22:25:48.1915808Z	2026-02-09T16:25:48.1915808-06:00	Info	MetricsData	Track_HashTables	WebHost.ps1	ProcessLogQueue		Webhost	MainLoop	1	{"prefixesToTry":{"Name":"prefixesToTry","Count":2,"LastSeen":"2026-02-09T16:25:48.1910857-06:00"},"dbRoles":{"Name":"dbRoles","Count":15,"LastSeen":"2026-02-09T16:25:48.1907629-06:00"},"args":{"Name":"args","Count":0,"LastSeen":"2026-02-09T16:25:48.1906343-06:00"},"systemUsers":{"Name":"systemUsers","Count":2,"LastSeen":"2026-02-09T16:25:48.1912500-06:00"},"fileInfo":{"Name":"fileInfo","Count":2,"LastSeen":"2026-02-09T16:25:48.1908258-06:00"},"configRoles":{"Name":"configRoles","Count":6,"LastSeen":"2026-02-09T16:25:48.1907096-06:00"},"ModulePathEnv":{"Name":"ModulePathEnv","Count":19,"LastSeen":"2026-02-09T16:25:48.1910084-06:00"}}
	Logging: 2026-02-09T22:26:18.6343207Z	2026-02-09T16:26:18.6343207-06:00	Verbose	EventViewer	Event\ log\ request:\ 456\ events\ returned	apps\WebhostRealtimeEvents\routes\api\v1\logs\get.ps1	get.ps1		6ec71a85-fb79-4ebc-aa1d-587c7f8b403c		1	{"ResultCount":456,"Filters":{"categories":null,"userID":null,"severities":null,"source":null,"activityName":null,"filter":null,"runspaceID":null,"sessionID":null},"TimeRange":15}
	Logging: 2026-02-09T22:26:18.6368832Z	2026-02-09T16:26:18.6368832-06:00	Info	MetricsData	Track_HashTables	WebHost.ps1	ProcessLogQueue		Webhost	MainLoop	1	H4sIAAAAAAAACpWUT4vCMBDFv0vOuiRpkza96mEXdBF09Ty60RX6R5J0QcTvviiaTooL6bEv5ZfJmzdzIYvlRm+X2vxqM2++21JbUlzIJ1SaFK8OR2TStLUjBaMjMgPrllrXpCCccjmmfEzVismCy4LlbzKRiczzMZUFpeQ6IicwunYTcOiOTvNoEUNmQqUd2Z7tl9UGcZ+KpyYxVKEoqncHTh8ac0ZYL3luFsEVGeeIW93NnIIDREbisJpprlTHhtOpB34qnqpiKhZCZsjfdhu27SF4Jo+pNFU57zP7BmN1YO9SJTo6yu7rRCN6GhXlJGOBzR/1vgltvivDbJZUIZvn4HY/wQg+lW7uoiIhUhS3xXKq99CWbgEGKu20WUPZ9ib9n1/8vVHjzrmQ3b2z5vB+tC7sLxIHsYUSNGjvWht7bOoVbEsdvCQ4GNQNyRVDAa2gPu61xbH3UtePuBllWdCQzS2F9lbmi3370IelP1F4H+6CYb19DdtXUtIkoEHZHELiXRkUSyEV85vq+gfMBQHpfAYAAA==
	Logging: 2026-02-09T22:26:18.6841807Z	2026-02-09T16:26:18.6841807-06:00	Info	MetricsData	Track_HashTables	WebHost.ps1	ProcessLogQueue		Webhost	MainLoop	1	{"prefixesToTry":{"Name":"prefixesToTry","Count":2,"LastSeen":"2026-02-09T16:26:18.6834664-06:00"},"dbRoles":{"Name":"dbRoles","Count":15,"LastSeen":"2026-02-09T16:26:18.6831395-06:00"},"args":{"Name":"args","Count":0,"LastSeen":"2026-02-09T16:26:18.6829985-06:00"},"systemUsers":{"Name":"systemUsers","Count":2,"LastSeen":"2026-02-09T16:26:18.6836307-06:00"},"fileInfo":{"Name":"fileInfo","Count":2,"LastSeen":"2026-02-09T16:26:18.6832040-06:00"},"configRoles":{"Name":"configRoles","Count":6,"LastSeen":"2026-02-09T16:26:18.6830835-06:00"},"ModulePathEnv":{"Name":"ModulePathEnv","Count":19,"LastSeen":"2026-02-09T16:26:18.6833885-06:00"}}
	Logging: 2026-02-09T22:26:49.0419796Z	2026-02-09T16:26:49.0419796-06:00	Verbose	EventViewer	Event\ log\ request:\ 459\ events\ returned	apps\WebhostRealtimeEvents\routes\api\v1\logs\get.ps1	get.ps1		6ec71a85-fb79-4ebc-aa1d-587c7f8b403c		1	{"ResultCount":459,"Filters":{"categories":null,"userID":null,"severities":null,"source":null,"activityName":null,"filter":null,"runspaceID":null,"sessionID":null},"TimeRange":15}
	Logging: 2026-02-09T22:26:49.0456398Z	2026-02-09T16:26:49.0456398-06:00	Info	MetricsData	Track_HashTables	WebHost.ps1	ProcessLogQueue		Webhost	MainLoop	1	H4sIAAAAAAAACpWUX2vCMBTFv0uedeR/TV/1YQMdgk6fo4tOqK0k6UDE7z4UTW+Kg+Sxp+WX23PPyQXNF2uzWRj7a+ys+W4r41B5QZ/6aFD56uUAjZu29qgkeICm2vmFMTUqEcVUDjEdYrUksqSy5OoNc06UVEMsS4zRdYBO2praj7UHZ3RaQIsEMlMjITuyO7svZyzgPpVAZSnzsqIQHXWrvdk39gywQQrcImVaISnvuMe7mRPtNSADMWtmNlKEdmx9OvXATyVQVQqVigJM7NpNvLaHEJg0yV3MSJ/ZNxiqmbtjEuwOZPd1ogGdJ0VZilFk80e9a2Kb70qezRwL1lFn2m9/ogo+la53SZEQEkMrJman28rPtdVH441d6artNf2fT8K5SXXHQoLQTJv9+8H5eL9AzGKzQhLAni9WxrpDUy/1pjLRn0QvsrbBCcWwpro+7IyDsQ9St4+0jhIVDb++pdDdxnxx3z70vPRTCq3fRmW9PeXdV1yR+B7UVbOPiXclL5aCFqFC1z/NjjsIfAYAAA==
	Logging: 2026-02-09T22:26:49.0919009Z	2026-02-09T16:26:49.0919009-06:00	Info	MetricsData	Track_HashTables	WebHost.ps1	ProcessLogQueue		Webhost	MainLoop	1	{"prefixesToTry":{"Name":"prefixesToTry","Count":2,"LastSeen":"2026-02-09T16:26:49.0911643-06:00"},"dbRoles":{"Name":"dbRoles","Count":15,"LastSeen":"2026-02-09T16:26:49.0469683-06:00"},"args":{"Name":"args","Count":0,"LastSeen":"2026-02-09T16:26:49.0468323-06:00"},"systemUsers":{"Name":"systemUsers","Count":2,"LastSeen":"2026-02-09T16:26:49.0913866-06:00"},"fileInfo":{"Name":"fileInfo","Count":2,"LastSeen":"2026-02-09T16:26:49.0470315-06:00"},"configRoles":{"Name":"configRoles","Count":6,"LastSeen":"2026-02-09T16:26:49.0469157-06:00"},"ModulePathEnv":{"Name":"ModulePathEnv","Count":19,"LastSeen":"2026-02-09T16:26:49.0910264-06:00"}}
	Logging: 2026-02-09T22:27:19.4603188Z	2026-02-09T16:27:19.4603188-06:00	Verbose	EventViewer	Event\ log\ request:\ 462\ events\ returned	apps\WebhostRealtimeEvents\routes\api\v1\logs\get.ps1	get.ps1		6ec71a85-fb79-4ebc-aa1d-587c7f8b403c		1	{"ResultCount":462,"Filters":{"categories":null,"userID":null,"severities":null,"source":null,"activityName":null,"filter":null,"runspaceID":null,"sessionID":null},"TimeRange":15}
	Logging: 2026-02-09T22:27:19.5077240Z	2026-02-09T16:27:19.5077240-06:00	Info	MetricsData	Track_HashTables	WebHost.ps1	ProcessLogQueue		Webhost	MainLoop	1	H4sIAAAAAAAACpWUy27CMBBF/8VrqOwkduJsYdFKUEUKpeuBGoqUB4qdSgjx7xUvZ4yoam+vrePxnTtzJEX5qVal6n5UN2+/+kppkh/JO9SK5M8OR2TS9o0hOaMjMgNtSqUakpOIRmJMozGVCybyKM2ZfOE0pbFkYypySslpRPbQqcZMwKA3Bs2iuQdZZDSLB7I+6A+tOsS9K5Ya+9QbUY7qXYNR27Y7IKyVLDf9l5sIJpjkA7e+mDkFA4iMxKCaRRoliA37/QP4rliq9Kk4Sc6a9bdfuW27CZYZ+bjL4hS5e0U8GozVsN4xIelAR9l9nmhET7yiTKV0bH5rNq1r80UJtFnGyJI5mPW3M4J3ZZg7n0iILEORKMqp2kBfmQI6qJVR3RKq/mHS/7hi3/UZd5HJLB3enbXb1502bn+RGMbmUZzgPy1Vp3dts4BVpZyfOAcB3eBUSCFQN2podhulceytNPTDa0ZFkiJjimsK9bnMJ/v2poeln4rM3Vzu0grcV5xzFPY1GKjarUu8KAGxPFOz1FJPv0krEdJ8BgAA
	Logging: 2026-02-09T22:27:19.5095932Z	2026-02-09T16:27:19.5095932-06:00	Info	MetricsData	Track_HashTables	WebHost.ps1	ProcessLogQueue		Webhost	MainLoop	1	{"prefixesToTry":{"Name":"prefixesToTry","Count":2,"LastSeen":"2026-02-09T16:27:19.5091271-06:00"},"dbRoles":{"Name":"dbRoles","Count":15,"LastSeen":"2026-02-09T16:27:19.5087985-06:00"},"args":{"Name":"args","Count":0,"LastSeen":"2026-02-09T16:27:19.5086759-06:00"},"systemUsers":{"Name":"systemUsers","Count":2,"LastSeen":"2026-02-09T16:27:19.5093379-06:00"},"fileInfo":{"Name":"fileInfo","Count":2,"LastSeen":"2026-02-09T16:27:19.5088578-06:00"},"configRoles":{"Name":"configRoles","Count":6,"LastSeen":"2026-02-09T16:27:19.5087483-06:00"},"ModulePathEnv":{"Name":"ModulePathEnv","Count":19,"LastSeen":"2026-02-09T16:27:19.5090541-06:00"}}
	Logging: 2026-02-09T22:27:49.7722939Z	2026-02-09T16:27:49.7722939-06:00	Verbose	EventViewer	Event\ log\ request:\ 464\ events\ returned	apps\WebhostRealtimeEvents\routes\api\v1\logs\get.ps1	get.ps1		6ec71a85-fb79-4ebc-aa1d-587c7f8b403c		1	{"ResultCount":464,"Filters":{"categories":null,"userID":null,"severities":null,"source":null,"activityName":null,"filter":null,"runspaceID":null,"sessionID":null},"TimeRange":15}
	Logging: 2026-02-09T22:27:49.7750529Z	2026-02-09T16:27:49.7750529-06:00	Info	MetricsData	Track_HashTables	WebHost.ps1	ProcessLogQueue		Webhost	MainLoop	1	H4sIAAAAAAAACpWUUW+CMBDHv0ufdSktFMqrPmyJLiY693yy6kwQCC1LjPG7LzopV+KS9pEf5Nfj7n+9kNX6U+3Wqv1R7bL+6kqlSX4h73BSJH/2ckJmdVcZkkd0QhagzVqpiuSEUSamlE2p3EQiZ2key5c0jXkqxJSKnFJynZAGWlWZGRh0xsCsOvExR3HGBrM+6w+tWuTtibVyH6sQPBusBRh1qNsz0lpkvamHlwsho8F7ujdzDgaQGcGwmmkqUM3QNCNxT6xV+lTMZYIq1t3OHdsDWCfzqTThNB07xw3GNKwPiaTJYEfZfZ5oZI+9oswkijI0zVu1r90230lYmxN2Y711Cab4dlawJ8PeeUWCS4lbMVd76EqzghZOyqh2C2U32vR/PrHneq07i1IUxUV9eD1q484XwSA3z2TijHerWn2sqw3sSuX8ifMiaBoxyzhFawrVca80jr1Fwzx8ssmljNCYV38p1Lcyn9y3Dx6W/pjiG6ZwlvX2FHZfJRlFASrAQFkfXOOdBMWSiyi2NV5/AXHNnAx8BgAA
	Logging: 2026-02-09T22:27:49.8216061Z	2026-02-09T16:27:49.8216061-06:00	Info	MetricsData	Track_HashTables	WebHost.ps1	ProcessLogQueue		Webhost	MainLoop	1	{"prefixesToTry":{"Name":"prefixesToTry","Count":2,"LastSeen":"2026-02-09T16:27:49.8205025-06:00"},"dbRoles":{"Name":"dbRoles","Count":15,"LastSeen":"2026-02-09T16:27:49.8201231-06:00"},"args":{"Name":"args","Count":0,"LastSeen":"2026-02-09T16:27:49.8199879-06:00"},"systemUsers":{"Name":"systemUsers","Count":2,"LastSeen":"2026-02-09T16:27:49.8206663-06:00"},"fileInfo":{"Name":"fileInfo","Count":2,"LastSeen":"2026-02-09T16:27:49.8201903-06:00"},"configRoles":{"Name":"configRoles","Count":6,"LastSeen":"2026-02-09T16:27:49.8200659-06:00"},"ModulePathEnv":{"Name":"ModulePathEnv","Count":19,"LastSeen":"2026-02-09T16:27:49.8203946-06:00"}}
	Logging: 2026-02-09T22:28:04.8616689Z	2026-02-09T16:28:04.8616689-06:00	Info	MetricsData	Track_HashTables	WebHost.ps1	ProcessLogQueue		Webhost	MainLoop	1	H4sIAAAAAAAACpWUSWvDMBCF/4vOSZG1ebkmhxaSYnDanieukga8BEsuhJD/XrLJo5CCfPST+Wb05o2OJC++9LrQ3a/ulu13X2lDsiN5h1qT7NnhhMzavrEki+iELMDYQuuGZIRRpqaUTWm6ilTGkoyKlySSUsVySlVGKTlNyB463dgZWFRj0BxahpA5l/FANgfzYXSHuHfFUXkINY7TdKCWYPW27Q4I6yTHjQO4IlFKDNz6YuYcLCAyEsf1zIRkAxv2+wfwXXHUNKRjlbAI+duv/bHdBMdkIZ2qWKA0XBGPBmN15OwYRR2j7D5PNKKLoChzxT2b35pN69t8UcbZHMsIBWMJtvzxVvCuDHsX0mukOKLmxVxvoK9sDh3U2uruE6r+YdP/+cXVDVp3QWPk0aLdvu6M9eeLxHFsqjA7Lz51Z3Zts4J1pb2beAejpiFFkqII1dDsNtrg2DtpmEdQNiOG9z+/ptCc23zy3t70cemXaYoqlN6ynr9GvleUIyNKsFC1W594UUbFUiRcuhGe/gDeMn85fAYAAA==
	Logging: 2026-02-09T22:28:04.8638536Z	2026-02-09T16:28:04.8638536-06:00	Info	MetricsData	Track_HashTables	WebHost.ps1	ProcessLogQueue		Webhost	MainLoop	1	{"prefixesToTry":{"Name":"prefixesToTry","Count":2,"LastSeen":"2026-02-09T16:28:04.8633114-06:00"},"dbRoles":{"Name":"dbRoles","Count":15,"LastSeen":"2026-02-09T16:28:04.8628634-06:00"},"ModulePathEnv":{"Name":"ModulePathEnv","Count":19,"LastSeen":"2026-02-09T16:28:04.8632343-06:00"},"args":{"Name":"args","Count":0,"LastSeen":"2026-02-09T16:28:04.8627247-06:00"},"systemUsers":{"Name":"systemUsers","Count":2,"LastSeen":"2026-02-09T16:28:04.8635116-06:00"},"fileInfo":{"Name":"fileInfo","Count":2,"LastSeen":"2026-02-09T16:28:04.8629278-06:00"},"logEntries":{"Name":"logEntries","Count":3,"LastSeen":"2026-02-09T16:28:04.8631259-06:00"},"configRoles":{"Name":"configRoles","Count":6,"LastSeen":"2026-02-09T16:28:04.8628078-06:00"}}
	Logging: 2026-02-09T22:28:50.6725320Z	2026-02-09T16:28:50.6725320-06:00	Info	MetricsData	Track_HashTables	WebHost.ps1	ProcessLogQueue		Webhost	MainLoop	1	{"prefixesToTry":{"Name":"prefixesToTry","Count":2,"LastSeen":"2026-02-09T16:28:50.6718218-06:00"},"dbRoles":{"Name":"dbRoles","Count":15,"LastSeen":"2026-02-09T16:28:50.6715200-06:00"},"args":{"Name":"args","Count":0,"LastSeen":"2026-02-09T16:28:50.6713941-06:00"},"systemUsers":{"Name":"systemUsers","Count":2,"LastSeen":"2026-02-09T16:28:50.6720082-06:00"},"fileInfo":{"Name":"fileInfo","Count":2,"LastSeen":"2026-02-09T16:28:50.6715805-06:00"},"configRoles":{"Name":"configRoles","Count":6,"LastSeen":"2026-02-09T16:28:50.6714682-06:00"},"ModulePathEnv":{"Name":"ModulePathEnv","Count":19,"LastSeen":"2026-02-09T16:28:50.6717494-06:00"}}
	Logging: 2026-02-09T22:29:23.3534905Z	2026-02-09T16:29:23.3534905-06:00	Info	MetricsData	Track_HashTables	WebHost.ps1	ProcessLogQueue		Webhost	MainLoop	1	{"prefixesToTry":{"Name":"prefixesToTry","Count":2,"LastSeen":"2026-02-09T16:29:23.2829205-06:00"},"dbRoles":{"Name":"dbRoles","Count":15,"LastSeen":"2026-02-09T16:29:23.2826143-06:00"},"args":{"Name":"args","Count":0,"LastSeen":"2026-02-09T16:29:23.2824849-06:00"},"systemUsers":{"Name":"systemUsers","Count":2,"LastSeen":"2026-02-09T16:29:23.2831975-06:00"},"fileInfo":{"Name":"fileInfo","Count":2,"LastSeen":"2026-02-09T16:29:23.2826751-06:00"},"configRoles":{"Name":"configRoles","Count":6,"LastSeen":"2026-02-09T16:29:23.2825587-06:00"},"ModulePathEnv":{"Name":"ModulePathEnv","Count":19,"LastSeen":"2026-02-09T16:29:23.2828483-06:00"}}
	Logging: 2026-02-09T22:31:24.9462275Z	2026-02-09T16:31:24.9462275-06:00	Info	MetricsData	Track_HashTables	WebHost.ps1	ProcessLogQueue		Webhost	MainLoop	1	H4sIAAAAAAAACpWUzW7CMBCE38VnqBzHTuJc4dBKUEUKpeclNRQpPyh2KiHEu1dQsNeISs4x4+jb9eysT6QoP9WmVP2P6pfd11ArTfITeYdGkfzZ4YTMuqE1JI/ohCxAm1KpluSEUZZMKZtSuYqSPI5yxl8kF6mIoylNckrJeUIO0KvWzMCgGk6zaBFCFjxOHFkf9YdWPeLeFUuNQ6iSSe6oFRi16/ojwlrJctMQLo2EdNzmauYcDCAyEsf1zNModmw4HB7Ad8VSZQCVZ5wJ5O+w8cd2EyyThXSaiRSl4Q/xaDBWx/mQSYroKLvPE43oPCjKjPk2v7Xbzrf5qoy0WcrUUZdgqm9vBe+K27ugSMR4eEU5V1sYalNAD40yql9DPTxs+j+/2LpB657QjLq6i273utfGny8Sx7EZi5BTRblWvd537Qo2tfJu4h2MmoZI0gTNuIF2v1Uax95Kbh5B2YxTv/nPSwr1pc0n7+1NH5f+NItRhcpb1svXqPeKS8HQICswUHc7n3hVRsWSy4zb1/X8C5TiWZx8BgAA
	Logging: 2026-02-09T22:31:24.9480967Z	2026-02-09T16:31:24.9480967-06:00	Info	MetricsData	Track_HashTables	WebHost.ps1	ProcessLogQueue		Webhost	MainLoop	1	{"prefixesToTry":{"Name":"prefixesToTry","Count":2,"LastSeen":"2026-02-09T16:31:24.9475876-06:00"},"dbRoles":{"Name":"dbRoles","Count":15,"LastSeen":"2026-02-09T16:31:24.9472771-06:00"},"args":{"Name":"args","Count":0,"LastSeen":"2026-02-09T16:31:24.9471497-06:00"},"systemUsers":{"Name":"systemUsers","Count":2,"LastSeen":"2026-02-09T16:31:24.9477445-06:00"},"fileInfo":{"Name":"fileInfo","Count":2,"LastSeen":"2026-02-09T16:31:24.9473401-06:00"},"configRoles":{"Name":"configRoles","Count":6,"LastSeen":"2026-02-09T16:31:24.9472244-06:00"},"ModulePathEnv":{"Name":"ModulePathEnv","Count":19,"LastSeen":"2026-02-09T16:31:24.9475145-06:00"}}
	Logging: 2026-02-09T22:32:40.5487408Z	2026-02-09T16:32:40.5487408-06:00	Info	MetricsData	Track_HashTables	WebHost.ps1	ProcessLogQueue		Webhost	MainLoop	1	H4sIAAAAAAAACpWUzW7CMBCE38VnqPyXOMkVDq0EFRKUnhdqKFJIkO1UQoh3r0pLvI6oZF/H1uf17OxeyGL5rjdLbb60mbcfXa0tqS7kFY6aVI8OR2TSdo0jFaMjMgPrllo3pCKc8nxM+ZiWK5ZXgleSPmWy4EzSMc0rSsl1RE5gdOMm4NAbXuvRWQRZFVlWeLI92zerDeLelZ4qYuqVlEpP3YLT+9acEbaXeq6KqZYziqo93sycggNERmJSzUrlLPNsOJ0G4LvSU8sIal6WQiB/u03Ytj+hZ/IYdwUX5ZA5NBirab0TWck8HWX3caIRXcbgmRQqsPml2bWhzTclyWZFpUI2z8FtP4MRvCt+7qIiwSXHVkz1DrraLcDAUTtt1lB3g0n/50r/bsy4q1Lid2ft/vlgXdhfJKaxs0IEf1prYw9ts4JNrYOfBAdJ3SgoY6jHR2gOO21x7HvJ9yNqRvMCz//iN4X2p8wH+/ZPT0s/l0W4ucKllbivGMuQEVtwULf7kHhT0mLJlN/Z129PmV2ufAYAAA==
	Logging: 2026-02-09T22:32:40.5504289Z	2026-02-09T16:32:40.5504289-06:00	Info	MetricsData	Track_HashTables	WebHost.ps1	ProcessLogQueue		Webhost	MainLoop	1	{"prefixesToTry":{"Name":"prefixesToTry","Count":2,"LastSeen":"2026-02-09T16:32:40.5499739-06:00"},"dbRoles":{"Name":"dbRoles","Count":15,"LastSeen":"2026-02-09T16:32:40.5496729-06:00"},"args":{"Name":"args","Count":0,"LastSeen":"2026-02-09T16:32:40.5495533-06:00"},"systemUsers":{"Name":"systemUsers","Count":2,"LastSeen":"2026-02-09T16:32:40.5501279-06:00"},"fileInfo":{"Name":"fileInfo","Count":2,"LastSeen":"2026-02-09T16:32:40.5497340-06:00"},"configRoles":{"Name":"configRoles","Count":6,"LastSeen":"2026-02-09T16:32:40.5496227-06:00"},"ModulePathEnv":{"Name":"ModulePathEnv","Count":19,"LastSeen":"2026-02-09T16:32:40.5499035-06:00"}}
	Logging: 2026-02-09T22:34:26.9843493Z	2026-02-09T16:34:26.9843493-06:00	Verbose	EventViewer	Event\ log\ request:\ 472\ events\ returned	apps\WebhostRealtimeEvents\routes\api\v1\logs\get.ps1	get.ps1		6ec71a85-fb79-4ebc-aa1d-587c7f8b403c		1	{"ResultCount":472,"Filters":{"categories":null,"userID":null,"severities":null,"source":null,"activityName":null,"filter":null,"runspaceID":null,"sessionID":null},"TimeRange":15}
	Logging: 2026-02-09T22:34:26.9868313Z	2026-02-09T16:34:26.9868313-06:00	Info	MetricsData	Track_HashTables	WebHost.ps1	ProcessLogQueue		Webhost	MainLoop	1	H4sIAAAAAAAACpWUy27CMBBF/8VrqPyIHSdbWLQSVEhQuh6ooUh5KXYqIcS/VyBwxpRKzjLX0fHM3Ds+kcXy02yWpv0x7bz+6gpjSX4i71Aakj87HJFJ3VWO5IyOyAysWxpTkZxwytWY8jHNVkzlIsm5esm04lqLMVU5peQ8Ig20pnITcOiOXvNoGUOmWsqebI/2w5oWce+Kp4oYqswk7albcGZft0eE9ZLnphFcqVKlem55HeYUHCAyEofVTFmK2NA0D+C74qlZTMWJ5Mg5221C226CZ/KYShMt+CPzccBYHehdopF3KLvPE43oSVSUZYoGAk3zVu3qcMxXZdiYpdAoxnNw2+9gBe9Kv3cx1Exf5H4UU7ODrnALaKE0zrRrKLqHTf/nF39v1LozSVE3s3r/erAu9BeJg9hSa8FwT2vT2kNdrWBTmKCT4GCQG4ozgSJUQnXYGYtj76Xej5hsyiyR+k827aXMJ+/tTR+WfsEytFvbYFkvXwPfK8bSgAZFvQ+JV2VYLFUifY3nXyotyw18BgAA
	Logging: 2026-02-09T22:34:26.9888703Z	2026-02-09T16:34:26.9888703-06:00	Info	MetricsData	Track_HashTables	WebHost.ps1	ProcessLogQueue		Webhost	MainLoop	1	{"prefixesToTry":{"Name":"prefixesToTry","Count":2,"LastSeen":"2026-02-09T16:34:26.9883264-06:00"},"dbRoles":{"Name":"dbRoles","Count":15,"LastSeen":"2026-02-09T16:34:26.9879669-06:00"},"args":{"Name":"args","Count":0,"LastSeen":"2026-02-09T16:34:26.9878376-06:00"},"systemUsers":{"Name":"systemUsers","Count":2,"LastSeen":"2026-02-09T16:34:26.9885334-06:00"},"fileInfo":{"Name":"fileInfo","Count":2,"LastSeen":"2026-02-09T16:34:26.9880601-06:00"},"configRoles":{"Name":"configRoles","Count":6,"LastSeen":"2026-02-09T16:34:26.9879142-06:00"},"ModulePathEnv":{"Name":"ModulePathEnv","Count":19,"LastSeen":"2026-02-09T16:34:26.9882482-06:00"}}
	Logging: 2026-02-09T22:35:12.0707961Z	2026-02-09T16:35:12.0707961-06:00	Verbose	EventViewer	Event\ log\ request:\ 472\ events\ returned	apps\WebhostRealtimeEvents\routes\api\v1\logs\get.ps1	get.ps1		6ec71a85-fb79-4ebc-aa1d-587c7f8b403c		1	{"ResultCount":472,"Filters":{"categories":null,"userID":null,"severities":null,"source":null,"activityName":null,"filter":null,"runspaceID":null,"sessionID":null},"TimeRange":15}
	Logging: 2026-02-09T22:35:12.0730957Z	2026-02-09T16:35:12.0730957-06:00	Info	MetricsData	Track_HashTables	WebHost.ps1	ProcessLogQueue		Webhost	MainLoop	1	H4sIAAAAAAAACpWUX2vCMBTFv0uedeRPm6R91YcNdBTq3PPVRSfUVpp0IOJ3HzpNb8RB+tjT8svpuefmRIry06xK0/6Ydt58dZWxJD+Rd9gbkj97OSKTpqsdyRkdkRlYVxpTk5xwyuWY8jHNFkzmIs0Zf6GKS0bFmMqcUnIekQO0pnYTcOiMXvPoNIYsMpn1ZHu0H9a0iHtXPFXEUDXVuqeuwZlt0x4R1kueqyK4LONJ0nP31zCn4ACRkTjMswjYcDg8gO+Kp2YxjpWQKcq3W4VjuwmeyWOcKibpI/MxYKwOy0FJhXJA3X3eaERPYvCp0iqI+a3eNGHMV2VgzDrjPXUObv0drOBd6fcuxitXGRpeUU7NBrrKFdDC3jjTLqHqHjb9n0/8uVHrnkiJRjBrtq8768L5InEYmwmOylOUS9PaXVMvYFWZ4E+CF4OmwVPBGVpTqHcbY3HtvdTPI6qbLBPotir+WmgvNp/ctzd9WPtlwlA862BZL0/D7istNPK7BgdVsw2JV2VQLZnW2ns8/wIswXrQfAYAAA==
	Logging: 2026-02-09T22:35:12.0748973Z	2026-02-09T16:35:12.0748973-06:00	Info	MetricsData	Track_HashTables	WebHost.ps1	ProcessLogQueue		Webhost	MainLoop	1	{"prefixesToTry":{"Name":"prefixesToTry","Count":2,"LastSeen":"2026-02-09T16:35:12.0744640-06:00"},"dbRoles":{"Name":"dbRoles","Count":15,"LastSeen":"2026-02-09T16:35:12.0741377-06:00"},"args":{"Name":"args","Count":0,"LastSeen":"2026-02-09T16:35:12.0740015-06:00"},"systemUsers":{"Name":"systemUsers","Count":2,"LastSeen":"2026-02-09T16:35:12.0746238-06:00"},"fileInfo":{"Name":"fileInfo","Count":2,"LastSeen":"2026-02-09T16:35:12.0742030-06:00"},"configRoles":{"Name":"configRoles","Count":6,"LastSeen":"2026-02-09T16:35:12.0740831-06:00"},"ModulePathEnv":{"Name":"ModulePathEnv","Count":19,"LastSeen":"2026-02-09T16:35:12.0743869-06:00"}}
	Logging: 2026-02-09T22:35:57.1441345Z	2026-02-09T16:35:57.1441345-06:00	Verbose	EventViewer	Event\ log\ request:\ 473\ events\ returned	apps\WebhostRealtimeEvents\routes\api\v1\logs\get.ps1	get.ps1		6ec71a85-fb79-4ebc-aa1d-587c7f8b403c		1	{"ResultCount":473,"Filters":{"categories":null,"userID":null,"severities":null,"source":null,"activityName":null,"filter":null,"runspaceID":null,"sessionID":null},"TimeRange":15}
	Logging: 2026-02-09T22:35:57.1462341Z	2026-02-09T16:35:57.1462341-06:00	Info	MetricsData	Track_HashTables	WebHost.ps1	ProcessLogQueue		Webhost	MainLoop	1	H4sIAAAAAAAACpWUX2/CIBTFvwvPulAKpe2rPmyJLk3q3DM6dCb9Y4AuMcbvvugULo1L4LGH5sfl3HPvGVX1p9zUUv1Itey/hkZqVJ7Ru2glKp8dTtCsHzqDygRP0EJoU0vZoRIRTLIpJlNcrJKsTFnJ+EtCWY6TYoqzEmN0maCjULIzM2HAHU6zaBZCZpxSR9Yn/aGlAtyHYqlpCLXISe6oW2HkvlcngLWS5fIQLs5z7Ljtzcy5MAKQgRhXM8MpqFkcjyPwQ7HUIoBKC5JAf4eN37a7YJkkyF2c8zFzbDBUI3tHSeLoILvPEw3oNATPOU49m9+6Xe/bfFMibeYpoC6F2X57I/hQ3NyF1EozDoyu6rnciaExlVCilUaqtWiG0aT/84u9N2jcM8Yzd++i378etPH7C8Q4dsoSBt+0lkof+m4lNo30XuIdRHWDcQJHqRXdYSc1jL2VXD+CsklJAdpc/aVQX8t8sm/velz685SATbv1hvX6FbmvCPX3oGj6vU+8KXGxxCAel1+Ae2SdfAYAAA==
	Logging: 2026-02-09T22:35:57.1482784Z	2026-02-09T16:35:57.1482784-06:00	Info	MetricsData	Track_HashTables	WebHost.ps1	ProcessLogQueue		Webhost	MainLoop	1	{"prefixesToTry":{"Name":"prefixesToTry","Count":2,"LastSeen":"2026-02-09T16:35:57.1475412-06:00"},"dbRoles":{"Name":"dbRoles","Count":15,"LastSeen":"2026-02-09T16:35:57.1472173-06:00"},"args":{"Name":"args","Count":0,"LastSeen":"2026-02-09T16:35:57.1470856-06:00"},"systemUsers":{"Name":"systemUsers","Count":2,"LastSeen":"2026-02-09T16:35:57.1479078-06:00"},"fileInfo":{"Name":"fileInfo","Count":2,"LastSeen":"2026-02-09T16:35:57.1472802-06:00"},"configRoles":{"Name":"configRoles","Count":6,"LastSeen":"2026-02-09T16:35:57.1471616-06:00"},"ModulePathEnv":{"Name":"ModulePathEnv","Count":19,"LastSeen":"2026-02-09T16:35:57.1474630-06:00"}}
	Logging: 2026-02-09T22:36:28.9399700Z	2026-02-09T16:36:28.9399700-06:00	Info	MetricsData	Track_HashTables	WebHost.ps1	ProcessLogQueue		Webhost	MainLoop	1	H4sIAAAAAAAACpWUzW7CMBCE38VnqBw7Tpxc4dBKUEUKpeeFGoqUP8VOJYR49wpKnHVEJec6tj6vZ2f3QrL8U+1y1f6odl1/dYXSJL2QdygVSZ8dzsii7ipD0oDOyAq0yZWqSEoYZdGcsjlNNkGU8ihl8iXhMhGMzmmUUkquM9JAqyqzAIPeGDSLFj7kWAR8IOuz/tCqRdxesVTuQU0CHocDdQ9GHev2jLBWstzYp1oehYhb3s1cggFERuKkmmUkOfIYmmYE7hVLTXyoARMx8rfbuW17CJbJfNylgskxc2wwVqf1jsowGugou88TjeihV5QZjjI0zVt1qF2b78pEm+VN66lrMPtvZwR7ZZg7r0iECao1y5fqAF1hMmihVEa1Wyi60aT/c8W+6zXuMsAxX9XH15M2bn+ROI0tRCzwn7aq1ae62sCuUM5PnINp3ZBxjEJfQnU6KI1jb6WhH34zGnDU5uwvhfpW5pN9+9CnbYFE0sTZXO7SmrivmJTI7D0YKOqjS7wr02LJOQ966vUXYN6BsnwGAAA=
	Logging: 2026-02-09T22:36:28.9423812Z	2026-02-09T16:36:28.9423812-06:00	Info	MetricsData	Track_HashTables	WebHost.ps1	ProcessLogQueue		Webhost	MainLoop	1	{"prefixesToTry":{"Name":"prefixesToTry","Count":2,"LastSeen":"2026-02-09T16:36:28.9419813-06:00"},"dbRoles":{"Name":"dbRoles","Count":15,"LastSeen":"2026-02-09T16:36:28.9416673-06:00"},"args":{"Name":"args","Count":0,"LastSeen":"2026-02-09T16:36:28.9410447-06:00"},"systemUsers":{"Name":"systemUsers","Count":2,"LastSeen":"2026-02-09T16:36:28.9421381-06:00"},"fileInfo":{"Name":"fileInfo","Count":2,"LastSeen":"2026-02-09T16:36:28.9417342-06:00"},"configRoles":{"Name":"configRoles","Count":6,"LastSeen":"2026-02-09T16:36:28.9415698-06:00"},"ModulePathEnv":{"Name":"ModulePathEnv","Count":19,"LastSeen":"2026-02-09T16:36:28.9419079-06:00"}}
	Logging: 2026-02-09T22:37:02.0420061Z	2026-02-09T16:37:02.0420061-06:00	Info	MetricsData	Track_HashTables	WebHost.ps1	ProcessLogQueue		Webhost	MainLoop	1	H4sIAAAAAAAACpWUW28CIRCF/wvP2gALe3vVhzbRxmStPo8WrcleDLBNjPG/Nxp3d9jYBB45kI/hzBmuZFVs1a5Q+lfpZfPdlsqQ/Eo+oVIkf7U5IbOmrS3JGZ2QBRhbKFWTnHDK4ynlU5qtWZxHSU75GxVMMimmNM4pJbcJOYNWtZ2BRXcMWo+WPuSIMT6QzcV8GaURt1N6auRDjdOEDtQ9WHVs9AVhe6nnJh5cmiZZNHCrh5lzsIDISAyrmQuBnIDzeQTulJ6a+VQspEQVm3bntu0p9Ezu5S6L4zFzbDBWA3snMkRH2X2daEQXPniRCubY/FEfGtfmhxJms+QC2bwEu/9xRrBThrnzigTFcVsVc3WAtrQr0FApq/QGynY06f8c6e/1GvcowaFZNMf3k7Fuf5EYxmZUpvhNG6XNqanXsCuV8xJnI6gbTEQZGqUK6tNBGRz7Xhr64ZVNllCnIdt7Cs29zBf/7VMPS78U2J69M6z3Vdh/JZMY1bsHC2VzdIkPJSiWNE6yrKPe/gCDbDnofAYAAA==
	Logging: 2026-02-09T22:37:02.0438025Z	2026-02-09T16:37:02.0438025-06:00	Info	MetricsData	Track_HashTables	WebHost.ps1	ProcessLogQueue		Webhost	MainLoop	1	{"prefixesToTry":{"Name":"prefixesToTry","Count":2,"LastSeen":"2026-02-09T16:37:02.0433774-06:00"},"dbRoles":{"Name":"dbRoles","Count":15,"LastSeen":"2026-02-09T16:37:02.0429948-06:00"},"args":{"Name":"args","Count":0,"LastSeen":"2026-02-09T16:37:02.0428716-06:00"},"systemUsers":{"Name":"systemUsers","Count":2,"LastSeen":"2026-02-09T16:37:02.0435318-06:00"},"fileInfo":{"Name":"fileInfo","Count":2,"LastSeen":"2026-02-09T16:37:02.0430570-06:00"},"configRoles":{"Name":"configRoles","Count":6,"LastSeen":"2026-02-09T16:37:02.0429437-06:00"},"ModulePathEnv":{"Name":"ModulePathEnv","Count":19,"LastSeen":"2026-02-09T16:37:02.0432959-06:00"}}
	Logging: 2026-02-09T22:37:32.4747381Z	2026-02-09T16:37:32.4747381-06:00	Info	MetricsData	Track_HashTables	WebHost.ps1	ProcessLogQueue		Webhost	MainLoop	1	{"prefixesToTry":{"Name":"prefixesToTry","Count":2,"LastSeen":"2026-02-09T16:37:32.4742274-06:00"},"dbRoles":{"Name":"dbRoles","Count":15,"LastSeen":"2026-02-09T16:37:32.4027279-06:00"},"ModulePathEnv":{"Name":"ModulePathEnv","Count":19,"LastSeen":"2026-02-09T16:37:32.4741499-06:00"},"args":{"Name":"args","Count":0,"LastSeen":"2026-02-09T16:37:32.4025942-06:00"},"systemUsers":{"Name":"systemUsers","Count":2,"LastSeen":"2026-02-09T16:37:32.4743930-06:00"},"fileInfo":{"Name":"fileInfo","Count":2,"LastSeen":"2026-02-09T16:37:32.4737715-06:00"},"logEntries":{"Name":"logEntries","Count":2,"LastSeen":"2026-02-09T16:37:32.4740479-06:00"},"configRoles":{"Name":"configRoles","Count":6,"LastSeen":"2026-02-09T16:37:32.4026724-06:00"}}
	Logging: 2026-02-09T22:38:17.8859234Z	2026-02-09T16:38:17.8859234-06:00	Info	MetricsData	Track_HashTables	WebHost.ps1	ProcessLogQueue		Webhost	MainLoop	1	{"prefixesToTry":{"Name":"prefixesToTry","Count":2,"LastSeen":"2026-02-09T16:38:17.8468117-06:00"},"dbRoles":{"Name":"dbRoles","Count":15,"LastSeen":"2026-02-09T16:38:17.8463284-06:00"},"args":{"Name":"args","Count":0,"LastSeen":"2026-02-09T16:38:17.8461856-06:00"},"systemUsers":{"Name":"systemUsers","Count":2,"LastSeen":"2026-02-09T16:38:17.8855672-06:00"},"fileInfo":{"Name":"fileInfo","Count":2,"LastSeen":"2026-02-09T16:38:17.8465049-06:00"},"configRoles":{"Name":"configRoles","Count":6,"LastSeen":"2026-02-09T16:38:17.8462730-06:00"},"ModulePathEnv":{"Name":"ModulePathEnv","Count":19,"LastSeen":"2026-02-09T16:38:17.8467297-06:00"}}
	Logging: 2026-02-09T22:39:04.2314305Z	2026-02-09T16:39:04.2314305-06:00	Info	MetricsData	Track_HashTables	WebHost.ps1	ProcessLogQueue		Webhost	MainLoop	1	H4sIAAAAAAAACpWUy27CMBBF/8VrqPzCwdnCopWgQgql64EaipSXYqcSQvx7BQVnTKkaL3MdnRnfueMjWWTvZp2Z5ss08+qjzY0l6ZG8QmFI+uhwQCZVWzqSMjogM7AuM6YkKeGUqyHlQ6qXTKVCp1Q+cUGpEmpIVUopOQ1IDY0p3QQcqtFpHj36n8z1WKpxR7YH+2ZNg7g3xVNFn3650ElH3YAzu6o5IKyXPDfp061kDPlQXMycggNERmJMz1wniWYdG+r6DnxTPFX3oXKpRsjfdh2O7Sp4Ju/jLlMKufCDuDcYq5Gzoxx1jLL7ONGILntFmSUocFDXL+W2Cm2+KHE2C8pQ03Nwm89gBW9Kt3e9IiElivEim5ottLlbQAOFcaZZQd7ebfofv/i6Pdada80ous2s2j3vrQvni8Q4tuKS4jutTGP3VbmEdW6CmwQHcdPQiUA1Cij3W2Nx7L3UzaPfjlIlf2XTntt88N5e9bj0Uy1RhU2wrOevuPdKjBgPaJBXu5B4UeJiKcbMr9DpGzr3YIF8BgAA
	Logging: 2026-02-09T22:39:04.2333415Z	2026-02-09T16:39:04.2333415-06:00	Info	MetricsData	Track_HashTables	WebHost.ps1	ProcessLogQueue		Webhost	MainLoop	1	{"prefixesToTry":{"Name":"prefixesToTry","Count":2,"LastSeen":"2026-02-09T16:39:04.2329511-06:00"},"dbRoles":{"Name":"dbRoles","Count":15,"LastSeen":"2026-02-09T16:39:04.2326430-06:00"},"args":{"Name":"args","Count":0,"LastSeen":"2026-02-09T16:39:04.2325131-06:00"},"systemUsers":{"Name":"systemUsers","Count":2,"LastSeen":"2026-02-09T16:39:04.2331046-06:00"},"fileInfo":{"Name":"fileInfo","Count":2,"LastSeen":"2026-02-09T16:39:04.2327054-06:00"},"configRoles":{"Name":"configRoles","Count":6,"LastSeen":"2026-02-09T16:39:04.2325909-06:00"},"ModulePathEnv":{"Name":"ModulePathEnv","Count":19,"LastSeen":"2026-02-09T16:39:04.2328793-06:00"}}
	Logging: 2026-02-09T22:39:50.2913840Z	2026-02-09T16:39:50.2913840-06:00	Info	MetricsData	Track_HashTables	WebHost.ps1	ProcessLogQueue		Webhost	MainLoop	1	H4sIAAAAAAAACpWUUW+CMBSF/0ufdSkt0JZXfdgSXUhw7vnKqjNBIG1ZYoz/fdEJXJzL6CMH8vVy7jk9kTR715tMmy9tltVHU2hLkhN5hYMmyaOXEzKrmtKRJKATsgDrMq1LkhBGWTylbErVKogTrpKIPjFFVcDjKY0TSsl5QmowunQzcOiMXuvQ0RhyLKjqyfZo36w2iNsqHZWPoAZUirCn5uD0rjJHhO2kjiv+50olQxH13MPVzDk4QGQkes1Mw0DJng11fQdulY6qxkwcC4E2Z5vNcG03oWOyUe4G8S/mvcFY9dxdqJDHKLuPE43o4RibpWQocFDXL+W2Gtp8VfxsFjxE1CW4/HNQwVbpezdmVi45inGazfUWmsKlYOCgnTZrKJq7pv/xSXfuqLqLSKAoLqrd89664X6R6MdmHFczzdba2H1VrmBT6MGfDF74bENRyRhHNYVyv9UWx76T+n2M6ijnCq05/UmhvYz54L696X63gAo5Sn8+KOvlye++EhLHMgcHRbUbEq+KTyylkoGgLfX8Df8bm358BgAA
	Logging: 2026-02-09T22:39:50.2931055Z	2026-02-09T16:39:50.2931055-06:00	Info	MetricsData	Track_HashTables	WebHost.ps1	ProcessLogQueue		Webhost	MainLoop	1	{"prefixesToTry":{"Name":"prefixesToTry","Count":2,"LastSeen":"2026-02-09T16:39:50.2926733-06:00"},"dbRoles":{"Name":"dbRoles","Count":15,"LastSeen":"2026-02-09T16:39:50.2923635-06:00"},"args":{"Name":"args","Count":0,"LastSeen":"2026-02-09T16:39:50.2922402-06:00"},"systemUsers":{"Name":"systemUsers","Count":2,"LastSeen":"2026-02-09T16:39:50.2928295-06:00"},"fileInfo":{"Name":"fileInfo","Count":2,"LastSeen":"2026-02-09T16:39:50.2924244-06:00"},"configRoles":{"Name":"configRoles","Count":6,"LastSeen":"2026-02-09T16:39:50.2923130-06:00"},"ModulePathEnv":{"Name":"ModulePathEnv","Count":19,"LastSeen":"2026-02-09T16:39:50.2926017-06:00"}}
	Logging: 2026-02-09T22:40:05.8529313Z	2026-02-09T16:40:05.8529313-06:00	Info	MetricsData	Track_HashTables	WebHost.ps1	ProcessLogQueue		Webhost	MainLoop	1	{"prefixesToTry":{"Name":"prefixesToTry","Count":2,"LastSeen":"2026-02-09T16:40:05.8523157-06:00"},"dbRoles":{"Name":"dbRoles","Count":15,"LastSeen":"2026-02-09T16:40:05.8048095-06:00"},"ModulePathEnv":{"Name":"ModulePathEnv","Count":19,"LastSeen":"2026-02-09T16:40:05.8521196-06:00"},"args":{"Name":"args","Count":0,"LastSeen":"2026-02-09T16:40:05.8046724-06:00"},"systemUsers":{"Name":"systemUsers","Count":2,"LastSeen":"2026-02-09T16:40:05.8525064-06:00"},"fileInfo":{"Name":"fileInfo","Count":2,"LastSeen":"2026-02-09T16:40:05.8048716-06:00"},"logEntries":{"Name":"logEntries","Count":2,"LastSeen":"2026-02-09T16:40:05.8049879-06:00"},"configRoles":{"Name":"configRoles","Count":6,"LastSeen":"2026-02-09T16:40:05.8047451-06:00"}}
	Logging: 2026-02-09T22:40:36.3216000Z	2026-02-09T16:40:36.3216000-06:00	Info	MetricsData	Track_HashTables	WebHost.ps1	ProcessLogQueue		Webhost	MainLoop	1	{"prefixesToTry":{"Name":"prefixesToTry","Count":2,"LastSeen":"2026-02-09T16:40:36.2480702-06:00"},"dbRoles":{"Name":"dbRoles","Count":15,"LastSeen":"2026-02-09T16:40:36.2477567-06:00"},"args":{"Name":"args","Count":0,"LastSeen":"2026-02-09T16:40:36.2476344-06:00"},"systemUsers":{"Name":"systemUsers","Count":2,"LastSeen":"2026-02-09T16:40:36.2482303-06:00"},"fileInfo":{"Name":"fileInfo","Count":2,"LastSeen":"2026-02-09T16:40:36.2478187-06:00"},"configRoles":{"Name":"configRoles","Count":6,"LastSeen":"2026-02-09T16:40:36.2477061-06:00"},"ModulePathEnv":{"Name":"ModulePathEnv","Count":19,"LastSeen":"2026-02-09T16:40:36.2479945-06:00"}}
	Logging: 2026-02-09T22:41:37.3309334Z	2026-02-09T16:41:37.3309334-06:00	Info	MetricsData	Track_HashTables	WebHost.ps1	ProcessLogQueue		Webhost	MainLoop	1	{"prefixesToTry":{"Name":"prefixesToTry","Count":2,"LastSeen":"2026-02-09T16:41:37.3303441-06:00"},"dbRoles":{"Name":"dbRoles","Count":15,"LastSeen":"2026-02-09T16:41:37.2573110-06:00"},"args":{"Name":"args","Count":0,"LastSeen":"2026-02-09T16:41:37.2571850-06:00"},"systemUsers":{"Name":"systemUsers","Count":2,"LastSeen":"2026-02-09T16:41:37.3305267-06:00"},"fileInfo":{"Name":"fileInfo","Count":2,"LastSeen":"2026-02-09T16:41:37.2573721-06:00"},"configRoles":{"Name":"configRoles","Count":6,"LastSeen":"2026-02-09T16:41:37.2572594-06:00"},"ModulePathEnv":{"Name":"ModulePathEnv","Count":19,"LastSeen":"2026-02-09T16:41:37.3301461-06:00"}}
	Logging: 2026-02-09T22:45:56.9281065Z	2026-02-09T16:45:56.9281065-06:00	Info	MetricsData	Track_HashTables	WebHost.ps1	ProcessLogQueue		Webhost	MainLoop	1	H4sIAAAAAAAACpWUXW+CMBSG/0uvdWkLBcqtXmyJLia47frIqjPhK7QsMcb/vmikHJjL2kteyNPTc57DmWyyD7XLVPut2nX92RVKk/RMXqFUJH30ckYWdVcZkjI6IyvQJlOqIinhlEdzyudUblmUhiIV0ZPkcSgZndMopZRcZqSBVlVmAQadMWQWLVzInEsxkPVJv2nVIm6fWGrgQo1jiurNwahD3Z4Q1kaWG//LTQRPJAsGbnlr5hIMIDIK/WpmIogGNjTNBNwnlipdKo6ZiFF/u914bPfAMrlLpUIKPmVOG4xTvz5EMUNGIHcfG43ooZPKQiI1oGleqn09bvMt8WxzzJEYazD512gF+2TYOyclGFZiky3VHrrCbKCFUhnVvkPRTTb9j0/suU7rHgScDeeu6sPzUZvxfFHoxY4kTyS+07tq9bGutrAr1Ogmoxce07jOmGGFSqiOe6Wx9jYa5uHkJo3Ebzf1tcwH/9t77me/4Lj0fLSs1yfP/xUXaJA5GCjqw5h4Szy0vFJFEvbUyw9beiaWfAYAAA==
	Logging: 2026-02-09T22:45:56.9301169Z	2026-02-09T16:45:56.9301169-06:00	Info	MetricsData	Track_HashTables	WebHost.ps1	ProcessLogQueue		Webhost	MainLoop	1	{"prefixesToTry":{"Name":"prefixesToTry","Count":2,"LastSeen":"2026-02-09T16:45:56.9295248-06:00"},"dbRoles":{"Name":"dbRoles","Count":15,"LastSeen":"2026-02-09T16:45:56.9291974-06:00"},"args":{"Name":"args","Count":0,"LastSeen":"2026-02-09T16:45:56.9290550-06:00"},"systemUsers":{"Name":"systemUsers","Count":2,"LastSeen":"2026-02-09T16:45:56.9297422-06:00"},"fileInfo":{"Name":"fileInfo","Count":2,"LastSeen":"2026-02-09T16:45:56.9292627-06:00"},"configRoles":{"Name":"configRoles","Count":6,"LastSeen":"2026-02-09T16:45:56.9291322-06:00"},"ModulePathEnv":{"Name":"ModulePathEnv","Count":19,"LastSeen":"2026-02-09T16:45:56.9294477-06:00"}}
	Logging: 2026-02-09T22:46:28.8709249Z	2026-02-09T16:46:28.8709249-06:00	Info	MetricsData	Track_HashTables	WebHost.ps1	ProcessLogQueue		Webhost	MainLoop	1	H4sIAAAAAAAACpWUzW7CMBCE38VnqBzH8U+ucGglqJCg9LykhiKFBMVOJYR49woKzppSNT5mHH27np31kczm72Y1N82Xaab1R1saS/IjeYWdIfmjwwEZ1W3lSJ7QAZmAdXNjKpITRpkYUjakepGInIucqSclKedUD6nIKSWnAdlDYyo3AodqdJpHZ33IlIu0I9uDfbOmQdyb4qlpH6pIBOq3AGc2dXNAWC95rvyfKzRXCnF3FzPH4ACRkRjTs9BaZknHhv3+DnxTPFX3oaaMCuRvuwrHdhU8k/VxN+PiF/PeYKzGzS6TGiUCZfdxohGd98GnOg1tfqnWdWjzRYm0WUpkyRRc8Rms4E3p9q5XJFKlsBVjs4a2dDNoYGecaZZQtneb/scvvm6vdU9YKru6k3rzvLUunC8SY9hCq4RzfKelaey2rhawKk1wk+AgZhqSMsYYWlOotmtjcey91M2j144qrdCYZz8ptOc2H7y3Vz0u/VymKP1FsKznr8j3iilkRAEOynoTEi9KXCx5pnyPp28JZrMpfAYAAA==
	Logging: 2026-02-09T22:46:28.8726931Z	2026-02-09T16:46:28.8726931-06:00	Info	MetricsData	Track_HashTables	WebHost.ps1	ProcessLogQueue		Webhost	MainLoop	1	{"prefixesToTry":{"Name":"prefixesToTry","Count":2,"LastSeen":"2026-02-09T16:46:28.8722409-06:00"},"dbRoles":{"Name":"dbRoles","Count":15,"LastSeen":"2026-02-09T16:46:28.8719324-06:00"},"args":{"Name":"args","Count":0,"LastSeen":"2026-02-09T16:46:28.8718013-06:00"},"systemUsers":{"Name":"systemUsers","Count":2,"LastSeen":"2026-02-09T16:46:28.8723978-06:00"},"fileInfo":{"Name":"fileInfo","Count":2,"LastSeen":"2026-02-09T16:46:28.8719933-06:00"},"configRoles":{"Name":"configRoles","Count":6,"LastSeen":"2026-02-09T16:46:28.8718817-06:00"},"ModulePathEnv":{"Name":"ModulePathEnv","Count":19,"LastSeen":"2026-02-09T16:46:28.8721679-06:00"}}
	Logging: 2026-02-09T22:47:59.6014346Z	2026-02-09T16:47:59.6014346-06:00	Info	MetricsData	Track_HashTables	WebHost.ps1	ProcessLogQueue		Webhost	MainLoop	1	{"prefixesToTry":{"Name":"prefixesToTry","Count":2,"LastSeen":"2026-02-09T16:47:59.6009688-06:00"},"dbRoles":{"Name":"dbRoles","Count":15,"LastSeen":"2026-02-09T16:47:59.6006532-06:00"},"args":{"Name":"args","Count":0,"LastSeen":"2026-02-09T16:47:59.6005299-06:00"},"systemUsers":{"Name":"systemUsers","Count":2,"LastSeen":"2026-02-09T16:47:59.6011258-06:00"},"fileInfo":{"Name":"fileInfo","Count":2,"LastSeen":"2026-02-09T16:47:59.6007145-06:00"},"configRoles":{"Name":"configRoles","Count":6,"LastSeen":"2026-02-09T16:47:59.6006007-06:00"},"ModulePathEnv":{"Name":"ModulePathEnv","Count":19,"LastSeen":"2026-02-09T16:47:59.6008950-06:00"}}
	Logging: 2026-02-09T22:48:45.9106910Z	2026-02-09T16:48:45.9106910-06:00	Info	MetricsData	Track_HashTables	WebHost.ps1	ProcessLogQueue		Webhost	MainLoop	1	H4sIAAAAAAAACpWUzW7CMBCE38VnqNZOYuJc4dBKUCFB6XlJDUUKCYqdSgjx7hV/9iaianzMJPrWmZ3xic0Xn3q90PWPrmfVV1Now7ITe8e9ZtmzlwM2rprSsozDgE3R2IXWJcuYACGHIIagllxmcZrFyYviwGWSDEFmAOw8YAesdWnHaMkMrzl08j8ZlJJCeLI5mg+ja8J9KI4a9TlvJEfgqTlava3qI8E6yXFHfU4rIhl77v5q5gQtEjIRQ84MKlXxyLPxcOiAH4qjqh7UVCkeEX+bdXttd8ExRR93hYxJGm6IrsFUDdwdKOIxye7zRBN63CvKUcfmt3JTtW2+KkE2K0iE8tQZ2vy7VcGH4nvXKxJJKqkVE73BprBzrHGvra5XWDSdpv/xiZvbq+4gRtzPnVbb152x7f0SMYQNSqqUVHO+WOna7KpyietCt/6k9SJkGxxAAZmxx3K30YbG3kl+H/06yhMSnvktheZyzCf37V0PSz9XCQlS3irr5SnsvuIgyCJztFhU2zbxqoTFkkeRa+j5F29Nr4p8BgAA
	Logging: 2026-02-09T22:48:45.9125000Z	2026-02-09T16:48:45.9125000-06:00	Info	MetricsData	Track_HashTables	WebHost.ps1	ProcessLogQueue		Webhost	MainLoop	1	{"prefixesToTry":{"Name":"prefixesToTry","Count":2,"LastSeen":"2026-02-09T16:48:45.9120503-06:00"},"dbRoles":{"Name":"dbRoles","Count":15,"LastSeen":"2026-02-09T16:48:45.9116841-06:00"},"args":{"Name":"args","Count":0,"LastSeen":"2026-02-09T16:48:45.9115627-06:00"},"systemUsers":{"Name":"systemUsers","Count":2,"LastSeen":"2026-02-09T16:48:45.9122062-06:00"},"fileInfo":{"Name":"fileInfo","Count":2,"LastSeen":"2026-02-09T16:48:45.9117578-06:00"},"configRoles":{"Name":"configRoles","Count":6,"LastSeen":"2026-02-09T16:48:45.9116330-06:00"},"ModulePathEnv":{"Name":"ModulePathEnv","Count":19,"LastSeen":"2026-02-09T16:48:45.9119697-06:00"}}
	Logging: 2026-02-09T22:51:48.9695593Z	2026-02-09T16:51:48.9695593-06:00	Verbose	EventViewer	Event\ log\ request:\ 438\ events\ returned	apps\WebhostRealtimeEvents\routes\api\v1\logs\get.ps1	get.ps1		6ec71a85-fb79-4ebc-aa1d-587c7f8b403c		1	{"ResultCount":438,"Filters":{"categories":null,"userID":null,"severities":null,"source":null,"activityName":null,"filter":null,"runspaceID":null,"sessionID":null},"TimeRange":15}
	Logging: 2026-02-09T22:51:48.9720245Z	2026-02-09T16:51:48.9720245-06:00	Info	MetricsData	Track_HashTables	WebHost.ps1	ProcessLogQueue		Webhost	MainLoop	1	H4sIAAAAAAAACpWU0W7CIBSG34VrXaBQKL3Viy3RxUTnro8OnUltm0KXGOO7Lxqlp51L4LIfzQec8x/OZLH8NJulaX5MM6++2sJYkp/JOxwNyZ8tjsikaktHckZHZAbWLY0pSU4SmsgxTcZUr5jMU5aL7EUrJpSgYypzSsllRGpoTOkm4NAeHfPqNMSccKk7sz3ZD2sa5H0Qb+UhVim56qxbcGZfNSek9ch7VYCXSsVQHY63Yk7BATIjGHdmyrTs3FDXA/GDeKsOOXFKFbLadtNv2x14ZxJy0lQpNnQOC4xpZO8SITo7yu7zRCO7CIqy4EgPdf1W7qp+mW8kssypRoGbg9t+90bwQbq5C7HqjKPmLZZTs4O2cAto4GicadZQtINJ/+cXv2/QuHNOUY1m1f71YF2/vwhGuWmW8RTfaW0ae6jKFWwK07tJbyGqG4xrlaExhfKwMxbH3qOuHyHZpFpI/ieb9nrMJ+/tncelP6UC7bDtDev1K/K9YleGbFBU+77xRuJiKQX1Yb/8Amwronx8BgAA
	Logging: 2026-02-09T22:51:48.9739371Z	2026-02-09T16:51:48.9739371-06:00	Info	MetricsData	Track_HashTables	WebHost.ps1	ProcessLogQueue		Webhost	MainLoop	1	{"prefixesToTry":{"Name":"prefixesToTry","Count":2,"LastSeen":"2026-02-09T16:51:48.9733346-06:00"},"dbRoles":{"Name":"dbRoles","Count":15,"LastSeen":"2026-02-09T16:51:48.9730290-06:00"},"args":{"Name":"args","Count":0,"LastSeen":"2026-02-09T16:51:48.9729004-06:00"},"systemUsers":{"Name":"systemUsers","Count":2,"LastSeen":"2026-02-09T16:51:48.9735224-06:00"},"fileInfo":{"Name":"fileInfo","Count":2,"LastSeen":"2026-02-09T16:51:48.9730898-06:00"},"configRoles":{"Name":"configRoles","Count":6,"LastSeen":"2026-02-09T16:51:48.9729792-06:00"},"ModulePathEnv":{"Name":"ModulePathEnv","Count":19,"LastSeen":"2026-02-09T16:51:48.9732621-06:00"}}
	Logging: 2026-02-09T22:52:19.3833558Z	2026-02-09T16:52:19.3833558-06:00	Verbose	EventViewer	Event\ log\ request:\ 436\ events\ returned	apps\WebhostRealtimeEvents\routes\api\v1\logs\get.ps1	get.ps1		6ec71a85-fb79-4ebc-aa1d-587c7f8b403c		1	{"ResultCount":436,"Filters":{"categories":null,"userID":null,"severities":null,"source":null,"activityName":null,"filter":null,"runspaceID":null,"sessionID":null},"TimeRange":15}
	Logging: 2026-02-09T22:52:19.3859161Z	2026-02-09T16:52:19.3859161-06:00	Info	MetricsData	Track_HashTables	WebHost.ps1	ProcessLogQueue		Webhost	MainLoop	1	H4sIAAAAAAAACpWUy27CMBBF/8VrqPwmyRYWrQQVEpSuB2ooUl6KnUoI8e8VCJJxSiV7mevoeHznzpzJcvVptivT/JhmUX21ubEkO5N3KAzJnh2OyLRqS0cyRkdkDtatjClJRjjlekz5mKZrpjPFM5a+iEQJptMx1Rml5DIiNTSmdFNw6I5e69AqhMyYQGR7sh/WNIj7UDqqCKHKlKmeugNnDlVzQthO6riTAK5UQsieW9zMnIEDREZiXM1Uct6zoa4H4IfSUdOQioVkAvnbbv223YWOyYPc5ZQOmUODsRrZOyUQHWX3eaIRXYbgeTJBLYS6fiv3lW/zTYm0OVUocAtwu29vBB9KP3dBkaBaYytmZg9t7pbQQGGcaTaQt4NJ/+eX7t6gcWeJRB7Nq8Pr0Tq/v0iMYsskUd6bNqaxx6pcwzY33ku8g6huKC4lWioFlMe9sTj2ndT3IySbMtU6+ZNNey3zyb6963HpF1Ih63fesF6/4vaV1Jp5NMirg0+8KVGxlIr2m+ryC0uKmXx8BgAA
	Logging: 2026-02-09T22:52:19.3881417Z	2026-02-09T16:52:19.3881417-06:00	Info	MetricsData	Track_HashTables	WebHost.ps1	ProcessLogQueue		Webhost	MainLoop	1	{"prefixesToTry":{"Name":"prefixesToTry","Count":2,"LastSeen":"2026-02-09T16:52:19.3872992-06:00"},"dbRoles":{"Name":"dbRoles","Count":15,"LastSeen":"2026-02-09T16:52:19.3869778-06:00"},"args":{"Name":"args","Count":0,"LastSeen":"2026-02-09T16:52:19.3868428-06:00"},"systemUsers":{"Name":"systemUsers","Count":2,"LastSeen":"2026-02-09T16:52:19.3874650-06:00"},"fileInfo":{"Name":"fileInfo","Count":2,"LastSeen":"2026-02-09T16:52:19.3870450-06:00"},"configRoles":{"Name":"configRoles","Count":6,"LastSeen":"2026-02-09T16:52:19.3869239-06:00"},"ModulePathEnv":{"Name":"ModulePathEnv","Count":19,"LastSeen":"2026-02-09T16:52:19.3872232-06:00"}}
	Logging: 2026-02-09T22:52:49.8099769Z	2026-02-09T16:52:49.8099769-06:00	Verbose	EventViewer	Event\ log\ request:\ 442\ events\ returned	apps\WebhostRealtimeEvents\routes\api\v1\logs\get.ps1	get.ps1		6ec71a85-fb79-4ebc-aa1d-587c7f8b403c		1	{"ResultCount":442,"Filters":{"categories":null,"userID":null,"severities":null,"source":null,"activityName":null,"filter":null,"runspaceID":null,"sessionID":null},"TimeRange":15}
	Logging: 2026-02-09T22:52:49.8122978Z	2026-02-09T16:52:49.8122978-06:00	Info	MetricsData	Track_HashTables	WebHost.ps1	ProcessLogQueue		Webhost	MainLoop	1	H4sIAAAAAAAACpWUy27CMBBF/8VrqPzIy9nCopWgQgql6yE1FCkPFDuVEOLfKxA445RK9jLX0fH4zp05k1XxqbaF6n5Ut2y/+kppkp/JO9SK5M8OJ2TW9o0hOaMTsgBtCqUakhNOeTKlfErlmiV5zPNIvmSMZRFnU5rklJLLhByhU42ZgUF3DJpFxz7kWIp0IOuT/tCqQ9yHYqnCg8opZ3SglmDUvu1OCGsly019qmWxSAZufTNzDgYQGYlBNbOYCzmw4XgcgR+KpUoPKpUZQ1Tdb9223QXL5D6VyigTY+bYYKyG+SAzhjxG2X2eaESPvKJMZeTY/NbsWtfmmxJkM6NC8oG6BFN+OyP4UIa586FGWYqGY1XM1Q76yqygg1oZ1W2g6keT/s8v9l6vcU9iie5dtPvXgzZuf5EYxhZp4rR3ozp9aJs1bCvlvMQ5COtGKjLUjRqaw05pHHsrDf3wymYUpfGfbOprmU/27V0PS3+WClR66Qzr9StsX1FJ0d4uwUDV7l3iTQmLJePcunD5BeP3z2p8BgAA
	Logging: 2026-02-09T22:52:49.8141438Z	2026-02-09T16:52:49.8141438-06:00	Info	MetricsData	Track_HashTables	WebHost.ps1	ProcessLogQueue		Webhost	MainLoop	1	{"prefixesToTry":{"Name":"prefixesToTry","Count":2,"LastSeen":"2026-02-09T16:52:49.8136948-06:00"},"dbRoles":{"Name":"dbRoles","Count":15,"LastSeen":"2026-02-09T16:52:49.8133700-06:00"},"args":{"Name":"args","Count":0,"LastSeen":"2026-02-09T16:52:49.8132360-06:00"},"systemUsers":{"Name":"systemUsers","Count":2,"LastSeen":"2026-02-09T16:52:49.8138554-06:00"},"fileInfo":{"Name":"fileInfo","Count":2,"LastSeen":"2026-02-09T16:52:49.8134340-06:00"},"configRoles":{"Name":"configRoles","Count":6,"LastSeen":"2026-02-09T16:52:49.8133155-06:00"},"ModulePathEnv":{"Name":"ModulePathEnv","Count":19,"LastSeen":"2026-02-09T16:52:49.8136188-06:00"}}
	Logging: 2026-02-09T22:53:20.6868611Z	2026-02-09T16:53:20.6868611-06:00	Info	MetricsData	Track_HashTables	WebHost.ps1	ProcessLogQueue		Webhost	MainLoop	1	{"prefixesToTry":{"Name":"prefixesToTry","Count":2,"LastSeen":"2026-02-09T16:53:20.6863858-06:00"},"dbRoles":{"Name":"dbRoles","Count":15,"LastSeen":"2026-02-09T16:53:20.6860109-06:00"},"ModulePathEnv":{"Name":"ModulePathEnv","Count":19,"LastSeen":"2026-02-09T16:53:20.6863068-06:00"},"args":{"Name":"args","Count":0,"LastSeen":"2026-02-09T16:53:20.6858634-06:00"},"systemUsers":{"Name":"systemUsers","Count":2,"LastSeen":"2026-02-09T16:53:20.6866055-06:00"},"fileInfo":{"Name":"fileInfo","Count":2,"LastSeen":"2026-02-09T16:53:20.6860765-06:00"},"logEntries":{"Name":"logEntries","Count":3,"LastSeen":"2026-02-09T16:53:20.6862007-06:00"},"configRoles":{"Name":"configRoles","Count":6,"LastSeen":"2026-02-09T16:53:20.6859410-06:00"}}
	Logging: 2026-02-09T22:53:51.5732685Z	2026-02-09T16:53:51.5732685-06:00	Info	MetricsData	Track_HashTables	WebHost.ps1	ProcessLogQueue		Webhost	MainLoop	1	{"prefixesToTry":{"Name":"prefixesToTry","Count":2,"LastSeen":"2026-02-09T16:53:51.5727430-06:00"},"dbRoles":{"Name":"dbRoles","Count":15,"LastSeen":"2026-02-09T16:53:51.5724218-06:00"},"args":{"Name":"args","Count":0,"LastSeen":"2026-02-09T16:53:51.5722859-06:00"},"systemUsers":{"Name":"systemUsers","Count":2,"LastSeen":"2026-02-09T16:53:51.5729547-06:00"},"fileInfo":{"Name":"fileInfo","Count":2,"LastSeen":"2026-02-09T16:53:51.5724828-06:00"},"configRoles":{"Name":"configRoles","Count":6,"LastSeen":"2026-02-09T16:53:51.5723656-06:00"},"ModulePathEnv":{"Name":"ModulePathEnv","Count":19,"LastSeen":"2026-02-09T16:53:51.5726603-06:00"}}
	Logging: 2026-02-09T22:54:36.9294510Z	2026-02-09T16:54:36.9294510-06:00	Info	MetricsData	Track_HashTables	WebHost.ps1	ProcessLogQueue		Webhost	MainLoop	1	{"prefixesToTry":{"Name":"prefixesToTry","Count":2,"LastSeen":"2026-02-09T16:54:36.8538138-06:00"},"dbRoles":{"Name":"dbRoles","Count":15,"LastSeen":"2026-02-09T16:54:36.8535121-06:00"},"args":{"Name":"args","Count":0,"LastSeen":"2026-02-09T16:54:36.8533765-06:00"},"systemUsers":{"Name":"systemUsers","Count":2,"LastSeen":"2026-02-09T16:54:36.9286409-06:00"},"fileInfo":{"Name":"fileInfo","Count":2,"LastSeen":"2026-02-09T16:54:36.8535734-06:00"},"configRoles":{"Name":"configRoles","Count":6,"LastSeen":"2026-02-09T16:54:36.8534608-06:00"},"ModulePathEnv":{"Name":"ModulePathEnv","Count":19,"LastSeen":"2026-02-09T16:54:36.8537422-06:00"}}
	Logging: 2026-02-09T22:56:09.0525618Z	2026-02-09T16:56:09.0525618-06:00	Info	MetricsData	Track_HashTables	WebHost.ps1	ProcessLogQueue		Webhost	MainLoop	1	{"prefixesToTry":{"Name":"prefixesToTry","Count":2,"LastSeen":"2026-02-09T16:56:08.9716351-06:00"},"dbRoles":{"Name":"dbRoles","Count":15,"LastSeen":"2026-02-09T16:56:08.9712702-06:00"},"args":{"Name":"args","Count":0,"LastSeen":"2026-02-09T16:56:08.9710277-06:00"},"systemUsers":{"Name":"systemUsers","Count":2,"LastSeen":"2026-02-09T16:56:08.9717924-06:00"},"fileInfo":{"Name":"fileInfo","Count":2,"LastSeen":"2026-02-09T16:56:08.9713674-06:00"},"configRoles":{"Name":"configRoles","Count":6,"LastSeen":"2026-02-09T16:56:08.9711073-06:00"},"ModulePathEnv":{"Name":"ModulePathEnv","Count":19,"LastSeen":"2026-02-09T16:56:08.9715589-06:00"}}
	Logging: 2026-02-09T22:56:55.8189988Z	2026-02-09T16:56:55.8189988-06:00	Info	MetricsData	Track_HashTables	WebHost.ps1	ProcessLogQueue		Webhost	MainLoop	1	{"prefixesToTry":{"Name":"prefixesToTry","Count":2,"LastSeen":"2026-02-09T16:56:55.8184320-06:00"},"dbRoles":{"Name":"dbRoles","Count":15,"LastSeen":"2026-02-09T16:56:55.8180908-06:00"},"args":{"Name":"args","Count":0,"LastSeen":"2026-02-09T16:56:55.7394768-06:00"},"systemUsers":{"Name":"systemUsers","Count":2,"LastSeen":"2026-02-09T16:56:55.8187306-06:00"},"fileInfo":{"Name":"fileInfo","Count":2,"LastSeen":"2026-02-09T16:56:55.8181658-06:00"},"configRoles":{"Name":"configRoles","Count":6,"LastSeen":"2026-02-09T16:56:55.8179710-06:00"},"ModulePathEnv":{"Name":"ModulePathEnv","Count":19,"LastSeen":"2026-02-09T16:56:55.8183543-06:00"}}
	Logging: 2026-02-09T22:57:26.3436137Z	2026-02-09T16:57:26.3436137-06:00	Info	MetricsData	Track_HashTables	WebHost.ps1	ProcessLogQueue		Webhost	MainLoop	1	H4sIAAAAAAAACpWUy27CMBBF/8VrqPzCeWxh0UpQRQql64EaipQHip1KCPHvVWlxxhGV7O11dGZy585cSFG+622puy/drdqPvtKG5BfyCrUm+aPHCZm3fWNJzuiELMHYUuuG5IRTrqaUT2m2ZiqfJTlXT0IKJpNsSlVOKblOyAk63dg5WFRj0Bx6FkDmmWR8IJuzeTO6Q9y74qgipF+R8tlA3YHVh7Y7I6yTHDcJ6VYqmQ7c+mbmAiwgMhKjeuapSpHHcDqNwHfFUbMQKs+yBPnbb/2x/QmOyYPcpakYM8cGYzVydlIgH1B2Hyca0WVQlJnybX5p9q1v802Js1nMKLJkBXb36a3gXRn2LigSDMetKBd6D31lC+ig1lZ3G6j60ab/84mrG7TulCao7rI9PB+N9eeLxCg2V0qg1SzKje7MsW3WsK209yfeQ9Q0BE04mkYNzXGvDY69k4Z5BO1owinapuI3heanzQf39k+PSz/LGPMul3+0Yu8VxbHcgYWqPfjEmxIXSymkc+H6DQTFjLx8BgAA
	Logging: 2026-02-09T22:57:26.3970263Z	2026-02-09T16:57:26.3970263-06:00	Info	MetricsData	Track_HashTables	WebHost.ps1	ProcessLogQueue		Webhost	MainLoop	1	{"prefixesToTry":{"Name":"prefixesToTry","Count":2,"LastSeen":"2026-02-09T16:57:26.3965666-06:00"},"dbRoles":{"Name":"dbRoles","Count":15,"LastSeen":"2026-02-09T16:57:26.3960924-06:00"},"args":{"Name":"args","Count":0,"LastSeen":"2026-02-09T16:57:26.3959417-06:00"},"systemUsers":{"Name":"systemUsers","Count":2,"LastSeen":"2026-02-09T16:57:26.3967352-06:00"},"fileInfo":{"Name":"fileInfo","Count":2,"LastSeen":"2026-02-09T16:57:26.3961607-06:00"},"configRoles":{"Name":"configRoles","Count":6,"LastSeen":"2026-02-09T16:57:26.3960334-06:00"},"ModulePathEnv":{"Name":"ModulePathEnv","Count":19,"LastSeen":"2026-02-09T16:57:26.3964642-06:00"}}
	Logging: 2026-02-09T22:57:41.4079901Z	2026-02-09T16:57:41.4079901-06:00	Info	MetricsData	Track_HashTables	WebHost.ps1	ProcessLogQueue		Webhost	MainLoop	1	{"prefixesToTry":{"Name":"prefixesToTry","Count":2,"LastSeen":"2026-02-09T16:57:41.4073794-06:00"},"dbRoles":{"Name":"dbRoles","Count":15,"LastSeen":"2026-02-09T16:57:41.3558676-06:00"},"ModulePathEnv":{"Name":"ModulePathEnv","Count":19,"LastSeen":"2026-02-09T16:57:41.3561341-06:00"},"args":{"Name":"args","Count":0,"LastSeen":"2026-02-09T16:57:41.3557335-06:00"},"systemUsers":{"Name":"systemUsers","Count":2,"LastSeen":"2026-02-09T16:57:41.4076121-06:00"},"fileInfo":{"Name":"fileInfo","Count":2,"LastSeen":"2026-02-09T16:57:41.3559298-06:00"},"logEntries":{"Name":"logEntries","Count":2,"LastSeen":"2026-02-09T16:57:41.3560471-06:00"},"configRoles":{"Name":"configRoles","Count":6,"LastSeen":"2026-02-09T16:57:41.3558152-06:00"}}
	Logging: 2026-02-09T22:58:11.5456735Z	2026-02-09T16:58:11.5456735-06:00	Info	MetricsData	Track_HashTables	WebHost.ps1	ProcessLogQueue		Webhost	MainLoop	1	{"prefixesToTry":{"Name":"prefixesToTry","Count":2,"LastSeen":"2026-02-09T16:58:11.5450867-06:00"},"dbRoles":{"Name":"dbRoles","Count":15,"LastSeen":"2026-02-09T16:58:11.5447061-06:00"},"args":{"Name":"args","Count":0,"LastSeen":"2026-02-09T16:58:11.4931180-06:00"},"systemUsers":{"Name":"systemUsers","Count":2,"LastSeen":"2026-02-09T16:58:11.5452621-06:00"},"fileInfo":{"Name":"fileInfo","Count":2,"LastSeen":"2026-02-09T16:58:11.5447863-06:00"},"configRoles":{"Name":"configRoles","Count":6,"LastSeen":"2026-02-09T16:58:11.5445264-06:00"},"ModulePathEnv":{"Name":"ModulePathEnv","Count":19,"LastSeen":"2026-02-09T16:58:11.5450004-06:00"}}
	Logging: 2026-02-09T22:58:56.6104048Z	2026-02-09T16:58:56.6104048-06:00	Info	MetricsData	Track_HashTables	WebHost.ps1	ProcessLogQueue		Webhost	MainLoop	1	{"prefixesToTry":{"Name":"prefixesToTry","Count":2,"LastSeen":"2026-02-09T16:58:56.6098762-06:00"},"dbRoles":{"Name":"dbRoles","Count":15,"LastSeen":"2026-02-09T16:58:56.6093797-06:00"},"args":{"Name":"args","Count":0,"LastSeen":"2026-02-09T16:58:56.6090467-06:00"},"systemUsers":{"Name":"systemUsers","Count":2,"LastSeen":"2026-02-09T16:58:56.6100441-06:00"},"fileInfo":{"Name":"fileInfo","Count":2,"LastSeen":"2026-02-09T16:58:56.6094863-06:00"},"configRoles":{"Name":"configRoles","Count":6,"LastSeen":"2026-02-09T16:58:56.6092482-06:00"},"ModulePathEnv":{"Name":"ModulePathEnv","Count":19,"LastSeen":"2026-02-09T16:58:56.6097764-06:00"}}
	Logging: 2026-02-09T22:59:41.9146518Z	2026-02-09T16:59:41.9146518-06:00	Info	MetricsData	Track_HashTables	WebHost.ps1	ProcessLogQueue		Webhost	MainLoop	1	H4sIAAAAAAAACpWUzW7CMBCE38VnqOw4cZxc4dBKUCFB6dnQhSLlB9lOJYR49yoUnHVERXzMOPq8np3dM1ksP2GzBP0Del5/NQUYkp/JuyqB5I8OR2RSN5UlOaMjMlPGLgEqkpOIRmJMozHNVkzkSZbH7CVjMWWJHFORU0ouI3JUGio7URbd0WkOnQwg8zQTSUc2J/NhQCPuXXFUPqTeiDPeUbfKwr7WJ4R1kuOmT7lS8Ji22p1bXs2cKqsQGYlBNfOUcuSxOh574LviqNmQiiNOEdU0G79tN8ExoyHuMi7SPrNvMFbDesdkghKBsvs40YgeD7E5kz2b36pd7dt8VQJtlhwFbq7s9tsbwbvSzd2QWhOaUGzFFHaqKexCaVWCBb1WRdOb9H9+cfcOGXcuU4peM6v3rwdj/f4iMYAtBRcx89q7Bm0OdbVSmwK8l3gHAd1oe8xTdEepqsMODI69k7p+PM+mFDxl2JjFXwpNW+aDfXvTw9JPY1z61hvW9itsX3Eu/D2oinrvE69KQCxbqshcLC+/tS6GPHwGAAA=
	Logging: 2026-02-09T22:59:41.9167425Z	2026-02-09T16:59:41.9167425-06:00	Info	MetricsData	Track_HashTables	WebHost.ps1	ProcessLogQueue		Webhost	MainLoop	1	{"prefixesToTry":{"Name":"prefixesToTry","Count":2,"LastSeen":"2026-02-09T16:59:41.9160824-06:00"},"dbRoles":{"Name":"dbRoles","Count":15,"LastSeen":"2026-02-09T16:59:41.9157513-06:00"},"args":{"Name":"args","Count":0,"LastSeen":"2026-02-09T16:59:41.9156068-06:00"},"systemUsers":{"Name":"systemUsers","Count":2,"LastSeen":"2026-02-09T16:59:41.9163623-06:00"},"fileInfo":{"Name":"fileInfo","Count":2,"LastSeen":"2026-02-09T16:59:41.9158161-06:00"},"configRoles":{"Name":"configRoles","Count":6,"LastSeen":"2026-02-09T16:59:41.9156869-06:00"},"ModulePathEnv":{"Name":"ModulePathEnv","Count":19,"LastSeen":"2026-02-09T16:59:41.9160050-06:00"}}
	Logging: 2026-02-09T23:00:42.4001859Z	2026-02-09T17:00:42.4001859-06:00	Verbose	EventViewer	Event\ log\ request:\ 451\ events\ returned	apps\WebhostRealtimeEvents\routes\api\v1\logs\get.ps1	get.ps1		6ec71a85-fb79-4ebc-aa1d-587c7f8b403c		1	{"ResultCount":451,"Filters":{"categories":null,"userID":null,"severities":null,"source":null,"activityName":null,"filter":null,"runspaceID":null,"sessionID":null},"TimeRange":15}
	Logging: 2026-02-09T23:00:42.4783443Z	2026-02-09T17:00:42.4783443-06:00	Debug	GlobalCache	Updated\ cache:\ 3\ jobs,\ 0\ runspaces,\ 0\ tasks\ \(0\.2061ms\)	WebHost.ps1::Update-GlobalCache	Update-GlobalCache				1	
	Logging: 2026-02-09T23:00:42.4807596Z	2026-02-09T17:00:42.4807596-06:00	Info	MetricsData	Track_HashTables	WebHost.ps1	ProcessLogQueue		Webhost	MainLoop	1	H4sIAAAAAAAACpWUUW+CMBSF/0ufdWlLoZRXfdgSXUxw7vnKqjNBIG1ZYoz/fdEp3DqX0UcO5OP23HN6JIv8Xa9zbb60mdcfbaktyY7kFfaaZI9ejsikbitHMkZHZAbW5VpXJCOc8mRM+ZiqJZMZpZngTyKlNFHJmCYZpeQ0Ig0YXbkJOPSPXuvQ8f9kqVKeyp5sD/bNaoO4N6WjRkPm5YKieQtwelubA8J2UseVQ6YVHnd/MXMKDhAZiSEzSyUTHvdsaJo78E3pqGoIlQtGkb/t2l/bVeiYfIi7TGIXfhD3BmM1cHeUo4lRdh8nGtHFoChHCQocNM1Ltal9my9KmM0Rj0VPnYMrPr0K3pS+d4MiwSWadZFP9Qba0i3AwF47bVZQtndN/+OT7r8D6i5Vqhg6zazePu+s8/eLxDB2EglvvStt7K6ulrAutXcS70XYNlTMFKopVLuNtjj2ndTvY1BHE8XSX9m05zEf3LdXPSz9VCl0CxReWc9PYfdVJBUyogAHZb31iRclLJaC9f0/fQOMiCErfAYAAA==
	Logging: 2026-02-09T23:00:42.4826359Z	2026-02-09T17:00:42.4826359-06:00	Info	MetricsData	Track_HashTables	WebHost.ps1	ProcessLogQueue		Webhost	MainLoop	1	{"prefixesToTry":{"Name":"prefixesToTry","Count":2,"LastSeen":"2026-02-09T17:00:42.4821293-06:00"},"dbRoles":{"Name":"dbRoles","Count":15,"LastSeen":"2026-02-09T17:00:42.4818209-06:00"},"args":{"Name":"args","Count":0,"LastSeen":"2026-02-09T17:00:42.4816958-06:00"},"systemUsers":{"Name":"systemUsers","Count":2,"LastSeen":"2026-02-09T17:00:42.4822822-06:00"},"fileInfo":{"Name":"fileInfo","Count":2,"LastSeen":"2026-02-09T17:00:42.4818817-06:00"},"configRoles":{"Name":"configRoles","Count":6,"LastSeen":"2026-02-09T17:00:42.4817703-06:00"},"ModulePathEnv":{"Name":"ModulePathEnv","Count":19,"LastSeen":"2026-02-09T17:00:42.4820563-06:00"}}
	Logging: 2026-02-09T23:00:57.4351687Z	2026-02-09T17:00:57.4351687-06:00	Verbose	EventViewer	Event\ log\ request:\ 454\ events\ returned	apps\WebhostRealtimeEvents\routes\api\v1\logs\get.ps1	get.ps1		6ec71a85-fb79-4ebc-aa1d-587c7f8b403c		1	{"ResultCount":454,"Filters":{"categories":null,"userID":null,"severities":null,"source":null,"activityName":null,"filter":null,"runspaceID":null,"sessionID":null},"TimeRange":15}
	Logging: 2026-02-09T23:00:57.5270697Z	2026-02-09T17:00:57.5270697-06:00	Info	MetricsData	Track_HashTables	WebHost.ps1	ProcessLogQueue		Webhost	MainLoop	1	H4sIAAAAAAAACpWUS2/CMBCE/4vPUDkPO3GucGglqCKF0vOSGoqUl2ynEkL89woKzjqiknPMJPq8mZ3xmeTFp9wVUv1ItW6/+kpqkp3JO9SSZM9ezsii7RtDsoDOyAq0KaRsSEZCGvI5DedUbIIkozRjyQsLOeMsnlOeUUouM9KBko1ZgEFnDJpFMx9yxHgykPVJf2ipEPehWGrkQ01iQQdqCUYeWnVCWCtZbuLBZSJO+cCtb2YuwQAiI3HazGHKkcfQdSPwQ7FU4TNxwiPsb79z13YXLDP0mZQnQTpmjg3G6sTdUZwIlN3niUb02CvKUYRWCF331uxb1+abMs3mNBBsoK7BlN9OBR/K0DuvSDAaYSuWcg99ZXJQUEsj1RaqftT0fz6x53rVPQ4jMZy7ag+vR23c/SJxGjtgAfI/L7ZS6WPbbGBXSedPnBeTtsHjNEX1r6E57qXGsbfSsA+/jgbYmPwvhfo65pP79q5PSz8TDAWpdMp6fZp2X6VcILNLMFC1B5d4UybFkgka2FhefgEOfbd1fAYAAA==
	Logging: 2026-02-09T23:00:57.5294182Z	2026-02-09T17:00:57.5294182-06:00	Info	MetricsData	Track_HashTables	WebHost.ps1	ProcessLogQueue		Webhost	MainLoop	1	{"prefixesToTry":{"Name":"prefixesToTry","Count":2,"LastSeen":"2026-02-09T17:00:57.5288932-06:00"},"dbRoles":{"Name":"dbRoles","Count":15,"LastSeen":"2026-02-09T17:00:57.5281056-06:00"},"ModulePathEnv":{"Name":"ModulePathEnv","Count":19,"LastSeen":"2026-02-09T17:00:57.5287969-06:00"},"args":{"Name":"args","Count":0,"LastSeen":"2026-02-09T17:00:57.5279706-06:00"},"systemUsers":{"Name":"systemUsers","Count":2,"LastSeen":"2026-02-09T17:00:57.5291346-06:00"},"fileInfo":{"Name":"fileInfo","Count":2,"LastSeen":"2026-02-09T17:00:57.5284838-06:00"},"logEntries":{"Name":"logEntries","Count":4,"LastSeen":"2026-02-09T17:00:57.5286397-06:00"},"configRoles":{"Name":"configRoles","Count":6,"LastSeen":"2026-02-09T17:00:57.5280517-06:00"}}
	Logging: 2026-02-09T23:01:14.2877096Z	2026-02-09T17:01:14.2877096-06:00	Info	MetricsData	Track_HashTables	WebHost.ps1	ProcessLogQueue		Webhost	MainLoop	1	H4sIAAAAAAAACpWUXWvCMBiF/0uudeSjbZLe6sUGOgp123V00Qm1lSQdiPjfh1/pG3GQXPa0PDk973tyRFX9pZe1Nr/azLvvvtEWlUf0rnYalc9ejtCk61uHSoJHaKasq7VuUYkopsUY0zGWC8JLTEqSvVDBMSN8jIsSY3Qaob0yunUT5cAZg+bReQS5yIXMBrI92A+rDeDeFU9lMX4zyvBAXSmnN505AKyXPJfHuKWYFAN3dwlzqpwCZCAmeS5ySkHGar9/AN8VT5UxVEyLHOTbL8Ox3QTPpDHpMoaB0yviMWCops2OCQwcg919vtGAnsUEIqUIY35r110Y80VJjJlzYHqu3OonqOBdGXoXQ82EEDCKqV6rvnGVMmqnnTafqukfmv7PJ/7cmLoXAktw7qzbvG6tC+cLxDQ2kxQUvqo/tbHbrl2oZaODPwlepE1DZgzWVLXbtbZw7b00zCOqo1nOwPJU1y20Z5tP7tubnrb9hOcgnlVQ1vNT2n1FKCcBTTXdJiRelLS1JDn3t+vpDwWLU6h8BgAA
	Logging: 2026-02-09T23:01:14.2894688Z	2026-02-09T17:01:14.2894688-06:00	Info	MetricsData	Track_HashTables	WebHost.ps1	ProcessLogQueue		Webhost	MainLoop	1	{"prefixesToTry":{"Name":"prefixesToTry","Count":2,"LastSeen":"2026-02-09T17:01:14.2890488-06:00"},"dbRoles":{"Name":"dbRoles","Count":15,"LastSeen":"2026-02-09T17:01:14.2887173-06:00"},"ModulePathEnv":{"Name":"ModulePathEnv","Count":19,"LastSeen":"2026-02-09T17:01:14.2889788-06:00"},"args":{"Name":"args","Count":0,"LastSeen":"2026-02-09T17:01:14.2885854-06:00"},"systemUsers":{"Name":"systemUsers","Count":2,"LastSeen":"2026-02-09T17:01:14.2891982-06:00"},"fileInfo":{"Name":"fileInfo","Count":2,"LastSeen":"2026-02-09T17:01:14.2887779-06:00"},"logEntries":{"Name":"logEntries","Count":3,"LastSeen":"2026-02-09T17:01:14.2888931-06:00"},"configRoles":{"Name":"configRoles","Count":6,"LastSeen":"2026-02-09T17:01:14.2886669-06:00"}}
	Logging: 2026-02-09T23:02:15.2537767Z	2026-02-09T17:02:15.2537767-06:00	Info	MetricsData	Track_HashTables	WebHost.ps1	ProcessLogQueue		Webhost	MainLoop	1	H4sIAAAAAAAACpWUT4vCMBDFv0vOuuRf06ZXPeyCLkJdPY9udIXaliZdEPG7L4qmE3EhPfal/DKZeW/OZFGszaYw7a9p5/V3VxpL8jP5hKMh+avDEZnUXeVIzuiIzMC6wpiK5IRTrsaUj6lesjSnPGfJG08EZyIbU5VTSi4j0kBrKjcBh+7oNY9OIshcp4nsyfZkv6xpEfeheKqIqVdKqnvqFpzZ1+0JYb3kuWlMtVIz1XOPt2ZOwQEiI3FQzVxTmvRsaJon8EPxVB1D5ZoJ1N9uE47tLngmj+muUDJ9Zj43GKsDZ0cpoiPvvnY0ossYPMsYsgY0zUe1q8M235RhbRZKoaLn4LY/QQQfSp+7GGomKbLbopiaHXSlW0ALR+NMu4Kye0r6P7/4e6PiTqVEppnV+/eDdeF8kTiIzZXWDL9pZVp7qKslbEoTvCQ4GDQNwcRV8zGF6rAzFtveS/08ojKaZioofn11ob2W+WLf3vVh7udKoC2wDcJ6/Rq4rzjO0hYclPU+JN6UYbaUSZ//yx+hkfbKfAYAAA==
	Logging: 2026-02-09T23:02:15.2559623Z	2026-02-09T17:02:15.2559623-06:00	Info	MetricsData	Track_HashTables	WebHost.ps1	ProcessLogQueue		Webhost	MainLoop	1	{"prefixesToTry":{"Name":"prefixesToTry","Count":2,"LastSeen":"2026-02-09T17:02:15.2554781-06:00"},"dbRoles":{"Name":"dbRoles","Count":15,"LastSeen":"2026-02-09T17:02:15.2551465-06:00"},"args":{"Name":"args","Count":0,"LastSeen":"2026-02-09T17:02:15.2550073-06:00"},"systemUsers":{"Name":"systemUsers","Count":2,"LastSeen":"2026-02-09T17:02:15.2556666-06:00"},"fileInfo":{"Name":"fileInfo","Count":2,"LastSeen":"2026-02-09T17:02:15.2552083-06:00"},"configRoles":{"Name":"configRoles","Count":6,"LastSeen":"2026-02-09T17:02:15.2550881-06:00"},"ModulePathEnv":{"Name":"ModulePathEnv","Count":19,"LastSeen":"2026-02-09T17:02:15.2554044-06:00"}}
	Logging: 2026-02-09T23:04:17.1331785Z	2026-02-09T17:04:17.1331785-06:00	Info	MetricsData	Track_HashTables	WebHost.ps1	ProcessLogQueue		Webhost	MainLoop	1	H4sIAAAAAAAACpWUX2vCMBTFv0uedeRP08a+6sMGOoQ693x10Qm1LU06EPG7D0XTm85B8tjT8svtuefkTJbFp94Uuv3R7aL+6kptSH4m73DUJH/2ckSmdVdZkjM6InMwttC6IjnhlKdjysd0smJZTpOcZS9M8FQKOaZpTim5jEgDra7sFCw6o9ccWoaQE8l4TzYn82F0i7gPxVFFCFVxpnrqFqze1+0JYZ3kuFkIlzKR9NzjzcwZWEBkJMbNLJRATkDTDMAPxVEnAVTGmML+dht/bXfBMXnIpJnkbMgcGozVOB8ylSA6yu7zRCN6EhRljvHQNG/VrvZtvimRNmcKBWMBdvvtVfCh9L0LikSiKLZipnfQlXYJLRy11e0aym7Q9H8+cecG1V2yFJ07r/evB2P9/SIxjs1Fiqq5LNa6NYe6WsGm1N6feC+itsGlogLVFKrDThsceyf1+wjrKJ2kf7JprmM+uW/velz6UyXQ6FuvrNenqPuKZZL79yCU9d4n3pSoWLKJpC7sl19fZ8nefAYAAA==
	Logging: 2026-02-09T23:04:17.1348812Z	2026-02-09T17:04:17.1348812-06:00	Info	MetricsData	Track_HashTables	WebHost.ps1	ProcessLogQueue		Webhost	MainLoop	1	{"prefixesToTry":{"Name":"prefixesToTry","Count":2,"LastSeen":"2026-02-09T17:04:17.1344444-06:00"},"dbRoles":{"Name":"dbRoles","Count":15,"LastSeen":"2026-02-09T17:04:17.1341314-06:00"},"args":{"Name":"args","Count":0,"LastSeen":"2026-02-09T17:04:17.1340116-06:00"},"systemUsers":{"Name":"systemUsers","Count":2,"LastSeen":"2026-02-09T17:04:17.1345959-06:00"},"fileInfo":{"Name":"fileInfo","Count":2,"LastSeen":"2026-02-09T17:04:17.1341996-06:00"},"configRoles":{"Name":"configRoles","Count":6,"LastSeen":"2026-02-09T17:04:17.1340804-06:00"},"ModulePathEnv":{"Name":"ModulePathEnv","Count":19,"LastSeen":"2026-02-09T17:04:17.1343722-06:00"}}
	Logging: 2026-02-09T23:06:51.8618910Z	2026-02-09T17:06:51.8618910-06:00	Info	MetricsData	Track_HashTables	WebHost.ps1	ProcessLogQueue		Webhost	MainLoop	1	H4sIAAAAAAAACpWUT2sCMRDFv0vOWpLs3+xVDy1oEbT2PNrRCuvusskWRPzuRavZyWIhub6EXyZv3syZLZafuFli+4PtvP7qStSsOLN3OCIrnh2O2KTuKsMKwUdsBtosEStWMMllOuZyzNVKZAVPi0S85KkQIuZjnhacs8uINdBiZSZgyBu9ZtGJB5nnMs96sj7pD40t4T4US4186k2kiHrqFgzu6/ZEsFay3Myn2ljwtOceb2ZOwQAhEzGoZp5FGakZmmYAfiiWqnyoMhaK+Ntt3LbdBcuUPu5KJfIhc2gwVcN6FwshejrJ7vNEE3rsg+eRJIGDpnmrdrVr800JtFllxOY5mO23M4IPpZ87r0hwmVArpriDrjQLaOGIBts1lN1g0v+5Yt/1GXeuRE6iOKv3rwdt3P4SMYx9pdM/rbHVh7pawaZE5yfOQVg3VJ6QgB6hOuxQ09hbqe+H14ymaULmf/GXQn0t88m+veth6RfqqpHN5S6twH0VxQmJ5RYMlPXeJd6UsFhGmbLUyy8NLXFffAYAAA==
	Logging: 2026-02-09T23:06:51.8639962Z	2026-02-09T17:06:51.8639962-06:00	Info	MetricsData	Track_HashTables	WebHost.ps1	ProcessLogQueue		Webhost	MainLoop	1	{"prefixesToTry":{"Name":"prefixesToTry","Count":2,"LastSeen":"2026-02-09T17:06:51.8634447-06:00"},"dbRoles":{"Name":"dbRoles","Count":15,"LastSeen":"2026-02-09T17:06:51.8629378-06:00"},"args":{"Name":"args","Count":0,"LastSeen":"2026-02-09T17:06:51.8627995-06:00"},"systemUsers":{"Name":"systemUsers","Count":2,"LastSeen":"2026-02-09T17:06:51.8636879-06:00"},"fileInfo":{"Name":"fileInfo","Count":2,"LastSeen":"2026-02-09T17:06:51.8630936-06:00"},"configRoles":{"Name":"configRoles","Count":6,"LastSeen":"2026-02-09T17:06:51.8628752-06:00"},"ModulePathEnv":{"Name":"ModulePathEnv","Count":19,"LastSeen":"2026-02-09T17:06:51.8633116-06:00"}}
	Logging: 2026-02-09T23:08:22.6185580Z	2026-02-09T17:08:22.6185580-06:00	Info	MetricsData	Track_HashTables	WebHost.ps1	ProcessLogQueue		Webhost	MainLoop	1	H4sIAAAAAAAACpWUzW7CMBCE38VnqBwnseNc4dBKUEUKpeeFGoqUHxQ7lRDi3SsoOOuISvYx4+jzenZ2z6QoP9WmVN2P6pbtV18pTfIzeYdakfzZ4YTM2r4xJI/ohCxAm1KphuSEUcanlE2pXEUip1nO2AuPhJQymlKeU0ouE3KETjVmBgbdMWgWnfqQecbTgaxP+kOrDnEfiqXGHtSMsVQO1C0YtW+7E8JayXKFB5dLnqBq65uZczCAyEgMqlmkgqKa4XgcgR+KpUqfioWkAvnbb9y23QXLZD7uRnFEx8yxwVgN612UJdlAR9l9nmhET7yizBPu2PzW7FrX5psSZnOWCDZQl2C2384IPpRh7rwiETMUt6Kcqx30lSmgg1oZ1a2h6keT/s8v9l6vcc+oQKFZtPvXgzZuf5EYxo4pdd60Vp0+tM0KNpVyXuIcBHVDyIiiCNXQHHZK49hbaeiH14wmgqE9WPylUF/LfLJv73pY+mmMS986w3r9CttXmcSN3IKBqt27xJsSFEsumbQ1Xn4BA/YIgXwGAAA=
	Logging: 2026-02-09T23:08:22.6203207Z	2026-02-09T17:08:22.6203207-06:00	Info	MetricsData	Track_HashTables	WebHost.ps1	ProcessLogQueue		Webhost	MainLoop	1	{"prefixesToTry":{"Name":"prefixesToTry","Count":2,"LastSeen":"2026-02-09T17:08:22.6198744-06:00"},"dbRoles":{"Name":"dbRoles","Count":15,"LastSeen":"2026-02-09T17:08:22.6195562-06:00"},"args":{"Name":"args","Count":0,"LastSeen":"2026-02-09T17:08:22.6194379-06:00"},"systemUsers":{"Name":"systemUsers","Count":2,"LastSeen":"2026-02-09T17:08:22.6200297-06:00"},"fileInfo":{"Name":"fileInfo","Count":2,"LastSeen":"2026-02-09T17:08:22.6196276-06:00"},"configRoles":{"Name":"configRoles","Count":6,"LastSeen":"2026-02-09T17:08:22.6195065-06:00"},"ModulePathEnv":{"Name":"ModulePathEnv","Count":19,"LastSeen":"2026-02-09T17:08:22.6198016-06:00"}}
	Logging: 2026-02-09T23:09:38.0611348Z	2026-02-09T17:09:38.0611348-06:00	Info	MetricsData	Track_HashTables	WebHost.ps1	ProcessLogQueue		Webhost	MainLoop	1	{"prefixesToTry":{"Name":"prefixesToTry","Count":2,"LastSeen":"2026-02-09T17:09:38.0605745-06:00"},"dbRoles":{"Name":"dbRoles","Count":15,"LastSeen":"2026-02-09T17:09:37.9797933-06:00"},"ModulePathEnv":{"Name":"ModulePathEnv","Count":19,"LastSeen":"2026-02-09T17:09:38.0604826-06:00"},"args":{"Name":"args","Count":0,"LastSeen":"2026-02-09T17:09:37.9796736-06:00"},"systemUsers":{"Name":"systemUsers","Count":2,"LastSeen":"2026-02-09T17:09:38.0607481-06:00"},"fileInfo":{"Name":"fileInfo","Count":2,"LastSeen":"2026-02-09T17:09:37.9798536-06:00"},"logEntries":{"Name":"logEntries","Count":2,"LastSeen":"2026-02-09T17:09:38.0602806-06:00"},"configRoles":{"Name":"configRoles","Count":6,"LastSeen":"2026-02-09T17:09:37.9797436-06:00"}}
	Logging: 2026-02-09T23:10:38.6562990Z	2026-02-09T17:10:38.6562990-06:00	Info	MetricsData	Track_HashTables	WebHost.ps1	ProcessLogQueue		Webhost	MainLoop	1	{"prefixesToTry":{"Name":"prefixesToTry","Count":2,"LastSeen":"2026-02-09T17:10:38.6558235-06:00"},"dbRoles":{"Name":"dbRoles","Count":15,"LastSeen":"2026-02-09T17:10:38.6553827-06:00"},"args":{"Name":"args","Count":0,"LastSeen":"2026-02-09T17:10:38.5756856-06:00"},"systemUsers":{"Name":"systemUsers","Count":2,"LastSeen":"2026-02-09T17:10:38.6559951-06:00"},"fileInfo":{"Name":"fileInfo","Count":2,"LastSeen":"2026-02-09T17:10:38.6555415-06:00"},"configRoles":{"Name":"configRoles","Count":6,"LastSeen":"2026-02-09T17:10:38.5757621-06:00"},"ModulePathEnv":{"Name":"ModulePathEnv","Count":19,"LastSeen":"2026-02-09T17:10:38.6557360-06:00"}}
	Logging: 2026-02-09T23:13:11.3947202Z	2026-02-09T17:13:11.3947202-06:00	Info	MetricsData	Track_HashTables	WebHost.ps1	ProcessLogQueue		Webhost	MainLoop	1	H4sIAAAAAAAACpWUW4vCMBCF/0uedcmlTdq+6sMu6CLU1efRja7QG026IOJ/XxRNJ8WF9LEn5ctkzpm5kFW+1btct7+6XdbfXaENyS7kE0pNsleHEzKru8qSjNEJWYCxudYVyQinXE4pn9J0zVTGRMbYm0hFzBM5pTKjlFwnpIFWV3YGFt3Raw4dh5AFjWlPNmfzZXSLuE/FUUUIVUUy6al7sPpYt2eEdZLjqgAuT2Ipem55b+YcLCAyEsfVzAXuBDTNAPxUHDUNqVgmFDlnup1v20NwTB5SqZSKD5nDBmN1pHdUqZ6Osvs60YgeheCjFOOhaT6qQ+23+a6Ma7OKeNRTl2D3P94IPpV+7kJqZWnitWKuD9AVdgUtlNrqdgNFN5j0f35x9waNu1AcxXxRH99Pxvr+InEcm6YMxXyVb3RrTnW1hl2hvZd4B6PcEFHMkBslVKeDNjj2Tur9CMomk9QrfntLobmV+WLfPvRx6Y9jvGn33rDevsbtK5UKNKl7sFDUR594V0bFkic8drG8/gFwaWuHfAYAAA==
	Logging: 2026-02-09T23:13:11.3964892Z	2026-02-09T17:13:11.3964892-06:00	Info	MetricsData	Track_HashTables	WebHost.ps1	ProcessLogQueue		Webhost	MainLoop	1	{"prefixesToTry":{"Name":"prefixesToTry","Count":2,"LastSeen":"2026-02-09T17:13:11.3960893-06:00"},"dbRoles":{"Name":"dbRoles","Count":15,"LastSeen":"2026-02-09T17:13:11.3957823-06:00"},"args":{"Name":"args","Count":0,"LastSeen":"2026-02-09T17:13:11.3956516-06:00"},"systemUsers":{"Name":"systemUsers","Count":2,"LastSeen":"2026-02-09T17:13:11.3962438-06:00"},"fileInfo":{"Name":"fileInfo","Count":2,"LastSeen":"2026-02-09T17:13:11.3958411-06:00"},"configRoles":{"Name":"configRoles","Count":6,"LastSeen":"2026-02-09T17:13:11.3957302-06:00"},"ModulePathEnv":{"Name":"ModulePathEnv","Count":19,"LastSeen":"2026-02-09T17:13:11.3960158-06:00"}}
	Logging: 2026-02-09T23:14:27.8356071Z	2026-02-09T17:14:27.8356071-06:00	Info	MetricsData	Track_HashTables	WebHost.ps1	ProcessLogQueue		Webhost	MainLoop	1	H4sIAAAAAAAACpWUzW7CMBCE38VnqBw7sZNc4dBKUCGF0vNCDUXKn2KnEkK8ewUCZ51SyT5mHH27np31mayKT7UtVPejumXz1ZdKk/xM3qFSJH92OCGzpq8NySM6IQvQplCqJjlhlIkpZVOarSOZR3HO5EvKE5rG0ZSKnFJymZAWOlWbGRhUY9AsOvEgxzKSiKxP+kOrDnEfiqVyn345F3Sg7sCoQ9OdENZKlit9uqVZJgdudTNzDgYQGYlBPcciYogNbTsCPxRLzTyoPKNZgvztt+7Y7oJlMh93meB8zBwbjNWw2bFMoo5Rdp8nGtFjryjHEjUPbftW7xvX5psSaLOzIEswu29nBR/KsHc+kUgkjvGqmKs99KVZQQeVMqrbQNmPNv2fX2xdn3WPU8pR3UVzeD1q484XiWFszpIU32mjOn1s6jVsS+XcxDkImkacSYGmUUF93CuNY2+lYR5eO5rw6G829bXNJ+/tXQ9LfyRTFM+ds6zXr8D3igvh0KBsDi7xpoTFkorUunD5BZAuAJZ8BgAA
	Logging: 2026-02-09T23:14:27.9162492Z	2026-02-09T17:14:27.9162492-06:00	Info	MetricsData	Track_HashTables	WebHost.ps1	ProcessLogQueue		Webhost	MainLoop	1	{"prefixesToTry":{"Name":"prefixesToTry","Count":2,"LastSeen":"2026-02-09T17:14:27.9156732-06:00"},"dbRoles":{"Name":"dbRoles","Count":15,"LastSeen":"2026-02-09T17:14:27.9153503-06:00"},"args":{"Name":"args","Count":0,"LastSeen":"2026-02-09T17:14:27.9152150-06:00"},"systemUsers":{"Name":"systemUsers","Count":2,"LastSeen":"2026-02-09T17:14:27.9158296-06:00"},"fileInfo":{"Name":"fileInfo","Count":2,"LastSeen":"2026-02-09T17:14:27.9154140-06:00"},"configRoles":{"Name":"configRoles","Count":6,"LastSeen":"2026-02-09T17:14:27.9152966-06:00"},"ModulePathEnv":{"Name":"ModulePathEnv","Count":19,"LastSeen":"2026-02-09T17:14:27.9155936-06:00"}}
	Logging: 2026-02-09T23:17:31.3654408Z	2026-02-09T17:17:31.3654408-06:00	Info	MetricsData	Track_HashTables	WebHost.ps1	ProcessLogQueue		Webhost	MainLoop	1	H4sIAAAAAAAACpWUzW7CMBCE38VnqOzEsZ1c4dBKUCGFwnlJDUXKn2KnEkK8ewUiyZpSNT5mHH1ez+zumazSrd6luvnWzbL6bHNtSHIm71Bokjw7nJBZ1ZaWJIxOyAKMTbUuSUICGogpDaY0XjOZMJmE7CUUPOYsmFKRUEouE1JDo0s7A4vuGLQeHY0hRypGZHMyH0Y3iNspPTUcQY1YINVAzcDqQ9WcELaXeq4cUy0NqBy4xc3MOVhAZCR61cwjJsXAhrp+AHdKT43/p1KpFEdOmHbnxnYXemYwxl0aBb+YjwZj1S87qmQ80FHvPu9oROdjbFZOw0Fdv5X7yrX5pnjZrKgT3hJs9uWMYKcMczemVq5YhK2Y6z20uV1BA4W2utlA3j5M+h+/9PeOGncZSj7cu6gOr0dj3XyR6McOhUDsVbrRjTlW5Rp2uXZe4hz4pCG4CgVKo4DyuNcGt30vDXmMmlEexk4g22sXmmuZT/btXffbArHEpWfOsF6/fPYVVYyFaF9lYCGvDi7xpvi0JVVMUNZRLz92wx4sfAYAAA==
	Logging: 2026-02-09T23:17:31.3674181Z	2026-02-09T17:17:31.3674181-06:00	Info	MetricsData	Track_HashTables	WebHost.ps1	ProcessLogQueue		Webhost	MainLoop	1	{"prefixesToTry":{"Name":"prefixesToTry","Count":2,"LastSeen":"2026-02-09T17:17:31.3668314-06:00"},"dbRoles":{"Name":"dbRoles","Count":15,"LastSeen":"2026-02-09T17:17:31.3665176-06:00"},"args":{"Name":"args","Count":0,"LastSeen":"2026-02-09T17:17:31.3663789-06:00"},"systemUsers":{"Name":"systemUsers","Count":2,"LastSeen":"2026-02-09T17:17:31.3669924-06:00"},"fileInfo":{"Name":"fileInfo","Count":2,"LastSeen":"2026-02-09T17:17:31.3665815-06:00"},"configRoles":{"Name":"configRoles","Count":6,"LastSeen":"2026-02-09T17:17:31.3664633-06:00"},"ModulePathEnv":{"Name":"ModulePathEnv","Count":19,"LastSeen":"2026-02-09T17:17:31.3667582-06:00"}}
	Logging: 2026-02-09T23:18:46.8491670Z	2026-02-09T17:18:46.8491670-06:00	Verbose	EventViewer	Event\ log\ request:\ 438\ events\ returned	apps\WebhostRealtimeEvents\routes\api\v1\logs\get.ps1	get.ps1		6ec71a85-fb79-4ebc-aa1d-587c7f8b403c		1	{"ResultCount":438,"Filters":{"categories":null,"userID":null,"severities":null,"source":null,"activityName":null,"filter":null,"runspaceID":null,"sessionID":null},"TimeRange":15}
	Logging: 2026-02-09T23:18:46.8515432Z	2026-02-09T17:18:46.8515432-06:00	Info	MetricsData	Track_HashTables	WebHost.ps1	ProcessLogQueue		Webhost	MainLoop	1	H4sIAAAAAAAACpWUX2+CMBTFv0ufdWkLFMqrPmyJLiQ493xl1ZnwL7QsMcbvvui0XIhL2kcO5NfLuef0TLL8U+1y1f2obt189aXSJD2Td6gUSZ+9nJFF09eGpIzOyAq0yZWqSUo45WJO+ZzKDYtTlqSheEkiKkMRzqlIKSWXGWmhU7VZgEFnDJpFRy7kOIjZQNYn/aFVh7gPxVIDBypjQkQDtQCjDk13QlgrWW7sMm1AWTBwq5uZSzCAyEj0mpkKIZHH0LYT8EOxVOlCZZRif/vdeG13wTK5i7tUJHTKnBqMVc/d8SgZ6Ci7zxON6KFTlFmEhoe2fav3zdjmm+JpswjjgboGU3yPKvhQht45RSJgEluxVHvoS5NBB5UyqttC2U+a/s8n9lynuic0RCtYNYfXozbj/SLRjx1xiQKZ5VvV6WNTb2BXqtGfjF74bSMREtW/gvq4VxrH3krDPpw6GkmOOpr9pVBfx3xy3951v1tAxrhbxais1ye/+4qzBJldgIGyOYyJN8UvljxiNh6XX8f+SQt8BgAA
	Logging: 2026-02-09T23:18:46.8534288Z	2026-02-09T17:18:46.8534288-06:00	Info	MetricsData	Track_HashTables	WebHost.ps1	ProcessLogQueue		Webhost	MainLoop	1	{"prefixesToTry":{"Name":"prefixesToTry","Count":2,"LastSeen":"2026-02-09T17:18:46.8529009-06:00"},"dbRoles":{"Name":"dbRoles","Count":15,"LastSeen":"2026-02-09T17:18:46.8525928-06:00"},"args":{"Name":"args","Count":0,"LastSeen":"2026-02-09T17:18:46.8524519-06:00"},"systemUsers":{"Name":"systemUsers","Count":2,"LastSeen":"2026-02-09T17:18:46.8530621-06:00"},"fileInfo":{"Name":"fileInfo","Count":2,"LastSeen":"2026-02-09T17:18:46.8526552-06:00"},"configRoles":{"Name":"configRoles","Count":6,"LastSeen":"2026-02-09T17:18:46.8525403-06:00"},"ModulePathEnv":{"Name":"ModulePathEnv","Count":19,"LastSeen":"2026-02-09T17:18:46.8528292-06:00"}}
	Logging: 2026-02-09T23:19:17.0772681Z	2026-02-09T17:19:17.0772681-06:00	Verbose	EventViewer	Event\ log\ request:\ 438\ events\ returned	apps\WebhostRealtimeEvents\routes\api\v1\logs\get.ps1	get.ps1		6ec71a85-fb79-4ebc-aa1d-587c7f8b403c		1	{"ResultCount":438,"Filters":{"categories":null,"userID":null,"severities":null,"source":null,"activityName":null,"filter":null,"runspaceID":null,"sessionID":null},"TimeRange":15}
	Logging: 2026-02-09T23:19:17.0795835Z	2026-02-09T17:19:17.0795835-06:00	Info	MetricsData	Track_HashTables	WebHost.ps1	ProcessLogQueue		Webhost	MainLoop	1	H4sIAAAAAAAACpWUXWvCMBiF/0uudeSjTZre6sUGOgp17jq66IR+SJIORPzvQ9H0TecgvexpefL2vOfkjIryU29KbX60WbZfXaUtys/oXdUa5c9eTtCs7RqHcoInaKGsK7VuUI4opnyK6RTLFRE5kTkRL1hIkopsinmOMbpM0FEZ3biZcuCMXvPoNIKcyQSTnmxP9sNqA7gPxVNZzLyMpbKnbpXT+9acANZLnitipk04Bj7UNzPnyilABuKombOMC+CEOh4H4IfiqTKGSiXmwN9uE67tLngmjXGXcsaGzKHBUB23OyqhDyC7zxMN6ElUlGlKA5vfml0b2nxTxtnMkjTpqUvltt9BBR9K37uoSBAJZi3Kud6prnKFMqrWTpu1qrpB0//5xJ8bVXeMpejPXbT714N14X6BOIqdcU5BhYpyrY09tM1KbSod/EnwYtQ2JBYC+Far5rDTFsbeS/0+ojoqGMN/smmvYz65b+/6uPSTLAP2bIOyXp/G3VdM8jSgqardh8SbMi6WCc387Xr5BT8l68V8BgAA
	Logging: 2026-02-09T23:19:17.0816361Z	2026-02-09T17:19:17.0816361-06:00	Info	MetricsData	Track_HashTables	WebHost.ps1	ProcessLogQueue		Webhost	MainLoop	1	{"prefixesToTry":{"Name":"prefixesToTry","Count":2,"LastSeen":"2026-02-09T17:19:17.0811202-06:00"},"dbRoles":{"Name":"dbRoles","Count":15,"LastSeen":"2026-02-09T17:19:17.0807660-06:00"},"args":{"Name":"args","Count":0,"LastSeen":"2026-02-09T17:19:17.0805205-06:00"},"systemUsers":{"Name":"systemUsers","Count":2,"LastSeen":"2026-02-09T17:19:17.0813208-06:00"},"fileInfo":{"Name":"fileInfo","Count":2,"LastSeen":"2026-02-09T17:19:17.0808619-06:00"},"configRoles":{"Name":"configRoles","Count":6,"LastSeen":"2026-02-09T17:19:17.0805965-06:00"},"ModulePathEnv":{"Name":"ModulePathEnv","Count":19,"LastSeen":"2026-02-09T17:19:17.0810445-06:00"}}
	Logging: 2026-02-09T23:19:47.1401535Z	2026-02-09T17:19:47.1401535-06:00	Verbose	EventViewer	Event\ log\ request:\ 438\ events\ returned	apps\WebhostRealtimeEvents\routes\api\v1\logs\get.ps1	get.ps1		6ec71a85-fb79-4ebc-aa1d-587c7f8b403c		1	{"ResultCount":438,"Filters":{"categories":null,"userID":null,"severities":null,"source":null,"activityName":null,"filter":null,"runspaceID":null,"sessionID":null},"TimeRange":15}
	Logging: 2026-02-09T23:19:47.1413171Z	2026-02-09T17:19:47.1413171-06:00	Debug	GlobalCache	Updated\ cache:\ 3\ jobs,\ 0\ runspaces,\ 0\ tasks\ \(0\.2399ms\)	WebHost.ps1::Update-GlobalCache	Update-GlobalCache				1	
	Logging: 2026-02-09T23:19:47.1434239Z	2026-02-09T17:19:47.1434239-06:00	Info	MetricsData	Track_HashTables	WebHost.ps1	ProcessLogQueue		Webhost	MainLoop	1	H4sIAAAAAAAACpWUX2vCMBTFv0uedSRp2qZ91YcNdAg693ztohP6jyQdiPjdh07Tm+Igfexp+eXm3HN6Jqv1p9qtlf5Retl8daUyJD+Td6gUyZ+9nJBZ09WW5IxOyAKMXStVk5xwypMp5VOabViasywX6QsTEaWxnNIkp5RcJqQFrWo7A4vO6DWHjgPIPJVx1JPNyXwYpRH3oThqFDIvkzztqQVYdWj0CWGd5LhpyLQRFbznVjcz52ABkZE4amaeyEz0bGjbAfihOGoWQmURx/52O39td8ExeZC7NKND5tBgrI7cnYgRHWX3eaIRXYQYkqUCGQJt+1bvG9/mmzLSZilR4JZgi2+vgg+l711QJGLhWTFXe+hKuwINlbJKb6HsBk3/5xN3bkjduUxY3J+7aA6vR2P9/SJxHDum0rvTVmlzbOoN7Erl3cR7MW4bGZeoShXUx70yOPZO6vcR1lHGUf9Xfyk01zGf/G/v+rj00yhB9hReWa9P4/5XXFAU9gIslM3BJ96UcbHkaeRmvPwC+s6ezXwGAAA=
	Logging: 2026-02-09T23:19:47.1451803Z	2026-02-09T17:19:47.1451803-06:00	Info	MetricsData	Track_HashTables	WebHost.ps1	ProcessLogQueue		Webhost	MainLoop	1	{"prefixesToTry":{"Name":"prefixesToTry","Count":2,"LastSeen":"2026-02-09T17:19:47.1448030-06:00"},"dbRoles":{"Name":"dbRoles","Count":15,"LastSeen":"2026-02-09T17:19:47.1444932-06:00"},"args":{"Name":"args","Count":0,"LastSeen":"2026-02-09T17:19:47.1443707-06:00"},"systemUsers":{"Name":"systemUsers","Count":2,"LastSeen":"2026-02-09T17:19:47.1449569-06:00"},"fileInfo":{"Name":"fileInfo","Count":2,"LastSeen":"2026-02-09T17:19:47.1445546-06:00"},"configRoles":{"Name":"configRoles","Count":6,"LastSeen":"2026-02-09T17:19:47.1444426-06:00"},"ModulePathEnv":{"Name":"ModulePathEnv","Count":19,"LastSeen":"2026-02-09T17:19:47.1447292-06:00"}}
	Logging: 2026-02-09T23:20:02.1949459Z	2026-02-09T17:20:02.1949459-06:00	Verbose	EventViewer	Event\ log\ request:\ 443\ events\ returned	apps\WebhostRealtimeEvents\routes\api\v1\logs\get.ps1	get.ps1		6ec71a85-fb79-4ebc-aa1d-587c7f8b403c		1	{"ResultCount":443,"Filters":{"categories":null,"userID":null,"severities":null,"source":null,"activityName":null,"filter":null,"runspaceID":null,"sessionID":null},"TimeRange":15}
	Logging: 2026-02-09T23:20:02.1972470Z	2026-02-09T17:20:02.1972470-06:00	Info	MetricsData	Track_HashTables	WebHost.ps1	ProcessLogQueue		Webhost	MainLoop	1	H4sIAAAAAAAACpWUUWvCMBSF/0uedSRpmjZ91YcNdAh17vnqohNqW5J0IOJ/HzpNb8RB+tjT8uX03nNyIovyU69LbX60mTdfXaUtKU7kHQ6aFM9ejsik6WpHCkZHZAbWlVrXpCCccjmmfEzVkmUFpwXlL0zJLE/ZmMqCUnIekRaMrt0EHDqj1zw6jSGniRI92R7th9UGce+KpyYxVCUF8rsBp3eNOSKslzw3i+HSTGQ993Ad5hQcIDISh3kWLEt7NrTtA/iueKqKoKaKKo7m263Dtd0Ez+QxTnPFkNM/xOOAsTpwdzxFjlF2nyca0UVUlFOGAgdt+1Zvm3DMV2XgmCVH1Dm4zXdQwbvS9y7Ga5IziUcx1VvoKrcAAwfttFlB1T00/Z9P/LlRdZdMJv25s2b3urcu3C8Sh7F5plCFFuVKG7tv6iWsKx38SfBi0DakzLlCNYV6v9UWx95L/T6ispmIJDD/eUmhvdh8ct/e9GHpz5lE3doEZb08DbyvGI7lBhxUzS4kXpVhsaRC+IaefwEE+neUfAYAAA==
	Logging: 2026-02-09T23:20:02.1991333Z	2026-02-09T17:20:02.1991333-06:00	Info	MetricsData	Track_HashTables	WebHost.ps1	ProcessLogQueue		Webhost	MainLoop	1	{"prefixesToTry":{"Name":"prefixesToTry","Count":2,"LastSeen":"2026-02-09T17:20:02.1986035-06:00"},"dbRoles":{"Name":"dbRoles","Count":15,"LastSeen":"2026-02-09T17:20:02.1982567-06:00"},"ModulePathEnv":{"Name":"ModulePathEnv","Count":19,"LastSeen":"2026-02-09T17:20:02.1985275-06:00"},"args":{"Name":"args","Count":0,"LastSeen":"2026-02-09T17:20:02.1981251-06:00"},"systemUsers":{"Name":"systemUsers","Count":2,"LastSeen":"2026-02-09T17:20:02.1987671-06:00"},"fileInfo":{"Name":"fileInfo","Count":2,"LastSeen":"2026-02-09T17:20:02.1983204-06:00"},"logEntries":{"Name":"logEntries","Count":4,"LastSeen":"2026-02-09T17:20:02.1984405-06:00"},"configRoles":{"Name":"configRoles","Count":6,"LastSeen":"2026-02-09T17:20:02.1982026-06:00"}}
	Logging: 2026-02-09T23:20:47.3306334Z	2026-02-09T17:20:47.3306334-06:00	Verbose	EventViewer	Event\ log\ request:\ 445\ events\ returned	apps\WebhostRealtimeEvents\routes\api\v1\logs\get.ps1	get.ps1		6ec71a85-fb79-4ebc-aa1d-587c7f8b403c		1	{"ResultCount":445,"Filters":{"categories":null,"userID":null,"severities":null,"source":null,"activityName":null,"filter":null,"runspaceID":null,"sessionID":null},"TimeRange":15}
	Logging: 2026-02-09T23:20:47.3328299Z	2026-02-09T17:20:47.3328299-06:00	Info	MetricsData	Track_HashTables	WebHost.ps1	ProcessLogQueue		Webhost	MainLoop	1	H4sIAAAAAAAACpWUzW7CMBCE38VnqPyfOFc4tBJUSFB6XqihSCGJYqcSQrx7BYJ4k1LJOWYcfbvenfGZLJafdrO09Y+t5+VXk1tHsjN5h6Ml2bPDEZmUTeFJxuiIzMD5pbUFyQinXI8pH1OzYknGaSaTFyG4MIyPqc4oJZcRqaC2hZ+ARzWC1qJVDJlpnQSyO7kPZ2vEfSgtVcRQlTYmULfg7b6sTwjbSi03ieAyrSjq9ngb5hQ8IDISh/VMpdGBDVXVAz+UlmpiOpaJFGi+zaa7trvQMnlMp9Jo1Wf2B4zVgbsTDHWMvPvc0Yguo6ysDMJDVb0Vu7I75psybMxKaBqoc/Db704EH0rIXQzVGCHxKKZ2B03uF1DD0XpbryFvekn/55e2blTcudQs1J2V+9eD8939InEQm6VpgtiL5drW7lAWK9jktnOTzsGgbXDBeIpiCsVhZx22fSuFfcR4kxml/nrTXdt88t7e9WHul5yjCttOWK9fw94rlaYoqVvwkJf7LvGmDLOl5uEVvPwCTuhJyHwGAAA=
	Logging: 2026-02-09T23:20:47.3347787Z	2026-02-09T17:20:47.3347787-06:00	Info	MetricsData	Track_HashTables	WebHost.ps1	ProcessLogQueue		Webhost	MainLoop	1	{"prefixesToTry":{"Name":"prefixesToTry","Count":2,"LastSeen":"2026-02-09T17:20:47.3341745-06:00"},"dbRoles":{"Name":"dbRoles","Count":15,"LastSeen":"2026-02-09T17:20:47.3338387-06:00"},"args":{"Name":"args","Count":0,"LastSeen":"2026-02-09T17:20:47.3337102-06:00"},"systemUsers":{"Name":"systemUsers","Count":2,"LastSeen":"2026-02-09T17:20:47.3343322-06:00"},"fileInfo":{"Name":"fileInfo","Count":2,"LastSeen":"2026-02-09T17:20:47.3339057-06:00"},"configRoles":{"Name":"configRoles","Count":6,"LastSeen":"2026-02-09T17:20:47.3337858-06:00"},"ModulePathEnv":{"Name":"ModulePathEnv","Count":19,"LastSeen":"2026-02-09T17:20:47.3340846-06:00"}}
	Logging: 2026-02-09T23:21:02.3596127Z	2026-02-09T17:21:02.3596127-06:00	Info	MetricsData	Track_HashTables	WebHost.ps1	ProcessLogQueue		Webhost	MainLoop	1	{"prefixesToTry":{"Name":"prefixesToTry","Count":2,"LastSeen":"2026-02-09T17:21:02.3588920-06:00"},"dbRoles":{"Name":"dbRoles","Count":15,"LastSeen":"2026-02-09T17:21:02.3585263-06:00"},"ModulePathEnv":{"Name":"ModulePathEnv","Count":19,"LastSeen":"2026-02-09T17:21:02.3588173-06:00"},"args":{"Name":"args","Count":0,"LastSeen":"2026-02-09T17:21:02.3583864-06:00"},"systemUsers":{"Name":"systemUsers","Count":2,"LastSeen":"2026-02-09T17:21:02.3591422-06:00"},"fileInfo":{"Name":"fileInfo","Count":2,"LastSeen":"2026-02-09T17:21:02.3585897-06:00"},"logEntries":{"Name":"logEntries","Count":3,"LastSeen":"2026-02-09T17:21:02.3587240-06:00"},"configRoles":{"Name":"configRoles","Count":6,"LastSeen":"2026-02-09T17:21:02.3584723-06:00"}}
	Logging: 2026-02-09T23:21:47.5591489Z	2026-02-09T17:21:47.5591489-06:00	Verbose	EventViewer	Event\ log\ request:\ 449\ events\ returned	apps\WebhostRealtimeEvents\routes\api\v1\logs\get.ps1	get.ps1		6ec71a85-fb79-4ebc-aa1d-587c7f8b403c		1	{"ResultCount":449,"Filters":{"categories":null,"userID":null,"severities":null,"source":null,"activityName":null,"filter":null,"runspaceID":null,"sessionID":null},"TimeRange":15}
	Logging: 2026-02-09T23:21:47.5602487Z	2026-02-09T17:21:47.5602487-06:00	Debug	GlobalCache	Updated\ cache:\ 3\ jobs,\ 0\ runspaces,\ 0\ tasks\ \(0\.2276ms\)	WebHost.ps1::Update-GlobalCache	Update-GlobalCache				1	
	Logging: 2026-02-09T23:21:47.5622366Z	2026-02-09T17:21:47.5622366-06:00	Info	MetricsData	Track_HashTables	WebHost.ps1	ProcessLogQueue		Webhost	MainLoop	1	H4sIAAAAAAAACpWUX2vCMBTFv0uedSRpm7R91YcNdAh1+nx10Qn9R5MORPzuQ9H0pjhIXk/KL7fnnJsLWRVbtStU96u6ZfPdl0qT/EI+oVIkf3U4IbOmrw3JGZ2QBWhTKFWTnHDKxZTyKc3WTOac5bF8SwSTQsgpFTml5DohLXSqNjMw6I5Bs+jEhxxngg9kfdZfWnWI+1QsNfKhZklEB+oejDo23RlhrWS50odL0yQeuNXdzDkYQGQkhs0cc4lmhrYdgZ+KpWYeVJqxm2z97XdubA/BMrnPpKmUyZg5NhirgdkxzgY66u7rRiN67FVlKlHhoG0/6kPj2nxXAm0WcTpQl2D2P84KPpVh73xmjTKGjF4Vc3WAvjQr6KBSRnUbKPvRpv/zib3Xa90TwVHNF83x/aSNmy8Sw9g8Y068G9XpU1OvYVcq50+cg6A0mOApWqUK6tNBaVx7Kw15eHUzSiInkO2thfo25ov39qGHtT+lNw29XO6jFfpecWz2HgyUzdEl3pWwWtIkti5c/wB6dt01fAYAAA==
	Logging: 2026-02-09T23:21:47.5641154Z	2026-02-09T17:21:47.5641154-06:00	Info	MetricsData	Track_HashTables	WebHost.ps1	ProcessLogQueue		Webhost	MainLoop	1	{"prefixesToTry":{"Name":"prefixesToTry","Count":2,"LastSeen":"2026-02-09T17:21:47.5636499-06:00"},"dbRoles":{"Name":"dbRoles","Count":15,"LastSeen":"2026-02-09T17:21:47.5633222-06:00"},"args":{"Name":"args","Count":0,"LastSeen":"2026-02-09T17:21:47.5631842-06:00"},"systemUsers":{"Name":"systemUsers","Count":2,"LastSeen":"2026-02-09T17:21:47.5638401-06:00"},"fileInfo":{"Name":"fileInfo","Count":2,"LastSeen":"2026-02-09T17:21:47.5633875-06:00"},"configRoles":{"Name":"configRoles","Count":6,"LastSeen":"2026-02-09T17:21:47.5632653-06:00"},"ModulePathEnv":{"Name":"ModulePathEnv","Count":19,"LastSeen":"2026-02-09T17:21:47.5635709-06:00"}}
	Logging: 2026-02-09T23:22:02.6875974Z	2026-02-09T17:22:02.6875974-06:00	Verbose	EventViewer	Event\ log\ request:\ 452\ events\ returned	apps\WebhostRealtimeEvents\routes\api\v1\logs\get.ps1	get.ps1		6ec71a85-fb79-4ebc-aa1d-587c7f8b403c		1	{"ResultCount":452,"Filters":{"categories":null,"userID":null,"severities":null,"source":null,"activityName":null,"filter":null,"runspaceID":null,"sessionID":null},"TimeRange":15}
	Logging: 2026-02-09T23:22:02.6902724Z	2026-02-09T17:22:02.6902724-06:00	Info	MetricsData	Track_HashTables	WebHost.ps1	ProcessLogQueue		Webhost	MainLoop	1	H4sIAAAAAAAACpWUzW7CMBCE38VnqBwnseNc4dBKUEUKpeclNRQpP8h2KiHEu1ekJFkjKjnHjKNv17szvpAs/1S7XOkfpdfNV1sqQ9ILeYdKkfTZ4Ywsmra2JA3ojKzA2FypmqSEUcbnlM2p3AQiZSyl7IUnUvCIzilPKSXXGTmBVrVdgEU1Rm1Axz5kJoQYyeZsPozSiNsrAzX0ocooliO1AKsOjT4j7CANXOHBTZIwYiO36oa5BAuIjMRpPTMq4pENp9MDuFcGqvTpOIoE6ti0O3dtd2FgMp9OExHgnXWIxwFjdeLuKA9GOvLuc0cjeuRlZZZwZ8xv9b5xx9wp08bMuUQBWYMtvp0I9sqYO59eAxEgS2T5Uu2hLW0GGiplld5C2T4k/Z9fhrpecY84RXVXzeH1aKy7XyROY1MeJ/hOW6XNsak3sCuVcxPnYNI2JGc4ShXUx70y2PaDNO7Dy5tByJDzsz8XmlubT97buz7N/ULGqPXCCevta9p7JSKcpQIslM3BJXbKJFsmCQ3Cnnr9BfZWm8d8BgAA
	Logging: 2026-02-09T23:22:02.6921777Z	2026-02-09T17:22:02.6921777-06:00	Info	MetricsData	Track_HashTables	WebHost.ps1	ProcessLogQueue		Webhost	MainLoop	1	{"prefixesToTry":{"Name":"prefixesToTry","Count":2,"LastSeen":"2026-02-09T17:22:02.6917459-06:00"},"dbRoles":{"Name":"dbRoles","Count":15,"LastSeen":"2026-02-09T17:22:02.6913867-06:00"},"ModulePathEnv":{"Name":"ModulePathEnv","Count":19,"LastSeen":"2026-02-09T17:22:02.6916703-06:00"},"args":{"Name":"args","Count":0,"LastSeen":"2026-02-09T17:22:02.6912472-06:00"},"systemUsers":{"Name":"systemUsers","Count":2,"LastSeen":"2026-02-09T17:22:02.6919134-06:00"},"fileInfo":{"Name":"fileInfo","Count":2,"LastSeen":"2026-02-09T17:22:02.6914535-06:00"},"logEntries":{"Name":"logEntries","Count":4,"LastSeen":"2026-02-09T17:22:02.6915787-06:00"},"configRoles":{"Name":"configRoles","Count":6,"LastSeen":"2026-02-09T17:22:02.6913295-06:00"}}
	Logging: 2026-02-09T23:22:48.2459496Z	2026-02-09T17:22:48.2459496-06:00	Verbose	EventViewer	Event\ log\ request:\ 454\ events\ returned	apps\WebhostRealtimeEvents\routes\api\v1\logs\get.ps1	get.ps1		6ec71a85-fb79-4ebc-aa1d-587c7f8b403c		1	{"ResultCount":454,"Filters":{"categories":null,"userID":null,"severities":null,"source":null,"activityName":null,"filter":null,"runspaceID":null,"sessionID":null},"TimeRange":15}
	Logging: 2026-02-09T23:22:48.2469686Z	2026-02-09T17:22:48.2469686-06:00	Debug	GlobalCache	Updated\ cache:\ 3\ jobs,\ 0\ runspaces,\ 0\ tasks\ \(0\.2116ms\)	WebHost.ps1::Update-GlobalCache	Update-GlobalCache				1	
	Logging: 2026-02-09T23:22:48.2489205Z	2026-02-09T17:22:48.2489205-06:00	Info	MetricsData	Track_HashTables	WebHost.ps1	ProcessLogQueue		Webhost	MainLoop	1	H4sIAAAAAAAACpWUX2vCMBTFv0uedaRJm6R91YcNdBTqtueri07oP5p0IOJ3Hyua3jgH6etJ+eX03HNzJnnxobeF7r51t24++1Ibkp3JK1SaZI8OZ2TR9LUlWURnZAXGFlrXJCOMMjGnbE7TTSQzxrJYPbFYxWnE51RklJLLjLTQ6douwKI7Rs2hkxAy47EYyeZk3ozuEPemOCoPoQrJkpG6A6sPTXdCWCc5rgzgSpkK5LYawlyCBURG4jTPkeAoY2jbO/BNcdQ0xLFgLEL59lt/bFfBMVmI0ySVeGYD4j5grE6cHed0pKPuPm40osdBVU5SZB7a9qXeN37MgzIxZqnUSF2D3X15K3hTxr0LqgSTaHh5sdR76EubQweVtrp7h7K/2/R/PnH3Bq075wpVcdUcno/G+vNF4jQ2pRwllRfvujPHpt7AttTen3gHk6ah4ogh/xXUx702uPZOGucR1E2qVPynm+bX5oP39qpPa3/CmPReLv/Rmvpecbz9O7BQNgefOCiTaimlSJzHyw/zodPnfAYAAA==
	Logging: 2026-02-09T23:22:48.2511723Z	2026-02-09T17:22:48.2511723-06:00	Info	MetricsData	Track_HashTables	WebHost.ps1	ProcessLogQueue		Webhost	MainLoop	1	{"prefixesToTry":{"Name":"prefixesToTry","Count":2,"LastSeen":"2026-02-09T17:22:48.2506548-06:00"},"dbRoles":{"Name":"dbRoles","Count":15,"LastSeen":"2026-02-09T17:22:48.2500618-06:00"},"args":{"Name":"args","Count":0,"LastSeen":"2026-02-09T17:22:48.2498747-06:00"},"systemUsers":{"Name":"systemUsers","Count":2,"LastSeen":"2026-02-09T17:22:48.2508563-06:00"},"fileInfo":{"Name":"fileInfo","Count":2,"LastSeen":"2026-02-09T17:22:48.2502293-06:00"},"configRoles":{"Name":"configRoles","Count":6,"LastSeen":"2026-02-09T17:22:48.2499557-06:00"},"ModulePathEnv":{"Name":"ModulePathEnv","Count":19,"LastSeen":"2026-02-09T17:22:48.2505609-06:00"}}
	Logging: 2026-02-09T23:23:03.3198316Z	2026-02-09T17:23:03.3198316-06:00	Verbose	EventViewer	Event\ log\ request:\ 459\ events\ returned	apps\WebhostRealtimeEvents\routes\api\v1\logs\get.ps1	get.ps1		6ec71a85-fb79-4ebc-aa1d-587c7f8b403c		1	{"ResultCount":459,"Filters":{"categories":null,"userID":null,"severities":null,"source":null,"activityName":null,"filter":null,"runspaceID":null,"sessionID":null},"TimeRange":15}
	Logging: 2026-02-09T23:23:03.3221800Z	2026-02-09T17:23:03.3221800-06:00	Info	MetricsData	Track_HashTables	WebHost.ps1	ProcessLogQueue		Webhost	MainLoop	1	H4sIAAAAAAAACpWUzW7CMBCE38VnqBwnsZ1c4dBKUEUKpeclNRQpPyh2KiHEu1fQEq8plexjJtHnyeysT6Qo39WmVP2X6pfdx1ArTfITeYVGkfzRywmZdUNrSB7RCVmANqVSLckJo4xPKZvSbBWJnMU5jZ9iFvE0S6aU55SS84QcoFetmYFBZ1htRKc+5CRJhSXro37TqkfcmzJSYx+qjFNuqRUYtev6I8KO0sgVHlyaSZFabnMNcw4GEBmJYZ5jHjHLhsPhDnxTRmrm41hwnqF8h407tl9hZDIfp4LHKN0fxH3AWA3LQWSCWjrq7uNGI3riVWUmYyfml3bbuTFflbCYJZfI9BJM9ems4E2xe+fjlUmGvBblXG1hqE0BPTTKqH4N9XC36f98Mp7rte5plKABL7rd814bd75IDGNHUqBCFuVa9XrftSvY1Mr5E+dF0DSiVFJ0RgPtfqs0rv0o2Xl4dZMlifzTTX2x+eC+/dXD2s8ziopUOct6eQq8r1iCbtcKDNTdziVelaBa0iy1G3r+BtALSiJ8BgAA
	Logging: 2026-02-09T23:23:03.3242143Z	2026-02-09T17:23:03.3242143-06:00	Info	MetricsData	Track_HashTables	WebHost.ps1	ProcessLogQueue		Webhost	MainLoop	1	{"prefixesToTry":{"Name":"prefixesToTry","Count":2,"LastSeen":"2026-02-09T17:23:03.3235863-06:00"},"dbRoles":{"Name":"dbRoles","Count":15,"LastSeen":"2026-02-09T17:23:03.3232390-06:00"},"ModulePathEnv":{"Name":"ModulePathEnv","Count":19,"LastSeen":"2026-02-09T17:23:03.3235135-06:00"},"args":{"Name":"args","Count":0,"LastSeen":"2026-02-09T17:23:03.3231118-06:00"},"systemUsers":{"Name":"systemUsers","Count":2,"LastSeen":"2026-02-09T17:23:03.3237457-06:00"},"fileInfo":{"Name":"fileInfo","Count":2,"LastSeen":"2026-02-09T17:23:03.3233017-06:00"},"logEntries":{"Name":"logEntries","Count":4,"LastSeen":"2026-02-09T17:23:03.3234224-06:00"},"configRoles":{"Name":"configRoles","Count":6,"LastSeen":"2026-02-09T17:23:03.3231865-06:00"}}
	Logging: 2026-02-09T23:23:48.9742763Z	2026-02-09T17:23:48.9742763-06:00	Info	MetricsData	Track_HashTables	WebHost.ps1	ProcessLogQueue		Webhost	MainLoop	1	H4sIAAAAAAAACpWUy27CMBBF/8VrqPyIEztbWLQSVEhQujbUUKQ8kO1UQoh/r0DgjFMq2ctcR2fGd+74jBbLT71ZavOjzbz96iptUXlG76rWqHx2OEKTtmscKgkeoZmybql1g0pEMc3HmI6xXJGipKzMxIssWMGpGOO8xBhdRuiojG7cRDlQo9c8mseQORFFT7Yn+2G1AdyH4qkshiq5lD11q5zet+YEsF7y3CKGiznOe259M3OqnAJkIKb1nJEceKyOxwH4oXiqjKBSIXLghO024djugmfSmE6F4HzIHBoM1cTZUUJ7Osju80QDehYVZZJngc1vza4Nbb4paTZLJkDTc+W238EKPpR+72J6ZZwQaMVU71RXuYUyqtZOm7WqusGm//OLrxu17lzCurN2/3qwLpwvENPYlF/l/k5rbeyhbVZqU+ngJsFB0jRYzuEq1ao57LSFsfdSP4+obDLC2J9s2mubT97bu56W/kJkoMI2WNbrV9J7RaWQOKCpqt2HxJuSFktMsX9TLr+Kmx4VfAYAAA==
	Logging: 2026-02-09T23:23:48.9762699Z	2026-02-09T17:23:48.9762699-06:00	Info	MetricsData	Track_HashTables	WebHost.ps1	ProcessLogQueue		Webhost	MainLoop	1	{"prefixesToTry":{"Name":"prefixesToTry","Count":2,"LastSeen":"2026-02-09T17:23:48.9758323-06:00"},"dbRoles":{"Name":"dbRoles","Count":15,"LastSeen":"2026-02-09T17:23:48.9754981-06:00"},"args":{"Name":"args","Count":0,"LastSeen":"2026-02-09T17:23:48.9752713-06:00"},"systemUsers":{"Name":"systemUsers","Count":2,"LastSeen":"2026-02-09T17:23:48.9759950-06:00"},"fileInfo":{"Name":"fileInfo","Count":2,"LastSeen":"2026-02-09T17:23:48.9755707-06:00"},"configRoles":{"Name":"configRoles","Count":6,"LastSeen":"2026-02-09T17:23:48.9754045-06:00"},"ModulePathEnv":{"Name":"ModulePathEnv","Count":19,"LastSeen":"2026-02-09T17:23:48.9757555-06:00"}}
	Logging: 2026-02-09T23:24:19.2202824Z	2026-02-09T17:24:19.2202824-06:00	Verbose	EventViewer	Event\ log\ request:\ 462\ events\ returned	apps\WebhostRealtimeEvents\routes\api\v1\logs\get.ps1	get.ps1		6ec71a85-fb79-4ebc-aa1d-587c7f8b403c		1	{"ResultCount":462,"Filters":{"categories":null,"userID":null,"severities":null,"source":null,"activityName":null,"filter":null,"runspaceID":null,"sessionID":null},"TimeRange":15}
	Logging: 2026-02-09T23:24:19.2227099Z	2026-02-09T17:24:19.2227099-06:00	Info	MetricsData	Track_HashTables	WebHost.ps1	ProcessLogQueue		Webhost	MainLoop	1	H4sIAAAAAAAACpWUUWvCMBSF/0uedSQ3bWP6qg8b6CjUuefoohNqK006EPG/D52mN8VB8tjT8uX23HNyJkX5qdelbn90u2i+ukobkp/Juzpokj97OSLTpqstyRkdkbkyttS6JjkBCtmYwpjKJRM5JDmTLwAAHMSYZjml5DIiR9Xq2k6VRWf0mkOnAWQ2SdKkJ5uT+TC6RdyH4qg8ZN6EC9ZTN8rqXdOeENZJjitCpuWM8557uJk5U1YhMhKjZmaCUdqz1fE4AD8UR5UhVAYCUU239td2FxwTQtzlWToZMocGYzVud1xKNDHK7vNEI3oSgmdSSM/mt3rb+DbflEibJ4AsWSi7+fYq+FD63oVQswzHrShnequ6yhaqVQdtdbtSVTdo+j+fuHND6s6kpFl/7rzZve6N9feLxDh2mgLyvyhXujX7pl6qdaW9P/FeRG0DGOD6H1S932qDY++kfh9BHc0gQeDiL4XmOuaT+/aux6UfJEU37cYr6/Up7r4CzsGjqarZ+cSbEhdLEOBcuPwCce5cN3wGAAA=
	Logging: 2026-02-09T23:24:19.2244630Z	2026-02-09T17:24:19.2244630-06:00	Info	MetricsData	Track_HashTables	WebHost.ps1	ProcessLogQueue		Webhost	MainLoop	1	{"prefixesToTry":{"Name":"prefixesToTry","Count":2,"LastSeen":"2026-02-09T17:24:19.2240542-06:00"},"dbRoles":{"Name":"dbRoles","Count":15,"LastSeen":"2026-02-09T17:24:19.2237459-06:00"},"args":{"Name":"args","Count":0,"LastSeen":"2026-02-09T17:24:19.2236116-06:00"},"systemUsers":{"Name":"systemUsers","Count":2,"LastSeen":"2026-02-09T17:24:19.2242080-06:00"},"fileInfo":{"Name":"fileInfo","Count":2,"LastSeen":"2026-02-09T17:24:19.2238121-06:00"},"configRoles":{"Name":"configRoles","Count":6,"LastSeen":"2026-02-09T17:24:19.2236913-06:00"},"ModulePathEnv":{"Name":"ModulePathEnv","Count":19,"LastSeen":"2026-02-09T17:24:19.2239822-06:00"}}
	Logging: 2026-02-09T23:24:49.3004768Z	2026-02-09T17:24:49.3004768-06:00	Verbose	EventViewer	Event\ log\ request:\ 464\ events\ returned	apps\WebhostRealtimeEvents\routes\api\v1\logs\get.ps1	get.ps1		6ec71a85-fb79-4ebc-aa1d-587c7f8b403c		1	{"ResultCount":464,"Filters":{"categories":null,"userID":null,"severities":null,"source":null,"activityName":null,"filter":null,"runspaceID":null,"sessionID":null},"TimeRange":15}
	Logging: 2026-02-09T23:24:49.3032368Z	2026-02-09T17:24:49.3032368-06:00	Info	MetricsData	Track_HashTables	WebHost.ps1	ProcessLogQueue		Webhost	MainLoop	1	H4sIAAAAAAAACpWUzW7CMBCE38VnqBzHduJc4dBKUCGF0vNCDUXKn2KnEkK8ewUCZ5NSyT5mHH1e78zumazyT73Ndfuj22X91RXakOxM3qHUJHt2OCGzuqssySI6IQswNte6IhlhlMkpZVOq1lGSMZ5x9RJTlkjOp1RmlJLLhDTQ6srOwKI7es2hhQ+ZCyp6sjmZD6NbxH0ojhr7UBWP0566A6sPdXtCWCc5buLBjYQSSc8tb82cgwVERmJYzZRxxIamGYEfiqMqn4rjhMaov912aNtdcEzmU2masGjMHDcYq4HeUYESgbL7PNGIzr2iHFMUDWiat2pfD9t8U8LazJlkPXUJdvc9GMGH0s+dD1WlAtW6yud6D11hV9BCqa1uN1B0o0n/5xd3r9e4CyFpf++iPrwejR36i8QgdpTyWOI3bXRrjnW1hm2hBy8ZHAS5waSUKPQlVMe9Njj2Tur98MlmpCL+N5vmWuaTfXvXw9KfKByk3WBYr19h+4onCu2UHVgo6sOQeFPCYikEdxZefgEPR6MhfAYAAA==
	Logging: 2026-02-09T23:24:49.3051042Z	2026-02-09T17:24:49.3051042-06:00	Info	MetricsData	Track_HashTables	WebHost.ps1	ProcessLogQueue		Webhost	MainLoop	1	{"prefixesToTry":{"Name":"prefixesToTry","Count":2,"LastSeen":"2026-02-09T17:24:49.3046806-06:00"},"dbRoles":{"Name":"dbRoles","Count":15,"LastSeen":"2026-02-09T17:24:49.3043427-06:00"},"args":{"Name":"args","Count":0,"LastSeen":"2026-02-09T17:24:49.3042013-06:00"},"systemUsers":{"Name":"systemUsers","Count":2,"LastSeen":"2026-02-09T17:24:49.3048316-06:00"},"fileInfo":{"Name":"fileInfo","Count":2,"LastSeen":"2026-02-09T17:24:49.3044313-06:00"},"configRoles":{"Name":"configRoles","Count":6,"LastSeen":"2026-02-09T17:24:49.3042878-06:00"},"ModulePathEnv":{"Name":"ModulePathEnv","Count":19,"LastSeen":"2026-02-09T17:24:49.3046071-06:00"}}
	Logging: 2026-02-09T23:25:04.3215967Z	2026-02-09T17:25:04.3215967-06:00	Info	MetricsData	Track_HashTables	WebHost.ps1	ProcessLogQueue		Webhost	MainLoop	1	{"prefixesToTry":{"Name":"prefixesToTry","Count":2,"LastSeen":"2026-02-09T17:25:04.3210702-06:00"},"dbRoles":{"Name":"dbRoles","Count":15,"LastSeen":"2026-02-09T17:25:04.3206875-06:00"},"ModulePathEnv":{"Name":"ModulePathEnv","Count":19,"LastSeen":"2026-02-09T17:25:04.3209731-06:00"},"args":{"Name":"args","Count":0,"LastSeen":"2026-02-09T17:25:04.3204114-06:00"},"systemUsers":{"Name":"systemUsers","Count":2,"LastSeen":"2026-02-09T17:25:04.3212372-06:00"},"fileInfo":{"Name":"fileInfo","Count":2,"LastSeen":"2026-02-09T17:25:04.3207548-06:00"},"logEntries":{"Name":"logEntries","Count":3,"LastSeen":"2026-02-09T17:25:04.3208823-06:00"},"configRoles":{"Name":"configRoles","Count":6,"LastSeen":"2026-02-09T17:25:04.3206013-06:00"}}
	Logging: 2026-02-09T23:25:49.4389081Z	2026-02-09T17:25:49.4389081-06:00	Info	MetricsData	Track_HashTables	WebHost.ps1	ProcessLogQueue		Webhost	MainLoop	1	{"prefixesToTry":{"Name":"prefixesToTry","Count":2,"LastSeen":"2026-02-09T17:25:49.4385608-06:00"},"dbRoles":{"Name":"dbRoles","Count":15,"LastSeen":"2026-02-09T17:25:49.4382006-06:00"},"args":{"Name":"args","Count":0,"LastSeen":"2026-02-09T17:25:49.4380336-06:00"},"systemUsers":{"Name":"systemUsers","Count":2,"LastSeen":"2026-02-09T17:25:49.4387231-06:00"},"fileInfo":{"Name":"fileInfo","Count":2,"LastSeen":"2026-02-09T17:25:49.4382771-06:00"},"configRoles":{"Name":"configRoles","Count":6,"LastSeen":"2026-02-09T17:25:49.4381140-06:00"},"ModulePathEnv":{"Name":"ModulePathEnv","Count":19,"LastSeen":"2026-02-09T17:25:49.4384579-06:00"}}
	Logging: 2026-02-09T23:26:20.0180323Z	2026-02-09T17:26:20.0180323-06:00	Info	MetricsData	Track_HashTables	WebHost.ps1	ProcessLogQueue		Webhost	MainLoop	1	{"prefixesToTry":{"Name":"prefixesToTry","Count":2,"LastSeen":"2026-02-09T17:26:20.0174274-06:00"},"dbRoles":{"Name":"dbRoles","Count":15,"LastSeen":"2026-02-09T17:26:20.0170504-06:00"},"args":{"Name":"args","Count":0,"LastSeen":"2026-02-09T17:26:20.0168101-06:00"},"systemUsers":{"Name":"systemUsers","Count":2,"LastSeen":"2026-02-09T17:26:20.0176013-06:00"},"fileInfo":{"Name":"fileInfo","Count":2,"LastSeen":"2026-02-09T17:26:20.0171443-06:00"},"configRoles":{"Name":"configRoles","Count":6,"LastSeen":"2026-02-09T17:26:20.0169811-06:00"},"ModulePathEnv":{"Name":"ModulePathEnv","Count":19,"LastSeen":"2026-02-09T17:26:20.0173438-06:00"}}
	Logging: 2026-02-09T23:26:50.0606526Z	2026-02-09T17:26:50.0606526-06:00	Info	MetricsData	Track_HashTables	WebHost.ps1	ProcessLogQueue		Webhost	MainLoop	1	H4sIAAAAAAAACpWUy27CMBBF/8VrQBMnsZNsYdFKUCFB2/VADUXKS7FTCSH+veIVjyNaOctcR8fjO3PnxJarT7VZqeZHNYvqq82VZtmJvWGhWPbscMSmVVsalgUwYnPUZqVUyTLGgYsx8DGk60BmXGRROkllFEhIxiAyAHYesRobVZopGnKH1Tp07EEO05hHlqyP+l2rhnAfSkcN/6fGMAEBIZeEukWj9lVzJNhO6rjSp9oYArDc4mrmDA0SMhF9a76xkwQCy8a67oEfSkdNfagckpD4227ctt2Fjsl93IVEyj6zbzBVh/WOizS2dDK7zyea0COvUQ4Tgse6fi13lWvzVRlmcxgLEpAFmu23E8GHYnPnNRIcBLVipnbY5maJDRbKqOYD87aX9D9+6e71ijsEtAXzav9y0MbtLxEHsUMJ4LT3QzX6UJVr3OTKeYlzMKgbEaR0XRVYHnZK07HvJNsPr4xKCSRNy9sU6kuZT/btXR+0BSIOdB9unbBevobtqyjkpN4tGsyrvUu8KsPGMhJ2p5x/AfiXjXZ8BgAA
	Logging: 2026-02-09T23:26:50.0623511Z	2026-02-09T17:26:50.0623511-06:00	Info	MetricsData	Track_HashTables	WebHost.ps1	ProcessLogQueue		Webhost	MainLoop	1	{"prefixesToTry":{"Name":"prefixesToTry","Count":2,"LastSeen":"2026-02-09T17:26:50.0619815-06:00"},"dbRoles":{"Name":"dbRoles","Count":15,"LastSeen":"2026-02-09T17:26:50.0616728-06:00"},"args":{"Name":"args","Count":0,"LastSeen":"2026-02-09T17:26:50.0615461-06:00"},"systemUsers":{"Name":"systemUsers","Count":2,"LastSeen":"2026-02-09T17:26:50.0621374-06:00"},"fileInfo":{"Name":"fileInfo","Count":2,"LastSeen":"2026-02-09T17:26:50.0617431-06:00"},"configRoles":{"Name":"configRoles","Count":6,"LastSeen":"2026-02-09T17:26:50.0616200-06:00"},"ModulePathEnv":{"Name":"ModulePathEnv","Count":19,"LastSeen":"2026-02-09T17:26:50.0619101-06:00"}}
	Logging: 2026-02-09T23:27:35.9265145Z	2026-02-09T17:27:35.9265145-06:00	Verbose	EventViewer	Event\ log\ request:\ 470\ events\ returned	apps\WebhostRealtimeEvents\routes\api\v1\logs\get.ps1	get.ps1		6ec71a85-fb79-4ebc-aa1d-587c7f8b403c		1	{"ResultCount":470,"Filters":{"categories":null,"userID":null,"severities":null,"source":null,"activityName":null,"filter":null,"runspaceID":null,"sessionID":null},"TimeRange":15}
	Logging: 2026-02-09T23:27:35.9295883Z	2026-02-09T17:27:35.9295883-06:00	Info	MetricsData	Track_HashTables	WebHost.ps1	ProcessLogQueue		Webhost	MainLoop	1	H4sIAAAAAAAACpWUQW8CIRCF/wtn27DsArt71UObaGOi1fNo0ZqsuwbYJsb43xutwmBsAtcH+RjevJkTmc6WajVT+kfpSffVN8qQ+kQ+YK9I/exwQIZd31pSZ3RAxmDsTKmW1IRRJl4oe6HVPJM1k3XOXytWZtVFEzWl5DwgB9CqtUOw6A2vOTSPIMtKlpknm6P5NEoj7l1x1Dym3lxQ7qlrsGrb6SPCOslxZUy1hSiQD/urmSOwgMhITKpZlkJSz4bD4QF8Vxy1iqHmVKCKTb8K23YTHJPFuMuqDFX6h3g0GKuJvWN54ekou88TjehFVJQFDW1+bzddaPNVSbSZS1T0BOz6OxjBu+LnLioSOa2wFSO1gb6xU9CwV1bpBTT9w6T/c8W9GzXulFP0m3G3fdsZG/YXiUlsKTiX+E8Lpc2ua+ewalTwk+AgqRtllhUlGlNodxtlcOyd5PsRNaOylEFDlpcUmkuZT/btTU9LP2NUBJsrXFqp+4rycA9C021D4lVJi2WRe3vPv5ZFQ4x8BgAA
	Logging: 2026-02-09T23:27:35.9315223Z	2026-02-09T17:27:35.9315223-06:00	Info	MetricsData	Track_HashTables	WebHost.ps1	ProcessLogQueue		Webhost	MainLoop	1	{"prefixesToTry":{"Name":"prefixesToTry","Count":2,"LastSeen":"2026-02-09T17:27:35.9309930-06:00"},"dbRoles":{"Name":"dbRoles","Count":15,"LastSeen":"2026-02-09T17:27:35.9306692-06:00"},"args":{"Name":"args","Count":0,"LastSeen":"2026-02-09T17:27:35.9305366-06:00"},"systemUsers":{"Name":"systemUsers","Count":2,"LastSeen":"2026-02-09T17:27:35.9311802-06:00"},"fileInfo":{"Name":"fileInfo","Count":2,"LastSeen":"2026-02-09T17:27:35.9307362-06:00"},"configRoles":{"Name":"configRoles","Count":6,"LastSeen":"2026-02-09T17:27:35.9306146-06:00"},"ModulePathEnv":{"Name":"ModulePathEnv","Count":19,"LastSeen":"2026-02-09T17:27:35.9309167-06:00"}}
	Logging: 2026-02-09T23:27:53.9276898Z	2026-02-09T17:27:53.9276898-06:00	Info	MetricsData	Track_HashTables	WebHost.ps1	ProcessLogQueue		Webhost	MainLoop	1	H4sIAAAAAAAACpWUy27CMBBF/8VrqGwnfmULi1aCCgnargdqKFJIUOxUQoh/r3g5Y0QlZ5nr6Hh8584cyWz+ZZdz2/zaZlp/t6V1pDiSd9hZUjw7HJBR3VaeFIwOyAScn1tbkYJwyuWQ8iE1C6YKrgqRvRiuKKfZkMqCUnIakD00tvIj8OiOTgtokUCWmknRkd3BfTjbIO5dCdQspV5mmOqoK/B2UzcHhA1S4KoErtBa5R13dzFzDB4QGYm9apYq58gJ2O8fwHclUE1KxYpJjfxtl3HbbkJg8iR3mUFpuCIeDcZqz94J7APK7vNEI3qeYrPRRkY2v1XrOrb5ovS0WUkUuCn41U80gnelm7uUWqURDFsxtmtoSz+DBnbW2+YTyvZh0v/5JdybMu5Sa4ZaMKk3r1vn4/4isR87YxqFZzb/tI3b1tUClqWNXhId9OqGNDn2bQfVdm0djn2Qun4kzaiIkj+7ptCdy3yyb296v/TT3CDrV9Gwnr967iuOt+sKPJT1JiZelF6xFFqo4MLpD2SfkIV8BgAA
	Logging: 2026-02-09T23:27:53.9296481Z	2026-02-09T17:27:53.9296481-06:00	Info	MetricsData	Track_HashTables	WebHost.ps1	ProcessLogQueue		Webhost	MainLoop	1	{"prefixesToTry":{"Name":"prefixesToTry","Count":2,"LastSeen":"2026-02-09T17:27:53.9290847-06:00"},"dbRoles":{"Name":"dbRoles","Count":15,"LastSeen":"2026-02-09T17:27:53.9287339-06:00"},"ModulePathEnv":{"Name":"ModulePathEnv","Count":19,"LastSeen":"2026-02-09T17:27:53.9290126-06:00"},"args":{"Name":"args","Count":0,"LastSeen":"2026-02-09T17:27:53.9285816-06:00"},"systemUsers":{"Name":"systemUsers","Count":2,"LastSeen":"2026-02-09T17:27:53.9293521-06:00"},"fileInfo":{"Name":"fileInfo","Count":2,"LastSeen":"2026-02-09T17:27:53.9287965-06:00"},"logEntries":{"Name":"logEntries","Count":3,"LastSeen":"2026-02-09T17:27:53.9289154-06:00"},"configRoles":{"Name":"configRoles","Count":6,"LastSeen":"2026-02-09T17:27:53.9286541-06:00"}}
	Logging: 2026-02-09T23:28:25.9403495Z	2026-02-09T17:28:25.9403495-06:00	Info	MetricsData	Track_HashTables	WebHost.ps1	ProcessLogQueue		Webhost	MainLoop	1	{"prefixesToTry":{"Name":"prefixesToTry","Count":2,"LastSeen":"2026-02-09T17:28:25.9397589-06:00"},"dbRoles":{"Name":"dbRoles","Count":15,"LastSeen":"2026-02-09T17:28:25.9392384-06:00"},"ModulePathEnv":{"Name":"ModulePathEnv","Count":19,"LastSeen":"2026-02-09T17:28:25.9396118-06:00"},"args":{"Name":"args","Count":0,"LastSeen":"2026-02-09T17:28:25.8794815-06:00"},"systemUsers":{"Name":"systemUsers","Count":2,"LastSeen":"2026-02-09T17:28:25.9399809-06:00"},"fileInfo":{"Name":"fileInfo","Count":2,"LastSeen":"2026-02-09T17:28:25.9393729-06:00"},"logEntries":{"Name":"logEntries","Count":2,"LastSeen":"2026-02-09T17:28:25.9395142-06:00"},"configRoles":{"Name":"configRoles","Count":6,"LastSeen":"2026-02-09T17:28:25.8795527-06:00"}}
	Logging: 2026-02-09T23:28:56.1202216Z	2026-02-09T17:28:56.1202216-06:00	Info	MetricsData	Track_HashTables	WebHost.ps1	ProcessLogQueue		Webhost	MainLoop	1	H4sIAAAAAAAACpWUXWvCMBSG/0uudSRpmya91YsNdAg6d3100Qn9okkHIv73odP0RBwkl31TnpyP982JLJaferPU3Y/u5s1XX2pDihN5h0qT4tnhiEyavrakYHREZmDsUuuaFIRTLsaUj6lasbzgssjEC2NKiESOqSgoJecRaaHTtZ2ARXcMmkNnIeRECj6QzdF8GN0h7l1x1CSEKkVKB+oWrN433RFhneS4eQBXylyJgVtdhzkFC4iMxLiaeZ4mAxva9gF8VxxVhVQslMzRfPuNv7ab4Jg8pNJcXmSf+ThgrEbujlNUMfLuc0cjehpkZY4NB237Vu8af8xXJW7MuWAoIHOw228vgndlyF2QJZLUG8VU76Av7QI6qLTV3RrK/iHp//zi7g2Keyok6mbW7F8Pxvr7RWIcm7Ekwz2tdWcOTb2CTam9TryDqG2oLFHojgrqw04bbHsnDfsI8iZTKTLP4s+F5lLmk/f2pse538/r1gvr5SvyvWKZ/w5C2ex94lWJsqWUqWR36vkXja+NyHwGAAA=
	Logging: 2026-02-09T23:28:56.1224213Z	2026-02-09T17:28:56.1224213-06:00	Info	MetricsData	Track_HashTables	WebHost.ps1	ProcessLogQueue		Webhost	MainLoop	1	{"prefixesToTry":{"Name":"prefixesToTry","Count":2,"LastSeen":"2026-02-09T17:28:56.1218345-06:00"},"dbRoles":{"Name":"dbRoles","Count":15,"LastSeen":"2026-02-09T17:28:56.1215107-06:00"},"args":{"Name":"args","Count":0,"LastSeen":"2026-02-09T17:28:56.1211518-06:00"},"systemUsers":{"Name":"systemUsers","Count":2,"LastSeen":"2026-02-09T17:28:56.1219961-06:00"},"fileInfo":{"Name":"fileInfo","Count":2,"LastSeen":"2026-02-09T17:28:56.1215786-06:00"},"configRoles":{"Name":"configRoles","Count":6,"LastSeen":"2026-02-09T17:28:56.1214341-06:00"},"ModulePathEnv":{"Name":"ModulePathEnv","Count":19,"LastSeen":"2026-02-09T17:28:56.1217609-06:00"}}
	Logging: 2026-02-09T23:30:28.9119645Z	2026-02-09T17:30:28.9119645-06:00	Info	MetricsData	Track_HashTables	WebHost.ps1	ProcessLogQueue		Webhost	MainLoop	1	H4sIAAAAAAAACpWUy27CMBBF/8VrqGwncR5bWLQSVJFC6XqgA0XKA8VOJYT496pAkjGikr29to6vZ+7MmeXFJ24KbH+wXTZfXYmaZWf2DhWy7NnhhM2arjYsE3zCFqBNgVizjEku1ZTLKU9XIs4CnsnkJRUilKmYcpVxzi4TdoQWazMDQ94YtQEduZClSMKRrE/6Q2NLuL0yUAMXqlIiHalbMLhv2hPBDtLAjR24PA4Swq2uxZyDAUImop9nEQZqZMPx+ADulYGaujiOopQ41t3GbttdGJjSxWmUhMTpDfFYYKp69k5KQifZfZ5oQg9d8EEaJ1aZ3+pdY5f5qviVWUlJYrwEs/22RrBXxrlz8coTQah5MccddKXJoYUKDbZrKLuHSf/nyvCu07jLRJFxXzT714M2dn+J6MXmaRhy+qc1tvrQ1CvYlGj9xDrw6oYIItqNCurDDjWN/SCN/XDKJuc0PPkthfrP5pN9e9f90h/GQlqby15anvtKxdTvFgyUzd4mXhWvWPKYJ1FPvfwC/2nNxnwGAAA=
	Logging: 2026-02-09T23:30:28.9136645Z	2026-02-09T17:30:28.9136645-06:00	Info	MetricsData	Track_HashTables	WebHost.ps1	ProcessLogQueue		Webhost	MainLoop	1	{"prefixesToTry":{"Name":"prefixesToTry","Count":2,"LastSeen":"2026-02-09T17:30:28.9132772-06:00"},"dbRoles":{"Name":"dbRoles","Count":15,"LastSeen":"2026-02-09T17:30:28.9129687-06:00"},"args":{"Name":"args","Count":0,"LastSeen":"2026-02-09T17:30:28.9128447-06:00"},"systemUsers":{"Name":"systemUsers","Count":2,"LastSeen":"2026-02-09T17:30:28.9134310-06:00"},"fileInfo":{"Name":"fileInfo","Count":2,"LastSeen":"2026-02-09T17:30:28.9130296-06:00"},"configRoles":{"Name":"configRoles","Count":6,"LastSeen":"2026-02-09T17:30:28.9129176-06:00"},"ModulePathEnv":{"Name":"ModulePathEnv","Count":19,"LastSeen":"2026-02-09T17:30:28.9132046-06:00"}}
	Logging: 2026-02-09T23:31:14.5338344Z	2026-02-09T17:31:14.5338344-06:00	Info	MetricsData	Track_HashTables	WebHost.ps1	ProcessLogQueue		Webhost	MainLoop	1	H4sIAAAAAAAACpWUzW7CMBCE38VnqPyTxHGucGglqJBC6XmhhiKFBMVOJYR49wraOGtKJfs6jj47szN7JovyXa9L3X7pdt58dJU2pDiTVzhoUjw6HJFJ09WWFIyOyAyMLbWuSUE45dmY8jFVSyYLwQqWPKVC8CSnY5oVlJLLiByh1bWdgEV3DJpDpyFkmqRiIJuTeTO6RdxecVQRQk2YZAN1A1bvmvaEsE5yXBnAZbm6yj33cDNzChYQGYlRb+ZKZsnAhuPxDtwrjqpCXpypFE3OdGt/bL+CY/IQd0WSIRd+EPcGYzVudkIqREfZfZxoRE+Cosyy3LP5pd42vs03Jc5mmWLqHOzm06tgrwy9C4qEUKgci3Kqt9BVdgEtHLTV7Qqq7q7p/3zi7g2qO2MUhWbW7J73xvrzRWIUm+dMKPxPK92afVMvYV1p70+8g6hpCCYFRzWFer/VBsfeScM8gjqaqzz9k01zfeaDffurx6WfSym9zeUvrdh9RSUyewMWqmbnE29KVCxZnjG3qS7faYjhvHwGAAA=
	Logging: 2026-02-09T23:31:14.5357098Z	2026-02-09T17:31:14.5357098-06:00	Info	MetricsData	Track_HashTables	WebHost.ps1	ProcessLogQueue		Webhost	MainLoop	1	{"prefixesToTry":{"Name":"prefixesToTry","Count":2,"LastSeen":"2026-02-09T17:31:14.5351978-06:00"},"dbRoles":{"Name":"dbRoles","Count":15,"LastSeen":"2026-02-09T17:31:14.5348870-06:00"},"args":{"Name":"args","Count":0,"LastSeen":"2026-02-09T17:31:14.5347498-06:00"},"systemUsers":{"Name":"systemUsers","Count":2,"LastSeen":"2026-02-09T17:31:14.5353511-06:00"},"fileInfo":{"Name":"fileInfo","Count":2,"LastSeen":"2026-02-09T17:31:14.5349506-06:00"},"configRoles":{"Name":"configRoles","Count":6,"LastSeen":"2026-02-09T17:31:14.5348341-06:00"},"ModulePathEnv":{"Name":"ModulePathEnv","Count":19,"LastSeen":"2026-02-09T17:31:14.5351237-06:00"}}
	Logging: 2026-02-09T23:37:04.4173925Z	2026-02-09T17:37:04.4173925-06:00	Verbose	EventViewer	Event\ log\ request:\ 455\ events\ returned	apps\WebhostRealtimeEvents\routes\api\v1\logs\get.ps1	get.ps1		6ec71a85-fb79-4ebc-aa1d-587c7f8b403c		1	{"ResultCount":455,"Filters":{"categories":null,"userID":null,"severities":null,"source":null,"activityName":null,"filter":null,"runspaceID":null,"sessionID":null},"TimeRange":15}
	Logging: 2026-02-09T23:37:04.4198699Z	2026-02-09T17:37:04.4198699-06:00	Info	MetricsData	Track_HashTables	WebHost.ps1	ProcessLogQueue		Webhost	MainLoop	1	H4sIAAAAAAAACpWUzW7CMBCE38VnqBz/Jc4VDq0EVaRQel6ooUghiWynEkK8ewWFZBNRybmOrc/r2Z09kyz/NJvc2B9jl9VXUxhH0jN5h6Mh6bPDCZlVTelJGtEJWYDzuTElSQmjTE0pm1K9iuKUxykVLyLSnEk5pSqllFwmpAZrSj8Dj97otBYtQ8g0ZklHdif34YxF3IfSUnkIVUY86qhb8GZf2RPCtlLLjQO4iWIx4h5vZs7BAyIjcVzNlEasY0NdD8APpaXqkIqFEAL522z6bbsLLZOFVCq4okPm0GCsjvNBxAJ5jGb3+UQjugjBMyVQ8VDXb+Wu6tt8U8bZLKnWHXUJfvvdi+BD6XIXQtVKolqzfG520BQ+AwtH441dQ9EMkv7PlfbdoLhHgqIWLKr968H5fn+ROIqdJIor/Ke1se5QlSvYFKb3k97BqG5oRhWOKZSHnXF47Fup60fIbCaaKZTR7G8K3bXMJ/v2ro+bfq6uGtpc/aU1cl9JxVH6t+ChqPZ94k0ZN5ZSK/6gXn4Byzc2wHwGAAA=
	Logging: 2026-02-09T23:37:04.4216099Z	2026-02-09T17:37:04.4216099-06:00	Info	MetricsData	Track_HashTables	WebHost.ps1	ProcessLogQueue		Webhost	MainLoop	1	{"prefixesToTry":{"Name":"prefixesToTry","Count":2,"LastSeen":"2026-02-09T17:37:04.4212372-06:00"},"dbRoles":{"Name":"dbRoles","Count":15,"LastSeen":"2026-02-09T17:37:04.4209042-06:00"},"args":{"Name":"args","Count":0,"LastSeen":"2026-02-09T17:37:04.4207509-06:00"},"systemUsers":{"Name":"systemUsers","Count":2,"LastSeen":"2026-02-09T17:37:04.4213912-06:00"},"fileInfo":{"Name":"fileInfo","Count":2,"LastSeen":"2026-02-09T17:37:04.4209684-06:00"},"configRoles":{"Name":"configRoles","Count":6,"LastSeen":"2026-02-09T17:37:04.4208307-06:00"},"ModulePathEnv":{"Name":"ModulePathEnv","Count":19,"LastSeen":"2026-02-09T17:37:04.4211497-06:00"}}
	Logging: 2026-02-09T23:37:34.9600680Z	2026-02-09T17:37:34.9600680-06:00	Verbose	EventViewer	Event\ log\ request:\ 455\ events\ returned	apps\WebhostRealtimeEvents\routes\api\v1\logs\get.ps1	get.ps1		6ec71a85-fb79-4ebc-aa1d-587c7f8b403c		1	{"ResultCount":455,"Filters":{"categories":null,"userID":null,"severities":null,"source":null,"activityName":null,"filter":null,"runspaceID":null,"sessionID":null},"TimeRange":15}
	Logging: 2026-02-09T23:37:34.9624970Z	2026-02-09T17:37:34.9624970-06:00	Info	MetricsData	Track_HashTables	WebHost.ps1	ProcessLogQueue		Webhost	MainLoop	1	H4sIAAAAAAAACpWUX2/CIBTFvwvPukBLC/RVH7ZEF5M693x16Ez6L4UuMcbvvmiUXjqX0Mcemh9wzrmcySr/1Ntctz+6XdZfXaENyc7kHUpNsmeLEzKru8qSjNEJWYCxudYVyUhEo3RKoylVayayWGQxf1EpkyoWU5pmlJLLhDTQ6srOwKI9es2hkxByKiNENifzYXSLuA/FUeMAakSlpD11B1Yf6vaEsE5yXBFy2oiqqOeWNzPnYAGRkTjqzCyRKXICmmYAfiiOqkKolAqG/O22fmx3wTGjIHdZLIfMocFYHZkdl0lPR9193mhE50FVThSqBjTNW7WvfZtvykibU4aKsQS7+/ZG8KH0cxdUCYbDW+VzvYeusCtoodRWtxsousGk//OL2zdo3AWXKOBFfXg9Guvni8RxbM44Yq/yjW7Nsa7WsC20dxNvYVwaklE0SiVUx702uPZO6vMImlEulPrTTXM95pP39q6PewVULFCRdt6wXr/GvVeMc58GRX3wiTdlXC2ZEM7eyy8p8w9MfAYAAA==
	Logging: 2026-02-09T23:37:34.9644479Z	2026-02-09T17:37:34.9644479-06:00	Info	MetricsData	Track_HashTables	WebHost.ps1	ProcessLogQueue		Webhost	MainLoop	1	{"prefixesToTry":{"Name":"prefixesToTry","Count":2,"LastSeen":"2026-02-09T17:37:34.9639075-06:00"},"dbRoles":{"Name":"dbRoles","Count":15,"LastSeen":"2026-02-09T17:37:34.9635604-06:00"},"args":{"Name":"args","Count":0,"LastSeen":"2026-02-09T17:37:34.9634241-06:00"},"systemUsers":{"Name":"systemUsers","Count":2,"LastSeen":"2026-02-09T17:37:34.9640674-06:00"},"fileInfo":{"Name":"fileInfo","Count":2,"LastSeen":"2026-02-09T17:37:34.9636235-06:00"},"configRoles":{"Name":"configRoles","Count":6,"LastSeen":"2026-02-09T17:37:34.9635066-06:00"},"ModulePathEnv":{"Name":"ModulePathEnv","Count":19,"LastSeen":"2026-02-09T17:37:34.9638255-06:00"}}
	Logging: 2026-02-09T23:38:51.4198946Z	2026-02-09T17:38:51.4198946-06:00	Verbose	EventViewer	Event\ log\ request:\ 452\ events\ returned	apps\WebhostRealtimeEvents\routes\api\v1\logs\get.ps1	get.ps1		6ec71a85-fb79-4ebc-aa1d-587c7f8b403c		1	{"ResultCount":452,"Filters":{"categories":null,"userID":null,"severities":null,"source":null,"activityName":null,"filter":null,"runspaceID":null,"sessionID":null},"TimeRange":15}
	Logging: 2026-02-09T23:38:51.4224284Z	2026-02-09T17:38:51.4224284-06:00	Info	MetricsData	Track_HashTables	WebHost.ps1	ProcessLogQueue		Webhost	MainLoop	1	H4sIAAAAAAAACpWUy27CMBBF/8VrqGznYSdbWLQSVJFC6XqghiLlgWynEkL8ewUFZxxRyVnmOjoe37kzZ1KUn2pTKv2j9LL96iplSH4m71Arkj87nJBZ2zWW5IxOyAKMLZVqSE445emU8inNVkzkkcwT9hJzJpOMT2maU0ouE3IErRo7A4vu6DWHTkLIaUIR2ZzMh1EacR+Ko0YBVE5FEvfULVi1b/UJYZ3kuCKkWpYw0XPrm5lzsIDISBxVM0tEGvVsOB4H4IfiqFkAlWZCYH+7jd+2u+CYPKTSLE3pkDk0GKsjexclyGOU3eeJRvQ4KMpcMs/mt2bX+jbflFE2MxoJ2VOXYLff3gg+lH7ugiIRU2R0Uc7VDrrKFqChVlbpNVTdYNL/+cXdGzTugkkUmkW7fz0Y6/cXiePYMWPem9ZKm0PbrGBTKe8l3sG4bgjJ0R01NIedMjj2Tur7ETSjcYb3YPGXQnMt88m+vevjtoDMKEr/1hvW69e4fUUlDvsWLFTt3ifelHGxZJw66uUXUVEVG3wGAAA=
	Logging: 2026-02-09T23:38:51.4244130Z	2026-02-09T17:38:51.4244130-06:00	Info	MetricsData	Track_HashTables	WebHost.ps1	ProcessLogQueue		Webhost	MainLoop	1	{"prefixesToTry":{"Name":"prefixesToTry","Count":2,"LastSeen":"2026-02-09T17:38:51.4238146-06:00"},"dbRoles":{"Name":"dbRoles","Count":15,"LastSeen":"2026-02-09T17:38:51.4234938-06:00"},"args":{"Name":"args","Count":0,"LastSeen":"2026-02-09T17:38:51.4233650-06:00"},"systemUsers":{"Name":"systemUsers","Count":2,"LastSeen":"2026-02-09T17:38:51.4239762-06:00"},"fileInfo":{"Name":"fileInfo","Count":2,"LastSeen":"2026-02-09T17:38:51.4235573-06:00"},"configRoles":{"Name":"configRoles","Count":6,"LastSeen":"2026-02-09T17:38:51.4234411-06:00"},"ModulePathEnv":{"Name":"ModulePathEnv","Count":19,"LastSeen":"2026-02-09T17:38:51.4237394-06:00"}}
	Logging: 2026-02-09T23:39:21.7834240Z	2026-02-09T17:39:21.7834240-06:00	Info	MetricsData	Track_HashTables	WebHost.ps1	ProcessLogQueue		Webhost	MainLoop	1	H4sIAAAAAAAACpWUT28CIRDFvwtnbYCFZdmrHtpEG5O19jxatCb7xyxsE2P87k2tsoO1CXt9kB/DmzdzIovi3awL036Zdt58dKWxJD+RV6gMyR8djsik6WpHckZHZAbWFcbUJCec8nRM+ZjqJVN5onPOnlTGs0TJMU1zSsl5RA7QmtpNwKE3es2jZQxZakl7sj3aN2taxL0pnppEUBPKMHUDzuya9oiwXvJcFVMtVVL33Opi5hQcIDISB9XMJRfIYzgc7sA3xVN1BJVlGlNttw7bdhU8k8dUqgVDLvwi7g3G6jAftErTno6y+zjRiC6iokyT0OaXetuENl+UYTZrqVDRc3Cbz2AEb0o/dzG1iixDMV4UU7OFrnQLaKEyzrQrKLu7Sf/nin83atzTlKN3Z83ueW9d2F8kDmMnUmb4TyvT2n1TL2FdmuAnwcGgbnDFFaq/gnq/NRbH3kt9P6KyKUTK/2TT/pT5YN9e9WHpz1Itgs0VLq2h+4pRFPYNOCibXUi8KMNiSYVgN+r5G2dB/458BgAA
	Logging: 2026-02-09T23:39:21.8490625Z	2026-02-09T17:39:21.8490625-06:00	Info	MetricsData	Track_HashTables	WebHost.ps1	ProcessLogQueue		Webhost	MainLoop	1	{"prefixesToTry":{"Name":"prefixesToTry","Count":2,"LastSeen":"2026-02-09T17:39:21.8484557-06:00"},"dbRoles":{"Name":"dbRoles","Count":15,"LastSeen":"2026-02-09T17:39:21.8480754-06:00"},"args":{"Name":"args","Count":0,"LastSeen":"2026-02-09T17:39:21.8477067-06:00"},"systemUsers":{"Name":"systemUsers","Count":2,"LastSeen":"2026-02-09T17:39:21.8487140-06:00"},"fileInfo":{"Name":"fileInfo","Count":2,"LastSeen":"2026-02-09T17:39:21.8481817-06:00"},"configRoles":{"Name":"configRoles","Count":6,"LastSeen":"2026-02-09T17:39:21.8477987-06:00"},"ModulePathEnv":{"Name":"ModulePathEnv","Count":19,"LastSeen":"2026-02-09T17:39:21.8483772-06:00"}}
	Logging: 2026-02-09T23:39:51.9504222Z	2026-02-09T17:39:51.9504222-06:00	Info	MetricsData	Track_HashTables	WebHost.ps1	ProcessLogQueue		Webhost	MainLoop	1	{"prefixesToTry":{"Name":"prefixesToTry","Count":2,"LastSeen":"2026-02-09T17:39:51.9495784-06:00"},"dbRoles":{"Name":"dbRoles","Count":15,"LastSeen":"2026-02-09T17:39:51.8821230-06:00"},"args":{"Name":"args","Count":0,"LastSeen":"2026-02-09T17:39:51.8819868-06:00"},"systemUsers":{"Name":"systemUsers","Count":2,"LastSeen":"2026-02-09T17:39:51.9499434-06:00"},"fileInfo":{"Name":"fileInfo","Count":2,"LastSeen":"2026-02-09T17:39:51.8821865-06:00"},"configRoles":{"Name":"configRoles","Count":6,"LastSeen":"2026-02-09T17:39:51.8820694-06:00"},"ModulePathEnv":{"Name":"ModulePathEnv","Count":19,"LastSeen":"2026-02-09T17:39:51.9492769-06:00"}}
	Logging: 2026-02-09T23:40:37.7946382Z	2026-02-09T17:40:37.7946382-06:00	Info	MetricsData	Track_HashTables	WebHost.ps1	ProcessLogQueue		Webhost	MainLoop	1	H4sIAAAAAAAACpWUy27CMBBF/8VrqPzIy9nCopWgihRK1wM1FCkkUexUQoh/r0DgjFMq2ctcR8fjmXvnTIryU21K1f2obtl89ZXSJD+Tdzgqkj87nJBZ09eG5IxOyAK0KZWqSU445cmU8imVK5bmEc1F+pJKkWUxn9Ikp5RcJqSFTtVmBgbdMWgWHfuQ41REA1mf9IdWHeI+FEsVHtSIS0kH6haM2jfdCWGtZLmpT7VUxoh7vDVzDgYQGYlBNYtIsGRgQ9uOwA/FUqUHlWciQxXrfuOO7S5YJvfqLmfxmDluMFYDZxdn6UBH3n3uaESPvKwcC1Q8tO1bvWvcNt+UsDZLylBAlmC2304EH8qQO59ahYxRrUU5VzvoK1NAB0dlVLeGqh8l/Z9f7L1ecU9FhF6zaPavB23c+SIxjC0otnlRrlWnD029gk2lnJc4B0HTEBlNJIop1Ied0tj2Vhrm4ZVRkVD2x5v6WuaTfXvXw9zPGEM3bJ2wXr8C9xUX7h6Eqtm7xJsSZkuacGuPyy9k/zxpfAYAAA==
	Logging: 2026-02-09T23:40:37.7965354Z	2026-02-09T17:40:37.7965354-06:00	Info	MetricsData	Track_HashTables	WebHost.ps1	ProcessLogQueue		Webhost	MainLoop	1	{"prefixesToTry":{"Name":"prefixesToTry","Count":2,"LastSeen":"2026-02-09T17:40:37.7960127-06:00"},"dbRoles":{"Name":"dbRoles","Count":15,"LastSeen":"2026-02-09T17:40:37.7956788-06:00"},"args":{"Name":"args","Count":0,"LastSeen":"2026-02-09T17:40:37.7955529-06:00"},"systemUsers":{"Name":"systemUsers","Count":2,"LastSeen":"2026-02-09T17:40:37.7961847-06:00"},"fileInfo":{"Name":"fileInfo","Count":2,"LastSeen":"2026-02-09T17:40:37.7957385-06:00"},"configRoles":{"Name":"configRoles","Count":6,"LastSeen":"2026-02-09T17:40:37.7956272-06:00"},"ModulePathEnv":{"Name":"ModulePathEnv","Count":19,"LastSeen":"2026-02-09T17:40:37.7959086-06:00"}}
	Logging: 2026-02-09T23:40:52.8733547Z	2026-02-09T17:40:52.8733547-06:00	Info	MetricsData	Track_HashTables	WebHost.ps1	ProcessLogQueue		Webhost	MainLoop	1	{"prefixesToTry":{"Name":"prefixesToTry","Count":2,"LastSeen":"2026-02-09T17:40:52.8728154-06:00"},"dbRoles":{"Name":"dbRoles","Count":15,"LastSeen":"2026-02-09T17:40:52.8724390-06:00"},"ModulePathEnv":{"Name":"ModulePathEnv","Count":19,"LastSeen":"2026-02-09T17:40:52.8727298-06:00"},"args":{"Name":"args","Count":0,"LastSeen":"2026-02-09T17:40:52.8721809-06:00"},"systemUsers":{"Name":"systemUsers","Count":2,"LastSeen":"2026-02-09T17:40:52.8729824-06:00"},"fileInfo":{"Name":"fileInfo","Count":2,"LastSeen":"2026-02-09T17:40:52.8725061-06:00"},"logEntries":{"Name":"logEntries","Count":2,"LastSeen":"2026-02-09T17:40:52.8726374-06:00"},"configRoles":{"Name":"configRoles","Count":6,"LastSeen":"2026-02-09T17:40:52.8723723-06:00"}}
	Logging: 2026-02-09T23:42:09.6586043Z	2026-02-09T17:42:09.6586043-06:00	Info	MetricsData	Track_HashTables	WebHost.ps1	ProcessLogQueue		Webhost	MainLoop	1	{"prefixesToTry":{"Name":"prefixesToTry","Count":2,"LastSeen":"2026-02-09T17:42:09.5635345-06:00"},"dbRoles":{"Name":"dbRoles","Count":15,"LastSeen":"2026-02-09T17:42:09.5632274-06:00"},"args":{"Name":"args","Count":0,"LastSeen":"2026-02-09T17:42:09.5631062-06:00"},"systemUsers":{"Name":"systemUsers","Count":2,"LastSeen":"2026-02-09T17:42:09.6581690-06:00"},"fileInfo":{"Name":"fileInfo","Count":2,"LastSeen":"2026-02-09T17:42:09.5632893-06:00"},"configRoles":{"Name":"configRoles","Count":6,"LastSeen":"2026-02-09T17:42:09.5631769-06:00"},"ModulePathEnv":{"Name":"ModulePathEnv","Count":19,"LastSeen":"2026-02-09T17:42:09.5634619-06:00"}}
	Logging: 2026-02-09T23:42:40.4487342Z	2026-02-09T17:42:40.4487342-06:00	Info	MetricsData	Track_HashTables	WebHost.ps1	ProcessLogQueue		Webhost	MainLoop	1	{"prefixesToTry":{"Name":"prefixesToTry","Count":2,"LastSeen":"2026-02-09T17:42:40.4482507-06:00"},"dbRoles":{"Name":"dbRoles","Count":15,"LastSeen":"2026-02-09T17:42:40.4479007-06:00"},"args":{"Name":"args","Count":0,"LastSeen":"2026-02-09T17:42:40.4477459-06:00"},"systemUsers":{"Name":"systemUsers","Count":2,"LastSeen":"2026-02-09T17:42:40.4484191-06:00"},"fileInfo":{"Name":"fileInfo","Count":2,"LastSeen":"2026-02-09T17:42:40.4479770-06:00"},"configRoles":{"Name":"configRoles","Count":6,"LastSeen":"2026-02-09T17:42:40.4478429-06:00"},"ModulePathEnv":{"Name":"ModulePathEnv","Count":19,"LastSeen":"2026-02-09T17:42:40.4481552-06:00"}}
	Logging: 2026-02-09T23:44:14.2663634Z	2026-02-09T17:44:14.2663634-06:00	Info	MetricsData	Track_HashTables	WebHost.ps1	ProcessLogQueue		Webhost	MainLoop	1	H4sIAAAAAAAACpWUX2/CIBTFvwvPulAKtPRVH7ZElyZ17hkdOpP+MUCXGON3X3RKL41L4LGnzY/bc87ljMrqU20qpX+UXnZffa0MKs7oXTYKFc9eTtCs61uLigRP0EIaWynVogIRTPgUkykWqyQrKC0S+kI4y1POp5gXGKPLBB2lVq2dSQvOGDSHZiFkwhIxkM3JfBilAfehOGoaQOWYUDZQt9KqfadPAOskx80CuDRLWD5wm5uZc2klIAMxamaGWQY8lsfjCPxQHFWETMwoz4C//caP7S44JgmZVFBBx8yxwVCN80HkFPgAuvu80YBOQ/BZLhLP5rd21/k235Q4mzlO04G6lHb77a3gQxn2LqgSJAXhldVc7WRf21Jq2Sir9FrW/WjT//nEnRu07pRkoOaLbv96MNbPF4hRbCoIAQtfVmulzaFrV3JTK+9PvBdRaTDGGci4ke1hpwysvZOGPEK6SUWeAXD510JzHfPJfXvX49qf8xxEvvWW9foUd19xRrFHk3W394k3JaqWlOfM7f/lFz+5Z8N8BgAA
	Logging: 2026-02-09T23:44:14.2682147Z	2026-02-09T17:44:14.2682147-06:00	Info	MetricsData	Track_HashTables	WebHost.ps1	ProcessLogQueue		Webhost	MainLoop	1	{"prefixesToTry":{"Name":"prefixesToTry","Count":2,"LastSeen":"2026-02-09T17:44:14.2677437-06:00"},"dbRoles":{"Name":"dbRoles","Count":15,"LastSeen":"2026-02-09T17:44:14.2674360-06:00"},"args":{"Name":"args","Count":0,"LastSeen":"2026-02-09T17:44:14.2673109-06:00"},"systemUsers":{"Name":"systemUsers","Count":2,"LastSeen":"2026-02-09T17:44:14.2679688-06:00"},"fileInfo":{"Name":"fileInfo","Count":2,"LastSeen":"2026-02-09T17:44:14.2674969-06:00"},"configRoles":{"Name":"configRoles","Count":6,"LastSeen":"2026-02-09T17:44:14.2673841-06:00"},"ModulePathEnv":{"Name":"ModulePathEnv","Count":19,"LastSeen":"2026-02-09T17:44:14.2676697-06:00"}}
	Logging: 2026-02-09T23:44:30.2535776Z	2026-02-09T17:44:30.2535776-06:00	Info	MetricsData	Track_HashTables	WebHost.ps1	ProcessLogQueue		Webhost	MainLoop	1	{"prefixesToTry":{"Name":"prefixesToTry","Count":2,"LastSeen":"2026-02-09T17:44:30.2524562-06:00"},"dbRoles":{"Name":"dbRoles","Count":15,"LastSeen":"2026-02-09T17:44:30.2520057-06:00"},"ModulePathEnv":{"Name":"ModulePathEnv","Count":19,"LastSeen":"2026-02-09T17:44:30.2522901-06:00"},"args":{"Name":"args","Count":0,"LastSeen":"2026-02-09T17:44:30.2518603-06:00"},"systemUsers":{"Name":"systemUsers","Count":2,"LastSeen":"2026-02-09T17:44:30.2526744-06:00"},"fileInfo":{"Name":"fileInfo","Count":2,"LastSeen":"2026-02-09T17:44:30.2520717-06:00"},"logEntries":{"Name":"logEntries","Count":2,"LastSeen":"2026-02-09T17:44:30.2521965-06:00"},"configRoles":{"Name":"configRoles","Count":6,"LastSeen":"2026-02-09T17:44:30.2519480-06:00"}}
	Logging: 2026-02-09T23:45:00.3352102Z	2026-02-09T17:45:00.3352102-06:00	Info	MetricsData	Track_HashTables	WebHost.ps1	ProcessLogQueue		Webhost	MainLoop	1	{"prefixesToTry":{"Name":"prefixesToTry","Count":2,"LastSeen":"2026-02-09T17:45:00.3344064-06:00"},"dbRoles":{"Name":"dbRoles","Count":15,"LastSeen":"2026-02-09T17:45:00.3340378-06:00"},"args":{"Name":"args","Count":0,"LastSeen":"2026-02-09T17:45:00.3337609-06:00"},"systemUsers":{"Name":"systemUsers","Count":2,"LastSeen":"2026-02-09T17:45:00.3349752-06:00"},"fileInfo":{"Name":"fileInfo","Count":2,"LastSeen":"2026-02-09T17:45:00.3341058-06:00"},"configRoles":{"Name":"configRoles","Count":6,"LastSeen":"2026-02-09T17:45:00.3339420-06:00"},"ModulePathEnv":{"Name":"ModulePathEnv","Count":19,"LastSeen":"2026-02-09T17:45:00.3342865-06:00"}}
	Logging: 2026-02-09T23:45:45.5549901Z	2026-02-09T17:45:45.5549901-06:00	Info	MetricsData	Track_HashTables	WebHost.ps1	ProcessLogQueue		Webhost	MainLoop	1	H4sIAAAAAAAACpWUS4vCMBSF/0vWOuTZ11YXM6CDUEfX1050hNqWJh0Q8b8PiqY3xYF02dPy5fTcc3Mhq3yrd7luf3W7rL+7UhuSXcgnnDTJXr2ckFndVZZkjE7IAozNta5IRjjl0ZTyKU3XLM6kyqR6U0pKxuWURhml5DohDbS6sjOw6Ixec2gVQmapUj3ZnM2X0S3iPhVHFSHUSESIWoDVh7o9I6yTHDcO4ArForjnnu5hzsECIiNxnGdGE9GzoWkG4KfiqGmIY5pyivLtdv7YHoJj8hCnSrFkyBwGjNVxOahURT0ddfd1oxFdhuBFwlAg0DQf1b72Y74r42JmKkp76hJs8eOt4FPp9y7EKxUJw1HM9R660q6ghZO2ut1A2Q02/Z9P3LlB684jXPNFfXg/GuvPF4mj2CKJFSrPKt/o1hzrag27Unt/4r0YNQ0phOBoTaE67rXBtXdSP4+Qboo0lZ757a2F5mbzxX370Me1X0qBRl54y3p7GndfcUaR3wIslPXBJ96VUbUUXMbuprr+AclQTNF8BgAA
	Logging: 2026-02-09T23:45:45.5569738Z	2026-02-09T17:45:45.5569738-06:00	Info	MetricsData	Track_HashTables	WebHost.ps1	ProcessLogQueue		Webhost	MainLoop	1	{"prefixesToTry":{"Name":"prefixesToTry","Count":2,"LastSeen":"2026-02-09T17:45:45.5564570-06:00"},"dbRoles":{"Name":"dbRoles","Count":15,"LastSeen":"2026-02-09T17:45:45.5561128-06:00"},"args":{"Name":"args","Count":0,"LastSeen":"2026-02-09T17:45:45.5559771-06:00"},"systemUsers":{"Name":"systemUsers","Count":2,"LastSeen":"2026-02-09T17:45:45.5566776-06:00"},"fileInfo":{"Name":"fileInfo","Count":2,"LastSeen":"2026-02-09T17:45:45.5561994-06:00"},"configRoles":{"Name":"configRoles","Count":6,"LastSeen":"2026-02-09T17:45:45.5560591-06:00"},"ModulePathEnv":{"Name":"ModulePathEnv","Count":19,"LastSeen":"2026-02-09T17:45:45.5563796-06:00"}}
	Logging: 2026-02-09T23:46:31.7600398Z	2026-02-09T17:46:31.7600398-06:00	Info	MetricsData	Track_HashTables	WebHost.ps1	ProcessLogQueue		Webhost	MainLoop	1	H4sIAAAAAAAACpWUUW+CMBSF/0ufdWkLbSmv+rAlupDg3POVVWeCQGhZYoz/fdEJXIhLyiMH8vVyzrm9kCT9NLvU1D+mXpdfTW4siS/kHU6GxM9ezsiibApHYkZnZAXWpcYUJCaccjmnfE71hqk4lHHAXpTQIlTBnMqYUnKdkQpqU7gFOHRGr3Vo4UMOGA17sj3bD2tqxG2Vjhr4UBXXsqdm4MyhrM8I20kdV3lwo0jftJZ7upu5BAeIjMRpM/OQqZ4NVTUCt0pH1T4TK8Y18rfZDWN7CB2T+0wqhWBj5thgrE7zQUY4O9Td541G9NCryixEhYOqeiv25dDmuzLRZhWg8Nbgsu/BCrZKv3delaAiwlYszR6a3CVQw8k4U28hb0ab/s8n3ble6x4oiUqzKg+vR+uG+SJxGpvRCPmfpFtT22NZbGCXm8GfDF5MSkOHklK0plAc98bi2ndSn4dXN5lUKObkr4X2NuaT+/ahT2u/UBqNng2W9fY08b7iuEAZOMjLw5B4VybVMopEJFrq9RcdYVKbfAYAAA==
	Logging: 2026-02-09T23:46:31.7620350Z	2026-02-09T17:46:31.7620350-06:00	Info	MetricsData	Track_HashTables	WebHost.ps1	ProcessLogQueue		Webhost	MainLoop	1	{"prefixesToTry":{"Name":"prefixesToTry","Count":2,"LastSeen":"2026-02-09T17:46:31.7614526-06:00"},"dbRoles":{"Name":"dbRoles","Count":15,"LastSeen":"2026-02-09T17:46:31.7611304-06:00"},"args":{"Name":"args","Count":0,"LastSeen":"2026-02-09T17:46:31.7609716-06:00"},"systemUsers":{"Name":"systemUsers","Count":2,"LastSeen":"2026-02-09T17:46:31.7616936-06:00"},"fileInfo":{"Name":"fileInfo","Count":2,"LastSeen":"2026-02-09T17:46:31.7611953-06:00"},"configRoles":{"Name":"configRoles","Count":6,"LastSeen":"2026-02-09T17:46:31.7610762-06:00"},"ModulePathEnv":{"Name":"ModulePathEnv","Count":19,"LastSeen":"2026-02-09T17:46:31.7613770-06:00"}}
	Logging: 2026-02-09T23:47:02.2152238Z	2026-02-09T17:47:02.2152238-06:00	Verbose	EventViewer	Event\ log\ request:\ 449\ events\ returned	apps\WebhostRealtimeEvents\routes\api\v1\logs\get.ps1	get.ps1		6ec71a85-fb79-4ebc-aa1d-587c7f8b403c		1	{"ResultCount":449,"Filters":{"categories":null,"userID":null,"severities":null,"source":null,"activityName":null,"filter":null,"runspaceID":null,"sessionID":null},"TimeRange":15}
	Logging: 2026-02-09T23:47:02.2177562Z	2026-02-09T17:47:02.2177562-06:00	Info	MetricsData	Track_HashTables	WebHost.ps1	ProcessLogQueue		Webhost	MainLoop	1	H4sIAAAAAAAACpWUzW7CMBCE38VnqDaOYye5wqGVoEKC0vOSGoqUP8VOJYR49woKziaiknPMJPqynpn1ma3Wn3q31s2PbpbVV5trw9Ize8dCs/TZywmbVW1pWRrAhC3Q2LXWJUsZBy6nwKeQbAKVCpUCf+GB4qHgU5ApALtMWI2NLu0MLflHpzl05EGWiYS4I5uT+TC6IdyH4qihz7wiSMi8GVp9qJoTwTrJcZXPtJGAqOMWNzPnaJGQiThqZhnHkrCxrgfgh+KoiQ+VS5kQf9tdP7a74Jjcx91Q8GDIHBpM1XHZhSqRHZ1093mjCV14VRlohFjXb+W+6tt8U8bZHHJObF6izb57K/hQur3zqoSIFbVirvfY5naFDRba6maLeTvY9H8+cf/1WneIgQS8qA6vR2P7+RJxFFsqIYGeaasbc6zKDe5y3TtJ78WoNFQQAalQgeVxrw2tvZO6PPx2FBSJefXXQnMd88l9e9fHtZ9LegtkvWW9Po27r0RE583QYl4d+sSbMq6WEUQuwssvczbE+3wGAAA=
	Logging: 2026-02-09T23:47:02.2198735Z	2026-02-09T17:47:02.2198735-06:00	Info	MetricsData	Track_HashTables	WebHost.ps1	ProcessLogQueue		Webhost	MainLoop	1	{"prefixesToTry":{"Name":"prefixesToTry","Count":2,"LastSeen":"2026-02-09T17:47:02.2192693-06:00"},"dbRoles":{"Name":"dbRoles","Count":15,"LastSeen":"2026-02-09T17:47:02.2189462-06:00"},"args":{"Name":"args","Count":0,"LastSeen":"2026-02-09T17:47:02.2188118-06:00"},"systemUsers":{"Name":"systemUsers","Count":2,"LastSeen":"2026-02-09T17:47:02.2194557-06:00"},"fileInfo":{"Name":"fileInfo","Count":2,"LastSeen":"2026-02-09T17:47:02.2190115-06:00"},"configRoles":{"Name":"configRoles","Count":6,"LastSeen":"2026-02-09T17:47:02.2188908-06:00"},"ModulePathEnv":{"Name":"ModulePathEnv","Count":19,"LastSeen":"2026-02-09T17:47:02.2191929-06:00"}}
	Logging: 2026-02-09T23:47:48.2715911Z	2026-02-09T17:47:48.2715911-06:00	Info	MetricsData	Track_HashTables	WebHost.ps1	ProcessLogQueue		Webhost	MainLoop	1	H4sIAAAAAAAACpWUW2vCMBSA/0uedZwmvaWv+rCBjkKdez666ITeaNKBiP99WLQ9KY41j/1Svpyc24Wl2afaZar5Uc26+mpzpVlyYe9YKJY8O5yxRdWWhiUezNgKtcmUKlnCOPBwDnwOcuNFiR8lfvzCI5Be4M0hTADYdcZqbFRpFmjIHQPr1cEUcwQ39jDrs/7QqiHeB+mtYoLV80CQePdo1LFqzkTbo94bTYnW44JEW3TJXKJBYibQKWYIuRcPbqzrkfhBeqv83xpKKTjJhG53dtnuoHfyKdkFLmHsHCeYUrfaQSiCwU5693lHE7s/Jc1xzIke6/qtPFR2mjvikuYIAAIxWNdo9t/WCD7IMHdTrIEvSUuk2VIdsM1Nig0Wyqhmi3k7mvQ/funvnTTuURiHw72r6vh60sauL4FubiFCkqk026pGn6pyg7tcWS+xDtyqEQtajQLL00Fp2vY9GuoxaUb9Do96U9/CfLJv79xtC0g/Ihtmbw3r7cttX0EQS8uGeXW0jR1xa0uQw065/gK5dlkLfAYAAA==
	Logging: 2026-02-09T23:47:48.2739354Z	2026-02-09T17:47:48.2739354-06:00	Info	MetricsData	Track_HashTables	WebHost.ps1	ProcessLogQueue		Webhost	MainLoop	1	{"prefixesToTry":{"Name":"prefixesToTry","Count":2,"LastSeen":"2026-02-09T17:47:48.2734962-06:00"},"dbRoles":{"Name":"dbRoles","Count":15,"LastSeen":"2026-02-09T17:47:48.2730223-06:00"},"ModulePathEnv":{"Name":"ModulePathEnv","Count":19,"LastSeen":"2026-02-09T17:47:48.2734147-06:00"},"args":{"Name":"args","Count":0,"LastSeen":"2026-02-09T17:47:48.2728809-06:00"},"systemUsers":{"Name":"systemUsers","Count":2,"LastSeen":"2026-02-09T17:47:48.2736670-06:00"},"fileInfo":{"Name":"fileInfo","Count":2,"LastSeen":"2026-02-09T17:47:48.2730894-06:00"},"logEntries":{"Name":"logEntries","Count":3,"LastSeen":"2026-02-09T17:47:48.2732979-06:00"},"configRoles":{"Name":"configRoles","Count":6,"LastSeen":"2026-02-09T17:47:48.2729654-06:00"}}
	Logging: 2026-02-09T23:48:21.3720840Z	2026-02-09T17:48:21.3720840-06:00	Info	MetricsData	Track_HashTables	WebHost.ps1	ProcessLogQueue		Webhost	MainLoop	1	H4sIAAAAAAAACpWUUWvCMBSF/0uedSRpmrR91YcNdAg693x10Qm1lSQdiPjfR8WmN85B+tiT8uXm3HvuhSyWn3qz1OZHm3n91ZTakuJC3uGoSfHscEQmdVM5UjA6IjOwbql1RQrCKZdjysc0XzFViKzg7CVRjGcZH1NZUEquI3ICoys3AYfu6DWPTiPINBeS9WR7th9WG8TtFE9NYuqVmZQ9dQtO72tzRlgvea6KqVYkSvTc483MKThAZCQOqplmiuc9G06nB3CneGoeQ+UpdsI2m7Btd8EzeYy7Kcv/MB8Nxuqw3qUyRz6g2X0+0YguYvBMySSw+a3a1aHNN2WYzQnDYzwHt/0OItgpfe6iRiJJKbZiqnfQlG4BBo7aabOGsnlI+j+/+Huj4k6ZRHGf1fvXg3Vhf5E4iE0VZ8Gb1trYQ12tYFPq4CXBwaBuMMZVhmIK1WGnLR57L/X9iMqoykVQ/Gc7hbYt88m+vevDpl8whjbMNghr+zVsX7WrMKBBWe9D4k0ZNpaCCtVRr79JKbn0fAYAAA==
	Logging: 2026-02-09T23:48:21.4733175Z	2026-02-09T17:48:21.4733175-06:00	Info	MetricsData	Track_HashTables	WebHost.ps1	ProcessLogQueue		Webhost	MainLoop	1	{"prefixesToTry":{"Name":"prefixesToTry","Count":2,"LastSeen":"2026-02-09T17:48:21.4727472-06:00"},"dbRoles":{"Name":"dbRoles","Count":15,"LastSeen":"2026-02-09T17:48:21.3732031-06:00"},"args":{"Name":"args","Count":0,"LastSeen":"2026-02-09T17:48:21.3730605-06:00"},"systemUsers":{"Name":"systemUsers","Count":2,"LastSeen":"2026-02-09T17:48:21.4729169-06:00"},"fileInfo":{"Name":"fileInfo","Count":2,"LastSeen":"2026-02-09T17:48:21.4723772-06:00"},"configRoles":{"Name":"configRoles","Count":6,"LastSeen":"2026-02-09T17:48:21.3731478-06:00"},"ModulePathEnv":{"Name":"ModulePathEnv","Count":19,"LastSeen":"2026-02-09T17:48:21.4726496-06:00"}}
	Logging: 2026-02-09T23:48:51.8589624Z	2026-02-09T17:48:51.8589624-06:00	Info	MetricsData	Track_HashTables	WebHost.ps1	ProcessLogQueue		Webhost	MainLoop	1	H4sIAAAAAAAACpWUX2+CMBTFv0ufdSn9Qymv+rAlupDg3HN11ZkgmLYsMcbvvuik3BKXlEcO5NfLuef0goryU29KbX60WTZfbaUtyi/oXR01yp+9nKBZ09YO5QmeoIWyrtS6RjkimKRTTKZYrhKRsyznyUvGM0YxneI0xxhdJ+ikjK7dTDlwRq95NI8hJxnFPdme7YfVBnA7xVNpDDXFUvTUrXJ635gzwHrJc0UEVxBx0zru8W7mXDkFyEAcNzNmAnisTqcBuFM8VcZMnGDCgL/tJlzbQ/BMEjMppzIdMocGQ3WcD1zAiUF2nyca0FkMnkqeBTa/1bsmtPmujLSZp7KnLpXbfgcV7JS+d1GRwBTMWpRzvVNt5Qpl1FE7bdaqagdN/+cTf25U3YngYAWLZv96sC7cLxBHsQWTCSh8Ua61sYemXqlNpYM/CV6M2kZGWcpBTVV92GkLY++lfh8x2RQyIaCjxV8K7W3MJ/ftQx+XfpbC9G+Dst6eRt5XOA3vQVU1+5B4V0bFUhAqvb3XXwY5RTN8BgAA
	Logging: 2026-02-09T23:48:51.8606984Z	2026-02-09T17:48:51.8606984-06:00	Info	MetricsData	Track_HashTables	WebHost.ps1	ProcessLogQueue		Webhost	MainLoop	1	{"prefixesToTry":{"Name":"prefixesToTry","Count":2,"LastSeen":"2026-02-09T17:48:51.8602652-06:00"},"dbRoles":{"Name":"dbRoles","Count":15,"LastSeen":"2026-02-09T17:48:51.8599092-06:00"},"args":{"Name":"args","Count":0,"LastSeen":"2026-02-09T17:48:51.8597857-06:00"},"systemUsers":{"Name":"systemUsers","Count":2,"LastSeen":"2026-02-09T17:48:51.8604201-06:00"},"fileInfo":{"Name":"fileInfo","Count":2,"LastSeen":"2026-02-09T17:48:51.8599726-06:00"},"configRoles":{"Name":"configRoles","Count":6,"LastSeen":"2026-02-09T17:48:51.8598579-06:00"},"ModulePathEnv":{"Name":"ModulePathEnv","Count":19,"LastSeen":"2026-02-09T17:48:51.8601858-06:00"}}
	Logging: 2026-02-09T23:54:10.0190599Z	2026-02-09T17:54:10.0190599-06:00	Info	MetricsData	Track_HashTables	WebHost.ps1	ProcessLogQueue		Webhost	MainLoop	1	{"prefixesToTry":{"Name":"prefixesToTry","Count":2,"LastSeen":"2026-02-09T17:54:10.0186305-06:00"},"dbRoles":{"Name":"dbRoles","Count":15,"LastSeen":"2026-02-09T17:54:10.0180135-06:00"},"args":{"Name":"args","Count":0,"LastSeen":"2026-02-09T17:54:10.0178281-06:00"},"systemUsers":{"Name":"systemUsers","Count":2,"LastSeen":"2026-02-09T17:54:10.0187969-06:00"},"fileInfo":{"Name":"fileInfo","Count":2,"LastSeen":"2026-02-09T17:54:10.0182193-06:00"},"configRoles":{"Name":"configRoles","Count":6,"LastSeen":"2026-02-09T17:54:10.0179488-06:00"},"ModulePathEnv":{"Name":"ModulePathEnv","Count":19,"LastSeen":"2026-02-09T17:54:10.0184899-06:00"}}
	Logging: 2026-02-09T23:55:11.3247480Z	2026-02-09T17:55:11.3247480-06:00	Info	MetricsData	Track_HashTables	WebHost.ps1	ProcessLogQueue		Webhost	MainLoop	1	H4sIAAAAAAAACpWUT2/CMAzFv0vOMKVO0tJe4bBJMFUq286GBYbUf2rSSQjx3achaJ2Oieb6Uv3svmf7xNLsQ28y3XzrZlV9trk2LDmxVyw0S+49Tti8akvLkoBP2BKNzbQuWcKAQzjlMOXxOogSpZIgeBIgeSjllIcJ5+w8YTU2urRztKRGr3Vo9ZAMSoEIZz3ZHM2b0Q3h3pSOKsb0C6GAnrpFq/dVcyTYTuq40YhuJUQi7LnFxcwFWiRkInr0DErGoSRsrOsB+KZ01HgMNeCCJGfajRvbVeiYMMbdYBbzIXNoMFU9swNJsiOze3+iCV2OwItYRqR5rOuXcle5Nl8UT5tDEfXUFdrtl7OCN6XfuzFUFXGyHGm20Dtsc5tig4W2unnHvB1s+j+fdHUfrzsoJYSM+7rLav98MNbNl4hebCkjIP6n2btuzKEq17jJtfMnzoNXGkpyIGkUWB522tCx76Q+j1E7qgT/O5vmt8079/aq+01/wGfCuVzu0fK9VwGQILdoMa/2LvGi+I0lSKFu1PMPBCGjAnwGAAA=
	Logging: 2026-02-09T23:55:11.3266005Z	2026-02-09T17:55:11.3266005-06:00	Info	MetricsData	Track_HashTables	WebHost.ps1	ProcessLogQueue		Webhost	MainLoop	1	{"prefixesToTry":{"Name":"prefixesToTry","Count":2,"LastSeen":"2026-02-09T17:55:11.3261053-06:00"},"dbRoles":{"Name":"dbRoles","Count":15,"LastSeen":"2026-02-09T17:55:11.3257557-06:00"},"args":{"Name":"args","Count":0,"LastSeen":"2026-02-09T17:55:11.3256341-06:00"},"systemUsers":{"Name":"systemUsers","Count":2,"LastSeen":"2026-02-09T17:55:11.3262668-06:00"},"fileInfo":{"Name":"fileInfo","Count":2,"LastSeen":"2026-02-09T17:55:11.3258173-06:00"},"configRoles":{"Name":"configRoles","Count":6,"LastSeen":"2026-02-09T17:55:11.3257049-06:00"},"ModulePathEnv":{"Name":"ModulePathEnv","Count":19,"LastSeen":"2026-02-09T17:55:11.3259863-06:00"}}
	Logging: 2026-02-09T23:55:57.2606812Z	2026-02-09T17:55:57.2606812-06:00	Info	MetricsData	Track_HashTables	WebHost.ps1	ProcessLogQueue		Webhost	MainLoop	1	{"prefixesToTry":{"Name":"prefixesToTry","Count":2,"LastSeen":"2026-02-09T17:55:57.2598144-06:00"},"dbRoles":{"Name":"dbRoles","Count":15,"LastSeen":"2026-02-09T17:55:57.1569868-06:00"},"ModulePathEnv":{"Name":"ModulePathEnv","Count":19,"LastSeen":"2026-02-09T17:55:57.2597109-06:00"},"args":{"Name":"args","Count":0,"LastSeen":"2026-02-09T17:55:57.1568638-06:00"},"systemUsers":{"Name":"systemUsers","Count":2,"LastSeen":"2026-02-09T17:55:57.2602753-06:00"},"fileInfo":{"Name":"fileInfo","Count":2,"LastSeen":"2026-02-09T17:55:57.2593867-06:00"},"logEntries":{"Name":"logEntries","Count":2,"LastSeen":"2026-02-09T17:55:57.2596073-06:00"},"configRoles":{"Name":"configRoles","Count":6,"LastSeen":"2026-02-09T17:55:57.1569353-06:00"}}
	Logging: 2026-02-09T23:57:12.6522122Z	2026-02-09T17:57:12.6522122-06:00	Info	MetricsData	Track_HashTables	WebHost.ps1	ProcessLogQueue		Webhost	MainLoop	1	{"prefixesToTry":{"Name":"prefixesToTry","Count":2,"LastSeen":"2026-02-09T17:57:12.6516060-06:00"},"dbRoles":{"Name":"dbRoles","Count":15,"LastSeen":"2026-02-09T17:57:12.6512903-06:00"},"args":{"Name":"args","Count":0,"LastSeen":"2026-02-09T17:57:12.6511596-06:00"},"systemUsers":{"Name":"systemUsers","Count":2,"LastSeen":"2026-02-09T17:57:12.6517902-06:00"},"fileInfo":{"Name":"fileInfo","Count":2,"LastSeen":"2026-02-09T17:57:12.6513545-06:00"},"configRoles":{"Name":"configRoles","Count":6,"LastSeen":"2026-02-09T17:57:12.6512371-06:00"},"ModulePathEnv":{"Name":"ModulePathEnv","Count":19,"LastSeen":"2026-02-09T17:57:12.6515313-06:00"}}
	Logging: 2026-02-09T23:58:44.4884452Z	2026-02-09T17:58:44.4884452-06:00	Info	MetricsData	Track_HashTables	WebHost.ps1	ProcessLogQueue		Webhost	MainLoop	1	{"prefixesToTry":{"Name":"prefixesToTry","Count":2,"LastSeen":"2026-02-09T17:58:44.4879117-06:00"},"dbRoles":{"Name":"dbRoles","Count":15,"LastSeen":"2026-02-09T17:58:44.4874247-06:00"},"args":{"Name":"args","Count":0,"LastSeen":"2026-02-09T17:58:44.4872537-06:00"},"systemUsers":{"Name":"systemUsers","Count":2,"LastSeen":"2026-02-09T17:58:44.4880875-06:00"},"fileInfo":{"Name":"fileInfo","Count":2,"LastSeen":"2026-02-09T17:58:44.4875097-06:00"},"configRoles":{"Name":"configRoles","Count":6,"LastSeen":"2026-02-09T17:58:44.4873609-06:00"},"ModulePathEnv":{"Name":"ModulePathEnv","Count":19,"LastSeen":"2026-02-09T17:58:44.4877952-06:00"}}
	Logging: 2026-02-10T00:00:15.9336043Z	2026-02-09T18:00:15.9336043-06:00	Info	MetricsData	Track_HashTables	WebHost.ps1	ProcessLogQueue		Webhost	MainLoop	1	H4sIAAAAAAAACpWUUW/CIBSF/wvPulyglNJXfdgSXZro3DNu6ExqawpdYoz/fdEpvTQuK68H8nG559x7IsXi3awXpvk2zbz+bEtjSX4ir3pvSP7ocEQmdVs5klMYkZm2bmFMRXLCgKVjYGNQS5rlADkVT4pz4AkfQ5oDkPOIHHRjKjfRDr3RaR4t/iVnjHNgSUe2R/tmTYO4d8VT+ZB6Gc+yjvqhndnWzRFhveS5ckC1TGa42v21mVPtNCIjMaLmjHHGgXZsfTj0wHfFU9WQihOFnbPtOrTtJngmG9JdKlTaZ/YbjNU476hKkXcou48TjejJADxTWa/NL9WmDtt8VeLaLIRAwZhr9/EVjOBd6eZuSCSo4ohaLKZmo9vSFbrRe+NMs9Jl25v0P674d2HQUEpABs/q7fPOutBfJMaxQYLEf1qZxu7qaqnXpQl+EhxEuKE4k+Ii+zHV1W5jLI69lzo/Bs0oFXj+i98U2kuZD/btTY9LP0gOweYKl1bkvkpBioCmy3obEq9KVCxZmoCv8fwDMO6XGHwGAAA=
	Logging: 2026-02-10T00:00:15.9355251Z	2026-02-09T18:00:15.9355251-06:00	Info	MetricsData	Track_HashTables	WebHost.ps1	ProcessLogQueue		Webhost	MainLoop	1	{"prefixesToTry":{"Name":"prefixesToTry","Count":2,"LastSeen":"2026-02-09T18:00:15.9350283-06:00"},"dbRoles":{"Name":"dbRoles","Count":15,"LastSeen":"2026-02-09T18:00:15.9347009-06:00"},"args":{"Name":"args","Count":0,"LastSeen":"2026-02-09T18:00:15.9345680-06:00"},"systemUsers":{"Name":"systemUsers","Count":2,"LastSeen":"2026-02-09T18:00:15.9352403-06:00"},"fileInfo":{"Name":"fileInfo","Count":2,"LastSeen":"2026-02-09T18:00:15.9347679-06:00"},"configRoles":{"Name":"configRoles","Count":6,"LastSeen":"2026-02-09T18:00:15.9346477-06:00"},"ModulePathEnv":{"Name":"ModulePathEnv","Count":19,"LastSeen":"2026-02-09T18:00:15.9349514-06:00"}}
	Logging: 2026-02-10T00:01:33.7375772Z	2026-02-09T18:01:33.7375772-06:00	Info	MetricsData	Track_HashTables	WebHost.ps1	ProcessLogQueue		Webhost	MainLoop	1	H4sIAAAAAAAACpWUS2/CMBCE/4vPUPkVO8kVDq0EVaRQel5aQ5HyUuxUQoj/XkHBWSOqJtdJ9GUzM7tHkuXvZpOb9tu0y/qzK4wl6ZG8QmlI+ujhhMzqrnIkZXRCFmBdbkxFUsIpV1PKpzRZsTilLBXiSQtNpY6nVKWUktOENNCays3AoW/0mkdHA8gqFhHvyfZg36xpEfemeKoYMi+XMumpH+DMrm4PCOslz9VDphWJYj23vJg5BweIjMRRMysdKeQENM0d+KZ4avIvVSkhqRTI324TxnYVPJMPcZdpjtz9RdwbjNWR2VEV9XTU3ceNRnQ5qMpMoSpD07xU2zq0+aKMtFlRVIwluI+vYAVvSr93gyrBYhRels/NFrrCZdBCaZxp11B0d5v+xyv+u0PWXSVUoggW9e55b12YLxLHsRWTyP8sX5vW7utqBZvCBH8SPBiRxnl+zZBvJVT7rbG49l7q8xi0o0o/6KY9j/ng3l71ce2nOpbB5QqP1sh7RbkI7yAU9S4kXpRxtRRC+LKffgDJ4THMfAYAAA==
	Logging: 2026-02-10T00:01:33.7396142Z	2026-02-09T18:01:33.7396142-06:00	Info	MetricsData	Track_HashTables	WebHost.ps1	ProcessLogQueue		Webhost	MainLoop	1	{"prefixesToTry":{"Name":"prefixesToTry","Count":2,"LastSeen":"2026-02-09T18:01:33.7391591-06:00"},"dbRoles":{"Name":"dbRoles","Count":15,"LastSeen":"2026-02-09T18:01:33.7387276-06:00"},"args":{"Name":"args","Count":0,"LastSeen":"2026-02-09T18:01:33.7385725-06:00"},"systemUsers":{"Name":"systemUsers","Count":2,"LastSeen":"2026-02-09T18:01:33.7393207-06:00"},"fileInfo":{"Name":"fileInfo","Count":2,"LastSeen":"2026-02-09T18:01:33.7387997-06:00"},"configRoles":{"Name":"configRoles","Count":6,"LastSeen":"2026-02-09T18:01:33.7386506-06:00"},"ModulePathEnv":{"Name":"ModulePathEnv","Count":19,"LastSeen":"2026-02-09T18:01:33.7390691-06:00"}}
	Logging: 2026-02-10T00:02:35.8131191Z	2026-02-09T18:02:35.8131191-06:00	Info	MetricsData	Track_HashTables	WebHost.ps1	ProcessLogQueue		Webhost	MainLoop	1	H4sIAAAAAAAACpWUy27CMBBF/8VrqBw7dh5bWLQSVEihdD1QQ5Hyku1UQoh/r0rBj5RK9vY4Op7M3PEZrap3sa2E/BJy2X0MtVCoPKNXaAQqHx1O0KwbWo3KBE/QApSuhGhRiQgmfIrJFBfrJC8xKSl7yhPCKGNTzEuM0WWCepCi1TPQzh2WGTULMVPKiDWrk3pTQjreOzFWGmLNMKPWugMtDp08OVqDjDcL8CZ5irH1NtdmzkGDY3ZgXM2EM8cNfT8S34mxFiEVs5S7/R22/thuwDhJSKWcsnzsHDfYpXF94DwvrN3J7uNEO/Y0KMpeNKDvX9p957f5SuLazDOaWesS9O7TW8E7sXsXFAlSOMNbVXOxh6HWK5DQCC3kBuphtOn/fGLuDVr3FLsxX3SH56PS/nwdGOfGReKNdyOkOnbtGra18P7EO4iaBkk5cWbcQHvcC+XG3iA7j6BsJjlL/2RT/ZT54L298bj0Mz56ufxHK/K9ymjqbOoONNTdwTdeSVQsk/yKf62Xb1juWSZ8BgAA
	Logging: 2026-02-10T00:02:35.8150066Z	2026-02-09T18:02:35.8150066-06:00	Info	MetricsData	Track_HashTables	WebHost.ps1	ProcessLogQueue		Webhost	MainLoop	1	{"prefixesToTry":{"Name":"prefixesToTry","Count":2,"LastSeen":"2026-02-09T18:02:35.8144970-06:00"},"dbRoles":{"Name":"dbRoles","Count":15,"LastSeen":"2026-02-09T18:02:35.8141684-06:00"},"args":{"Name":"args","Count":0,"LastSeen":"2026-02-09T18:02:35.8140469-06:00"},"systemUsers":{"Name":"systemUsers","Count":2,"LastSeen":"2026-02-09T18:02:35.8146480-06:00"},"fileInfo":{"Name":"fileInfo","Count":2,"LastSeen":"2026-02-09T18:02:35.8142517-06:00"},"configRoles":{"Name":"configRoles","Count":6,"LastSeen":"2026-02-09T18:02:35.8141173-06:00"},"ModulePathEnv":{"Name":"ModulePathEnv","Count":19,"LastSeen":"2026-02-09T18:02:35.8144273-06:00"}}
	Logging: 2026-02-10T00:03:51.9380317Z	2026-02-09T18:03:51.9380317-06:00	Info	MetricsData	Track_HashTables	WebHost.ps1	ProcessLogQueue		Webhost	MainLoop	1	H4sIAAAAAAAACpWVT4vCMBDFv0vOuqRJmv656mEXdBHq6nl0oyvUVpJ0QcTvviiaTooLyfWl/DJ582Z6IYtqrTaV0r9Kz9vvrlaGlBfyCUdFyleHIzJpu8aSMqEjMgNjK6UaUhJGmRxTNqbFMslLyss0eSt4xvMsH1NZUkquI3ICrRo7AYvu6DWHTkPISSaSnmzO5ssojbhPxVF5CDWVkvbULVi1b/UZYZ3kuFkAV2Ycc493M6dgAZGRGFdzQjliw+k0AD8VRy1CKqY5E8jfbuO37SE4JgupVBQsHTKHBmM1sncsQz6g7L5ONKKLoCinaeHZ/NHsWt/muxJnc8Jz3lPnYLc/3gg+lX7uQmqlUqLhWFRTtYOutgvQcFRW6RXU3WDS//nE3Rs07kww9JpZu38/GOv3F4lRbFlIKvGbVkqbQ9ssYVMr7yXeQVQ3Mk7zDI0pNIedMjj2Tur7EZRNylKv+PUtheZW5ot9+9Dj0i+Sgnmby19akfuKMYmmfwsW6nbvE+9KVCxlKoT7G1z/AMhSQVN8BgAA
	Logging: 2026-02-10T00:03:51.9403969Z	2026-02-09T18:03:51.9403969-06:00	Info	MetricsData	Track_HashTables	WebHost.ps1	ProcessLogQueue		Webhost	MainLoop	1	{"prefixesToTry":{"Name":"prefixesToTry","Count":2,"LastSeen":"2026-02-09T18:03:51.9398852-06:00"},"dbRoles":{"Name":"dbRoles","Count":15,"LastSeen":"2026-02-09T18:03:51.9394411-06:00"},"args":{"Name":"args","Count":0,"LastSeen":"2026-02-09T18:03:51.9392409-06:00"},"systemUsers":{"Name":"systemUsers","Count":2,"LastSeen":"2026-02-09T18:03:51.9400807-06:00"},"fileInfo":{"Name":"fileInfo","Count":2,"LastSeen":"2026-02-09T18:03:51.9395416-06:00"},"configRoles":{"Name":"configRoles","Count":6,"LastSeen":"2026-02-09T18:03:51.9393613-06:00"},"ModulePathEnv":{"Name":"ModulePathEnv","Count":19,"LastSeen":"2026-02-09T18:03:51.9397708-06:00"}}
	Logging: 2026-02-10T00:05:09.1676761Z	2026-02-09T18:05:09.1676761-06:00	Verbose	EventViewer	Event\ log\ request:\ 436\ events\ returned	apps\WebhostRealtimeEvents\routes\api\v1\logs\get.ps1	get.ps1		6ec71a85-fb79-4ebc-aa1d-587c7f8b403c		1	{"ResultCount":436,"Filters":{"categories":null,"userID":null,"severities":null,"source":null,"activityName":null,"filter":null,"runspaceID":null,"sessionID":null},"TimeRange":15}
	Logging: 2026-02-10T00:05:09.1711947Z	2026-02-09T18:05:09.1711947-06:00	Info	MetricsData	Track_HashTables	WebHost.ps1	ProcessLogQueue		Webhost	MainLoop	1	H4sIAAAAAAAACpWVzW7CMBCE38VnqNZOYse5wqGVoIoUSs+GGoqUH2Q7lRDi3StocdYRVZNjxtG3m9lZ50zy4l1vCm2+tFk2H22pLcnO5FVVmmSPDidk1rS1IxmFCVko6wqta5IRBoxPgU1BrmiaQZKBfKICBJV0CjwDIJcJOSqjazdTDtXoNI9OhpBjIeOObE/2zWqDuHfFU6MhVEkFom6V0/vGnBDWS54r/udymcQ06rjVzcy5cgqRkTiu5xi46NjqeOyB74qnyiEdUwBA/rabcGy/gmeyIZ2mDNI+s28wVsf5kAqJPEbZfZxoRI+H4HkqWGDzS71rQptvyjibWQSo6aVy289gBe9Kt3dDeo0SjoaXF3O9U23pcmVUpZ02a1W2vU3/4xVfd9C6JzGuu2j2zwfrwvkicQyby1TwYLxrbeyhqVdqU+rgS4KDMdMQwBmuUan6sNMWx95L3TwGZZMKinY0/0mhvbb54L791celX8Q4/dtgWa9P4+6rKBUhTZXNPiTelDGx5DIW3d/g8g1kH+gCfAYAAA==
	Logging: 2026-02-10T00:05:09.1743865Z	2026-02-09T18:05:09.1743865-06:00	Info	MetricsData	Track_HashTables	WebHost.ps1	ProcessLogQueue		Webhost	MainLoop	1	{"prefixesToTry":{"Name":"prefixesToTry","Count":2,"LastSeen":"2026-02-09T18:05:09.1737882-06:00"},"dbRoles":{"Name":"dbRoles","Count":15,"LastSeen":"2026-02-09T18:05:09.1733251-06:00"},"args":{"Name":"args","Count":0,"LastSeen":"2026-02-09T18:05:09.1731741-06:00"},"systemUsers":{"Name":"systemUsers","Count":2,"LastSeen":"2026-02-09T18:05:09.1739499-06:00"},"fileInfo":{"Name":"fileInfo","Count":2,"LastSeen":"2026-02-09T18:05:09.1733889-06:00"},"configRoles":{"Name":"configRoles","Count":6,"LastSeen":"2026-02-09T18:05:09.1732603-06:00"},"ModulePathEnv":{"Name":"ModulePathEnv","Count":19,"LastSeen":"2026-02-09T18:05:09.1737003-06:00"}}
	Logging: 2026-02-10T00:05:39.2442394Z	2026-02-09T18:05:39.2442394-06:00	Verbose	EventViewer	Event\ log\ request:\ 438\ events\ returned	apps\WebhostRealtimeEvents\routes\api\v1\logs\get.ps1	get.ps1		6ec71a85-fb79-4ebc-aa1d-587c7f8b403c		1	{"ResultCount":438,"Filters":{"categories":null,"userID":null,"severities":null,"source":null,"activityName":null,"filter":null,"runspaceID":null,"sessionID":null},"TimeRange":15}
	Logging: 2026-02-10T00:05:39.2468914Z	2026-02-09T18:05:39.2468914-06:00	Info	MetricsData	Track_HashTables	WebHost.ps1	ProcessLogQueue		Webhost	MainLoop	1	H4sIAAAAAAAACpWUzW7CMBCE38VnqGwnzt8VDq0EFVIoPS/UUKSQRLZTCSHevSIizppSyT5mHH1e787shazKT7ktpfqRatl8dZXUpLiQdzhJUjw7nJBZ09WGFIxOyAK0KaWsSUE45cmU8inN1ywrqCii/IXHIo9FNKVJQSm5TkgLStZmBgbdMWoWLXzIKU/5SNZn/aGlQtxBsdTIg5owfpMH6g6MPDTqjLBWstzUp1oumBi5p76ZczCAyEgMqlkknOUjG9r2ATwolpr7UKnIMtTfbuuO7S5YJvfpLo1zPLMe8dhgrIbNjmYcVYy8+9zRiB57WZnFqHho27d637ht7pWwNjMWIcMtwey+nQgOypg7H6oQMYrdqpzLPXSVWYGCkzRSbaDqHpL+zy/2Xq+4Z5Qimy+aw+tRG3e+SAxjxyJK8Zs2UuljU69hW0nnJc5B2DSyJMUxhfq4lxrb3krjPLwyKljC/nhT38p8sm/vetgWyFOBtsDOCevtK2xfsSxFWdqBgao5uMReCbMl58xG6PoL3PtnmXwGAAA=
	Logging: 2026-02-10T00:05:39.2488664Z	2026-02-09T18:05:39.2488664-06:00	Info	MetricsData	Track_HashTables	WebHost.ps1	ProcessLogQueue		Webhost	MainLoop	1	{"prefixesToTry":{"Name":"prefixesToTry","Count":2,"LastSeen":"2026-02-09T18:05:39.2483440-06:00"},"dbRoles":{"Name":"dbRoles","Count":15,"LastSeen":"2026-02-09T18:05:39.2479456-06:00"},"args":{"Name":"args","Count":0,"LastSeen":"2026-02-09T18:05:39.2478111-06:00"},"systemUsers":{"Name":"systemUsers","Count":2,"LastSeen":"2026-02-09T18:05:39.2485004-06:00"},"fileInfo":{"Name":"fileInfo","Count":2,"LastSeen":"2026-02-09T18:05:39.2480158-06:00"},"configRoles":{"Name":"configRoles","Count":6,"LastSeen":"2026-02-09T18:05:39.2478911-06:00"},"ModulePathEnv":{"Name":"ModulePathEnv","Count":19,"LastSeen":"2026-02-09T18:05:39.2482652-06:00"}}
	Logging: 2026-02-10T00:06:09.3183239Z	2026-02-09T18:06:09.3183239-06:00	Verbose	EventViewer	Event\ log\ request:\ 440\ events\ returned	apps\WebhostRealtimeEvents\routes\api\v1\logs\get.ps1	get.ps1		6ec71a85-fb79-4ebc-aa1d-587c7f8b403c		1	{"ResultCount":440,"Filters":{"categories":null,"userID":null,"severities":null,"source":null,"activityName":null,"filter":null,"runspaceID":null,"sessionID":null},"TimeRange":15}
	Logging: 2026-02-10T00:06:09.3206208Z	2026-02-09T18:06:09.3206208-06:00	Debug	GlobalCache	Updated\ cache:\ 3\ jobs,\ 0\ runspaces,\ 0\ tasks\ \(0\.3841ms\)	WebHost.ps1::Update-GlobalCache	Update-GlobalCache				1	
	Logging: 2026-02-10T00:06:09.3239390Z	2026-02-09T18:06:09.3239390-06:00	Info	MetricsData	Track_HashTables	WebHost.ps1	ProcessLogQueue		Webhost	MainLoop	1	H4sIAAAAAAAACpWUy27CMBBF/8VrqPxInDhbWLQSVEihdD1QQ5HyQLFTCSH+vQKRZJxSyV7mOjoe37kzF7LKP/U2182Pbpb1V1toQ7ILeYdSk+zZ4YTM6rayJGN0QhZgbK51RTLCKZdTyqdUrVmaUZlR9SK4YIqp6e2LkuuEnKDRlZ2BRXcMWo+OPchcSskGsjmbD6MbxO2Unip86o2URPXuwOpD3ZwRtpd6buLBZWlMUbXl3cw5WEBkJAbVzCOVoprhdBqBO6WnKp+KY0Zj5G+7ddv2EHom93FXyEiMmWODsRrYO57IgY6y+zzRiB55RVnEqWPzW7WvXZvvSpjNkik6UJdgd9/OCHbKMHdekRASNW+Vz/Ue2sKuoIFSW91soGhHk/7PL/29PuPO0zRBMV/Uh9ejsW5/kRjG5kw4b9roxhzrag3bQjsvcQ6CuiFolKBRKqE67rXBse+loR9eMypi9Teb5lbmk3370MPSzyMZOZvLXVqB+ypxZmkHFor64BLvSlAsWaKipKNefwGwuqUxfAYAAA==
	Logging: 2026-02-10T00:06:09.3263259Z	2026-02-09T18:06:09.3263259-06:00	Info	MetricsData	Track_HashTables	WebHost.ps1	ProcessLogQueue		Webhost	MainLoop	1	{"prefixesToTry":{"Name":"prefixesToTry","Count":2,"LastSeen":"2026-02-09T18:06:09.3259257-06:00"},"dbRoles":{"Name":"dbRoles","Count":15,"LastSeen":"2026-02-09T18:06:09.3254109-06:00"},"args":{"Name":"args","Count":0,"LastSeen":"2026-02-09T18:06:09.3252381-06:00"},"systemUsers":{"Name":"systemUsers","Count":2,"LastSeen":"2026-02-09T18:06:09.3261239-06:00"},"fileInfo":{"Name":"fileInfo","Count":2,"LastSeen":"2026-02-09T18:06:09.3255324-06:00"},"configRoles":{"Name":"configRoles","Count":6,"LastSeen":"2026-02-09T18:06:09.3253155-06:00"},"ModulePathEnv":{"Name":"ModulePathEnv","Count":19,"LastSeen":"2026-02-09T18:06:09.3258176-06:00"}}
	Logging: 2026-02-10T00:06:24.3277780Z	2026-02-09T18:06:24.3277780-06:00	Verbose	EventViewer	Event\ log\ request:\ 445\ events\ returned	apps\WebhostRealtimeEvents\routes\api\v1\logs\get.ps1	get.ps1		6ec71a85-fb79-4ebc-aa1d-587c7f8b403c		1	{"ResultCount":445,"Filters":{"categories":null,"userID":null,"severities":null,"source":null,"activityName":null,"filter":null,"runspaceID":null,"sessionID":null},"TimeRange":15}
	Logging: 2026-02-10T00:06:24.3298976Z	2026-02-09T18:06:24.3298976-06:00	Info	MetricsData	Track_HashTables	WebHost.ps1	ProcessLogQueue		Webhost	MainLoop	1	H4sIAAAAAAAACpWUzW7CMBCE38VnqIzjnzhXOLQSVEih9LxQQ5FCEsVOJYR49woE8TqlknPMOPq83p3ZM1nmn2aTm+bHNIvqqy2MJdmZvMPRkOzZ4YhMq7Z0JJvQEZmDdbkxJckIo0yOKRtTvZqkGZUZ4y8J01wxNaYyo5RcRqSGxpRuCg7d4bUOLWLIE43J9mQ/rGkQ96F01CSGKjXjnroFZ/ZVc0LYTuq4KoKbKqGY5x5vzZyBA0RG4rCaqU6EZ0Nd98APpaPqmIpFQLXtJhzbXeiYLKZSobTuM/sNxurA2XGFHIG8+9zRiM6jrEw5Kh7q+q3cVWGbb8qwNksuqacuwG2/gwg+FJ+7KEsIhajLfGZ20BZuCQ0cjTPNGoq2l/R/funujYo7S3Xi751X+9eDdeF8kTiInWqRpvhNa9PYQ1WuYFOY4CXBwaBp6ESkOKZQHnbGYtt3kp9HXEYnWv7xpr2W+WTf3vVh7heUo7xug7Bev4btK6l5uAehqPYh8aYMsmWqmLfl5Re7l87XfAYAAA==
	Logging: 2026-02-10T00:06:24.3319517Z	2026-02-09T18:06:24.3319517-06:00	Info	MetricsData	Track_HashTables	WebHost.ps1	ProcessLogQueue		Webhost	MainLoop	1	{"prefixesToTry":{"Name":"prefixesToTry","Count":2,"LastSeen":"2026-02-09T18:06:24.3314017-06:00"},"dbRoles":{"Name":"dbRoles","Count":15,"LastSeen":"2026-02-09T18:06:24.3310533-06:00"},"ModulePathEnv":{"Name":"ModulePathEnv","Count":19,"LastSeen":"2026-02-09T18:06:24.3313307-06:00"},"args":{"Name":"args","Count":0,"LastSeen":"2026-02-09T18:06:24.3309247-06:00"},"systemUsers":{"Name":"systemUsers","Count":2,"LastSeen":"2026-02-09T18:06:24.3315632-06:00"},"fileInfo":{"Name":"fileInfo","Count":2,"LastSeen":"2026-02-09T18:06:24.3311180-06:00"},"logEntries":{"Name":"logEntries","Count":4,"LastSeen":"2026-02-09T18:06:24.3312398-06:00"},"configRoles":{"Name":"configRoles","Count":6,"LastSeen":"2026-02-09T18:06:24.3310005-06:00"}}
	Logging: 2026-02-10T00:07:09.6873885Z	2026-02-09T18:07:09.6873885-06:00	Info	MetricsData	Track_HashTables	WebHost.ps1	ProcessLogQueue		Webhost	MainLoop	1	{"prefixesToTry":{"Name":"prefixesToTry","Count":2,"LastSeen":"2026-02-09T18:07:09.6864076-06:00"},"dbRoles":{"Name":"dbRoles","Count":15,"LastSeen":"2026-02-09T18:07:09.6118975-06:00"},"args":{"Name":"args","Count":0,"LastSeen":"2026-02-09T18:07:09.6117485-06:00"},"systemUsers":{"Name":"systemUsers","Count":2,"LastSeen":"2026-02-09T18:07:09.6869196-06:00"},"fileInfo":{"Name":"fileInfo","Count":2,"LastSeen":"2026-02-09T18:07:09.6120558-06:00"},"configRoles":{"Name":"configRoles","Count":6,"LastSeen":"2026-02-09T18:07:09.6118442-06:00"},"ModulePathEnv":{"Name":"ModulePathEnv","Count":19,"LastSeen":"2026-02-09T18:07:09.6860257-06:00"}}
	Logging: 2026-02-10T00:08:10.2447391Z	2026-02-09T18:08:10.2447391-06:00	Verbose	EventViewer	Event\ log\ request:\ 448\ events\ returned	apps\WebhostRealtimeEvents\routes\api\v1\logs\get.ps1	get.ps1		6ec71a85-fb79-4ebc-aa1d-587c7f8b403c		1	{"ResultCount":448,"Filters":{"categories":null,"userID":null,"severities":null,"source":null,"activityName":null,"filter":null,"runspaceID":null,"sessionID":null},"TimeRange":15}
	Logging: 2026-02-10T00:08:10.2458140Z	2026-02-09T18:08:10.2458140-06:00	Debug	GlobalCache	Updated\ cache:\ 3\ jobs,\ 0\ runspaces,\ 0\ tasks\ \(0\.2298ms\)	WebHost.ps1::Update-GlobalCache	Update-GlobalCache				1	
	Logging: 2026-02-10T00:08:10.2481701Z	2026-02-09T18:08:10.2481701-06:00	Info	MetricsData	Track_HashTables	WebHost.ps1	ProcessLogQueue		Webhost	MainLoop	1	H4sIAAAAAAAACpWUX2vCMBTFv0uedaRpm6R91YcNdBTq3PPVRSf0H006EPG7D52mN+Igeexp+eX03HNzIkX5qTal6n9Uv2y/hkppkp/IO9SK5M9eTsisHRpD8ohOyAK0KZVqSE4YZXxK2ZRmq0jmVOYRfWGJ4JmgU8pzSsl5QjroVWNmYNAZo2bRqQ85ETIdyfqoP7TqEfeuWGrsQ5UyiUbqFozat/0RYa1kucKHSwVDOdTXMOdgAJGRGOY5oSIZ2dB1D+C7YqmZB5VLnnKU77Bxx3YTLJN5pes4/UM8BozVwNklMXKMuvu80YieeFWZM1Q46Lq3Zte6MV+VsJgzFrORugSz/XZW8K6Me+fjNRYUeS3KudrBUJkCeqiVUf0aquFh0//5xJ7rte5pwuV47qLdvx60ceeLxDA2c1aoKNeq14e2WcGmUs6fOC+CpiF4lCL/NTSHndK49lYa5+HVzTh2zX9eWqgvNp/ctzc9rP2CZaj9W2dZL0+B9xVNkd8tGKjavUu8KmG1pLG0ZT//AgqmGk98BgAA
	Logging: 2026-02-10T00:08:10.2499924Z	2026-02-09T18:08:10.2499924-06:00	Info	MetricsData	Track_HashTables	WebHost.ps1	ProcessLogQueue		Webhost	MainLoop	1	{"prefixesToTry":{"Name":"prefixesToTry","Count":2,"LastSeen":"2026-02-09T18:08:10.2495381-06:00"},"dbRoles":{"Name":"dbRoles","Count":15,"LastSeen":"2026-02-09T18:08:10.2492193-06:00"},"args":{"Name":"args","Count":0,"LastSeen":"2026-02-09T18:08:10.2490904-06:00"},"systemUsers":{"Name":"systemUsers","Count":2,"LastSeen":"2026-02-09T18:08:10.2496925-06:00"},"fileInfo":{"Name":"fileInfo","Count":2,"LastSeen":"2026-02-09T18:08:10.2492823-06:00"},"configRoles":{"Name":"configRoles","Count":6,"LastSeen":"2026-02-09T18:08:10.2491659-06:00"},"ModulePathEnv":{"Name":"ModulePathEnv","Count":19,"LastSeen":"2026-02-09T18:08:10.2494630-06:00"}}
	Logging: 2026-02-10T00:08:25.3411977Z	2026-02-09T18:08:25.3411977-06:00	Verbose	EventViewer	Event\ log\ request:\ 453\ events\ returned	apps\WebhostRealtimeEvents\routes\api\v1\logs\get.ps1	get.ps1		6ec71a85-fb79-4ebc-aa1d-587c7f8b403c		1	{"ResultCount":453,"Filters":{"categories":null,"userID":null,"severities":null,"source":null,"activityName":null,"filter":null,"runspaceID":null,"sessionID":null},"TimeRange":15}
	Logging: 2026-02-10T00:08:25.3437508Z	2026-02-09T18:08:25.3437508-06:00	Info	MetricsData	Track_HashTables	WebHost.ps1	ProcessLogQueue		Webhost	MainLoop	1	H4sIAAAAAAAACpWUzU7DMBCE38XnFtnrOLFzhQNILaoUfs7b4pZKaRLFDhJCvDuiUGddiuQcM4k+b2Zm/cFW1bNdV7Z/s/2yfRlq61j5we7xYFl56eWMXbdD41kp+Iwt0PnK2oaVDDjkcw5zbh6ELrkuQV3JTAqtYc7zknP2OWMd9rbx1+jJGaMW0CqBDKaQciS7d/fobE+4JyVQZcq8suBipG7Q213bvxNskAK3SJlWAeiReziaeYMeCZmIk2YGwyXxGLvuDHxSAtWkUIXJCNUN6zi2XyEwIcVdMIq4+4M4N5iqE7MDk4100t3LjSb0LKnKShE8dt1ds21jm4/KNJshM/lIXaLfvEYreFLGvUuh6jwndVtVN3aLQ+1X2OPBets/YT2cbfo/n4Rzk9adZ4Is5aLd3e6dj/Ml4iQ2FEoT9qp6sr3bt80Drmsb/Un0YlIaUnBN0jhgs99aR2sfpDGPpB3VoIo/3XTfY164b3/1ae0HQYu0iZb1+2nafSW5MBEN63YXE4/KtFpmCkKEn1/NM56DfAYAAA==
	Logging: 2026-02-10T00:08:25.3456983Z	2026-02-09T18:08:25.3456983-06:00	Info	MetricsData	Track_HashTables	WebHost.ps1	ProcessLogQueue		Webhost	MainLoop	1	{"prefixesToTry":{"Name":"prefixesToTry","Count":2,"LastSeen":"2026-02-09T18:08:25.3452449-06:00"},"dbRoles":{"Name":"dbRoles","Count":15,"LastSeen":"2026-02-09T18:08:25.3448250-06:00"},"ModulePathEnv":{"Name":"ModulePathEnv","Count":19,"LastSeen":"2026-02-09T18:08:25.3451663-06:00"},"args":{"Name":"args","Count":0,"LastSeen":"2026-02-09T18:08:25.3446949-06:00"},"systemUsers":{"Name":"systemUsers","Count":2,"LastSeen":"2026-02-09T18:08:25.3453996-06:00"},"fileInfo":{"Name":"fileInfo","Count":2,"LastSeen":"2026-02-09T18:08:25.3448878-06:00"},"logEntries":{"Name":"logEntries","Count":4,"LastSeen":"2026-02-09T18:08:25.3450377-06:00"},"configRoles":{"Name":"configRoles","Count":6,"LastSeen":"2026-02-09T18:08:25.3447727-06:00"}}
	Logging: 2026-02-10T00:08:40.6226566Z	2026-02-09T18:08:40.6226566-06:00	Info	MetricsData	Track_HashTables	WebHost.ps1	ProcessLogQueue		Webhost	MainLoop	1	{"prefixesToTry":{"Name":"prefixesToTry","Count":2,"LastSeen":"2026-02-09T18:08:40.6221164-06:00"},"dbRoles":{"Name":"dbRoles","Count":15,"LastSeen":"2026-02-09T18:08:40.6217321-06:00"},"ModulePathEnv":{"Name":"ModulePathEnv","Count":19,"LastSeen":"2026-02-09T18:08:40.6220217-06:00"},"args":{"Name":"args","Count":0,"LastSeen":"2026-02-09T18:08:40.6215222-06:00"},"systemUsers":{"Name":"systemUsers","Count":2,"LastSeen":"2026-02-09T18:08:40.6222892-06:00"},"fileInfo":{"Name":"fileInfo","Count":2,"LastSeen":"2026-02-09T18:08:40.6218036-06:00"},"logEntries":{"Name":"logEntries","Count":3,"LastSeen":"2026-02-09T18:08:40.6219282-06:00"},"configRoles":{"Name":"configRoles","Count":6,"LastSeen":"2026-02-09T18:08:40.6216569-06:00"}}
	Logging: 2026-02-10T00:09:56.8582860Z	2026-02-09T18:09:56.8582860-06:00	Info	MetricsData	Track_HashTables	WebHost.ps1	ProcessLogQueue		Webhost	MainLoop	1	{"prefixesToTry":{"Name":"prefixesToTry","Count":2,"LastSeen":"2026-02-09T18:09:56.8575843-06:00"},"dbRoles":{"Name":"dbRoles","Count":15,"LastSeen":"2026-02-09T18:09:56.7468562-06:00"},"args":{"Name":"args","Count":0,"LastSeen":"2026-02-09T18:09:56.7467320-06:00"},"systemUsers":{"Name":"systemUsers","Count":2,"LastSeen":"2026-02-09T18:09:56.8577639-06:00"},"fileInfo":{"Name":"fileInfo","Count":2,"LastSeen":"2026-02-09T18:09:56.7469509-06:00"},"configRoles":{"Name":"configRoles","Count":6,"LastSeen":"2026-02-09T18:09:56.7468049-06:00"},"ModulePathEnv":{"Name":"ModulePathEnv","Count":19,"LastSeen":"2026-02-09T18:09:56.8574586-06:00"}}
	Logging: 2026-02-10T00:10:57.5095439Z	2026-02-09T18:10:57.5095439-06:00	Info	MetricsData	Track_HashTables	WebHost.ps1	ProcessLogQueue		Webhost	MainLoop	1	{"prefixesToTry":{"Name":"prefixesToTry","Count":2,"LastSeen":"2026-02-09T18:10:57.5090482-06:00"},"dbRoles":{"Name":"dbRoles","Count":15,"LastSeen":"2026-02-09T18:10:57.5086481-06:00"},"args":{"Name":"args","Count":0,"LastSeen":"2026-02-09T18:10:57.3993755-06:00"},"systemUsers":{"Name":"systemUsers","Count":2,"LastSeen":"2026-02-09T18:10:57.5092301-06:00"},"fileInfo":{"Name":"fileInfo","Count":2,"LastSeen":"2026-02-09T18:10:57.5087214-06:00"},"configRoles":{"Name":"configRoles","Count":6,"LastSeen":"2026-02-09T18:10:57.5085465-06:00"},"ModulePathEnv":{"Name":"ModulePathEnv","Count":19,"LastSeen":"2026-02-09T18:10:57.5089326-06:00"}}
	Logging: 2026-02-10T00:12:13.8766880Z	2026-02-09T18:12:13.8766880-06:00	Info	MetricsData	Track_HashTables	WebHost.ps1	ProcessLogQueue		Webhost	MainLoop	1	{"prefixesToTry":{"Name":"prefixesToTry","Count":2,"LastSeen":"2026-02-09T18:12:13.7610422-06:00"},"dbRoles":{"Name":"dbRoles","Count":15,"LastSeen":"2026-02-09T18:12:13.7607096-06:00"},"args":{"Name":"args","Count":0,"LastSeen":"2026-02-09T18:12:13.7605818-06:00"},"systemUsers":{"Name":"systemUsers","Count":2,"LastSeen":"2026-02-09T18:12:13.8763551-06:00"},"fileInfo":{"Name":"fileInfo","Count":2,"LastSeen":"2026-02-09T18:12:13.7608007-06:00"},"configRoles":{"Name":"configRoles","Count":6,"LastSeen":"2026-02-09T18:12:13.7606562-06:00"},"ModulePathEnv":{"Name":"ModulePathEnv","Count":19,"LastSeen":"2026-02-09T18:12:13.7609707-06:00"}}
	Logging: 2026-02-10T00:15:32.7908739Z	2026-02-09T18:15:32.7908739-06:00	Info	MetricsData	Track_HashTables	WebHost.ps1	ProcessLogQueue		Webhost	MainLoop	1	H4sIAAAAAAAACpWUzW7CMBCE38VnqPwTx3aucGglqJBC2/NCDUUKSRQ7lRDi3asicNaUiuQ6tj6vZ2f3SBb5h13ltvm2zbz6bAvrSHYkr7C3JLt3OCKTqi09yRgdkRk4n1tbkoxwytMx5WNqlkxnTGaCPylDmUiTMU0zSslpRGpobOkn4NEbnRbQ8jFZG0M578ju4N6cbRD3qgSq6FNvoqXpqGvwdls1B4QNUuCqx1yWMKHTjrs/mzkFD4iMxCE1a6N5gjyGur4BX5VANT0qFiZVEvnbruK2XYTA5H3cFVLhnp0RtwZjdWDvRKo6Osru/UQjetIrylQiPNT1S7mpYpvPyiCbE8oT0VHn4Ndf0QhelW7u+kRCaYEiscindgNt4RfQwN5627xD0d5M+j9Xwrs9xl0bo1M0PrNq+7xzPu4vEoexJdcoPIv83TZuV5VLWBU2+kl0MKQbhlKJQ7+HcrexDsc+SF0/es2o4upvNt1vmXf27UUfln6WahptrnhpDdxXVEkUoDV4KKptTDwrQ2LJEkZV2IKnH+Y5WFV8BgAA
	Logging: 2026-02-10T00:15:32.7928705Z	2026-02-09T18:15:32.7928705-06:00	Info	MetricsData	Track_HashTables	WebHost.ps1	ProcessLogQueue		Webhost	MainLoop	1	{"prefixesToTry":{"Name":"prefixesToTry","Count":2,"LastSeen":"2026-02-09T18:15:32.7922378-06:00"},"dbRoles":{"Name":"dbRoles","Count":15,"LastSeen":"2026-02-09T18:15:32.7919160-06:00"},"args":{"Name":"args","Count":0,"LastSeen":"2026-02-09T18:15:32.7917878-06:00"},"systemUsers":{"Name":"systemUsers","Count":2,"LastSeen":"2026-02-09T18:15:32.7924224-06:00"},"fileInfo":{"Name":"fileInfo","Count":2,"LastSeen":"2026-02-09T18:15:32.7919807-06:00"},"configRoles":{"Name":"configRoles","Count":6,"LastSeen":"2026-02-09T18:15:32.7918629-06:00"},"ModulePathEnv":{"Name":"ModulePathEnv","Count":19,"LastSeen":"2026-02-09T18:15:32.7921613-06:00"}}
	Logging: 2026-02-10T00:16:33.6265573Z	2026-02-09T18:16:33.6265573-06:00	Info	MetricsData	Track_HashTables	WebHost.ps1	ProcessLogQueue		Webhost	MainLoop	1	H4sIAAAAAAAACpWUUWvCMBSF/0uedSRpk6Z91YcNdAg693x10Qm1LU06EPG/D50mN8VB+noSvtzce849k8XyU2+Wuv3R7bz+6kptSHEm73DUpHh2OCKTuqssKRgdkRkYu9S6IgXhlMsx5WOar5gqmCyS5EVySYXIxlQWlJLLiDTQ6spOwKI3vObQIoIsMiq4J5uT+TC6RdyH4qhJTL08zxJP3YLV+7o9IayTHDeL4Ka55LnnHm/NnIIFREbioJqFkEJ4NjRND/xQHDWPqThTCaKabhOO7S44Jo/qLpOsz+w3GKsDZycE9XTk3eeORvQ0ps254Kh4aJq3aleHbb4pw9qsBJWeOge7/Q4i+FB87mJqTdME2W2xnOoddKVdQAtHbXW7hrLrJf2fK+7dmLiLTDEUylm9fz0YG84XicPYCeMp/tNat+ZQVyvYlDr4SXAwaBpCqUyhmEJ12GmDbe8kP4+ojKY0LP7z6kJzLfPJvr3rw9zPuAo3V7i0hu4rypCBtmChrPch8aYMsmWaJ1f5j3r5BXdYt058BgAA
	Logging: 2026-02-10T00:16:33.6284724Z	2026-02-09T18:16:33.6284724-06:00	Info	MetricsData	Track_HashTables	WebHost.ps1	ProcessLogQueue		Webhost	MainLoop	1	{"prefixesToTry":{"Name":"prefixesToTry","Count":2,"LastSeen":"2026-02-09T18:16:33.6279212-06:00"},"dbRoles":{"Name":"dbRoles","Count":15,"LastSeen":"2026-02-09T18:16:33.6276026-06:00"},"args":{"Name":"args","Count":0,"LastSeen":"2026-02-09T18:16:33.6274803-06:00"},"systemUsers":{"Name":"systemUsers","Count":2,"LastSeen":"2026-02-09T18:16:33.6281760-06:00"},"fileInfo":{"Name":"fileInfo","Count":2,"LastSeen":"2026-02-09T18:16:33.6276675-06:00"},"configRoles":{"Name":"configRoles","Count":6,"LastSeen":"2026-02-09T18:16:33.6275517-06:00"},"ModulePathEnv":{"Name":"ModulePathEnv","Count":19,"LastSeen":"2026-02-09T18:16:33.6278457-06:00"}}
	Logging: 2026-02-10T00:17:05.8128835Z	2026-02-09T18:17:05.8128835-06:00	Info	MetricsData	Track_HashTables	WebHost.ps1	ProcessLogQueue		Webhost	MainLoop	1	{"prefixesToTry":{"Name":"prefixesToTry","Count":2,"LastSeen":"2026-02-09T18:17:05.8123369-06:00"},"dbRoles":{"Name":"dbRoles","Count":15,"LastSeen":"2026-02-09T18:17:05.6864799-06:00"},"ModulePathEnv":{"Name":"ModulePathEnv","Count":19,"LastSeen":"2026-02-09T18:17:05.6867448-06:00"},"args":{"Name":"args","Count":0,"LastSeen":"2026-02-09T18:17:05.6863561-06:00"},"systemUsers":{"Name":"systemUsers","Count":2,"LastSeen":"2026-02-09T18:17:05.8125560-06:00"},"fileInfo":{"Name":"fileInfo","Count":2,"LastSeen":"2026-02-09T18:17:05.6865418-06:00"},"logEntries":{"Name":"logEntries","Count":2,"LastSeen":"2026-02-09T18:17:05.6866580-06:00"},"configRoles":{"Name":"configRoles","Count":6,"LastSeen":"2026-02-09T18:17:05.6864297-06:00"}}
	Logging: 2026-02-10T00:18:21.6794818Z	2026-02-09T18:18:21.6794818-06:00	Info	MetricsData	Track_HashTables	WebHost.ps1	ProcessLogQueue		Webhost	MainLoop	1	H4sIAAAAAAAACpWUy27CMBBF/8VrqGwn8SNbWLQSVEhQuh5SQ5HyUuxUQoh/r0DgTFIqOctcR8fjmXvnTFbrT7Nbm+bHNMvqq82NJemZvENhSPrscEJmVVs6kjI6IQuwbm1MSVLCKRdTyqdUb5hKmUo5exFSUybklIqUUnKZkBoaU7oZOHRHp3l0EkBWQmjdke3JfljTIO5D8dQopF6mY0TNwJlD1ZwQ1kueKwO4UknGOm5xa+YcHCAyEkfVrJKExh0b6noAfiieqkMqFkIjqm13/bHdBc/kQd3ljA+ZwwZjdeTskhhVjLz73NGIHoe0WasIWRnq+q3cV/0235RxbZYRUx11CS777kXwoXS5C6k1ilSCWzE3e2hzt4IGCuNMs4W8HST9n1/8vSFxVzKh6N5FdXg9WtefLxLHsXnEKH7T1jT2WJUb2OWm95LewahpKM0VslAB5XFvLLa9l7p5BGU0olT88aa9lvlk3971ce6nsUIbJuuF9fo1bl9JxZHZM3CQV4c+8aaMsqVULPL5v/wCRtNp2XwGAAA=
	Logging: 2026-02-10T00:18:21.6813839Z	2026-02-09T18:18:21.6813839-06:00	Info	MetricsData	Track_HashTables	WebHost.ps1	ProcessLogQueue		Webhost	MainLoop	1	{"prefixesToTry":{"Name":"prefixesToTry","Count":2,"LastSeen":"2026-02-09T18:18:21.6809276-06:00"},"dbRoles":{"Name":"dbRoles","Count":15,"LastSeen":"2026-02-09T18:18:21.6804682-06:00"},"args":{"Name":"args","Count":0,"LastSeen":"2026-02-09T18:18:21.6803272-06:00"},"systemUsers":{"Name":"systemUsers","Count":2,"LastSeen":"2026-02-09T18:18:21.6811168-06:00"},"fileInfo":{"Name":"fileInfo","Count":2,"LastSeen":"2026-02-09T18:18:21.6805285-06:00"},"configRoles":{"Name":"configRoles","Count":6,"LastSeen":"2026-02-09T18:18:21.6804165-06:00"},"ModulePathEnv":{"Name":"ModulePathEnv","Count":19,"LastSeen":"2026-02-09T18:18:21.6807893-06:00"}}
	Logging: 2026-02-10T00:21:38.0688103Z	2026-02-09T18:21:38.0688103-06:00	Info	MetricsData	Track_HashTables	WebHost.ps1	ProcessLogQueue		Webhost	MainLoop	1	{"prefixesToTry":{"Name":"prefixesToTry","Count":2,"LastSeen":"2026-02-09T18:21:38.0671944-06:00"},"dbRoles":{"Name":"dbRoles","Count":15,"LastSeen":"2026-02-09T18:21:38.0668535-06:00"},"ModulePathEnv":{"Name":"ModulePathEnv","Count":19,"LastSeen":"2026-02-09T18:21:38.0671227-06:00"},"args":{"Name":"args","Count":0,"LastSeen":"2026-02-09T18:21:38.0667031-06:00"},"systemUsers":{"Name":"systemUsers","Count":2,"LastSeen":"2026-02-09T18:21:38.0673905-06:00"},"fileInfo":{"Name":"fileInfo","Count":2,"LastSeen":"2026-02-09T18:21:38.0669166-06:00"},"logEntries":{"Name":"logEntries","Count":2,"LastSeen":"2026-02-09T18:21:38.0670357-06:00"},"configRoles":{"Name":"configRoles","Count":6,"LastSeen":"2026-02-09T18:21:38.0668016-06:00"}}
	Logging: 2026-02-10T00:23:39.7211488Z	2026-02-09T18:23:39.7211488-06:00	Info	MetricsData	Track_HashTables	WebHost.ps1	ProcessLogQueue		Webhost	MainLoop	1	H4sIAAAAAAAACpWUS2/CMBCE/4vPUNnOw3GucGglqCKF0vNCDUXKA8VOJYT47xUUnDWlqn3MJPo8mZ31kRTlu1qVqvtS3bz96CulSX4kr1Arkj96OSKTtm8MyRkdkRloUyrVkJxwytMx5WMqFyzLeZRH8klwGqdpNqZpTik5jcgeOtWYCRh0xqBZdOJD5pSzgawP+k2rDnFviqVGPlSRRcjvGozatt0BYa1kueJ/LpMiY8htfQlzCgYQGYlhnhmL+MCG/f4OfFMsVfo4TkQao3z7lTu2q2CZ3MdpIvgv5n3AWA3LIRUM5YC6+7jRiB57VZlJ4cT80mxaN+aLEhZzmuDhzcGsP50VvCnD3vl4pUJIHMVUbaCvTAEd1MqobglVf7fpf3xiz/Vady4zVPNZu33eaePOF4khbCZlRlH+RblUnd61zQJWlXL+xHkRMg1OI6egNTS7jdK49lYa5uHVTRrj/S9+WqjPNh/ct1c9rP2xFMj62lnW81PgfUUz9x6Eqt26xIsSUksmRUzpjXr6BjYTR5d8BgAA
	Logging: 2026-02-10T00:23:39.7229800Z	2026-02-09T18:23:39.7229800-06:00	Info	MetricsData	Track_HashTables	WebHost.ps1	ProcessLogQueue		Webhost	MainLoop	1	{"prefixesToTry":{"Name":"prefixesToTry","Count":2,"LastSeen":"2026-02-09T18:23:39.7224867-06:00"},"dbRoles":{"Name":"dbRoles","Count":15,"LastSeen":"2026-02-09T18:23:39.7221348-06:00"},"args":{"Name":"args","Count":0,"LastSeen":"2026-02-09T18:23:39.7220091-06:00"},"systemUsers":{"Name":"systemUsers","Count":2,"LastSeen":"2026-02-09T18:23:39.7226612-06:00"},"fileInfo":{"Name":"fileInfo","Count":2,"LastSeen":"2026-02-09T18:23:39.7221984-06:00"},"configRoles":{"Name":"configRoles","Count":6,"LastSeen":"2026-02-09T18:23:39.7220831-06:00"},"ModulePathEnv":{"Name":"ModulePathEnv","Count":19,"LastSeen":"2026-02-09T18:23:39.7223762-06:00"}}
	Logging: 2026-02-10T00:26:12.1276875Z	2026-02-09T18:26:12.1276875-06:00	Info	MetricsData	Track_HashTables	WebHost.ps1	ProcessLogQueue		Webhost	MainLoop	1	{"prefixesToTry":{"Name":"prefixesToTry","Count":2,"LastSeen":"2026-02-09T18:26:12.0078606-06:00"},"dbRoles":{"Name":"dbRoles","Count":15,"LastSeen":"2026-02-09T18:26:12.0075147-06:00"},"ModulePathEnv":{"Name":"ModulePathEnv","Count":19,"LastSeen":"2026-02-09T18:26:12.0077887-06:00"},"args":{"Name":"args","Count":0,"LastSeen":"2026-02-09T18:26:12.0073633-06:00"},"systemUsers":{"Name":"systemUsers","Count":2,"LastSeen":"2026-02-09T18:26:12.1273072-06:00"},"fileInfo":{"Name":"fileInfo","Count":2,"LastSeen":"2026-02-09T18:26:12.0075758-06:00"},"logEntries":{"Name":"logEntries","Count":2,"LastSeen":"2026-02-09T18:26:12.0077003-06:00"},"configRoles":{"Name":"configRoles","Count":6,"LastSeen":"2026-02-09T18:26:12.0074629-06:00"}}
	Logging: 2026-02-10T00:27:13.0802509Z	2026-02-09T18:27:13.0802509-06:00	Info	MetricsData	Track_HashTables	WebHost.ps1	ProcessLogQueue		Webhost	MainLoop	1	{"prefixesToTry":{"Name":"prefixesToTry","Count":2,"LastSeen":"2026-02-09T18:27:13.0796822-06:00"},"dbRoles":{"Name":"dbRoles","Count":15,"LastSeen":"2026-02-09T18:27:13.0792602-06:00"},"args":{"Name":"args","Count":0,"LastSeen":"2026-02-09T18:27:13.0790611-06:00"},"systemUsers":{"Name":"systemUsers","Count":2,"LastSeen":"2026-02-09T18:27:13.0799151-06:00"},"fileInfo":{"Name":"fileInfo","Count":2,"LastSeen":"2026-02-09T18:27:13.0793279-06:00"},"configRoles":{"Name":"configRoles","Count":6,"LastSeen":"2026-02-09T18:27:13.0791991-06:00"},"ModulePathEnv":{"Name":"ModulePathEnv","Count":19,"LastSeen":"2026-02-09T18:27:13.0795197-06:00"}}
	Logging: 2026-02-10T00:27:58.3778781Z	2026-02-09T18:27:58.3778781-06:00	Info	MetricsData	Track_HashTables	WebHost.ps1	ProcessLogQueue		Webhost	MainLoop	1	H4sIAAAAAAAACpWUwW7CMBBE/8VnWjm2Yye5wqGVoEIKpeeFGooUEhQ7lRDi3ysoxOuUSvYx4+jtenbWJzIvP/Sq1O23bmfNZ1dpQ4oTeYO9JsWjwxEZN11tSZHQEZmCsaXWNSkIo0w+UfZE80WSFUwVafbMleL8osmCUnIekQO0urZjsKiG03p0GkKmmcoc2RzNu9Et4t6VnspDqCkV0lHXYPW2aY8I20s9VwVwpVScOu7+auYELCAyEuN6ponijg2HwwB8V3pqHtIxp0Ihf7uVP7ab0DNZSKeCC5SGX8TQYKzG+SCkzB0dZfdxohFdhOCZTFPP5td60/g2X5U4m1PGE0edgV1/eSt4V9zehVDzLEHDm5cTvYGusnNoYa+tbpdQdYNN/+eXvm7QuiepQCOYNtuXnbH+fJEYxZbZ4E5L3ZpdUy9gVWnvJt5B1DQUYxSvKdS7jTY49r3k5hGSTZnzXPzJprm0+eC9velx6ecyQRXW3rJeviLfK8rQpq7BQtVsfeJViYulFG6E5x8Cxx+yfAYAAA==
	Logging: 2026-02-10T00:27:58.3800502Z	2026-02-09T18:27:58.3800502-06:00	Info	MetricsData	Track_HashTables	WebHost.ps1	ProcessLogQueue		Webhost	MainLoop	1	{"prefixesToTry":{"Name":"prefixesToTry","Count":2,"LastSeen":"2026-02-09T18:27:58.3792867-06:00"},"dbRoles":{"Name":"dbRoles","Count":15,"LastSeen":"2026-02-09T18:27:58.3789557-06:00"},"args":{"Name":"args","Count":0,"LastSeen":"2026-02-09T18:27:58.3788233-06:00"},"systemUsers":{"Name":"systemUsers","Count":2,"LastSeen":"2026-02-09T18:27:58.3796825-06:00"},"fileInfo":{"Name":"fileInfo","Count":2,"LastSeen":"2026-02-09T18:27:58.3790231-06:00"},"configRoles":{"Name":"configRoles","Count":6,"LastSeen":"2026-02-09T18:27:58.3789027-06:00"},"ModulePathEnv":{"Name":"ModulePathEnv","Count":19,"LastSeen":"2026-02-09T18:27:58.3792009-06:00"}}
	Logging: 2026-02-10T00:28:28.9171942Z	2026-02-09T18:28:28.9171942-06:00	Info	MetricsData	Track_HashTables	WebHost.ps1	ProcessLogQueue		Webhost	MainLoop	1	{"prefixesToTry":{"Name":"prefixesToTry","Count":2,"LastSeen":"2026-02-09T18:28:28.9166380-06:00"},"dbRoles":{"Name":"dbRoles","Count":15,"LastSeen":"2026-02-09T18:28:28.9163068-06:00"},"ModulePathEnv":{"Name":"ModulePathEnv","Count":19,"LastSeen":"2026-02-09T18:28:28.9165689-06:00"},"args":{"Name":"args","Count":0,"LastSeen":"2026-02-09T18:28:28.9161849-06:00"},"systemUsers":{"Name":"systemUsers","Count":2,"LastSeen":"2026-02-09T18:28:28.9168224-06:00"},"fileInfo":{"Name":"fileInfo","Count":2,"LastSeen":"2026-02-09T18:28:28.9163669-06:00"},"logEntries":{"Name":"logEntries","Count":2,"LastSeen":"2026-02-09T18:28:28.9164829-06:00"},"configRoles":{"Name":"configRoles","Count":6,"LastSeen":"2026-02-09T18:28:28.9162557-06:00"}}
	Logging: 2026-02-10T00:29:30.7095732Z	2026-02-09T18:29:30.7095732-06:00	Info	MetricsData	Track_HashTables	WebHost.ps1	ProcessLogQueue		Webhost	MainLoop	1	{"prefixesToTry":{"Name":"prefixesToTry","Count":2,"LastSeen":"2026-02-09T18:29:30.7088421-06:00"},"dbRoles":{"Name":"dbRoles","Count":15,"LastSeen":"2026-02-09T18:29:30.7083546-06:00"},"args":{"Name":"args","Count":0,"LastSeen":"2026-02-09T18:29:30.7080993-06:00"},"systemUsers":{"Name":"systemUsers","Count":2,"LastSeen":"2026-02-09T18:29:30.7091584-06:00"},"fileInfo":{"Name":"fileInfo","Count":2,"LastSeen":"2026-02-09T18:29:30.7084373-06:00"},"configRoles":{"Name":"configRoles","Count":6,"LastSeen":"2026-02-09T18:29:30.7082800-06:00"},"ModulePathEnv":{"Name":"ModulePathEnv","Count":19,"LastSeen":"2026-02-09T18:29:30.7087301-06:00"}}
	Logging: 2026-02-10T00:31:48.3448393Z	2026-02-09T18:31:48.3448393-06:00	Info	MetricsData	Track_HashTables	WebHost.ps1	ProcessLogQueue		Webhost	MainLoop	1	H4sIAAAAAAAACpWUy27CMBRE/8VrqPyKE2cLi1aCKlIorA01FCkPFDuVEOLfKyg414iq9jKT6PhmZq5PqChXel3q7lt38/azr7RB+Qm9q1qj/NnLEZq0fWNRTvAIzZSxpdYNyhHFVIwxHWO5IFnOSM6zF8Y5zdJsjEWOMTqP0EF1urETZcEZg+bQSQCZSZzQgWyO5sPoDnDviqOykHm5EOlA3Sird213BFgnOW4aMi0WQgzc+mrmVFkFyECMmpllDAOP1eHwAL4rjir/pVIimaAc+Nuv/dhugmPSEHeZ5MDdX8SjwVCNzI5moBGgu88bDeg8qMoJSTyb35pt69t8VeJs5kTggTpXdvPlreBdGfYupBKphOEV5VRvVV/ZQnWq1lZ3S1X1D5v+xyfu3JB1Z1JSEMGs3b3ujfXzBWIcW3C4mkW51J3Zt81CrSvt/Yn3IiINxjlJMci4Vs1+qw2svZOGPIJ2NOXEG351aaG5jPnkvr3pce1nRILIN96yXp4i7qtLLYUkHk1V7c4nXpWIWlIiE0wd9fwDvHJV4XwGAAA=
	Logging: 2026-02-10T00:31:48.3468792Z	2026-02-09T18:31:48.3468792-06:00	Info	MetricsData	Track_HashTables	WebHost.ps1	ProcessLogQueue		Webhost	MainLoop	1	{"prefixesToTry":{"Name":"prefixesToTry","Count":2,"LastSeen":"2026-02-09T18:31:48.3462337-06:00"},"dbRoles":{"Name":"dbRoles","Count":15,"LastSeen":"2026-02-09T18:31:48.3459134-06:00"},"args":{"Name":"args","Count":0,"LastSeen":"2026-02-09T18:31:48.3457863-06:00"},"systemUsers":{"Name":"systemUsers","Count":2,"LastSeen":"2026-02-09T18:31:48.3463945-06:00"},"fileInfo":{"Name":"fileInfo","Count":2,"LastSeen":"2026-02-09T18:31:48.3459768-06:00"},"configRoles":{"Name":"configRoles","Count":6,"LastSeen":"2026-02-09T18:31:48.3458604-06:00"},"ModulePathEnv":{"Name":"ModulePathEnv","Count":19,"LastSeen":"2026-02-09T18:31:48.3461578-06:00"}}
	Logging: 2026-02-10T00:33:34.3494567Z	2026-02-09T18:33:34.3494567-06:00	Info	MetricsData	Track_HashTables	WebHost.ps1	ProcessLogQueue		Webhost	MainLoop	1	H4sIAAAAAAAACpWUy27CMBBF/8VrqJz4FWcLi1aCCglK10NqKFJeip1KCPHvFbQ444iqyTLX0fH4zp05k9X63ezWpvkyzbL6aHNjSXomr1AYkj46nJBZ1ZaOpBGdkAVYtzamJCmJaSynNJ5SvYmSlLGU8SfGE02FnFKZUkouE1JDY0o3A4fu6DSPFkPITHLVke3JvlnTIO5d8VQ2gKqpjnhHzcCZQ9WcENZLnqsGcKUUknXc4mbmHBwgMhJH1ZxEQiUdG+q6B74rnqr/pcYxZTrwt92FbfsVPDMe5G4kRZ/ZNxirI3sn4qijo+w+TjSi8yE2JwEe6vql3FehzTdlnM2cK2TJElz2GYzgXenmbkitlPEYWzE3e2hzt4IGCuNMs4W87U36H7/4eweNuxAaxXxRHZ6P1oX9ReIotpKKBW/amsYeq3IDu9wELwkORnSD8URJgXpcQHncG4tj76WuH0OyqRLF0R5c/aTQXst8sG9/9XFbQDONtkAWDOv1a9y+4ixBjczAQV4dQuJNGRVLKSPqw375BgR9S6t8BgAA
	Logging: 2026-02-10T00:33:34.3514767Z	2026-02-09T18:33:34.3514767-06:00	Info	MetricsData	Track_HashTables	WebHost.ps1	ProcessLogQueue		Webhost	MainLoop	1	{"prefixesToTry":{"Name":"prefixesToTry","Count":2,"LastSeen":"2026-02-09T18:33:34.3509655-06:00"},"dbRoles":{"Name":"dbRoles","Count":15,"LastSeen":"2026-02-09T18:33:34.3505326-06:00"},"args":{"Name":"args","Count":0,"LastSeen":"2026-02-09T18:33:34.3504085-06:00"},"systemUsers":{"Name":"systemUsers","Count":2,"LastSeen":"2026-02-09T18:33:34.3511296-06:00"},"fileInfo":{"Name":"fileInfo","Count":2,"LastSeen":"2026-02-09T18:33:34.3506325-06:00"},"configRoles":{"Name":"configRoles","Count":6,"LastSeen":"2026-02-09T18:33:34.3504802-06:00"},"ModulePathEnv":{"Name":"ModulePathEnv","Count":19,"LastSeen":"2026-02-09T18:33:34.3508675-06:00"}}
	Logging: 2026-02-10T00:34:04.4177440Z	2026-02-09T18:34:04.4177440-06:00	Info	MetricsData	Track_HashTables	WebHost.ps1	ProcessLogQueue		Webhost	MainLoop	1	H4sIAAAAAAAACpWUXWvCMBSG/0uudaRJmja91YsNdAg6d3100Qn9IkkHIv73oWh64hykl31TnpyP982JLJaferPU5kebefPVldqS4kTeodKkeHY4IpOmqx0pEjoiM7BuqXVNCsIok2PKxlStkrzgoqDiRSQZVTkdU1lQSs4j0oLRtZuAQ3f0mkenEWSZSyV7sj3aD6sN4t4VT+Ux9QqZs566Baf3jTkirJc8N4uplucccavrMKfgAJGROKhmmaVS9Wxo2wfwXfFUFUNNsjRD8+024dpugmeymOnyXPxhPg4YqwN3x1LkCOTd545GdBFlZYlXCG37Vu+acMxXZdiYmWQoIHNw2+8ggnelz10MVSqV4FFM9Q660i3AQKWdNmsou4ek//OLvzcm7lIJibqZNfvXg3XhfpE4jJ0qkeKe1trYQ1OvYFPqoJPgYNA2MppwFKUK6sNOW2x7L/X7iMqoTBX/4017KfPJe3vTh7mfZbj0bRDWy9fA9yrJ84AGZbMPiVdlmC15yrwtz7+TgPUKfAYAAA==
	Logging: 2026-02-10T00:34:04.4200764Z	2026-02-09T18:34:04.4200764-06:00	Info	MetricsData	Track_HashTables	WebHost.ps1	ProcessLogQueue		Webhost	MainLoop	1	{"prefixesToTry":{"Name":"prefixesToTry","Count":2,"LastSeen":"2026-02-09T18:34:04.4196451-06:00"},"dbRoles":{"Name":"dbRoles","Count":15,"LastSeen":"2026-02-09T18:34:04.4192506-06:00"},"args":{"Name":"args","Count":0,"LastSeen":"2026-02-09T18:34:04.4191118-06:00"},"systemUsers":{"Name":"systemUsers","Count":2,"LastSeen":"2026-02-09T18:34:04.4198109-06:00"},"fileInfo":{"Name":"fileInfo","Count":2,"LastSeen":"2026-02-09T18:34:04.4193151-06:00"},"configRoles":{"Name":"configRoles","Count":6,"LastSeen":"2026-02-09T18:34:04.4191950-06:00"},"ModulePathEnv":{"Name":"ModulePathEnv","Count":19,"LastSeen":"2026-02-09T18:34:04.4195586-06:00"}}
	Logging: 2026-02-10T00:37:05.3787636Z	2026-02-09T18:37:05.3787636-06:00	Info	MetricsData	Track_HashTables	WebHost.ps1	ProcessLogQueue		Webhost	MainLoop	1	{"prefixesToTry":{"Name":"prefixesToTry","Count":2,"LastSeen":"2026-02-09T18:37:05.3781430-06:00"},"dbRoles":{"Name":"dbRoles","Count":15,"LastSeen":"2026-02-09T18:37:05.3778368-06:00"},"args":{"Name":"args","Count":0,"LastSeen":"2026-02-09T18:37:05.3777132-06:00"},"systemUsers":{"Name":"systemUsers","Count":2,"LastSeen":"2026-02-09T18:37:05.3783406-06:00"},"fileInfo":{"Name":"fileInfo","Count":2,"LastSeen":"2026-02-09T18:37:05.3778983-06:00"},"configRoles":{"Name":"configRoles","Count":6,"LastSeen":"2026-02-09T18:37:05.3777853-06:00"},"ModulePathEnv":{"Name":"ModulePathEnv","Count":19,"LastSeen":"2026-02-09T18:37:05.3780708-06:00"}}
	Logging: 2026-02-10T00:41:22.7613249Z	2026-02-09T18:41:22.7613249-06:00	Verbose	EventViewer	Event\ log\ request:\ 434\ events\ returned	apps\WebhostRealtimeEvents\routes\api\v1\logs\get.ps1	get.ps1		6ec71a85-fb79-4ebc-aa1d-587c7f8b403c		1	{"ResultCount":434,"Filters":{"categories":null,"userID":null,"severities":null,"source":null,"activityName":null,"filter":null,"runspaceID":null,"sessionID":null},"TimeRange":15}
	Logging: 2026-02-10T00:41:22.7637340Z	2026-02-09T18:41:22.7637340-06:00	Info	MetricsData	Track_HashTables	WebHost.ps1	ProcessLogQueue		Webhost	MainLoop	1	H4sIAAAAAAAACpWUS2/CMBCE/4vPUNkbx3lc4dBKUEUKpeeFGoqUB4qdSgjx3ysQSdaUSs4xk+jzZnbGZ5bln3qT6+ZHN8v6qy20YemZvWOpWfrs5YTN6rayLBV8whZobK51xVIGHNSUw5QnKxGnUqQAL5EKeKhgylXKObtM2BEbXdkZWnLGoPXo0IMMsZDRQDYn82F0Q7id0lMDn3khgHCgbtHqfd2cCLaXem7kM20QqmTgljcz52iRkIk4amaIpOQDG4/HB3Cn9NTEhyriWBF/2427trvQM8HHXaH4H+ajwVQdtzuRSDnQSXafJ5rQpVeUIRCOzW/VrnZtvinjbAYpSIyXaLffTgU7ZeidVyR4RKhZPtc7bAubYYOltrpZY9E+NP2fT/pzfeoOCZfEo0W9fz0Y6+6XiOPYYRKTamb5WjfmUFcr3BTa+RPnxbhtJBG9rkqsDjttaOx7adiHV0eVUs7wn9cUmuuYT+7buz4u/TyOSPq3TlmvT+PuK0iALHKLFot67xJvyrhYBiDjjnr5BTj99VJ8BgAA
	Logging: 2026-02-10T00:41:22.7658269Z	2026-02-09T18:41:22.7658269-06:00	Info	MetricsData	Track_HashTables	WebHost.ps1	ProcessLogQueue		Webhost	MainLoop	1	{"prefixesToTry":{"Name":"prefixesToTry","Count":2,"LastSeen":"2026-02-09T18:41:22.7651798-06:00"},"dbRoles":{"Name":"dbRoles","Count":15,"LastSeen":"2026-02-09T18:41:22.7648590-06:00"},"args":{"Name":"args","Count":0,"LastSeen":"2026-02-09T18:41:22.7647255-06:00"},"systemUsers":{"Name":"systemUsers","Count":2,"LastSeen":"2026-02-09T18:41:22.7654632-06:00"},"fileInfo":{"Name":"fileInfo","Count":2,"LastSeen":"2026-02-09T18:41:22.7649253-06:00"},"configRoles":{"Name":"configRoles","Count":6,"LastSeen":"2026-02-09T18:41:22.7648062-06:00"},"ModulePathEnv":{"Name":"ModulePathEnv","Count":19,"LastSeen":"2026-02-09T18:41:22.7651046-06:00"}}
	Logging: 2026-02-10T00:41:53.5697973Z	2026-02-09T18:41:53.5697973-06:00	Verbose	EventViewer	Event\ log\ request:\ 437\ events\ returned	apps\WebhostRealtimeEvents\routes\api\v1\logs\get.ps1	get.ps1		6ec71a85-fb79-4ebc-aa1d-587c7f8b403c		1	{"ResultCount":437,"Filters":{"categories":null,"userID":null,"severities":null,"source":null,"activityName":null,"filter":null,"runspaceID":null,"sessionID":null},"TimeRange":15}
	Logging: 2026-02-10T00:41:53.5719546Z	2026-02-09T18:41:53.5719546-06:00	Info	MetricsData	Track_HashTables	WebHost.ps1	ProcessLogQueue		Webhost	MainLoop	1	H4sIAAAAAAAACpWUy27CMBBF/8VrqPzMawuLVoIqUihdD9RQpJBEsVMJIf69goI9iajkLHMdnbFn7p0zyYtPvSl0+6PbZf3VldqQ7Eze4ahJ9uxwQmZ1V1mSMTohCzC20LoiGeGUR1PKpzRdsSSTLFPiRcVMMZVOaZRRSi4T0kCrKzsDi2p4zaFVCJkrwTzZnMyH0S3iPhRHFSHUKFXSU7dg9b5uTwjrJMeNA7g0oUJ47vHWzDlYQGQkjrszSxj1bGiaAfihOGoacuOICTQ50236Y7sLjsmDusuZGjKHDcbqyNmpCDkCefe5oxFdhuBlIhEemuat2tX9Nt+UkW2OkthTl2C3370IPhSfuyBLSIWoeTHXO+hKm0MLR211u4ayGyT9n19c3aC4CyW5r7uo968HY/vzReI4NhUMRSgv1ro1h7pawabUvZf0DkZNg0kR4ZhCddhpg23vJD+PsIzSGDUm/3OhuV7zyb696+Pcr2SMsrXthfX6NW5fxZyinbIFC2W97xNvyihb0jjmLkKXXxyox2p8BgAA
	Logging: 2026-02-10T00:41:53.5739273Z	2026-02-09T18:41:53.5739273-06:00	Info	MetricsData	Track_HashTables	WebHost.ps1	ProcessLogQueue		Webhost	MainLoop	1	{"prefixesToTry":{"Name":"prefixesToTry","Count":2,"LastSeen":"2026-02-09T18:41:53.5734012-06:00"},"dbRoles":{"Name":"dbRoles","Count":15,"LastSeen":"2026-02-09T18:41:53.5730909-06:00"},"args":{"Name":"args","Count":0,"LastSeen":"2026-02-09T18:41:53.5729344-06:00"},"systemUsers":{"Name":"systemUsers","Count":2,"LastSeen":"2026-02-09T18:41:53.5735559-06:00"},"fileInfo":{"Name":"fileInfo","Count":2,"LastSeen":"2026-02-09T18:41:53.5731562-06:00"},"configRoles":{"Name":"configRoles","Count":6,"LastSeen":"2026-02-09T18:41:53.5730251-06:00"},"ModulePathEnv":{"Name":"ModulePathEnv","Count":19,"LastSeen":"2026-02-09T18:41:53.5733295-06:00"}}
	Logging: 2026-02-10T00:42:24.2420423Z	2026-02-09T18:42:24.2420423-06:00	Verbose	EventViewer	Event\ log\ request:\ 439\ events\ returned	apps\WebhostRealtimeEvents\routes\api\v1\logs\get.ps1	get.ps1		6ec71a85-fb79-4ebc-aa1d-587c7f8b403c		1	{"ResultCount":439,"Filters":{"categories":null,"userID":null,"severities":null,"source":null,"activityName":null,"filter":null,"runspaceID":null,"sessionID":null},"TimeRange":15}
	Logging: 2026-02-10T00:42:24.2453938Z	2026-02-09T18:42:24.2453938-06:00	Info	MetricsData	Track_HashTables	WebHost.ps1	ProcessLogQueue		Webhost	MainLoop	1	H4sIAAAAAAAACpWUS2/CMBCE/4vPUDm283CucGglqCKF0vOSGoqUl2KnEkL89woK8Saikn3MJPq8mZ3xmWT5p9rlqvtR3br56kulSXom71Apkj57OSOLpq8NSQM6IyvQJleqJilhlEVzyuZUboIkFSxl4oUJkVAez2mUUkouM9JCp2qzAIPOsNqADl3IQgbMkvVJf2jVIe5DGajchSrjSFpqAUYdmu6EsIM0cGMHLhcsQj5UNzOXYACRkeg3swiYsGxo2wn4oQxU6TIxC8IA+dvvxmu7CwOTOblLIz5lTg3GqufueILoKLvPE43owgUfhwwZAm37Vu+bsc03xc9mTmVoqWswxfeogg/F9s5lVi5wObJ8qfbQlyaDDiplVLeFsp80/Z9PhnOd6h4xSe25q+bwetRmvF8kerF5HDNUoSzfqk4fm3oDu1KN/mT0wmsbIqYCbaOC+rhXGsd+kOw+nLJJJUX3SvaXQn0d88l9e9f90p9wgeJZjMp6ffK7r3gkUIAKMFA2hzHxpnjFknNp+3/5BeboMqN8BgAA
	Logging: 2026-02-10T00:42:24.3362869Z	2026-02-09T18:42:24.3362869-06:00	Info	MetricsData	Track_HashTables	WebHost.ps1	ProcessLogQueue		Webhost	MainLoop	1	{"prefixesToTry":{"Name":"prefixesToTry","Count":2,"LastSeen":"2026-02-09T18:42:24.3357239-06:00"},"dbRoles":{"Name":"dbRoles","Count":15,"LastSeen":"2026-02-09T18:42:24.2465705-06:00"},"args":{"Name":"args","Count":0,"LastSeen":"2026-02-09T18:42:24.2464403-06:00"},"systemUsers":{"Name":"systemUsers","Count":2,"LastSeen":"2026-02-09T18:42:24.3358933-06:00"},"fileInfo":{"Name":"fileInfo","Count":2,"LastSeen":"2026-02-09T18:42:24.3351852-06:00"},"configRoles":{"Name":"configRoles","Count":6,"LastSeen":"2026-02-09T18:42:24.2465183-06:00"},"ModulePathEnv":{"Name":"ModulePathEnv","Count":19,"LastSeen":"2026-02-09T18:42:24.3356072-06:00"}}
	Logging: 2026-02-10T00:42:54.2811520Z	2026-02-09T18:42:54.2811520-06:00	Info	MetricsData	Track_HashTables	WebHost.ps1	ProcessLogQueue		Webhost	MainLoop	1	{"prefixesToTry":{"Name":"prefixesToTry","Count":2,"LastSeen":"2026-02-09T18:42:54.2805719-06:00"},"dbRoles":{"Name":"dbRoles","Count":15,"LastSeen":"2026-02-09T18:42:54.2801560-06:00"},"ModulePathEnv":{"Name":"ModulePathEnv","Count":19,"LastSeen":"2026-02-09T18:42:54.2804871-06:00"},"args":{"Name":"args","Count":0,"LastSeen":"2026-02-09T18:42:54.2800218-06:00"},"systemUsers":{"Name":"systemUsers","Count":2,"LastSeen":"2026-02-09T18:42:54.2807941-06:00"},"fileInfo":{"Name":"fileInfo","Count":2,"LastSeen":"2026-02-09T18:42:54.2802224-06:00"},"logEntries":{"Name":"logEntries","Count":3,"LastSeen":"2026-02-09T18:42:54.2803489-06:00"},"configRoles":{"Name":"configRoles","Count":6,"LastSeen":"2026-02-09T18:42:54.2801003-06:00"}}
	Logging: 2026-02-10T00:43:25.3589868Z	2026-02-09T18:43:25.3589868-06:00	Info	MetricsData	Track_HashTables	WebHost.ps1	ProcessLogQueue		Webhost	MainLoop	1	H4sIAAAAAAAACpWUzW7CMBCE38VnqPwTJyFXOLQSVJFC6XmhhiKFJLKdSgjx7lUpcdYRVePrOPp2Mzu7F5IX72pbKP2l9Kr+aEtlSHYhr3BSJHv0OCHzuq0syRidkCUYWyhVkYxwyuMp5VM6W7M0i0TG5RNPIjqTckrjjFJynZAGtKrsHCyq0WsOLUeQRcpE3JPN2bwZpRG3UxxV/EsVMpVCoH53YNWh1meEdZLjJmO6jVgc9dzTzcwFWEBkJAb0zBORRDFyAppmAO4UR52NoXJJKfK33fpjuwuOycekgVOWDplDg7EaNrvIo6PsPk40okejoiwFGiE0zUu1r32bb0qYzYIKZPMK7O7TW8FO6fduVCQYR9S8WKg9tKXNQcNJWaU3ULaDTf/jE1d3zLqLNJWsr7usD89HY/35IjGMHbPYG+9GaXOsqzVsS+X9ifcQNo2ZpHhNoTrulcGxd1I/j1E7GifYmPw3heanzQf39q4HXYGI8cS/XP7RCrxXQuJY7sBCWR984k0Ji6VIJe+o1284cMm8fAYAAA==
	Logging: 2026-02-10T00:43:25.3618563Z	2026-02-09T18:43:25.3618563-06:00	Info	MetricsData	Track_HashTables	WebHost.ps1	ProcessLogQueue		Webhost	MainLoop	1	{"prefixesToTry":{"Name":"prefixesToTry","Count":2,"LastSeen":"2026-02-09T18:43:25.3605867-06:00"},"dbRoles":{"Name":"dbRoles","Count":15,"LastSeen":"2026-02-09T18:43:25.3602488-06:00"},"args":{"Name":"args","Count":0,"LastSeen":"2026-02-09T18:43:25.3601057-06:00"},"systemUsers":{"Name":"systemUsers","Count":2,"LastSeen":"2026-02-09T18:43:25.3613349-06:00"},"fileInfo":{"Name":"fileInfo","Count":2,"LastSeen":"2026-02-09T18:43:25.3603140-06:00"},"configRoles":{"Name":"configRoles","Count":6,"LastSeen":"2026-02-09T18:43:25.3601926-06:00"},"ModulePathEnv":{"Name":"ModulePathEnv","Count":19,"LastSeen":"2026-02-09T18:43:25.3604953-06:00"}}
	Logging: 2026-02-10T00:44:10.7697820Z	2026-02-09T18:44:10.7697820-06:00	Info	MetricsData	Track_HashTables	WebHost.ps1	ProcessLogQueue		Webhost	MainLoop	1	{"prefixesToTry":{"Name":"prefixesToTry","Count":2,"LastSeen":"2026-02-09T18:44:10.7691553-06:00"},"dbRoles":{"Name":"dbRoles","Count":15,"LastSeen":"2026-02-09T18:44:10.6796288-06:00"},"args":{"Name":"args","Count":0,"LastSeen":"2026-02-09T18:44:10.6794939-06:00"},"systemUsers":{"Name":"systemUsers","Count":2,"LastSeen":"2026-02-09T18:44:10.7693974-06:00"},"fileInfo":{"Name":"fileInfo","Count":2,"LastSeen":"2026-02-09T18:44:10.6796922-06:00"},"configRoles":{"Name":"configRoles","Count":6,"LastSeen":"2026-02-09T18:44:10.6795738-06:00"},"ModulePathEnv":{"Name":"ModulePathEnv","Count":19,"LastSeen":"2026-02-09T18:44:10.6798909-06:00"}}
	Logging: 2026-02-10T00:44:41.0962468Z	2026-02-09T18:44:41.0962468-06:00	Info	MetricsData	Track_HashTables	WebHost.ps1	ProcessLogQueue		Webhost	MainLoop	1	{"prefixesToTry":{"Name":"prefixesToTry","Count":2,"LastSeen":"2026-02-09T18:44:41.0117799-06:00"},"dbRoles":{"Name":"dbRoles","Count":15,"LastSeen":"2026-02-09T18:44:41.0114544-06:00"},"args":{"Name":"args","Count":0,"LastSeen":"2026-02-09T18:44:41.0112692-06:00"},"systemUsers":{"Name":"systemUsers","Count":2,"LastSeen":"2026-02-09T18:44:41.0119429-06:00"},"fileInfo":{"Name":"fileInfo","Count":2,"LastSeen":"2026-02-09T18:44:41.0115237-06:00"},"configRoles":{"Name":"configRoles","Count":6,"LastSeen":"2026-02-09T18:44:41.0113940-06:00"},"ModulePathEnv":{"Name":"ModulePathEnv","Count":19,"LastSeen":"2026-02-09T18:44:41.0117057-06:00"}}
	Logging: 2026-02-10T00:45:11.9320498Z	2026-02-09T18:45:11.9320498-06:00	Info	MetricsData	Track_HashTables	WebHost.ps1	ProcessLogQueue		Webhost	MainLoop	1	{"prefixesToTry":{"Name":"prefixesToTry","Count":2,"LastSeen":"2026-02-09T18:45:11.9315502-06:00"},"dbRoles":{"Name":"dbRoles","Count":15,"LastSeen":"2026-02-09T18:45:11.9312107-06:00"},"args":{"Name":"args","Count":0,"LastSeen":"2026-02-09T18:45:11.9310292-06:00"},"systemUsers":{"Name":"systemUsers","Count":2,"LastSeen":"2026-02-09T18:45:11.9317054-06:00"},"fileInfo":{"Name":"fileInfo","Count":2,"LastSeen":"2026-02-09T18:45:11.9313026-06:00"},"configRoles":{"Name":"configRoles","Count":6,"LastSeen":"2026-02-09T18:45:11.9311134-06:00"},"ModulePathEnv":{"Name":"ModulePathEnv","Count":19,"LastSeen":"2026-02-09T18:45:11.9314782-06:00"}}
	Logging: 2026-02-10T00:45:58.2890691Z	2026-02-09T18:45:58.2890691-06:00	Info	MetricsData	Track_HashTables	WebHost.ps1	ProcessLogQueue		Webhost	MainLoop	1	{"prefixesToTry":{"Name":"prefixesToTry","Count":2,"LastSeen":"2026-02-09T18:45:58.2879832-06:00"},"dbRoles":{"Name":"dbRoles","Count":15,"LastSeen":"2026-02-09T18:45:58.2871066-06:00"},"args":{"Name":"args","Count":0,"LastSeen":"2026-02-09T18:45:58.2867053-06:00"},"systemUsers":{"Name":"systemUsers","Count":2,"LastSeen":"2026-02-09T18:45:58.2883572-06:00"},"fileInfo":{"Name":"fileInfo","Count":2,"LastSeen":"2026-02-09T18:45:58.2873473-06:00"},"configRoles":{"Name":"configRoles","Count":6,"LastSeen":"2026-02-09T18:45:58.2869277-06:00"},"ModulePathEnv":{"Name":"ModulePathEnv","Count":19,"LastSeen":"2026-02-09T18:45:58.2878016-06:00"}}
	Logging: 2026-02-10T01:18:46.4844066Z	2026-02-09T19:18:46.4844066-06:00	Info	MetricsData	Track_HashTables	WebHost.ps1	ProcessLogQueue		Webhost	MainLoop	1	{"prefixesToTry":{"Name":"prefixesToTry","Count":2,"LastSeen":"2026-02-09T19:18:46.4837143-06:00"},"dbRoles":{"Name":"dbRoles","Count":15,"LastSeen":"2026-02-09T19:18:46.4831450-06:00"},"args":{"Name":"args","Count":0,"LastSeen":"2026-02-09T19:18:46.4827867-06:00"},"systemUsers":{"Name":"systemUsers","Count":2,"LastSeen":"2026-02-09T19:18:46.4839828-06:00"},"fileInfo":{"Name":"fileInfo","Count":2,"LastSeen":"2026-02-09T19:18:46.4832713-06:00"},"configRoles":{"Name":"configRoles","Count":6,"LastSeen":"2026-02-09T19:18:46.4829689-06:00"},"ModulePathEnv":{"Name":"ModulePathEnv","Count":19,"LastSeen":"2026-02-09T19:18:46.4835830-06:00"}}
	Logging: 2026-02-10T01:19:16.6199448Z	2026-02-09T19:19:16.6199448-06:00	Verbose	EventViewer	Event\ log\ request:\ 39\ events\ returned	apps\WebhostRealtimeEvents\routes\api\v1\logs\get.ps1	get.ps1		6ec71a85-fb79-4ebc-aa1d-587c7f8b403c		1	{"ResultCount":39,"Filters":{"categories":null,"userID":null,"severities":null,"source":null,"activityName":null,"filter":null,"runspaceID":null,"sessionID":null},"TimeRange":15}
	Logging: 2026-02-10T01:19:16.6245013Z	2026-02-09T19:19:16.6245013-06:00	Info	MetricsData	Track_HashTables	WebHost.ps1	ProcessLogQueue		Webhost	MainLoop	1	H4sIAAAAAAAACpWU0WvCMBDG/5c860guNjV91YcNdBTq3PPpohNqK006EPF/H3a2vYiDFPr0pfxy+e67u7A0+zSbzFQ/plqWX3VuLEsu7B2PhiXPDkdsVtaFY4ngI7ZA6zJjCpYw4KDGHMZcr4RObp96USCBx5MxVwnn7DpiJ6xM4WboyB291qGjADLEsYp7sj3bD2sqwm2VjipD6o0Apj11i87sy+pMsJ3UceOQakUjt9xjY+YcHRIyEQfVDEpJ0bPxdHoAt0pH1QFUIbUgFdt647ftLnRMCHFXaogemY8GU3VY7yYR6J5Osvs80YQ+CcGLiZKezW/FrvRtbpRhNiseEUuW6Lbf3gi2Sj93IZGIdEyal2Zzs8M6dylWeDTOVGvM64dJ/+eX7t6QcYepFiSKi3L/erDO7y8Rh7ElcDKaabY2lT2UxQo3ufFe4h0M6obkEoCMKRaHnbE09p3U9yNoRiMeE3D6l0J7K/PJvr3rw9IPSvmby19aw/aVmOqIhH2LDvNy7xMbZVgsueg31fUXWll+CHwGAAA=
	Logging: 2026-02-10T01:19:16.6267357Z	2026-02-09T19:19:16.6267357-06:00	Info	MetricsData	Track_HashTables	WebHost.ps1	ProcessLogQueue		Webhost	MainLoop	1	{"prefixesToTry":{"Name":"prefixesToTry","Count":2,"LastSeen":"2026-02-09T19:19:16.6260779-06:00"},"dbRoles":{"Name":"dbRoles","Count":15,"LastSeen":"2026-02-09T19:19:16.6257291-06:00"},"args":{"Name":"args","Count":0,"LastSeen":"2026-02-09T19:19:16.6255894-06:00"},"systemUsers":{"Name":"systemUsers","Count":2,"LastSeen":"2026-02-09T19:19:16.6262649-06:00"},"fileInfo":{"Name":"fileInfo","Count":2,"LastSeen":"2026-02-09T19:19:16.6258121-06:00"},"configRoles":{"Name":"configRoles","Count":6,"LastSeen":"2026-02-09T19:19:16.6256606-06:00"},"ModulePathEnv":{"Name":"ModulePathEnv","Count":19,"LastSeen":"2026-02-09T19:19:16.6260050-06:00"}}
	Logging: 2026-02-10T01:20:17.5148277Z	2026-02-09T19:20:17.5148277-06:00	Info	MetricsData	Track_HashTables	WebHost.ps1	ProcessLogQueue		Webhost	MainLoop	1	{"prefixesToTry":{"Name":"prefixesToTry","Count":2,"LastSeen":"2026-02-09T19:20:17.5139129-06:00"},"dbRoles":{"Name":"dbRoles","Count":15,"LastSeen":"2026-02-09T19:20:17.5135438-06:00"},"args":{"Name":"args","Count":0,"LastSeen":"2026-02-09T19:20:17.5133824-06:00"},"systemUsers":{"Name":"systemUsers","Count":2,"LastSeen":"2026-02-09T19:20:17.5143661-06:00"},"fileInfo":{"Name":"fileInfo","Count":2,"LastSeen":"2026-02-09T19:20:17.5136279-06:00"},"configRoles":{"Name":"configRoles","Count":6,"LastSeen":"2026-02-09T19:20:17.5134879-06:00"},"ModulePathEnv":{"Name":"ModulePathEnv","Count":19,"LastSeen":"2026-02-09T19:20:17.5138298-06:00"}}
	Logging: 2026-02-10T01:21:17.9284390Z	2026-02-09T19:21:17.9284390-06:00	Info	MetricsData	Track_HashTables	WebHost.ps1	ProcessLogQueue		Webhost	MainLoop	1	H4sIAAAAAAAACpWUUWvCMBDHv0uedSRpkzR91YcNdAh17vl00Qm1LU06EPG7D0XTi3OQPvbX8sv17n85kUXxadaFaX9MO6+/utJYkp/IOxwMyZ+9HJFJ3VWO5IyOyAysK4ypSE445XJM+ZjqJdM5ZzlTL5orlelsTGVOKTmPSAOtqdwEHDqjZ14tYsxCsLQ326P9sKZF3jvx1iTGqiVlvXUDzuzq9oi0HnmvivBKIYXuvYdrM6fgAJkRHFZzmiW0d0PTPIjvxFt1TMUppQnqb7cOx3YD3sljKs30hYXOxwZjOnB2PEF2lN3niUb2qMApodEIoWneqm0dtvlKBrZZKNFb5+A238EK3km/d1GRSCWK8aKYmi10pVtACwfjTLuCsnvY9H8+8edGrbtMBYrirN697q0L54vgMDdXGgVyUaxMa/d1tYR1aYI/CV4MmoZSLMVrCtV+ayyOvUf9PKKymWTsbzbtpcwn9+2ND0t/xjRq/SZY1svTwPuKShXYoKx3ofFKBsVSikT69p5/AT9Xznd8BgAA
	Logging: 2026-02-10T01:21:17.9303965Z	2026-02-09T19:21:17.9303965-06:00	Info	MetricsData	Track_HashTables	WebHost.ps1	ProcessLogQueue		Webhost	MainLoop	1	{"prefixesToTry":{"Name":"prefixesToTry","Count":2,"LastSeen":"2026-02-09T19:21:17.9297443-06:00"},"dbRoles":{"Name":"dbRoles","Count":15,"LastSeen":"2026-02-09T19:21:17.9294153-06:00"},"args":{"Name":"args","Count":0,"LastSeen":"2026-02-09T19:21:17.9292909-06:00"},"systemUsers":{"Name":"systemUsers","Count":2,"LastSeen":"2026-02-09T19:21:17.9299775-06:00"},"fileInfo":{"Name":"fileInfo","Count":2,"LastSeen":"2026-02-09T19:21:17.9294945-06:00"},"configRoles":{"Name":"configRoles","Count":6,"LastSeen":"2026-02-09T19:21:17.9293656-06:00"},"ModulePathEnv":{"Name":"ModulePathEnv","Count":19,"LastSeen":"2026-02-09T19:21:17.9296722-06:00"}}
	Logging: 2026-02-10T01:21:48.2894082Z	2026-02-09T19:21:48.2894082-06:00	Info	MetricsData	Track_HashTables	WebHost.ps1	ProcessLogQueue		Webhost	MainLoop	1	{"prefixesToTry":{"Name":"prefixesToTry","Count":2,"LastSeen":"2026-02-09T19:21:48.2881926-06:00"},"dbRoles":{"Name":"dbRoles","Count":15,"LastSeen":"2026-02-09T19:21:48.1277243-06:00"},"ModulePathEnv":{"Name":"ModulePathEnv","Count":19,"LastSeen":"2026-02-09T19:21:48.1280664-06:00"},"args":{"Name":"args","Count":0,"LastSeen":"2026-02-09T19:21:48.1276022-06:00"},"systemUsers":{"Name":"systemUsers","Count":2,"LastSeen":"2026-02-09T19:21:48.2886588-06:00"},"fileInfo":{"Name":"fileInfo","Count":2,"LastSeen":"2026-02-09T19:21:48.1277844-06:00"},"logEntries":{"Name":"logEntries","Count":2,"LastSeen":"2026-02-09T19:21:48.1278996-06:00"},"configRoles":{"Name":"configRoles","Count":6,"LastSeen":"2026-02-09T19:21:48.1276737-06:00"}}
	Logging: 2026-02-10T01:22:18.6689124Z	2026-02-09T19:22:18.6689124-06:00	Info	MetricsData	Track_HashTables	WebHost.ps1	ProcessLogQueue		Webhost	MainLoop	1	{"prefixesToTry":{"Name":"prefixesToTry","Count":2,"LastSeen":"2026-02-09T19:22:18.6678861-06:00"},"dbRoles":{"Name":"dbRoles","Count":15,"LastSeen":"2026-02-09T19:22:18.5152003-06:00"},"args":{"Name":"args","Count":0,"LastSeen":"2026-02-09T19:22:18.5150683-06:00"},"systemUsers":{"Name":"systemUsers","Count":2,"LastSeen":"2026-02-09T19:22:18.6683556-06:00"},"fileInfo":{"Name":"fileInfo","Count":2,"LastSeen":"2026-02-09T19:22:18.5152620-06:00"},"configRoles":{"Name":"configRoles","Count":6,"LastSeen":"2026-02-09T19:22:18.5151487-06:00"},"ModulePathEnv":{"Name":"ModulePathEnv","Count":19,"LastSeen":"2026-02-09T19:22:18.6676079-06:00"}}
	Logging: 2026-02-10T01:23:19.7653322Z	2026-02-09T19:23:19.7653322-06:00	Info	MetricsData	Track_HashTables	WebHost.ps1	ProcessLogQueue		Webhost	MainLoop	1	H4sIAAAAAAAACpWUy27CMBRE/8VrqPzIy9nCopWgQoLS9SU1FCkkke1UQoh/r6DFvqZUcpYZR8f23BmfyGL5rjZLpb+Unrcffa0MKU/kFQ6KlI8WR2TS9o0lJaMjMgNjl0o1pCSc8mxM+ZjKFZMlFyWTT3kmuKR0TLOSUnIekQ60auwELNrDaw6dxpBpXghPNkfzZpRG3JviqCKCmgiRZ55agVW7Vh8R1kmOm0dweUKLwnMPVzOnYAGRkTjozDyXmfRs6Lo78E1xVBlD5YKiE5t+E47tV3BMHjOzNHDhB3FvMFaHzY4lFCUCZfdxohE9KnA8lSga0HUvzbYNbb4qA22WBaLOwVafQQVviu9dDDWTIsFWTNUW+touQMNBWaXXUPd3Tf/nF7dvVN1ZmqARzNrd897YcL5IHMTmqZTBndZKm33brGBTq+AmwcKgaQjOMoZqCs1+qwyOvZP8PKI6mqWS/8mmuRzzwXv7qw9KvxBMom5VQVkvX8PeK5HgWFZgoW53IfGqDIulyL0L529uQsutfAYAAA==
	Logging: 2026-02-10T01:23:19.7677749Z	2026-02-09T19:23:19.7677749-06:00	Info	MetricsData	Track_HashTables	WebHost.ps1	ProcessLogQueue		Webhost	MainLoop	1	{"prefixesToTry":{"Name":"prefixesToTry","Count":2,"LastSeen":"2026-02-09T19:23:19.7671243-06:00"},"dbRoles":{"Name":"dbRoles","Count":15,"LastSeen":"2026-02-09T19:23:19.7668064-06:00"},"args":{"Name":"args","Count":0,"LastSeen":"2026-02-09T19:23:19.7666766-06:00"},"systemUsers":{"Name":"systemUsers","Count":2,"LastSeen":"2026-02-09T19:23:19.7672748-06:00"},"fileInfo":{"Name":"fileInfo","Count":2,"LastSeen":"2026-02-09T19:23:19.7668682-06:00"},"configRoles":{"Name":"configRoles","Count":6,"LastSeen":"2026-02-09T19:23:19.7667540-06:00"},"ModulePathEnv":{"Name":"ModulePathEnv","Count":19,"LastSeen":"2026-02-09T19:23:19.7670511-06:00"}}
	Logging: 2026-02-10T01:23:50.9361920Z	2026-02-09T19:23:50.9361920-06:00	Verbose	EventViewer	Event\ log\ request:\ 178\ events\ returned	apps\WebhostRealtimeEvents\routes\api\v1\logs\get.ps1	get.ps1		6ec71a85-fb79-4ebc-aa1d-587c7f8b403c		1	{"ResultCount":178,"Filters":{"categories":null,"userID":null,"severities":null,"source":null,"activityName":null,"filter":null,"runspaceID":null,"sessionID":null},"TimeRange":15}
	Logging: 2026-02-10T01:23:50.9398919Z	2026-02-09T19:23:50.9398919-06:00	Info	MetricsData	Track_HashTables	WebHost.ps1	ProcessLogQueue		Webhost	MainLoop	1	H4sIAAAAAAAACpWUy27CMBBF/8VrqBw7ie1sYdFKUCGF0vVADUXKS7FTCSH+veKVjCmV7GVOouPJzB0fySL/1Otctz+6nddfXaENyY7kHUpNsmcvR2RSd5UlWURHZAbG5lpXJCOMsnRM2ZiqZaQyxrOEviguVRKJMU0zSslpRBpodWUnYNEZA+vViY85EVQNZnMwH0a3yHsnvZV7WBUXNBqsG7B6V7cHpO1R7xUeXiFTkQ7e8tLMKVhAZgSDapZxwuTghqZ5EN9Jb1U+FScMV2y6tTu2G+idzKe7jCmUhqviscGYhs2OKVwxyu7zRCO7V+CkwHpomrdqW7ttvpCwNqcxR8Obg918Oyt4J8Pe+dTKpeS4FVO9ha6wC2ih1Fa3Kyi6h03/55P+XK91TyWO4qzeve6NdeeLYJg7UjFazUW+0q3Z19US1oV2/sR5ETQNKVSCAlpCtd9qg2Pfo2EeXjvKKad/smnOZT65b288LP2UShTPjbOs56ew+0rEgjk2KOqda7yQoFgKGZ3Z1Xr6BZGye018BgAA
	Logging: 2026-02-10T01:23:50.9429470Z	2026-02-09T19:23:50.9429470-06:00	Info	MetricsData	Track_HashTables	WebHost.ps1	ProcessLogQueue		Webhost	MainLoop	1	{"prefixesToTry":{"Name":"prefixesToTry","Count":2,"LastSeen":"2026-02-09T19:23:50.9423452-06:00"},"dbRoles":{"Name":"dbRoles","Count":15,"LastSeen":"2026-02-09T19:23:50.9417551-06:00"},"args":{"Name":"args","Count":0,"LastSeen":"2026-02-09T19:23:50.9413492-06:00"},"systemUsers":{"Name":"systemUsers","Count":2,"LastSeen":"2026-02-09T19:23:50.9426328-06:00"},"fileInfo":{"Name":"fileInfo","Count":2,"LastSeen":"2026-02-09T19:23:50.9418845-06:00"},"configRoles":{"Name":"configRoles","Count":6,"LastSeen":"2026-02-09T19:23:50.9416299-06:00"},"ModulePathEnv":{"Name":"ModulePathEnv","Count":19,"LastSeen":"2026-02-09T19:23:50.9422032-06:00"}}
	Logging: 2026-02-10T01:24:23.0810358Z	2026-02-09T19:24:23.0810358-06:00	Info	MetricsData	Track_HashTables	WebHost.ps1	ProcessLogQueue		Webhost	MainLoop	1	H4sIAAAAAAAACpWUzW7CMBCE38VnqNaOHSe5wqGVoIoUSs+GGoqUHxQ7lRDi3SvS4qwRVZ1jJtHnzeyMzyQv3vWm0O2XbpfNR1dqQ7IzeVWVJtmjlxMya7rakozChCyUsYXWNckIAxZPgU0hXdE0Yzxj0RMkwLhIpxBnAOQyIUfV6trOlEVnDJpDixAyMEYHsjmZN6NbxL0pjhqFUDmN+UDdKqv3TXtCWCc5rvyfK1MqBQzcqjdzrqxCZCSOmVmmCU/kwFbH4x34pjhqGkIFkGhi0238tf0KjslC3I04xzvrEfcGY3Xc7qIEEB1l93GiET0ocIwK4dn8Uu8a3+ZeGWlzLNHQS2W3n14Fb8rQuxCqjBPPirneqa60uWpVpa1u16rs7pr+xyfu3KC6U+AoNItm/3ww1t8vEsewZSo4oGrmxVq35tDUK7Uptfcn3osx20iASnxGperDThsceycN+wjqaCwiFJ78J4XmOuaD+/ZXH5d+5t0wW6+s16eR9xUVsUdTZbP3ib0yLpaUi+hGvXwDuZJuv3wGAAA=
	Logging: 2026-02-10T01:24:23.0829552Z	2026-02-09T19:24:23.0829552-06:00	Info	MetricsData	Track_HashTables	WebHost.ps1	ProcessLogQueue		Webhost	MainLoop	1	{"prefixesToTry":{"Name":"prefixesToTry","Count":2,"LastSeen":"2026-02-09T19:24:23.0823565-06:00"},"dbRoles":{"Name":"dbRoles","Count":15,"LastSeen":"2026-02-09T19:24:23.0820247-06:00"},"args":{"Name":"args","Count":0,"LastSeen":"2026-02-09T19:24:23.0818669-06:00"},"systemUsers":{"Name":"systemUsers","Count":2,"LastSeen":"2026-02-09T19:24:23.0825086-06:00"},"fileInfo":{"Name":"fileInfo","Count":2,"LastSeen":"2026-02-09T19:24:23.0821159-06:00"},"configRoles":{"Name":"configRoles","Count":6,"LastSeen":"2026-02-09T19:24:23.0819368-06:00"},"ModulePathEnv":{"Name":"ModulePathEnv","Count":19,"LastSeen":"2026-02-09T19:24:23.0822869-06:00"}}
	Logging: 2026-02-10T01:26:10.3369687Z	2026-02-09T19:26:10.3369687-06:00	Info	MetricsData	Track_HashTables	WebHost.ps1	ProcessLogQueue		Webhost	MainLoop	1	{"prefixesToTry":{"Name":"prefixesToTry","Count":2,"LastSeen":"2026-02-09T19:26:10.3364695-06:00"},"dbRoles":{"Name":"dbRoles","Count":15,"LastSeen":"2026-02-09T19:26:10.3355835-06:00"},"ModulePathEnv":{"Name":"ModulePathEnv","Count":19,"LastSeen":"2026-02-09T19:26:10.3363507-06:00"},"args":{"Name":"args","Count":0,"LastSeen":"2026-02-09T19:26:10.1880768-06:00"},"systemUsers":{"Name":"systemUsers","Count":2,"LastSeen":"2026-02-09T19:26:10.3366443-06:00"},"fileInfo":{"Name":"fileInfo","Count":2,"LastSeen":"2026-02-09T19:26:10.3357649-06:00"},"logEntries":{"Name":"logEntries","Count":2,"LastSeen":"2026-02-09T19:26:10.3361303-06:00"},"configRoles":{"Name":"configRoles","Count":6,"LastSeen":"2026-02-09T19:26:10.3353363-06:00"}}
	Logging: 2026-02-10T01:26:56.0645923Z	2026-02-09T19:26:56.0645923-06:00	Info	MetricsData	Track_HashTables	WebHost.ps1	ProcessLogQueue		Webhost	MainLoop	1	{"prefixesToTry":{"Name":"prefixesToTry","Count":2,"LastSeen":"2026-02-09T19:26:55.9252552-06:00"},"dbRoles":{"Name":"dbRoles","Count":15,"LastSeen":"2026-02-09T19:26:55.9249267-06:00"},"args":{"Name":"args","Count":0,"LastSeen":"2026-02-09T19:26:55.9248054-06:00"},"systemUsers":{"Name":"systemUsers","Count":2,"LastSeen":"2026-02-09T19:26:56.0641109-06:00"},"fileInfo":{"Name":"fileInfo","Count":2,"LastSeen":"2026-02-09T19:26:55.9249879-06:00"},"configRoles":{"Name":"configRoles","Count":6,"LastSeen":"2026-02-09T19:26:55.9248768-06:00"},"ModulePathEnv":{"Name":"ModulePathEnv","Count":19,"LastSeen":"2026-02-09T19:26:55.9251831-06:00"}}
	Logging: 2026-02-10T01:27:26.5464653Z	2026-02-09T19:27:26.5464653-06:00	Info	MetricsData	Track_HashTables	WebHost.ps1	ProcessLogQueue		Webhost	MainLoop	1	{"prefixesToTry":{"Name":"prefixesToTry","Count":2,"LastSeen":"2026-02-09T19:27:26.5456291-06:00"},"dbRoles":{"Name":"dbRoles","Count":15,"LastSeen":"2026-02-09T19:27:26.5449259-06:00"},"args":{"Name":"args","Count":0,"LastSeen":"2026-02-09T19:27:26.4094428-06:00"},"systemUsers":{"Name":"systemUsers","Count":2,"LastSeen":"2026-02-09T19:27:26.5459820-06:00"},"fileInfo":{"Name":"fileInfo","Count":2,"LastSeen":"2026-02-09T19:27:26.5451678-06:00"},"configRoles":{"Name":"configRoles","Count":6,"LastSeen":"2026-02-09T19:27:26.4095136-06:00"},"ModulePathEnv":{"Name":"ModulePathEnv","Count":19,"LastSeen":"2026-02-09T19:27:26.5454404-06:00"}}
	Logging: 2026-02-10T01:29:13.9680402Z	2026-02-09T19:29:13.9680402-06:00	Verbose	EventViewer	Event\ log\ request:\ 339\ events\ returned	apps\WebhostRealtimeEvents\routes\api\v1\logs\get.ps1	get.ps1		6ec71a85-fb79-4ebc-aa1d-587c7f8b403c		1	{"ResultCount":339,"Filters":{"categories":null,"userID":null,"severities":null,"source":null,"activityName":null,"filter":null,"runspaceID":null,"sessionID":null},"TimeRange":15}
	Logging: 2026-02-10T01:29:13.9714208Z	2026-02-09T19:29:13.9714208-06:00	Info	MetricsData	Track_HashTables	WebHost.ps1	ProcessLogQueue		Webhost	MainLoop	1	H4sIAAAAAAAACpWUX2+CMBTFv0ufdSmUFsurPmyJLiQ493xl1ZnwL21ZYozffdFJuTiX0UcO5NfLuef0RNLsXW0zpb+UXtUfbaEMSU7kFUpFkkcvJ2Ret5UlSUAnZAnGZkpVJCEhDcWUhlMq14FMQpkE7EnGNA5oNKUioZScJ6QBrSo7B4vO6DWH5mPIjF20jmyO5s0ojbid4qhsBDWgLEDUHKza1/qIsE5y3Ph/rpCCM95zy6uZC7CAyEj0mpkGkoueDU1zB+4UR5VjJg4lpcjfdjtc201wzHDMpDNJkQs/iHuDserng4w4yhrK7uNEI/qowAnOUDSgaV6qXT20+ar42RyFQvbUFdj8c1DBTul7NyoSLETUNFuoHbSFTUFDqazSGyjau6b/8Yk7d1Tdowifu6z3zwdjh/tFog9bSDnDgUyzjdLmUFdr2BZq8CeDFz7biCmP8Y5LqA47ZXDsndTvY1Q2acyCX9k0lzEf3Lc33S/9sZCoW/mgrJcnv/uKswh1KQcLRb0fEq+KTyyF5DKKO+r5G3A1Ls18BgAA
	Logging: 2026-02-10T01:29:13.9740829Z	2026-02-09T19:29:13.9740829-06:00	Info	MetricsData	Track_HashTables	WebHost.ps1	ProcessLogQueue		Webhost	MainLoop	1	{"prefixesToTry":{"Name":"prefixesToTry","Count":2,"LastSeen":"2026-02-09T19:29:13.9734731-06:00"},"dbRoles":{"Name":"dbRoles","Count":15,"LastSeen":"2026-02-09T19:29:13.9729076-06:00"},"args":{"Name":"args","Count":0,"LastSeen":"2026-02-09T19:29:13.9726856-06:00"},"systemUsers":{"Name":"systemUsers","Count":2,"LastSeen":"2026-02-09T19:29:13.9737420-06:00"},"fileInfo":{"Name":"fileInfo","Count":2,"LastSeen":"2026-02-09T19:29:13.9730292-06:00"},"configRoles":{"Name":"configRoles","Count":6,"LastSeen":"2026-02-09T19:29:13.9728118-06:00"},"ModulePathEnv":{"Name":"ModulePathEnv","Count":19,"LastSeen":"2026-02-09T19:29:13.9733334-06:00"}}
	Logging: 2026-02-10T01:29:29.1607647Z	2026-02-09T19:29:29.1607647-06:00	Info	MetricsData	Track_HashTables	WebHost.ps1	ProcessLogQueue		Webhost	MainLoop	1	{"prefixesToTry":{"Name":"prefixesToTry","Count":2,"LastSeen":"2026-02-09T19:29:29.1600939-06:00"},"dbRoles":{"Name":"dbRoles","Count":15,"LastSeen":"2026-02-09T19:29:29.1591164-06:00"},"ModulePathEnv":{"Name":"ModulePathEnv","Count":19,"LastSeen":"2026-02-09T19:29:29.1599648-06:00"},"args":{"Name":"args","Count":0,"LastSeen":"2026-02-09T19:29:29.1588892-06:00"},"systemUsers":{"Name":"systemUsers","Count":2,"LastSeen":"2026-02-09T19:29:29.1603904-06:00"},"fileInfo":{"Name":"fileInfo","Count":2,"LastSeen":"2026-02-09T19:29:29.1592227-06:00"},"logEntries":{"Name":"logEntries","Count":3,"LastSeen":"2026-02-09T19:29:29.1597910-06:00"},"configRoles":{"Name":"configRoles","Count":6,"LastSeen":"2026-02-09T19:29:29.1590147-06:00"}}
	Logging: 2026-02-10T01:29:59.3600493Z	2026-02-09T19:29:59.3600493-06:00	Info	MetricsData	Track_HashTables	WebHost.ps1	ProcessLogQueue		Webhost	MainLoop	1	H4sIAAAAAAAACpWUzW7CMBCE38VnqBw7cexc4dBKUEUKpeeFGoqUHxQ7lRDi3avSJllHVLKvY+vzenZ2ryQv3vWu0O2XbtfNR1dqQ7IreYVKk+zR4Ywsmq62JIvojKzA2ELrmmSEUSbmlM2p2kQqYypL1BNPFBeCzanIKCW3GTlDq2u7AIveGLUBnXiQpRIpH8nmYt6MbhG3VwYq96lXSCFG6h6sPjbtBWEHaeCmHtxUMRqN3Opu5hIsIDISg2qWkseoZjifJ+BeGajKp2IWR6hi0+3ctv0JA5P5uJuISE2ZU4OxGtg7xuVIR9l9nGhE9wmc4lSljs0v9aFxbb4rYTbHLEWWrMHuP50R7JVx7nwikXKOqHmx1AfoSptDC5W2ut1C2U0m/Z8rw7te404VbvCqOT6fjHX7i8QgtuQySfCftro1p6bewK7Uzk+cg6BuKBYptK4qqE8HbXDsB2nsh9eMJlGCwpP/ptD8lPlg3/7pYemPI0GdzeUurcB9JVKJGrkHC2VzdIl3JSiWqeQy7qm3bx3lZYd8BgAA
	Logging: 2026-02-10T01:29:59.3629353Z	2026-02-09T19:29:59.3629353-06:00	Info	MetricsData	Track_HashTables	WebHost.ps1	ProcessLogQueue		Webhost	MainLoop	1	{"prefixesToTry":{"Name":"prefixesToTry","Count":2,"LastSeen":"2026-02-09T19:29:59.3621855-06:00"},"dbRoles":{"Name":"dbRoles","Count":15,"LastSeen":"2026-02-09T19:29:59.3616224-06:00"},"args":{"Name":"args","Count":0,"LastSeen":"2026-02-09T19:29:59.3614029-06:00"},"systemUsers":{"Name":"systemUsers","Count":2,"LastSeen":"2026-02-09T19:29:59.3625525-06:00"},"fileInfo":{"Name":"fileInfo","Count":2,"LastSeen":"2026-02-09T19:29:59.3617505-06:00"},"configRoles":{"Name":"configRoles","Count":6,"LastSeen":"2026-02-09T19:29:59.3615278-06:00"},"ModulePathEnv":{"Name":"ModulePathEnv","Count":19,"LastSeen":"2026-02-09T19:29:59.3620649-06:00"}}
	Logging: 2026-02-10T01:31:00.0870165Z	2026-02-09T19:31:00.0870165-06:00	Verbose	EventViewer	Event\ log\ request:\ 393\ events\ returned	apps\WebhostRealtimeEvents\routes\api\v1\logs\get.ps1	get.ps1		6ec71a85-fb79-4ebc-aa1d-587c7f8b403c		1	{"ResultCount":393,"Filters":{"categories":null,"userID":null,"severities":null,"source":null,"activityName":null,"filter":null,"runspaceID":null,"sessionID":null},"TimeRange":15}
	Logging: 2026-02-10T01:31:00.0905249Z	2026-02-09T19:31:00.0905249-06:00	Info	MetricsData	Track_HashTables	WebHost.ps1	ProcessLogQueue		Webhost	MainLoop	1	H4sIAAAAAAAACpWUzW7CMBCE38VnqBzbSexc4dBKUCFB6XmhhiLlT7ZTCSHevYI2ziaianzMOPq83p3ZC1mt3/Vurc2XNsvqo8m1JdmFvEKhSfbocEJmVVM6kkV0QhZg3VrrkmSEUZZMKZtStYlUxqOM0icqVco5ndIko5RcJ6QGo0s3A4fu6DSPjseQuYhFR7Zn+2a1QdxW8VT+P1VRmgrWUffg9LEyZ4T1kuemI6qVcSxQtcW9mXNwgMhIDKlZKkYxG+p6AG4VT1VjKmZMSdTfZtcf26/gmWxMpUqKeMgcNhirgbPj2BHIu48djeijDJck2MpQ1y/loeq3+a6EtZmzm9xSl+D2n70ItkqXuzG1RjxSuBVzfYAmdyswUGinzRbyZpD0P37x946Ku4iTtLt3UR2fT9b154vEILZUEYvwm7ba2FNVbmCX695LegdB01Axx3cUUJ4O2mLbe6mbx6iM0oShvbL6caG9lflg3/7qYVsgTSTK674X1ttX2L4SXCCz78FBXh37xLsSZEsplPRduH4DS8CMSHwGAAA=
	Logging: 2026-02-10T01:31:00.0925800Z	2026-02-09T19:31:00.0925800-06:00	Info	MetricsData	Track_HashTables	WebHost.ps1	ProcessLogQueue		Webhost	MainLoop	1	{"prefixesToTry":{"Name":"prefixesToTry","Count":2,"LastSeen":"2026-02-09T19:31:00.0919442-06:00"},"dbRoles":{"Name":"dbRoles","Count":15,"LastSeen":"2026-02-09T19:31:00.0916226-06:00"},"args":{"Name":"args","Count":0,"LastSeen":"2026-02-09T19:31:00.0914950-06:00"},"systemUsers":{"Name":"systemUsers","Count":2,"LastSeen":"2026-02-09T19:31:00.0921283-06:00"},"fileInfo":{"Name":"fileInfo","Count":2,"LastSeen":"2026-02-09T19:31:00.0916989-06:00"},"configRoles":{"Name":"configRoles","Count":6,"LastSeen":"2026-02-09T19:31:00.0915686-06:00"},"ModulePathEnv":{"Name":"ModulePathEnv","Count":19,"LastSeen":"2026-02-09T19:31:00.0918748-06:00"}}
	Logging: 2026-02-10T01:31:15.2541674Z	2026-02-09T19:31:15.2541674-06:00	Info	MetricsData	Track_HashTables	WebHost.ps1	ProcessLogQueue		Webhost	MainLoop	1	H4sIAAAAAAAACpWUX2+CMBTFv0ufdekf2gKv+rAlupjgtucrq84EgdCyxBi/+6LRcmEuo48cyK+Hc8/tiayyD7PJTPNtmmX12RbGkvREXuFgSPro5YTMqrZ0JGV0QhZgXWZMSVLCKVdTyqc0WbMkFSxl8olLoWicTKlKKSXnCamhMaWbgUNndJpHyzFkHjPZke3RvlnTIO5d8VQxhhpHcdxRc3BmVzVHhPWS5+p/uUzqhFHk9nANcw4OEBmJYZ45E6xjQ10PwHfFU5MxjqWOEdW2m/7YboJn8jFOtaR6yBwGjNWwHHSiEB1193GjEX1U4aSMER7q+qXcVv2Yr0pYzEpp1VGX4PKv3grelW7vxnhlWkc4irnZQlu4FTRwMM4071C0g03/4xN/7qh1F5Gm3bmLave8t64/XySGsSlPUFKr7N00dl+Va9gUpvcnvRcB0+BSROqi+TWFcr81FtfeS908RnWTiUj86qa92Hxw3970sPYrKVD0eW9ZL09h95XWHBUoBwdFtesTr0pALZnUcSS9x/MPgohN4nwGAAA=
	Logging: 2026-02-10T01:31:15.2564450Z	2026-02-09T19:31:15.2564450-06:00	Info	MetricsData	Track_HashTables	WebHost.ps1	ProcessLogQueue		Webhost	MainLoop	1	{"prefixesToTry":{"Name":"prefixesToTry","Count":2,"LastSeen":"2026-02-09T19:31:15.2559500-06:00"},"dbRoles":{"Name":"dbRoles","Count":15,"LastSeen":"2026-02-09T19:31:15.2555219-06:00"},"ModulePathEnv":{"Name":"ModulePathEnv","Count":19,"LastSeen":"2026-02-09T19:31:15.2558685-06:00"},"args":{"Name":"args","Count":0,"LastSeen":"2026-02-09T19:31:15.2553513-06:00"},"systemUsers":{"Name":"systemUsers","Count":2,"LastSeen":"2026-02-09T19:31:15.2561140-06:00"},"fileInfo":{"Name":"fileInfo","Count":2,"LastSeen":"2026-02-09T19:31:15.2555993-06:00"},"logEntries":{"Name":"logEntries","Count":3,"LastSeen":"2026-02-09T19:31:15.2557209-06:00"},"configRoles":{"Name":"configRoles","Count":6,"LastSeen":"2026-02-09T19:31:15.2554656-06:00"}}
	Logging: 2026-02-10T01:31:45.9203719Z	2026-02-09T19:31:45.9203719-06:00	Info	MetricsData	Track_HashTables	WebHost.ps1	ProcessLogQueue		Webhost	MainLoop	1	H4sIAAAAAAAACpWUy27CMBBF/8VrqPyIkzhbWLQSVEhQujZ0oEh5INuphBD/XkGJH1EqOctcR8eeO3fmilbrT9itQf2AWjZfbQkaFVf0LitAxdDhBM2atjaoIHiCFlKbNUCNCkQxTaeYTrHYEFEwUiT8RRCRUMGnOC0wRrcJOksFtZlJ493hNIvmMWTMeOrI+qI/NCiP2ymWymKogvLMUffSwLFRFw9rJcvNIrhZkjDquNXDzLk00iN74qg357lImWPL87kH7hRLFTEvxmngb7sL2/YULJPGuJsOMPsG++q43uX0rnV0L7vDifboUYFjXCSBzW/1oQltfijjbKaYeJYspdl/ByPYKW7uoiLRs2IOB9mWZiWVrMCA2sqy7U36P7/Ye6PGnXC/mkVzfD1pE/bXE0ex84TwoKYtKH1q6o3clRBUEhyM6oagQY8rWZ8OoP3YW8n1I2pGM5p5e3D1l0J9f+bAvn3q49LPMfXs2QfDev8at68YpiSgybI5hsSHMiqWGUvdprr9AmyToYV8BgAA
	Logging: 2026-02-10T01:31:45.9222508Z	2026-02-09T19:31:45.9222508-06:00	Info	MetricsData	Track_HashTables	WebHost.ps1	ProcessLogQueue		Webhost	MainLoop	1	{"prefixesToTry":{"Name":"prefixesToTry","Count":2,"LastSeen":"2026-02-09T19:31:45.9217145-06:00"},"dbRoles":{"Name":"dbRoles","Count":15,"LastSeen":"2026-02-09T19:31:45.9214077-06:00"},"args":{"Name":"args","Count":0,"LastSeen":"2026-02-09T19:31:45.9212834-06:00"},"systemUsers":{"Name":"systemUsers","Count":2,"LastSeen":"2026-02-09T19:31:45.9218893-06:00"},"fileInfo":{"Name":"fileInfo","Count":2,"LastSeen":"2026-02-09T19:31:45.9214701-06:00"},"configRoles":{"Name":"configRoles","Count":6,"LastSeen":"2026-02-09T19:31:45.9213554-06:00"},"ModulePathEnv":{"Name":"ModulePathEnv","Count":19,"LastSeen":"2026-02-09T19:31:45.9216429-06:00"}}
	Logging: 2026-02-10T01:34:34.7067110Z	2026-02-09T19:34:34.7067110-06:00	Info	MetricsData	Track_HashTables	WebHost.ps1	ProcessLogQueue		Webhost	MainLoop	1	H4sIAAAAAAAACpWUX2vCMBTFv0uedaRpkzZ91YcNdAh1+nx10Qn9R5MORPzuQ9H0pjhIXk/KL+k5594LWRVbtStU96u6ZfPdl0qT/EI+oVIkf3U4IbOmrw3JIzohC9CmUKomOWGUiSllUyrXkczjJI+Tt5QKKpicUpFTSq4T0kKnajMDg+4YNIvmHmSe8YwOZH3WX1p1iPtULDX2eS/jjA3UPRh1bLozwlrJclOf1yacioFb3c2cgwFERmLQm3maZcnAhrYdgZ+KpUofKosY9rffubE9BMtkPu5GQmRj5thgrAZmF8XRQEfdfd1oRPcpnKAxQ3ho24/60Lg235Uwm+NIIJuXYPY/zgg+lWHuvCrBGTJ6VczVAfrSrKCDShnVbaDsR5P+zyf2Xp9x55IlyKNFc3w/aePmi8QwtuAJWiWrYqM6fWrqNexK5fyJcxCWhsxSlEYF9emgNK69lYY8/GY0SpxAtrcW6tszX+zbhx7Wfirj1Nlc7tIK3FdxKl0alM3RJd6VsFomjFoXrn+tiDz5fAYAAA==
	Logging: 2026-02-10T01:34:34.7086927Z	2026-02-09T19:34:34.7086927-06:00	Info	MetricsData	Track_HashTables	WebHost.ps1	ProcessLogQueue		Webhost	MainLoop	1	{"prefixesToTry":{"Name":"prefixesToTry","Count":2,"LastSeen":"2026-02-09T19:34:34.7080403-06:00"},"dbRoles":{"Name":"dbRoles","Count":15,"LastSeen":"2026-02-09T19:34:34.7077148-06:00"},"args":{"Name":"args","Count":0,"LastSeen":"2026-02-09T19:34:34.7075894-06:00"},"systemUsers":{"Name":"systemUsers","Count":2,"LastSeen":"2026-02-09T19:34:34.7082063-06:00"},"fileInfo":{"Name":"fileInfo","Count":2,"LastSeen":"2026-02-09T19:34:34.7077757-06:00"},"configRoles":{"Name":"configRoles","Count":6,"LastSeen":"2026-02-09T19:34:34.7076636-06:00"},"ModulePathEnv":{"Name":"ModulePathEnv","Count":19,"LastSeen":"2026-02-09T19:34:34.7079647-06:00"}}
	Logging: 2026-02-10T01:35:52.0099205Z	2026-02-09T19:35:52.0099205-06:00	Info	MetricsData	Track_HashTables	WebHost.ps1	ProcessLogQueue		Webhost	MainLoop	1	H4sIAAAAAAAACpWUUW/CIBSF/wvPulAKCH3Vhy3RxaTOPV8dOpPaGqBLjPG/LxqlF+cS+thD893LuedyIvPy06xKY3+MnTVfbWUcKU7kHfaGFM8OB2TctLUnRUYHZArOl8bUpCCMMjmkbEj1ItNFLgrBXijVnOWjIZUFpeQ8IAewpvZj8KhGpwW0SCFnXCKyO7oPZyzi3pVAzVOoklLdUdfgzbaxR4QNUuCOErhKZFp23P3VzAl4QGQk9uuZjrDHcDg8gO9KoOqUjpmSyAnXruKx3YTAZCmdCqb+MB8Nxmo/H4RkyAeU3eeJRvSkwOWaZpHNb/WmiW2+Kv1szrlAlszAr7+jFbwr3d4lRYJRjq2YmA20lZ+Dhb3xxi6hah82/Z9fQt2kdWeZYF3dabN93TkfzxeJvdhKKY6cmpdLY92uqRewqkx0k+ig1zR0zoRAawr1bmMcjn2QunmkZFNpmUUD+byk0F3afPLe3vR+6eeCo/Svo2W9fPV7r3KNY7kGD1WzjYlXpVcsFeci9Hj+BZmGdWh8BgAA
	Logging: 2026-02-10T01:35:52.0129771Z	2026-02-09T19:35:52.0129771-06:00	Info	MetricsData	Track_HashTables	WebHost.ps1	ProcessLogQueue		Webhost	MainLoop	1	{"prefixesToTry":{"Name":"prefixesToTry","Count":2,"LastSeen":"2026-02-09T19:35:52.0122252-06:00"},"dbRoles":{"Name":"dbRoles","Count":15,"LastSeen":"2026-02-09T19:35:52.0115944-06:00"},"args":{"Name":"args","Count":0,"LastSeen":"2026-02-09T19:35:52.0113682-06:00"},"systemUsers":{"Name":"systemUsers","Count":2,"LastSeen":"2026-02-09T19:35:52.0125140-06:00"},"fileInfo":{"Name":"fileInfo","Count":2,"LastSeen":"2026-02-09T19:35:52.0117065-06:00"},"configRoles":{"Name":"configRoles","Count":6,"LastSeen":"2026-02-09T19:35:52.0114939-06:00"},"ModulePathEnv":{"Name":"ModulePathEnv","Count":19,"LastSeen":"2026-02-09T19:35:52.0120486-06:00"}}
	Logging: 2026-02-10T01:36:23.7439539Z	2026-02-09T19:36:23.7439539-06:00	Info	MetricsData	Track_HashTables	WebHost.ps1	ProcessLogQueue		Webhost	MainLoop	1	H4sIAAAAAAAACpWUX2vCMBTFv0uedaRJmjZ91YcNdBTqtueri06orSTpQMTvPvzX3oiD5LGn5Zf03HPukZTVl15W2vxqM2+/u1pbUhzJO+w0KZ69HJFJ2zWOFAkdkRlYV2ndkIIwyuSYsjFVi0QVXBaMv2SCM0XTMZUFpeQ0InswunETcOiMQevRaQiZKs4Gsj3YD6sN4t6VnspDqEImYqCuwOlNaw4I20s9NwvgslRI5MPuYuYUHCAyEqPuzJTK1cCG/f4BfFd6qgqgJjLnOfK3W/pjuwk9k4W4yxVFN70iHg3GauTsGOcDHWX3eaIRPShwTFLp2fzWrFvf5osSZ3PGcxTjObjVj1fBuzL0LigSUqC4ldVUr6GrXQkGdtpp8wl199D0fz7pzw2qe5JKFJpZu3ndWufPF4lRbJaL3BvvpzZ22zYLWNba+xPvRdQ0OEuyDNUUmu1aWxz7XhrmEdZRJlF4ymsK7fmaT/btTY9LP2c4niuvrOenqH2VZDneVytwULcbn3hR4mIpxLBTTn8UHVvSfAYAAA==
	Logging: 2026-02-10T01:36:23.7458392Z	2026-02-09T19:36:23.7458392-06:00	Info	MetricsData	Track_HashTables	WebHost.ps1	ProcessLogQueue		Webhost	MainLoop	1	{"prefixesToTry":{"Name":"prefixesToTry","Count":2,"LastSeen":"2026-02-09T19:36:23.7452723-06:00"},"dbRoles":{"Name":"dbRoles","Count":15,"LastSeen":"2026-02-09T19:36:23.7449151-06:00"},"args":{"Name":"args","Count":0,"LastSeen":"2026-02-09T19:36:23.7447976-06:00"},"systemUsers":{"Name":"systemUsers","Count":2,"LastSeen":"2026-02-09T19:36:23.7454589-06:00"},"fileInfo":{"Name":"fileInfo","Count":2,"LastSeen":"2026-02-09T19:36:23.7449753-06:00"},"configRoles":{"Name":"configRoles","Count":6,"LastSeen":"2026-02-09T19:36:23.7448666-06:00"},"ModulePathEnv":{"Name":"ModulePathEnv","Count":19,"LastSeen":"2026-02-09T19:36:23.7451892-06:00"}}
	Logging: 2026-02-10T01:38:25.5053663Z	2026-02-09T19:38:25.5053663-06:00	Info	MetricsData	Track_HashTables	WebHost.ps1	ProcessLogQueue		Webhost	MainLoop	1	H4sIAAAAAAAACpWUy27CMBBF/8VrqPxKnGQLi1aCKlIoXQ/UUKQ8UOxUQoh/r6CQjCMq2ctcR8fjO3fmTPLiU28K3f7odtl8daU2JDuTd6g0yZ4dTsis6WpLMkYnZAHGFlrXJCOc8nhK+ZSmK5ZmIsl49BJRqWicTGmcUUouE3KEVtd2BhbdMWg9OvIh8yiRA9mczIfRLeI+lJ4qfKiJwtQtWL1v2hPC9lLPVR5cwZnkA7e6mTkHC4iMxLCaGUvUwIbjcQR+KD019amYshR1znQbt213oWdyL3epSsfMscFYDeydpKhilN3niUZ0r8DFKqKOzW/1rnFtvimBNiuKArcEu/12RvChDHPnQ01TKbAVc72DrrQ5tFBpq9s1lN1o0v/5pb/Xa9wlY9Fw76LZvx6MdfuLxCC2kEyg8OTFWrfm0NQr2JTaeYlzENQNGbMIjVIF9WGnDY59Lw398MmmUDRBxuR/KTTXMp/s27seln4lFNowW2dYr19h+4qxFIV9CxbKZu8Sb0pYLFk8bNfLLwcDbQh8BgAA
	Logging: 2026-02-10T01:38:25.5072508Z	2026-02-09T19:38:25.5072508-06:00	Info	MetricsData	Track_HashTables	WebHost.ps1	ProcessLogQueue		Webhost	MainLoop	1	{"prefixesToTry":{"Name":"prefixesToTry","Count":2,"LastSeen":"2026-02-09T19:38:25.5066172-06:00"},"dbRoles":{"Name":"dbRoles","Count":15,"LastSeen":"2026-02-09T19:38:25.5063157-06:00"},"args":{"Name":"args","Count":0,"LastSeen":"2026-02-09T19:38:25.5061950-06:00"},"systemUsers":{"Name":"systemUsers","Count":2,"LastSeen":"2026-02-09T19:38:25.5067664-06:00"},"fileInfo":{"Name":"fileInfo","Count":2,"LastSeen":"2026-02-09T19:38:25.5063769-06:00"},"configRoles":{"Name":"configRoles","Count":6,"LastSeen":"2026-02-09T19:38:25.5062645-06:00"},"ModulePathEnv":{"Name":"ModulePathEnv","Count":19,"LastSeen":"2026-02-09T19:38:25.5065472-06:00"}}
	Logging: 2026-02-10T01:38:40.8129078Z	2026-02-09T19:38:40.8129078-06:00	Info	MetricsData	Track_HashTables	WebHost.ps1	ProcessLogQueue		Webhost	MainLoop	1	{"prefixesToTry":{"Name":"prefixesToTry","Count":2,"LastSeen":"2026-02-09T19:38:40.8120236-06:00"},"dbRoles":{"Name":"dbRoles","Count":15,"LastSeen":"2026-02-09T19:38:40.8113086-06:00"},"ModulePathEnv":{"Name":"ModulePathEnv","Count":19,"LastSeen":"2026-02-09T19:38:40.8118519-06:00"},"args":{"Name":"args","Count":0,"LastSeen":"2026-02-09T19:38:40.8110863-06:00"},"systemUsers":{"Name":"systemUsers","Count":2,"LastSeen":"2026-02-09T19:38:40.8122931-06:00"},"fileInfo":{"Name":"fileInfo","Count":2,"LastSeen":"2026-02-09T19:38:40.8114856-06:00"},"logEntries":{"Name":"logEntries","Count":2,"LastSeen":"2026-02-09T19:38:40.8117033-06:00"},"configRoles":{"Name":"configRoles","Count":6,"LastSeen":"2026-02-09T19:38:40.8112288-06:00"}}
	Logging: 2026-02-10T01:40:58.8645735Z	2026-02-09T19:40:58.8645735-06:00	Verbose	EventViewer	Event\ log\ request:\ 445\ events\ returned	apps\WebhostRealtimeEvents\routes\api\v1\logs\get.ps1	get.ps1		6ec71a85-fb79-4ebc-aa1d-587c7f8b403c		1	{"ResultCount":445,"Filters":{"categories":null,"userID":null,"severities":null,"source":null,"activityName":null,"filter":null,"runspaceID":null,"sessionID":null},"TimeRange":15}
	Logging: 2026-02-10T01:40:58.8688215Z	2026-02-09T19:40:58.8688215-06:00	Info	MetricsData	Track_HashTables	WebHost.ps1	ProcessLogQueue		Webhost	MainLoop	1	H4sIAAAAAAAACpWUy27CMBBF/8VrqBzHjyRbWLQSVEhQuh6ooUh5yXYqIcS/V1CIx4hKzjLX0fF45t45kcXyU2+W2vxoM2++ulJbUpzIO1SaFM8OR2TSdLUjRUJHZAbWLbWuSUEYZXJM2ZjmqyQvOC1E9pLJjPJMjKksKCXnEWnB6NpNwKE7vNajRQRZCcFST7ZH+2G1Qdy70lPTmHoZo4mnbsHpfWOOCNtLPVdFcKVQKffc6trMKThAZCQOqlkxJXPPhrZ9AN+VnprHVMx4ylB/u004tpvQM1lMdxNBkRv+EI8Nxuqw2SVZiujIu88djegxhstowtEIoW3f6l0TtvmqDGtzqlLpqXNw2+8ggnfF5y7GEglXFLdiqnfQlW4BBirttFlD2T0k/Z9f+ntj4q6UyJAVZ83+9WBdOF8kDmLLXIVvWmtjD029gk2pg5cEB4OmoXKukIUqqA87bbHte8nPIyqjVKVB8Z8XF9pLmU/27U0f5n6qcpTXbRDWy9ewfcWlCPcglM0+JF6VQbaUgvn8n38BMvo2vnwGAAA=
	Logging: 2026-02-10T01:40:58.8720016Z	2026-02-09T19:40:58.8720016-06:00	Info	MetricsData	Track_HashTables	WebHost.ps1	ProcessLogQueue		Webhost	MainLoop	1	{"prefixesToTry":{"Name":"prefixesToTry","Count":2,"LastSeen":"2026-02-09T19:40:58.8714200-06:00"},"dbRoles":{"Name":"dbRoles","Count":15,"LastSeen":"2026-02-09T19:40:58.8710710-06:00"},"args":{"Name":"args","Count":0,"LastSeen":"2026-02-09T19:40:58.8706443-06:00"},"systemUsers":{"Name":"systemUsers","Count":2,"LastSeen":"2026-02-09T19:40:58.8715724-06:00"},"fileInfo":{"Name":"fileInfo","Count":2,"LastSeen":"2026-02-09T19:40:58.8711494-06:00"},"configRoles":{"Name":"configRoles","Count":6,"LastSeen":"2026-02-09T19:40:58.8709548-06:00"},"ModulePathEnv":{"Name":"ModulePathEnv","Count":19,"LastSeen":"2026-02-09T19:40:58.8713478-06:00"}}
	Logging: 2026-02-10T01:41:29.0009928Z	2026-02-09T19:41:29.0009928-06:00	Verbose	EventViewer	Event\ log\ request:\ 448\ events\ returned	apps\WebhostRealtimeEvents\routes\api\v1\logs\get.ps1	get.ps1		6ec71a85-fb79-4ebc-aa1d-587c7f8b403c		1	{"ResultCount":448,"Filters":{"categories":null,"userID":null,"severities":null,"source":null,"activityName":null,"filter":null,"runspaceID":null,"sessionID":null},"TimeRange":15}
	Logging: 2026-02-10T01:41:29.0037205Z	2026-02-09T19:41:29.0037205-06:00	Info	MetricsData	Track_HashTables	WebHost.ps1	ProcessLogQueue		Webhost	MainLoop	1	H4sIAAAAAAAACpWUUW+CMBSF/0ufdWkLBcqrPmyJLiQ493x11ZkgEFqWGON/X3RabolL2kdOyXdvzz23Z1KUn2pTqu5Hdcvmq6+UJvmZvMNRkfzZ4YTMmr42JGd0QhagTalUTXLCKU+mlE+pXDGZxyzn8oXSiGapmNIkp5RcJqSFTtVmBgbVGDSLFh5knmRJNpD1SX9o1SHuQ7HUyKdfLrJooG7BqH3TnRDWSpab+nTLZEQH7vFm5hwMIDISg3rmCROoZ2jbEfihWKr0oDIpaYr87Tfu2O6CZXIfd1km+Zg5NhirgbPjDHWMsvs80YjuE7iICo4CB237Vu8a1+abEmQzp7FAwViC2X47K/hQhr3zoYo0c6yYqx30lSmgg6MyqltD1Y82/Z9fbF2fdeepiJOh7qLZvx60ceeLxDB2nMQo5kW5Vp0+NPUKNpVybuIchE1DZlSiNYX6sFMax95Kwzy8dlREGTKm+Euhvrb55L2962HpZyxFFbbOsl6/At8rnqKwb8FA1exd4k0JiyVLqKVefgGN2+vgfAYAAA==
	Logging: 2026-02-10T01:41:29.0064071Z	2026-02-09T19:41:29.0064071-06:00	Info	MetricsData	Track_HashTables	WebHost.ps1	ProcessLogQueue		Webhost	MainLoop	1	{"prefixesToTry":{"Name":"prefixesToTry","Count":2,"LastSeen":"2026-02-09T19:41:29.0057332-06:00"},"dbRoles":{"Name":"dbRoles","Count":15,"LastSeen":"2026-02-09T19:41:29.0051390-06:00"},"args":{"Name":"args","Count":0,"LastSeen":"2026-02-09T19:41:29.0049306-06:00"},"systemUsers":{"Name":"systemUsers","Count":2,"LastSeen":"2026-02-09T19:41:29.0060333-06:00"},"fileInfo":{"Name":"fileInfo","Count":2,"LastSeen":"2026-02-09T19:41:29.0052517-06:00"},"configRoles":{"Name":"configRoles","Count":6,"LastSeen":"2026-02-09T19:41:29.0050279-06:00"},"ModulePathEnv":{"Name":"ModulePathEnv","Count":19,"LastSeen":"2026-02-09T19:41:29.0056276-06:00"}}
	Logging: 2026-02-10T01:41:59.3166082Z	2026-02-09T19:41:59.3166082-06:00	Verbose	EventViewer	Event\ log\ request:\ 450\ events\ returned	apps\WebhostRealtimeEvents\routes\api\v1\logs\get.ps1	get.ps1		6ec71a85-fb79-4ebc-aa1d-587c7f8b403c		1	{"ResultCount":450,"Filters":{"categories":null,"userID":null,"severities":null,"source":null,"activityName":null,"filter":null,"runspaceID":null,"sessionID":null},"TimeRange":15}
	Logging: 2026-02-10T01:41:59.3196012Z	2026-02-09T19:41:59.3196012-06:00	Info	MetricsData	Track_HashTables	WebHost.ps1	ProcessLogQueue		Webhost	MainLoop	1	H4sIAAAAAAAACpWUX2+CMBTFv0ufdekfoJRXfdgSXUhw7vnKqjNBMLQsMcbvvugG3DqXtI8cyK+Xc8/pmeTFu94Uuv3S7bL56CptSHYmr3DQJHv0ckJmTVdbkjE6IQswttC6JhnhlCdTyqdUrZjKIpbF6kkwxWQUT2mSUUouE3KEVtd2BhadMWoDOvYgpypi6Ug2J/NmdIu4vTJQhc+8IhJspJZg9a5pTwg7SANX+kzLpRQj93Azcw4WEBmJQTOnqRTIYzge78C9MlCVB1WqRCXI327jru1XGJjcx10uxR/mvcFYDdwdjdHuUHYfJxrRfQKnWBRxx+aXetu4Nt+UIJtTmqTIkiXY8tOpYK+MvfOKBMfLy4u53kJX2RxaOGir2zVU3V3T//lkONer7lQIFPNFs3veG+vuF4lB7DShCrHzYq1bs2/qFWwq7fyJ8yJoG4pRimsK9X6rDY79II378OqojCUKT/6TQnMd88F9+6uHpZ9T3K3SKev1Key+YkmEbtcSLFTNziXelLBYcs5VT718A8imw5N8BgAA
	Logging: 2026-02-10T01:41:59.3220587Z	2026-02-09T19:41:59.3220587-06:00	Info	MetricsData	Track_HashTables	WebHost.ps1	ProcessLogQueue		Webhost	MainLoop	1	{"prefixesToTry":{"Name":"prefixesToTry","Count":2,"LastSeen":"2026-02-09T19:41:59.3214179-06:00"},"dbRoles":{"Name":"dbRoles","Count":15,"LastSeen":"2026-02-09T19:41:59.3207712-06:00"},"args":{"Name":"args","Count":0,"LastSeen":"2026-02-09T19:41:59.3205674-06:00"},"systemUsers":{"Name":"systemUsers","Count":2,"LastSeen":"2026-02-09T19:41:59.3217384-06:00"},"fileInfo":{"Name":"fileInfo","Count":2,"LastSeen":"2026-02-09T19:41:59.3208831-06:00"},"configRoles":{"Name":"configRoles","Count":6,"LastSeen":"2026-02-09T19:41:59.3206828-06:00"},"ModulePathEnv":{"Name":"ModulePathEnv","Count":19,"LastSeen":"2026-02-09T19:41:59.3211862-06:00"}}
	Logging: 2026-02-10T01:42:29.6517533Z	2026-02-09T19:42:29.6517533-06:00	Verbose	EventViewer	Event\ log\ request:\ 452\ events\ returned	apps\WebhostRealtimeEvents\routes\api\v1\logs\get.ps1	get.ps1		6ec71a85-fb79-4ebc-aa1d-587c7f8b403c		1	{"ResultCount":452,"Filters":{"categories":null,"userID":null,"severities":null,"source":null,"activityName":null,"filter":null,"runspaceID":null,"sessionID":null},"TimeRange":15}
	Logging: 2026-02-10T01:42:29.6552957Z	2026-02-09T19:42:29.6552957-06:00	Info	MetricsData	Track_HashTables	WebHost.ps1	ProcessLogQueue		Webhost	MainLoop	1	H4sIAAAAAAAACpWUy27CMBBF/8VrqBw/kjhbWLQSVJFC6XpIDUXKS7FTCSH+vYKCM4mo5CxzHR2P79yZM0mzT73LdPuj23X91RXakORM3qHUJHl2OCOLuqssSQI6IyswNtO6IglhlIVzyuZUbQKVCJYw9RJKIcNYzmmYUEouM9JAqyu7AIvu6DWHlj7kQIWiJ5uT+TC6RdyH4qjch6qoRPXmYPWhbk8I6yTHjTy4XAqlem55M3MJFhAZidNqprFCNUPTjMAPxVGVT8VMxgz52+2GbbsLjsl8Ko0iEY6ZY4OxOs2HmEvkMcru80QjulfgZKBQ4KBp3qp9PbT5pkyzmUuOmrcGm38PRvCh9HPnFQnOEDXNlnoPXWFTaKHUVrdbKLrRpP/zi7vXa9y5CNC9q/rwejR22F8kTmLzOKIUv2mrW3Osqw3sCj14yeBgUjeEEBGqv4TquNcGx95JfT98sslVxNE0pX8pNNcyn+zbuz4t/aFkKP35YFivX9P2lRB4u+ZgoagPQ+JNmRRLLqlyLlx+AQyRR5p8BgAA
	Logging: 2026-02-10T01:42:29.6580992Z	2026-02-09T19:42:29.6580992-06:00	Info	MetricsData	Track_HashTables	WebHost.ps1	ProcessLogQueue		Webhost	MainLoop	1	{"prefixesToTry":{"Name":"prefixesToTry","Count":2,"LastSeen":"2026-02-09T19:42:29.6574896-06:00"},"dbRoles":{"Name":"dbRoles","Count":15,"LastSeen":"2026-02-09T19:42:29.6568466-06:00"},"args":{"Name":"args","Count":0,"LastSeen":"2026-02-09T19:42:29.6566286-06:00"},"systemUsers":{"Name":"systemUsers","Count":2,"LastSeen":"2026-02-09T19:42:29.6577612-06:00"},"fileInfo":{"Name":"fileInfo","Count":2,"LastSeen":"2026-02-09T19:42:29.6570600-06:00"},"configRoles":{"Name":"configRoles","Count":6,"LastSeen":"2026-02-09T19:42:29.6567506-06:00"},"ModulePathEnv":{"Name":"ModulePathEnv","Count":19,"LastSeen":"2026-02-09T19:42:29.6573486-06:00"}}
	Logging: 2026-02-10T01:43:30.3948123Z	2026-02-09T19:43:30.3948123-06:00	Info	MetricsData	Track_HashTables	WebHost.ps1	ProcessLogQueue		Webhost	MainLoop	1	{"prefixesToTry":{"Name":"prefixesToTry","Count":2,"LastSeen":"2026-02-09T19:43:30.3940241-06:00"},"dbRoles":{"Name":"dbRoles","Count":15,"LastSeen":"2026-02-09T19:43:30.2958781-06:00"},"ModulePathEnv":{"Name":"ModulePathEnv","Count":19,"LastSeen":"2026-02-09T19:43:30.3938006-06:00"},"args":{"Name":"args","Count":0,"LastSeen":"2026-02-09T19:43:30.2955839-06:00"},"systemUsers":{"Name":"systemUsers","Count":2,"LastSeen":"2026-02-09T19:43:30.3943280-06:00"},"fileInfo":{"Name":"fileInfo","Count":2,"LastSeen":"2026-02-09T19:43:30.2959975-06:00"},"logEntries":{"Name":"logEntries","Count":3,"LastSeen":"2026-02-09T19:43:30.3935089-06:00"},"configRoles":{"Name":"configRoles","Count":6,"LastSeen":"2026-02-09T19:43:30.2957310-06:00"}}
	Logging: 2026-02-10T01:44:32.0394620Z	2026-02-09T19:44:32.0394620-06:00	Info	MetricsData	Track_HashTables	WebHost.ps1	ProcessLogQueue		Webhost	MainLoop	1	H4sIAAAAAAAACpWUX2vCMBTFv0uedaRJmzZ91YcNdAh17vnqohP6jyYdiPjdh6LpTecgeexp+eX2nHNzJqviU20L1f2obtl89aXSJD+Td6gUyZ+9nJBZ09eG5BGdkAVoUyhVk5wwysSUsimV60jmcZxz9kJ5lmZZOqUip5RcJqSFTtVmBgadMWgWnfiQE4rJ+qQ/tOoQ96FYKvegSsp5MlB3YNSh6U4IayXLTT24qYhYNnCrm5lzMIDISAyaOeM84wMb2nYEfiiWKn0mZjSKkL/91o3tLlgm85lUCkrHzLHBWA3zQcoYeYy6+7zRiO5VOCElwkPbvtX7xrX5poTZzGXCBuoSzO7bWcGHMuydz6wRT1ElVsVc7aEvzQo6qJRR3QbKfrTp/3xiz/Va90RGKOBFc3g9auPmi8QgdiojN96N6vSxqdewLZXzJ86LoDQykeA0KqiPe6Vx7a005OHVTcqo+NNNfR3zyX1718Pan4kY3Yc7Z1mvT2H3Vezs0g4MlM3BJd6UoFqmSSKsC5dfLCveSHwGAAA=
	Logging: 2026-02-10T01:44:32.0414350Z	2026-02-09T19:44:32.0414350-06:00	Info	MetricsData	Track_HashTables	WebHost.ps1	ProcessLogQueue		Webhost	MainLoop	1	{"prefixesToTry":{"Name":"prefixesToTry","Count":2,"LastSeen":"2026-02-09T19:44:32.0407808-06:00"},"dbRoles":{"Name":"dbRoles","Count":15,"LastSeen":"2026-02-09T19:44:32.0404778-06:00"},"args":{"Name":"args","Count":0,"LastSeen":"2026-02-09T19:44:32.0403555-06:00"},"systemUsers":{"Name":"systemUsers","Count":2,"LastSeen":"2026-02-09T19:44:32.0409657-06:00"},"fileInfo":{"Name":"fileInfo","Count":2,"LastSeen":"2026-02-09T19:44:32.0405387-06:00"},"configRoles":{"Name":"configRoles","Count":6,"LastSeen":"2026-02-09T19:44:32.0404265-06:00"},"ModulePathEnv":{"Name":"ModulePathEnv","Count":19,"LastSeen":"2026-02-09T19:44:32.0407085-06:00"}}
	Logging: 2026-02-10T01:44:47.1821585Z	2026-02-09T19:44:47.1821585-06:00	Info	MetricsData	Track_HashTables	WebHost.ps1	ProcessLogQueue		Webhost	MainLoop	1	{"prefixesToTry":{"Name":"prefixesToTry","Count":2,"LastSeen":"2026-02-09T19:44:47.1815709-06:00"},"dbRoles":{"Name":"dbRoles","Count":15,"LastSeen":"2026-02-09T19:44:47.1808736-06:00"},"ModulePathEnv":{"Name":"ModulePathEnv","Count":19,"LastSeen":"2026-02-09T19:44:47.1813782-06:00"},"args":{"Name":"args","Count":0,"LastSeen":"2026-02-09T19:44:47.1807433-06:00"},"systemUsers":{"Name":"systemUsers","Count":2,"LastSeen":"2026-02-09T19:44:47.1818318-06:00"},"fileInfo":{"Name":"fileInfo","Count":2,"LastSeen":"2026-02-09T19:44:47.1809399-06:00"},"logEntries":{"Name":"logEntries","Count":2,"LastSeen":"2026-02-09T19:44:47.1812066-06:00"},"configRoles":{"Name":"configRoles","Count":6,"LastSeen":"2026-02-09T19:44:47.1808200-06:00"}}
	Logging: 2026-02-10T01:45:47.8880511Z	2026-02-09T19:45:47.8880511-06:00	Info	MetricsData	Track_HashTables	WebHost.ps1	ProcessLogQueue		Webhost	MainLoop	1	{"prefixesToTry":{"Name":"prefixesToTry","Count":2,"LastSeen":"2026-02-09T19:45:47.8876144-06:00"},"dbRoles":{"Name":"dbRoles","Count":15,"LastSeen":"2026-02-09T19:45:47.8872925-06:00"},"args":{"Name":"args","Count":0,"LastSeen":"2026-02-09T19:45:47.8871602-06:00"},"systemUsers":{"Name":"systemUsers","Count":2,"LastSeen":"2026-02-09T19:45:47.8877756-06:00"},"fileInfo":{"Name":"fileInfo","Count":2,"LastSeen":"2026-02-09T19:45:47.8873579-06:00"},"configRoles":{"Name":"configRoles","Count":6,"LastSeen":"2026-02-09T19:45:47.8872381-06:00"},"ModulePathEnv":{"Name":"ModulePathEnv","Count":19,"LastSeen":"2026-02-09T19:45:47.8875366-06:00"}}
	Logging: 2026-02-10T01:46:48.7186945Z	2026-02-09T19:46:48.7186945-06:00	Info	MetricsData	Track_HashTables	WebHost.ps1	ProcessLogQueue		Webhost	MainLoop	1	{"prefixesToTry":{"Name":"prefixesToTry","Count":2,"LastSeen":"2026-02-09T19:46:48.5677780-06:00"},"dbRoles":{"Name":"dbRoles","Count":15,"LastSeen":"2026-02-09T19:46:48.5674568-06:00"},"args":{"Name":"args","Count":0,"LastSeen":"2026-02-09T19:46:48.5673296-06:00"},"systemUsers":{"Name":"systemUsers","Count":2,"LastSeen":"2026-02-09T19:46:48.5680202-06:00"},"fileInfo":{"Name":"fileInfo","Count":2,"LastSeen":"2026-02-09T19:46:48.5675218-06:00"},"configRoles":{"Name":"configRoles","Count":6,"LastSeen":"2026-02-09T19:46:48.5674048-06:00"},"ModulePathEnv":{"Name":"ModulePathEnv","Count":19,"LastSeen":"2026-02-09T19:46:48.5677036-06:00"}}
	Logging: 2026-02-10T01:48:19.6036639Z	2026-02-09T19:48:19.6036639-06:00	Info	MetricsData	Track_HashTables	WebHost.ps1	ProcessLogQueue		Webhost	MainLoop	1	H4sIAAAAAAAACpWUXW/CIBiF/wvXugCltPRWL7ZElyY6d40OnUk/DNAlxvjfF92EF+cSuOyheYDznsMJ1Yt3tV4o/aX0vP8YGmVQdUKvslWoerQ4QpN+6CyqCB6hmTR2oVSHKkQx5WNMx1gsiahYWRHxxHGGcc7HmFcYo/MIHaRWnZ1IC/bwmkPnEWTKCl56sjmaN6M04N4UR81izksZyzx1I63a9foIsE5y3CKCSwSn1HPbq5lTaSUgAzHpzDQrCfFseTjcgW+Ko4qYExdC5MDfYR2O7VdwTBrjLuHlH+a9wVBNnB1mwAeQ3ceJBvSowAmMQ5tfum0f2nxV0mwu84x56lzazWdQwZviexcVCVaAuNWLqdrKobG11LJVVumVbIa7pv/zi9s3pu60oBQMeNbvnvfGhvMFYhqbMlbAO62UNvu+W8p1o4KbBAtJ06Alo6D+rez2W2Vg7J3k5xHXUYKBMfVPCs3lmA/e2189Lf244CBIm6Csl6/E9woTEdBk0+9C4lVJiiURmbf3/A1LsFlmfAYAAA==
	Logging: 2026-02-10T01:48:19.6056647Z	2026-02-09T19:48:19.6056647-06:00	Info	MetricsData	Track_HashTables	WebHost.ps1	ProcessLogQueue		Webhost	MainLoop	1	{"prefixesToTry":{"Name":"prefixesToTry","Count":2,"LastSeen":"2026-02-09T19:48:19.6050910-06:00"},"dbRoles":{"Name":"dbRoles","Count":15,"LastSeen":"2026-02-09T19:48:19.6047851-06:00"},"args":{"Name":"args","Count":0,"LastSeen":"2026-02-09T19:48:19.6046623-06:00"},"systemUsers":{"Name":"systemUsers","Count":2,"LastSeen":"2026-02-09T19:48:19.6053559-06:00"},"fileInfo":{"Name":"fileInfo","Count":2,"LastSeen":"2026-02-09T19:48:19.6048458-06:00"},"configRoles":{"Name":"configRoles","Count":6,"LastSeen":"2026-02-09T19:48:19.6047340-06:00"},"ModulePathEnv":{"Name":"ModulePathEnv","Count":19,"LastSeen":"2026-02-09T19:48:19.6050149-06:00"}}
	Logging: 2026-02-10T01:50:39.6118192Z	2026-02-09T19:50:39.6118192-06:00	Info	MetricsData	Track_HashTables	WebHost.ps1	ProcessLogQueue		Webhost	MainLoop	1	H4sIAAAAAAAACpWUUWvCMBSF/0ueddwkrW36qg8b6BB07vnqohNqW5p0IOJ/HzpNb8RB8npSvqTnnHtPbL741OuFbn90O6u/ulIbVpzYOx40K54dDti47irLCg4DNkVjF1pXrGACxGgIYghqyVWRQiHVy4hzIQCGMCoA2HnAGmx1ZcdoyR295tBpCBl4kvRkczQfRreEe1ccVYZQpYJRT92g1bu6PRKskxw3C+BCooD33MPVzAlaJGQiRr0ZlBSqZ2PTPIDviqOqEKpIQRJ/u7Uf201wTBHkruDEhT/Eo8FUjcwulVlPJ9193mhCDyoczxWpBjbNW7WtfZuvSpzNktPwZmg3394I3pV+7kKoeZ7m1IqJ3mJX2jm2eNBWtyssu4dJ/+cTd2/QuENOaz6td697Y/18iRjFhowngv7TSrdmX1dLXJfa+xPvICoNzpOUjilW+602tPZO6vMImtFcZl4gn5cWmsszn+zbmx7XfpFeNLK5/KUVua9klpFZ2qDFst75xKsSV8skBbezz79vwjabfAYAAA==
	Logging: 2026-02-10T01:50:39.6139735Z	2026-02-09T19:50:39.6139735-06:00	Info	MetricsData	Track_HashTables	WebHost.ps1	ProcessLogQueue		Webhost	MainLoop	1	{"prefixesToTry":{"Name":"prefixesToTry","Count":2,"LastSeen":"2026-02-09T19:50:39.6135013-06:00"},"dbRoles":{"Name":"dbRoles","Count":15,"LastSeen":"2026-02-09T19:50:39.6130403-06:00"},"args":{"Name":"args","Count":0,"LastSeen":"2026-02-09T19:50:39.6128986-06:00"},"systemUsers":{"Name":"systemUsers","Count":2,"LastSeen":"2026-02-09T19:50:39.6136789-06:00"},"fileInfo":{"Name":"fileInfo","Count":2,"LastSeen":"2026-02-09T19:50:39.6131648-06:00"},"configRoles":{"Name":"configRoles","Count":6,"LastSeen":"2026-02-09T19:50:39.6129849-06:00"},"ModulePathEnv":{"Name":"ModulePathEnv","Count":19,"LastSeen":"2026-02-09T19:50:39.6133624-06:00"}}
	Logging: 2026-02-10T01:51:39.7624249Z	2026-02-09T19:51:39.7624249-06:00	Verbose	EventViewer	Event\ log\ request:\ 448\ events\ returned	apps\WebhostRealtimeEvents\routes\api\v1\logs\get.ps1	get.ps1		6ec71a85-fb79-4ebc-aa1d-587c7f8b403c		1	{"ResultCount":448,"Filters":{"categories":null,"userID":null,"severities":null,"source":null,"activityName":null,"filter":null,"runspaceID":null,"sessionID":null},"TimeRange":15}
	Logging: 2026-02-10T01:51:39.7649634Z	2026-02-09T19:51:39.7649634-06:00	Info	MetricsData	Track_HashTables	WebHost.ps1	ProcessLogQueue		Webhost	MainLoop	1	H4sIAAAAAAAACpWUy27CMBBF/8VrqPyIkzhbWLQSVEjQdj1QQ5HyUuxUQoh/r3jZY0QlZ5nr6Hh8584cyWL5pddL3f3qbt5896U2pDiSd6g0KZ4djsik6WtLCkZHZAbGLrWuSUE45emY8jFVK6YKyQqhXrI04TlNxjQtKCWnEWmh07WdgEV3eM2hZQyZZlnuyeZgPozuEPeuOKqIoSZScE/dgNW7pjsgrJMcN4vgipRJ5bnVxcwpWEBkJA6rmVIlPRva9gF8VxxVxVQs1Fl2/vbrsG03wTF5TKUi5ygNV8SjwVgd2Dsmhaej7D5PNKJHBY5LHGVo27d624Q2X5RhNieSohjPwW5+ghG8K37uYqgq5QxbMdVb6Eu7gA4qbXX3CWX/MOn//OLujRp3lnDUglmze90bG/YXiYPYImdJht/0qTuzb+oVrEsdvCQ4GNSNhFOJfKug3m+1wbF3ku9HTDZFrgQKz+KaQnMu88m+venD0i8YRVtgEwzr+WvYvpKUokZuwELZ7ELiRRkWSymY24KnP0FikrF8BgAA
	Logging: 2026-02-10T01:51:39.7677538Z	2026-02-09T19:51:39.7677538-06:00	Info	MetricsData	Track_HashTables	WebHost.ps1	ProcessLogQueue		Webhost	MainLoop	1	{"prefixesToTry":{"Name":"prefixesToTry","Count":2,"LastSeen":"2026-02-09T19:51:39.7663404-06:00"},"dbRoles":{"Name":"dbRoles","Count":15,"LastSeen":"2026-02-09T19:51:39.7659904-06:00"},"args":{"Name":"args","Count":0,"LastSeen":"2026-02-09T19:51:39.7658473-06:00"},"systemUsers":{"Name":"systemUsers","Count":2,"LastSeen":"2026-02-09T19:51:39.7664940-06:00"},"fileInfo":{"Name":"fileInfo","Count":2,"LastSeen":"2026-02-09T19:51:39.7660563-06:00"},"configRoles":{"Name":"configRoles","Count":6,"LastSeen":"2026-02-09T19:51:39.7659245-06:00"},"ModulePathEnv":{"Name":"ModulePathEnv","Count":19,"LastSeen":"2026-02-09T19:51:39.7662603-06:00"}}
	Logging: 2026-02-10T01:51:57.6257812Z	2026-02-09T19:51:57.6257812-06:00	Info	MetricsData	Track_HashTables	WebHost.ps1	ProcessLogQueue		Webhost	MainLoop	1	H4sIAAAAAAAACpWUS2/CMBCE/4vPUPkR23GucGglqCJB2/NCDUUKSRQ7lRDiv1e8nA2iknPMJPq8mZ3xkeSLL7ta2ObXNvPquy2sI9mRvMPekuzZyxGZVG3pScboiMzA+YW1JckIp1yNKR9Ts2QmkyyT+kVxybhJxlRllJLTiNTQ2NJPwKMzOi2gZQQ5MYzrjuwO7sPZBnHvSqCKmHkFU7KjrsHbbdUcEDZIgasjuEJpzjvu/mLmFDwgMhIHzZzoFLOhrh/AdyVQTczEQmvkhGtX/bXdhMDkMe5yIdGkV8SjwVgdtjuuUtXRUXafJxrRYwInaapR4KCu38pN1bf5ogyzOUnP2p06B7/+6VXwrnS9i4mESpnAVkztBtrC59DA3nrbfELRPjT9n0/CuTF1T4w2aAWzavu6c76/XyQOYwtO0VWSLz5t43ZVuYRVYXt/0nsxaBuSJjxFNYVyt7EOxz5I3T6iOiq1QOD8mkJ3HvPJfXvTh6WfSYNOWPfKen4adl9JlSKz1+ChqLZ94kUZFEuhmAlhP/0BCBwWZHwGAAA=
	Logging: 2026-02-10T01:51:57.7909228Z	2026-02-09T19:51:57.7909228-06:00	Info	MetricsData	Track_HashTables	WebHost.ps1	ProcessLogQueue		Webhost	MainLoop	1	{"prefixesToTry":{"Name":"prefixesToTry","Count":2,"LastSeen":"2026-02-09T19:51:57.7901336-06:00"},"dbRoles":{"Name":"dbRoles","Count":15,"LastSeen":"2026-02-09T19:51:57.7897853-06:00"},"ModulePathEnv":{"Name":"ModulePathEnv","Count":19,"LastSeen":"2026-02-09T19:51:57.7900610-06:00"},"args":{"Name":"args","Count":0,"LastSeen":"2026-02-09T19:51:57.7896408-06:00"},"systemUsers":{"Name":"systemUsers","Count":2,"LastSeen":"2026-02-09T19:51:57.7903247-06:00"},"fileInfo":{"Name":"fileInfo","Count":2,"LastSeen":"2026-02-09T19:51:57.7898484-06:00"},"logEntries":{"Name":"logEntries","Count":3,"LastSeen":"2026-02-09T19:51:57.7899717-06:00"},"configRoles":{"Name":"configRoles","Count":6,"LastSeen":"2026-02-09T19:51:57.7897321-06:00"}}
	Logging: 2026-02-10T01:57:03.8815681Z	2026-02-09T19:57:03.8815681-06:00	Info	MetricsData	Track_HashTables	WebHost.ps1	ProcessLogQueue		Webhost	MainLoop	1	H4sIAAAAAAAACpWUzW7CMBCE38VnqGwHJ3aucGglqCKF0vOSGoqUHxQ7lRDi3StocdYRVeNjJtG3m9mdPZMsf9fbXLdful01H12pDUnP5BUqTdJHLydk3nS1JSmjE7IEY3Ota5ISTnk8pXxK1ZqpVCQpjZ4SHkkloimNU0rJZUKO0OrazsGiGr3m0GIMOVac92RzMm9Gt4h7Vxw1+pcqJWNMxj21AKv3TXtCWCc5bjKmWxbHtOdWNzMXYAGRkRjQ89UJphAbjscB+K44qhpB5ZIL5ITptv7YfgXH5CPcpUrI2ZA5NBirYbOjCUM+oN19vNGIPmrhZCyUZ/NLvWt8m29KmM2KR6ynrsAWn14E70qfuzG9ikRIbMVC76ArbQYtVNrqdgNlN0j6H5+4uqPinsRc9HWXzf75YKw/XySGsWcR9j/LN7o1h6Zew7bU3p94L4KmEUnOUY0K6sNOG7z2TurnMSqjglKUpuxnC821zQf39lcPuwJqFqF7WHhhvT6F3SvKErRABVgom71PvClha8k4dwm9fAO1ERF7fAYAAA==
	Logging: 2026-02-10T01:57:03.8834554Z	2026-02-09T19:57:03.8834554-06:00	Info	MetricsData	Track_HashTables	WebHost.ps1	ProcessLogQueue		Webhost	MainLoop	1	{"prefixesToTry":{"Name":"prefixesToTry","Count":2,"LastSeen":"2026-02-09T19:57:03.8828675-06:00"},"dbRoles":{"Name":"dbRoles","Count":15,"LastSeen":"2026-02-09T19:57:03.8825569-06:00"},"args":{"Name":"args","Count":0,"LastSeen":"2026-02-09T19:57:03.8824323-06:00"},"systemUsers":{"Name":"systemUsers","Count":2,"LastSeen":"2026-02-09T19:57:03.8830225-06:00"},"fileInfo":{"Name":"fileInfo","Count":2,"LastSeen":"2026-02-09T19:57:03.8826179-06:00"},"configRoles":{"Name":"configRoles","Count":6,"LastSeen":"2026-02-09T19:57:03.8825057-06:00"},"ModulePathEnv":{"Name":"ModulePathEnv","Count":19,"LastSeen":"2026-02-09T19:57:03.8827951-06:00"}}
	Logging: 2026-02-10T01:58:04.5809312Z	2026-02-09T19:58:04.5809312-06:00	Info	MetricsData	Track_HashTables	WebHost.ps1	ProcessLogQueue		Webhost	MainLoop	1	H4sIAAAAAAAACpWUQW8CIRCF/wtnbVhYFtirHtpEGxNtex4tWpN11wDbxBj/e1Oj7LC1CXt9kI/hzZs5k8Xyw6yXxn4bO28+28o4Up7JKxwMKR8djsikaWtPyoyOyAycXxpTk5IwyooxZWOqV5kuhSpp/iSkplkux7QoKSWXETmCNbWfgEdvdFpAiwSyErTQHdmd3JszFnHvSqDylHpzltOOugFvdo09IWyQAlcmcKVkOe+4h6uZU/CAyEgcVLPimuUdG47HHviuBKpOqThnCnXOteu4bTchMFmKu5lWos/sG4zVYb3jmUQ+oOw+TjSiJwVOc64im1/qbRPbfFWG2SwYQ9Q5+M1XNIJ3pZu7pEgwjaiL5dRsoa38AiwcjDf2Haq2N+n/XAnvpoy7KrhEoZk1u+e983F/kTiMTbWK/vRurNs39QrWlYl+Eh0M6oaSQhRoTKHeb43DsQ9S14+kGWWC/82m+y3zwb696eGJPGnTit7mipfWwH1VZDjsG/BQNbuYeFUGxVIWMgvzf/kB+K3Xw3wGAAA=
	Logging: 2026-02-10T01:58:04.5831425Z	2026-02-09T19:58:04.5831425-06:00	Info	MetricsData	Track_HashTables	WebHost.ps1	ProcessLogQueue		Webhost	MainLoop	1	{"prefixesToTry":{"Name":"prefixesToTry","Count":2,"LastSeen":"2026-02-09T19:58:04.5825250-06:00"},"dbRoles":{"Name":"dbRoles","Count":15,"LastSeen":"2026-02-09T19:58:04.5822190-06:00"},"args":{"Name":"args","Count":0,"LastSeen":"2026-02-09T19:58:04.5820938-06:00"},"systemUsers":{"Name":"systemUsers","Count":2,"LastSeen":"2026-02-09T19:58:04.5826864-06:00"},"fileInfo":{"Name":"fileInfo","Count":2,"LastSeen":"2026-02-09T19:58:04.5822806-06:00"},"configRoles":{"Name":"configRoles","Count":6,"LastSeen":"2026-02-09T19:58:04.5821671-06:00"},"ModulePathEnv":{"Name":"ModulePathEnv","Count":19,"LastSeen":"2026-02-09T19:58:04.5824520-06:00"}}
	Logging: 2026-02-10T01:58:49.7196967Z	2026-02-09T19:58:49.7196967-06:00	Info	MetricsData	Track_HashTables	WebHost.ps1	ProcessLogQueue		Webhost	MainLoop	1	H4sIAAAAAAAACpWUy27CMBBF/8VrqPxI4jhbWLQSVJGg7XqghiLlgWKnEkL8e8XLHiMqOdvr6Mzkzp05knLxpVcL3f3qbt5+95U2pDiSd6g1KZ49jsik7RtLCkZHZAbGLrRuSEE45dmY8jFVS6aKNC8S9SKZYkLyMc0KSslpRPbQ6cZOwKIaXnPoNIKcK5EKTzYH82F0h7h3xVFFTL9CMERdg9XbtjsgrJMcV8Z0m1ImPbe+mDkFC4iMxEE953mW5J4N+/0D+K44qoqhCkGxv/0qHNtNcEwe4y5PFer0ing0GKvDZseVQFlD2X2eaESPCZxiVLLA5rdm04Y2X5SBNiuReOoc7PonWMG74vcuKhJMKmzFVG+gr2wJHdTa6u4Tqv5h0//5xNWNWfdcKUV93Vm7fd0ZG84XicPYmcpQIMvFp+7Mrm2WsKp08CfBw6BpKJrhCNXQ7Dba4Ng7yc8jakdlmqL9L68pNOc2n9zbm+5KJFHxzM8yulzh0Rp4r5KEowCtwULVbkPiRRkWy0T6Hk9/kxpjxXwGAAA=
	Logging: 2026-02-10T01:58:49.7216462Z	2026-02-09T19:58:49.7216462-06:00	Info	MetricsData	Track_HashTables	WebHost.ps1	ProcessLogQueue		Webhost	MainLoop	1	{"prefixesToTry":{"Name":"prefixesToTry","Count":2,"LastSeen":"2026-02-09T19:58:49.7211172-06:00"},"dbRoles":{"Name":"dbRoles","Count":15,"LastSeen":"2026-02-09T19:58:49.7207263-06:00"},"ModulePathEnv":{"Name":"ModulePathEnv","Count":19,"LastSeen":"2026-02-09T19:58:49.7210441-06:00"},"args":{"Name":"args","Count":0,"LastSeen":"2026-02-09T19:58:49.7205981-06:00"},"systemUsers":{"Name":"systemUsers","Count":2,"LastSeen":"2026-02-09T19:58:49.7212965-06:00"},"fileInfo":{"Name":"fileInfo","Count":2,"LastSeen":"2026-02-09T19:58:49.7208069-06:00"},"logEntries":{"Name":"logEntries","Count":2,"LastSeen":"2026-02-09T19:58:49.7209542-06:00"},"configRoles":{"Name":"configRoles","Count":6,"LastSeen":"2026-02-09T19:58:49.7206746-06:00"}}
	Logging: 2026-02-10T02:08:42.8248380Z	2026-02-09T20:08:42.8248380-06:00	Debug	GlobalCache	Updated\ cache:\ 3\ jobs,\ 0\ runspaces,\ 0\ tasks\ \(0\.3984ms\)	WebHost.ps1::Update-GlobalCache	Update-GlobalCache				1	
	Logging: 2026-02-10T02:08:42.8281609Z	2026-02-09T20:08:42.8281609-06:00	Info	MetricsData	Track_HashTables	WebHost.ps1	ProcessLogQueue		Webhost	MainLoop	1	H4sIAAAAAAAACpWUzW7CMBCE38VnqPyT2HGucGglqCKF0vNCDUUKCYqdSgjx7lXT4qwRlZzr2Pq8ntndCynKd7MpTftl2mXz0VXGkvxCXuFoSP7ocEJmTVc7kjM6IQuwrjSmJjnhlMsp5VOqV5zmNMsT/pRxJZSmUypzSsl1Qk7QmtrNwKE3Bs2j0wiy1EqlA9me7Zs1LeLeFE8VMfUqThF1C87sm/aMsF7yXBVTLRcCcY+9mXNwgMhIHFWzzESmBzacTnfgm+KpOoKaaqEF8rfbhLH9CZ7JY9xNU40z6xH3BmN1XHaSsWSgo9593NGIHtNwSjDGA5tf6l0T2twro2yWVClEXYLbfgYjeFOGuYuhKqURtSjnZgdd5Qpo4WicaddQdXeT/s8V/27UuDOaoncXzf75YF2YLxJHsWWaJRL/aW1ae2jqFWwqE/wkOBiVhuI8VWhMoT7sjMVt76Uhj6gZlRmOufjtQvtT5oN9+6eP2jAqSRgLNle4tEbuKyYTNEtbcFA1+5DYK+PaklPqI7x+A0orZct8BgAA
	Logging: 2026-02-10T02:08:42.8300445Z	2026-02-09T20:08:42.8300445-06:00	Info	MetricsData	Track_HashTables	WebHost.ps1	ProcessLogQueue		Webhost	MainLoop	1	{"prefixesToTry":{"Name":"prefixesToTry","Count":2,"LastSeen":"2026-02-09T20:08:42.8295323-06:00"},"dbRoles":{"Name":"dbRoles","Count":15,"LastSeen":"2026-02-09T20:08:42.8292161-06:00"},"args":{"Name":"args","Count":0,"LastSeen":"2026-02-09T20:08:42.8290892-06:00"},"systemUsers":{"Name":"systemUsers","Count":2,"LastSeen":"2026-02-09T20:08:42.8296934-06:00"},"fileInfo":{"Name":"fileInfo","Count":2,"LastSeen":"2026-02-09T20:08:42.8292799-06:00"},"configRoles":{"Name":"configRoles","Count":6,"LastSeen":"2026-02-09T20:08:42.8291628-06:00"},"ModulePathEnv":{"Name":"ModulePathEnv","Count":19,"LastSeen":"2026-02-09T20:08:42.8294596-06:00"}}
	Logging: 2026-02-10T02:09:24.0860571Z	2026-02-09T20:09:24.0860571-06:00	Info	MetricsData	Track_HashTables	WebHost.ps1	ProcessLogQueue		Webhost	MainLoop	1	{"prefixesToTry":{"Name":"prefixesToTry","Count":2,"LastSeen":"2026-02-09T20:09:24.0850864-06:00"},"dbRoles":{"Name":"dbRoles","Count":15,"LastSeen":"2026-02-09T20:09:23.9208265-06:00"},"args":{"Name":"args","Count":0,"LastSeen":"2026-02-09T20:09:23.9206803-06:00"},"systemUsers":{"Name":"systemUsers","Count":2,"LastSeen":"2026-02-09T20:09:24.0854810-06:00"},"fileInfo":{"Name":"fileInfo","Count":2,"LastSeen":"2026-02-09T20:09:23.9209095-06:00"},"configRoles":{"Name":"configRoles","Count":6,"LastSeen":"2026-02-09T20:09:23.9207531-06:00"},"ModulePathEnv":{"Name":"ModulePathEnv","Count":19,"LastSeen":"2026-02-09T20:09:23.9210810-06:00"}}
	Logging: 2026-02-10T02:13:18.9492357Z	2026-02-09T20:13:18.9492357-06:00	Verbose	EventViewer	Event\ log\ request:\ 64\ events\ returned	apps\WebhostRealtimeEvents\routes\api\v1\logs\get.ps1	get.ps1		6ec71a85-fb79-4ebc-aa1d-587c7f8b403c		1	{"ResultCount":64,"Filters":{"categories":null,"userID":null,"severities":null,"source":null,"activityName":null,"filter":null,"runspaceID":null,"sessionID":null},"TimeRange":15}
	Logging: 2026-02-10T02:13:18.9518377Z	2026-02-09T20:13:18.9518377-06:00	Info	MetricsData	Track_HashTables	WebHost.ps1	ProcessLogQueue		Webhost	MainLoop	1	H4sIAAAAAAAACpWUy27CMBBF/8VrqPzIy9nCopWgihTargdqKFJeip1KCPHvFQiccUQle5nr6Hg8c++cSVF+qW2p+l/Vr9vvoVKa5GfyDrUi+bPDGVm0Q2NIzuiMrECbUqmG5IRTnswpn1O54TRnImfZi4wZF0k8p0lOKbnMSAe9aswCDLpj1Cw69iBTKWk0kvVJf2jVI+5DsVThU2/E4nSk7sCoQ9ufENZKlpv6VBvTCHHrWzOXYACRkRhUM81kko1s6LoJ+KFYqvShCpFK1N9h647tLlgm9+muiFgyZU4bjNWw2Yk0YSMdefe5oxHdx3CMU2wN6Lq3Zt+6bb4pgW2WHNl4DWb340TwoYy587JEzFHsinKp9jBUpoAeamVU/wnVMEn6P7/Ye73iTjOJerRqD69Hbdz5IjGITVNBkc2L8lP1+tg2G9hWynmJcxA0DcZiie6ooTnulca2t9I4D7+MMo7SdHehvpb5ZN/e9dBVm6QoXDsnrdevsIUVRcxdhFC1B5d4U8J8GaVCPKiXPxZSi0d9BgAA
	Logging: 2026-02-10T02:13:18.9537708Z	2026-02-09T20:13:18.9537708-06:00	Info	MetricsData	Track_HashTables	WebHost.ps1	ProcessLogQueue		Webhost	MainLoop	1	{"prefixesToTry":{"Name":"prefixesToTry","Count":2,"LastSeen":"2026-02-09T20:13:18.9532117-06:00"},"dbRoles":{"Name":"dbRoles","Count":15,"LastSeen":"2026-02-09T20:13:18.9528133-06:00"},"args":{"Name":"args","Count":0,"LastSeen":"2026-02-09T20:13:18.9526867-06:00"},"systemUsers":{"Name":"systemUsers","Count":2,"LastSeen":"2026-02-09T20:13:18.9534070-06:00"},"fileInfo":{"Name":"fileInfo","Count":2,"LastSeen":"2026-02-09T20:13:18.9528762-06:00"},"configRoles":{"Name":"configRoles","Count":6,"LastSeen":"2026-02-09T20:13:18.9527609-06:00"},"ModulePathEnv":{"Name":"ModulePathEnv","Count":19,"LastSeen":"2026-02-09T20:13:18.9530875-06:00"}}
	Logging: 2026-02-10T02:13:34.2261007Z	2026-02-09T20:13:34.2261007-06:00	Info	MetricsData	Track_HashTables	WebHost.ps1	ProcessLogQueue		Webhost	MainLoop	1	{"prefixesToTry":{"Name":"prefixesToTry","Count":2,"LastSeen":"2026-02-09T20:13:34.2254520-06:00"},"dbRoles":{"Name":"dbRoles","Count":15,"LastSeen":"2026-02-09T20:13:34.2245758-06:00"},"ModulePathEnv":{"Name":"ModulePathEnv","Count":19,"LastSeen":"2026-02-09T20:13:34.2251922-06:00"},"args":{"Name":"args","Count":0,"LastSeen":"2026-02-09T20:13:34.0451436-06:00"},"systemUsers":{"Name":"systemUsers","Count":2,"LastSeen":"2026-02-09T20:13:34.2256826-06:00"},"fileInfo":{"Name":"fileInfo","Count":2,"LastSeen":"2026-02-09T20:13:34.2247880-06:00"},"logEntries":{"Name":"logEntries","Count":3,"LastSeen":"2026-02-09T20:13:34.2250408-06:00"},"configRoles":{"Name":"configRoles","Count":6,"LastSeen":"2026-02-09T20:13:34.2242988-06:00"}}
	Logging: 2026-02-10T02:14:04.5038205Z	2026-02-09T20:14:04.5038205-06:00	Info	MetricsData	Track_HashTables	WebHost.ps1	ProcessLogQueue		Webhost	MainLoop	1	{"prefixesToTry":{"Name":"prefixesToTry","Count":2,"LastSeen":"2026-02-09T20:14:04.5029817-06:00"},"dbRoles":{"Name":"dbRoles","Count":15,"LastSeen":"2026-02-09T20:14:04.5025701-06:00"},"args":{"Name":"args","Count":0,"LastSeen":"2026-02-09T20:14:04.5024117-06:00"},"systemUsers":{"Name":"systemUsers","Count":2,"LastSeen":"2026-02-09T20:14:04.5032721-06:00"},"fileInfo":{"Name":"fileInfo","Count":2,"LastSeen":"2026-02-09T20:14:04.5026336-06:00"},"configRoles":{"Name":"configRoles","Count":6,"LastSeen":"2026-02-09T20:14:04.5025142-06:00"},"ModulePathEnv":{"Name":"ModulePathEnv","Count":19,"LastSeen":"2026-02-09T20:14:04.5028643-06:00"}}
	Logging: 2026-02-10T02:14:52.6085130Z	2026-02-09T20:14:52.6085130-06:00	Info	MetricsData	Track_HashTables	WebHost.ps1	ProcessLogQueue		Webhost	MainLoop	1	{"prefixesToTry":{"Name":"prefixesToTry","Count":2,"LastSeen":"2026-02-09T20:14:52.6079353-06:00"},"dbRoles":{"Name":"dbRoles","Count":15,"LastSeen":"2026-02-09T20:14:52.6075900-06:00"},"args":{"Name":"args","Count":0,"LastSeen":"2026-02-09T20:14:52.6074307-06:00"},"systemUsers":{"Name":"systemUsers","Count":2,"LastSeen":"2026-02-09T20:14:52.6080891-06:00"},"fileInfo":{"Name":"fileInfo","Count":2,"LastSeen":"2026-02-09T20:14:52.6076562-06:00"},"configRoles":{"Name":"configRoles","Count":6,"LastSeen":"2026-02-09T20:14:52.6075103-06:00"},"ModulePathEnv":{"Name":"ModulePathEnv","Count":19,"LastSeen":"2026-02-09T20:14:52.6078578-06:00"}}
	Logging: 2026-02-10T02:15:23.4143297Z	2026-02-09T20:15:23.4143297-06:00	Info	MetricsData	Track_HashTables	WebHost.ps1	ProcessLogQueue		Webhost	MainLoop	1	{"prefixesToTry":{"Name":"prefixesToTry","Count":2,"LastSeen":"2026-02-09T20:15:23.4136042-06:00"},"dbRoles":{"Name":"dbRoles","Count":15,"LastSeen":"2026-02-09T20:15:23.4129422-06:00"},"args":{"Name":"args","Count":0,"LastSeen":"2026-02-09T20:15:23.4126448-06:00"},"systemUsers":{"Name":"systemUsers","Count":2,"LastSeen":"2026-02-09T20:15:23.4139197-06:00"},"fileInfo":{"Name":"fileInfo","Count":2,"LastSeen":"2026-02-09T20:15:23.4130559-06:00"},"configRoles":{"Name":"configRoles","Count":6,"LastSeen":"2026-02-09T20:15:23.4128259-06:00"},"ModulePathEnv":{"Name":"ModulePathEnv","Count":19,"LastSeen":"2026-02-09T20:15:23.4134439-06:00"}}
	Logging: 2026-02-10T02:17:10.4555590Z	2026-02-09T20:17:10.4555590-06:00	Info	MetricsData	Track_HashTables	WebHost.ps1	ProcessLogQueue		Webhost	MainLoop	1	H4sIAAAAAAAACpWUUWvCMBSF/0ueddykTWP7qg8b6BB07vnqohNqW5p0IOJ/H4omN85B+tjT8uX2nnNyYvPFp14vdPuj21n91ZXasOLE3vGgWfHs5YCN666yrOAwYFM0dqF1xQomQGRDEEPIlwIKrgoOL6lMVSrTIWQFADsPWIOtruwYLTnDaw4tY8hSAiGbo/kwuiXcu+KoSQRVJnwkPHWDVu/q9kiwTnJcFTMtTyDx3MN1mRO0SMhE7DVzmo4E2QQ2zQP4rjhqHkFNcn7R3H67dWjbTXBMETNpLqR8ZD4umKr9vBOglKeT7D5PNKFHBU5xGmVsmrdqW4drviq91pwClyNPnaHdfAcVvCu+d1GRSBWJ23wx0VvsSjvHFg/a6naFZffQ9H8+cedG1T3jAvy503r3ujc29JeI/diJEIG9K92afV0tcV3q4E+CF/3cyBSd/4DVfqsNjb2TvB9xHeWQ/cmmuYz55L696f4+jCqXUpLMvgnaennqd2FBlpMEbdBiWe9C4lXpl0sO4Dw8/wKCV1ZEfQYAAA==
	Logging: 2026-02-10T02:17:10.4572579Z	2026-02-09T20:17:10.4572579-06:00	Info	MetricsData	Track_HashTables	WebHost.ps1	ProcessLogQueue		Webhost	MainLoop	1	{"prefixesToTry":{"Name":"prefixesToTry","Count":2,"LastSeen":"2026-02-09T20:17:10.4568993-06:00"},"dbRoles":{"Name":"dbRoles","Count":15,"LastSeen":"2026-02-09T20:17:10.4565399-06:00"},"args":{"Name":"args","Count":0,"LastSeen":"2026-02-09T20:17:10.4563919-06:00"},"systemUsers":{"Name":"systemUsers","Count":2,"LastSeen":"2026-02-09T20:17:10.4570538-06:00"},"fileInfo":{"Name":"fileInfo","Count":2,"LastSeen":"2026-02-09T20:17:10.4566020-06:00"},"configRoles":{"Name":"configRoles","Count":6,"LastSeen":"2026-02-09T20:17:10.4564650-06:00"},"ModulePathEnv":{"Name":"ModulePathEnv","Count":19,"LastSeen":"2026-02-09T20:17:10.4568162-06:00"}}
[Set-CardSettings] Saving card settings - EndpointGuid: main-menu, UserId: 6ec71a85-fb79-4ebc-aa1d-587c7f8b403c, DataLength: 26
[Set-CardSettings] Card settings saved successfully
	Logging: 2026-02-10T02:17:56.5920687Z	2026-02-09T20:17:56.5920687-06:00	Info	MetricsData	Track_HashTables	WebHost.ps1	ProcessLogQueue		Webhost	MainLoop	1	H4sIAAAAAAAACpWUW2sCMRCF/0uetcwmm+zlVR9a0CJo2+fRRivsRTbZgoj/vSiaTMRC9nFPli+TmXPmxBbLL71e6u5Xd/P2u6+0YeWJvWOtWfnscMQmbd9YViYwYjM0dql1w0rGgasx8DEUKw5lkpVSvcgiSSWoMagSgJ1H7ICdbuwELbnDaw4tY8iQK/BkczQfRneEe1ccVcRQlci4p27Q6l3bHQnWSY6bRXAhFUp6bn1t5hQtEjIRB9UMRaFIzXg4PIDviqMWMdSEc9rffh2O7SY4Jo/prpRp/sh8bDBVh81OFkJ4OvHuc0cTepTh0kRmQZvfmm0btvmqDGsz55IEZI528xNE8K743EVZgudkeIvlVG+xr+wCO6y11d0nVv1D0v/5xd0bFfckg8LfO2t3r3tjw/kScRAbMhW+6VN3Zt82K1xXOnhJcDBoGolIBam/xma/1Yba3kl+HlEZzXMKvrnQXMp8sm9vut+HUeFK84T4cxOk9fI1bGEJDqTbG7RYtbuQeFWG+VLk4Nbg+Q884uHOfQYAAA==
	Logging: 2026-02-10T02:17:56.5939709Z	2026-02-09T20:17:56.5939709-06:00	Info	MetricsData	Track_HashTables	WebHost.ps1	ProcessLogQueue		Webhost	MainLoop	1	{"prefixesToTry":{"Name":"prefixesToTry","Count":2,"LastSeen":"2026-02-09T20:17:56.5934549-06:00"},"dbRoles":{"Name":"dbRoles","Count":15,"LastSeen":"2026-02-09T20:17:56.5931169-06:00"},"args":{"Name":"args","Count":0,"LastSeen":"2026-02-09T20:17:56.5929913-06:00"},"systemUsers":{"Name":"systemUsers","Count":2,"LastSeen":"2026-02-09T20:17:56.5936171-06:00"},"fileInfo":{"Name":"fileInfo","Count":2,"LastSeen":"2026-02-09T20:17:56.5932090-06:00"},"configRoles":{"Name":"configRoles","Count":6,"LastSeen":"2026-02-09T20:17:56.5930654-06:00"},"ModulePathEnv":{"Name":"ModulePathEnv","Count":19,"LastSeen":"2026-02-09T20:17:56.5933834-06:00"}}
	Logging: 2026-02-10T02:18:11.6008519Z	2026-02-09T20:18:11.6008519-06:00	Info	MetricsData	Track_HashTables	WebHost.ps1	ProcessLogQueue		Webhost	MainLoop	1	{"prefixesToTry":{"Name":"prefixesToTry","Count":2,"LastSeen":"2026-02-09T20:18:11.6002650-06:00"},"dbRoles":{"Name":"dbRoles","Count":15,"LastSeen":"2026-02-09T20:18:11.5997852-06:00"},"ModulePathEnv":{"Name":"ModulePathEnv","Count":19,"LastSeen":"2026-02-09T20:18:11.6001518-06:00"},"args":{"Name":"args","Count":0,"LastSeen":"2026-02-09T20:18:11.5996437-06:00"},"systemUsers":{"Name":"systemUsers","Count":2,"LastSeen":"2026-02-09T20:18:11.6004215-06:00"},"fileInfo":{"Name":"fileInfo","Count":2,"LastSeen":"2026-02-09T20:18:11.5998645-06:00"},"logEntries":{"Name":"logEntries","Count":2,"LastSeen":"2026-02-09T20:18:11.6000071-06:00"},"configRoles":{"Name":"configRoles","Count":6,"LastSeen":"2026-02-09T20:18:11.5997315-06:00"}}
	Logging: 2026-02-10T02:18:41.7490750Z	2026-02-09T20:18:41.7490750-06:00	Info	MetricsData	Track_HashTables	WebHost.ps1	ProcessLogQueue		Webhost	MainLoop	1	{"prefixesToTry":{"Name":"prefixesToTry","Count":2,"LastSeen":"2026-02-09T20:18:41.6478339-06:00"},"dbRoles":{"Name":"dbRoles","Count":15,"LastSeen":"2026-02-09T20:18:41.6472864-06:00"},"args":{"Name":"args","Count":0,"LastSeen":"2026-02-09T20:18:41.6470231-06:00"},"systemUsers":{"Name":"systemUsers","Count":2,"LastSeen":"2026-02-09T20:18:41.7486036-06:00"},"fileInfo":{"Name":"fileInfo","Count":2,"LastSeen":"2026-02-09T20:18:41.6474112-06:00"},"configRoles":{"Name":"configRoles","Count":6,"LastSeen":"2026-02-09T20:18:41.6471575-06:00"},"ModulePathEnv":{"Name":"ModulePathEnv","Count":19,"LastSeen":"2026-02-09T20:18:41.6477084-06:00"}}
	Logging: 2026-02-10T02:19:14.0171266Z	2026-02-09T20:19:14.0171266-06:00	Info	MetricsData	Track_HashTables	WebHost.ps1	ProcessLogQueue		Webhost	MainLoop	1	H4sIAAAAAAAACpWUUWvCMBSF/0uedSRpmrR91YcNdAg693x10Qm1lSQdiPjfh06TG3GQPva0fLk995ycyGz+qVdzbX60mbZfXa0tqU7kHfaaVM9eDsio7RpHKkYHZALWzbVuSEU45XJI+ZCWC04rVlZMvFAms4zRIZUVpeQ8IAcwunEjcOiMoHl0nkDOC4XJ9mg/rDaIe1c8NUuZNy9VGahrcHrbmiPCeslzVQJXFEoi7v5q5hgcIDISe82cK6qKwIbD4QF8Vzy1TJlYCpojf7tVvLab4Jk8xV0hKXLhD/FoMFZ77i5TLNBRdp8nGtFTAid5XqrI5rdm08Y2X5V+NiueyUCdglt/RxW8K6F3KZGQrMywFWO9ga52MzCw106bJdTdQ9P/+cSfm1L3vCwkD+dO2u3rzrp4v0jsx84YF/ifltrYXdssYFXr6E+iF722IZkQuKbQ7Dba4th7KewjqaM5Vyg8txTay5hP7tubHu7DpHJlCpdrHbX18tTvwlIFQwOvwUHdbmPiVemVS1Fw5nd4/gURgW1LfQYAAA==
	Logging: 2026-02-10T02:19:14.0192454Z	2026-02-09T20:19:14.0192454-06:00	Info	MetricsData	Track_HashTables	WebHost.ps1	ProcessLogQueue		Webhost	MainLoop	1	{"prefixesToTry":{"Name":"prefixesToTry","Count":2,"LastSeen":"2026-02-09T20:19:14.0185258-06:00"},"dbRoles":{"Name":"dbRoles","Count":15,"LastSeen":"2026-02-09T20:19:14.0181999-06:00"},"args":{"Name":"args","Count":0,"LastSeen":"2026-02-09T20:19:14.0180170-06:00"},"systemUsers":{"Name":"systemUsers","Count":2,"LastSeen":"2026-02-09T20:19:14.0187410-06:00"},"fileInfo":{"Name":"fileInfo","Count":2,"LastSeen":"2026-02-09T20:19:14.0182635-06:00"},"configRoles":{"Name":"configRoles","Count":6,"LastSeen":"2026-02-09T20:19:14.0181292-06:00"},"ModulePathEnv":{"Name":"ModulePathEnv","Count":19,"LastSeen":"2026-02-09T20:19:14.0184479-06:00"}}
	Logging: 2026-02-10T02:19:29.4132264Z	2026-02-09T20:19:29.4132264-06:00	Info	MetricsData	Track_HashTables	WebHost.ps1	ProcessLogQueue		Webhost	MainLoop	1	{"prefixesToTry":{"Name":"prefixesToTry","Count":2,"LastSeen":"2026-02-09T20:19:29.2531788-06:00"},"dbRoles":{"Name":"dbRoles","Count":15,"LastSeen":"2026-02-09T20:19:29.2526251-06:00"},"ModulePathEnv":{"Name":"ModulePathEnv","Count":19,"LastSeen":"2026-02-09T20:19:29.2531023-06:00"},"args":{"Name":"args","Count":0,"LastSeen":"2026-02-09T20:19:29.2524020-06:00"},"systemUsers":{"Name":"systemUsers","Count":2,"LastSeen":"2026-02-09T20:19:29.4128028-06:00"},"fileInfo":{"Name":"fileInfo","Count":2,"LastSeen":"2026-02-09T20:19:29.2527333-06:00"},"logEntries":{"Name":"logEntries","Count":2,"LastSeen":"2026-02-09T20:19:29.2529722-06:00"},"configRoles":{"Name":"configRoles","Count":6,"LastSeen":"2026-02-09T20:19:29.2525322-06:00"}}
	Logging: 2026-02-10T02:23:17.8094828Z	2026-02-09T20:23:17.8094828-06:00	Info	MetricsData	Track_HashTables	WebHost.ps1	ProcessLogQueue		Webhost	MainLoop	1	H4sIAAAAAAAACpWUy27CMBBF/8VrqBzHjyRbWLQSVEihdD1QQ5HyQLFTCSH+vYKCPUZUcrbX1vH4zp05kUX5qdel7n50N2+/+kobUpzIO9SaFM8OR2TS9o0lRUJHZAbGllo3pCCMMjmmbEzzJaMFS4tEvWQ0kzkXYyoLSsl5RA7Q6cZOwKI3vObQIobMMy492RzNh9Ed4t4VR01jqDlLUL0bsHrXdkeEdZLjqhguFSL13Ppq5hQsIDISh9XMkyT3bDgcHsB3xVHzCKriQlDkb78O23YTHJPFVJpxiVz4QzwajNVhPmQZRT6g7D5PNKJHBU5KlgU2vzXbNrT5qgyzWXLOPHUOdvMdjOBd8XMXU2uqcPMW5VRvoa/sAjqotdXdCqr+YdL/ueLejRp3IdLEvztrd697Y8P+InEYmymm8J9WujP7tlnCutLBT4KDQd3IZKLQUqmh2W+1wbF3ku9HVDbTlAfFf15SaC5lPtm3N93vw6jhUkyEqyvcWsMWlsp5jhK0AQtVuwuJV2VYLmlCXY3nX7B2inZ9BgAA
	Logging: 2026-02-10T02:23:17.8119438Z	2026-02-09T20:23:17.8119438-06:00	Info	MetricsData	Track_HashTables	WebHost.ps1	ProcessLogQueue		Webhost	MainLoop	1	{"prefixesToTry":{"Name":"prefixesToTry","Count":2,"LastSeen":"2026-02-09T20:23:17.8112419-06:00"},"dbRoles":{"Name":"dbRoles","Count":15,"LastSeen":"2026-02-09T20:23:17.8108368-06:00"},"args":{"Name":"args","Count":0,"LastSeen":"2026-02-09T20:23:17.8107020-06:00"},"systemUsers":{"Name":"systemUsers","Count":2,"LastSeen":"2026-02-09T20:23:17.8114140-06:00"},"fileInfo":{"Name":"fileInfo","Count":2,"LastSeen":"2026-02-09T20:23:17.8109014-06:00"},"configRoles":{"Name":"configRoles","Count":6,"LastSeen":"2026-02-09T20:23:17.8107800-06:00"},"ModulePathEnv":{"Name":"ModulePathEnv","Count":19,"LastSeen":"2026-02-09T20:23:17.8111522-06:00"}}
	Logging: 2026-02-10T02:24:33.9557636Z	2026-02-09T20:24:33.9557636-06:00	Info	MetricsData	Track_HashTables	WebHost.ps1	ProcessLogQueue		Webhost	MainLoop	1	{"prefixesToTry":{"Name":"prefixesToTry","Count":2,"LastSeen":"2026-02-09T20:24:33.7986821-06:00"},"dbRoles":{"Name":"dbRoles","Count":15,"LastSeen":"2026-02-09T20:24:33.7983352-06:00"},"ModulePathEnv":{"Name":"ModulePathEnv","Count":19,"LastSeen":"2026-02-09T20:24:33.7986109-06:00"},"args":{"Name":"args","Count":0,"LastSeen":"2026-02-09T20:24:33.7981510-06:00"},"systemUsers":{"Name":"systemUsers","Count":2,"LastSeen":"2026-02-09T20:24:33.7988362-06:00"},"fileInfo":{"Name":"fileInfo","Count":2,"LastSeen":"2026-02-09T20:24:33.7983983-06:00"},"logEntries":{"Name":"logEntries","Count":2,"LastSeen":"2026-02-09T20:24:33.7985138-06:00"},"configRoles":{"Name":"configRoles","Count":6,"LastSeen":"2026-02-09T20:24:33.7982586-06:00"}}
	Logging: 2026-02-10T02:26:07.4038840Z	2026-02-09T20:26:07.4038840-06:00	Info	MetricsData	Track_HashTables	WebHost.ps1	ProcessLogQueue		Webhost	MainLoop	1	H4sIAAAAAAAACpWUzW7CMBCE38VnqPyTOHGucGglqJCg7XmhhiKFBNlOJYR49woK9hpR1bmOrc/r2dk9ktn8Qy/n2nxrM20/u1pbUh3JK+w0qR4dDsio7RpHKkYHZALWzbVuSEU45XJI+ZCqBacVlxUtnjIqGOVsSGVFKTkNyB6MbtwIHHojaB6dJ5B5KZUKZHuwb1YbxL0pnipS6uUqQ9QVOL1pzQFhveS5xb9cITPFZBa4u4uZY3CAyEjsVTMvFMsDG/b7O/BN8VSVUjFlgiN/u2XctqvgmTzJXZajNPwi7g3Gas/e5Qx5jLL7ONGInhI4QWVJI5tfmnUb23xR+tnM86II1Cm41Vc0gjclzF1SJIQU2IqxXkNXuxkY2GmnzTvU3d2k/3HFv5sy7lxlOfrNpN08b62L+4vEfuxcsBL/6V0bu22bBSxrHf0kOujRjXOPWYHHFJrtWlscey+FfiTNqJQCJf+aQnsu88G+vephHyYNFxOZjFZXvLV6LqySl8iJFTio201MvCg9cnmmlmFVnX4ACJ0qy30GAAA=
	Logging: 2026-02-10T02:26:07.4060575Z	2026-02-09T20:26:07.4060575-06:00	Info	MetricsData	Track_HashTables	WebHost.ps1	ProcessLogQueue		Webhost	MainLoop	1	{"prefixesToTry":{"Name":"prefixesToTry","Count":2,"LastSeen":"2026-02-09T20:26:07.4054883-06:00"},"dbRoles":{"Name":"dbRoles","Count":15,"LastSeen":"2026-02-09T20:26:07.4050779-06:00"},"args":{"Name":"args","Count":0,"LastSeen":"2026-02-09T20:26:07.4049377-06:00"},"systemUsers":{"Name":"systemUsers","Count":2,"LastSeen":"2026-02-09T20:26:07.4056845-06:00"},"fileInfo":{"Name":"fileInfo","Count":2,"LastSeen":"2026-02-09T20:26:07.4051467-06:00"},"configRoles":{"Name":"configRoles","Count":6,"LastSeen":"2026-02-09T20:26:07.4050219-06:00"},"ModulePathEnv":{"Name":"ModulePathEnv","Count":19,"LastSeen":"2026-02-09T20:26:07.4053762-06:00"}}
	Logging: 2026-02-10T02:29:13.9585769Z	2026-02-09T20:29:13.9585769-06:00	Info	MetricsData	Track_HashTables	WebHost.ps1	ProcessLogQueue		Webhost	MainLoop	1	{"prefixesToTry":{"Name":"prefixesToTry","Count":2,"LastSeen":"2026-02-09T20:29:13.9581186-06:00"},"dbRoles":{"Name":"dbRoles","Count":15,"LastSeen":"2026-02-09T20:29:13.9577775-06:00"},"ModulePathEnv":{"Name":"ModulePathEnv","Count":19,"LastSeen":"2026-02-09T20:29:13.9580385-06:00"},"args":{"Name":"args","Count":0,"LastSeen":"2026-02-09T20:29:13.9573350-06:00"},"systemUsers":{"Name":"systemUsers","Count":2,"LastSeen":"2026-02-09T20:29:13.9582701-06:00"},"fileInfo":{"Name":"fileInfo","Count":2,"LastSeen":"2026-02-09T20:29:13.9578402-06:00"},"logEntries":{"Name":"logEntries","Count":2,"LastSeen":"2026-02-09T20:29:13.9579548-06:00"},"configRoles":{"Name":"configRoles","Count":6,"LastSeen":"2026-02-09T20:29:13.9577061-06:00"}}
	Logging: 2026-02-10T02:53:20.6102961Z	2026-02-09T20:53:20.6102961-06:00	Verbose	EventViewer	Event\ log\ request:\ 10\ events\ returned	apps\WebhostRealtimeEvents\routes\api\v1\logs\get.ps1	get.ps1		6ec71a85-fb79-4ebc-aa1d-587c7f8b403c		1	{"ResultCount":10,"Filters":{"categories":null,"userID":null,"severities":null,"source":null,"activityName":null,"filter":null,"runspaceID":null,"sessionID":null},"TimeRange":15}
	Logging: 2026-02-10T02:53:20.6134817Z	2026-02-09T20:53:20.6134817-06:00	Info	MetricsData	Track_HashTables	WebHost.ps1	ProcessLogQueue		Webhost	MainLoop	1	H4sIAAAAAAAACpWUT2/CMAzFv0vOMDlO/6VXOGwSm5Bg29mwwJBKWzXppAnx3ScQtE7FpPTYl+oXx37PJ7FcfZrNyjQ/pnmtvtrCWJGfxBsdjcgfHU7ErGpLJ3IJE7Eg61bGlCIXCJhMAaeg1wh5rHKEp0SiVmk6hSQHEOeJqKkxpZuRY3f0WoeOQ8hRnEBPtr/23ZqGce9KR1UBVCUxUj11S87sq+aXYTup46Yh1UKksOcer82ckyNGZuKomlFlCWNTXQ/Ad6Wj6gCqzJKMTc62G39sN6FjYkh3IcrkkDlsMFfHzQ4yzHo68+5jRzN6kOE0KGY4quuXclf5bb4q49qsMWGGeyW3/fYieFf63AVZItLMEsvV3OyoLdySGjoaZ5oPKtpB0v/5pbs3KO4pKjbgRbV/Pljnz5eJ49gYQ8Tf9GEae6jKNW0K473EOxg1Dcwi1CymVB52xnLbd1I/j7CMSukV/3lxob2U+WDf3vR+H4aEC3UKLLBbL62Xr1ELS+o0Y53YkqOi2vvEqzLOlyBlfKee/wColLUWfQYAAA==
	Logging: 2026-02-10T02:53:20.6156695Z	2026-02-09T20:53:20.6156695-06:00	Info	MetricsData	Track_HashTables	WebHost.ps1	ProcessLogQueue		Webhost	MainLoop	1	{"prefixesToTry":{"Name":"prefixesToTry","Count":2,"LastSeen":"2026-02-09T20:53:20.6151825-06:00"},"dbRoles":{"Name":"dbRoles","Count":15,"LastSeen":"2026-02-09T20:53:20.6146237-06:00"},"args":{"Name":"args","Count":0,"LastSeen":"2026-02-09T20:53:20.6144947-06:00"},"systemUsers":{"Name":"systemUsers","Count":2,"LastSeen":"2026-02-09T20:53:20.6153831-06:00"},"fileInfo":{"Name":"fileInfo","Count":2,"LastSeen":"2026-02-09T20:53:20.6146876-06:00"},"configRoles":{"Name":"configRoles","Count":6,"LastSeen":"2026-02-09T20:53:20.6145707-06:00"},"ModulePathEnv":{"Name":"ModulePathEnv","Count":19,"LastSeen":"2026-02-09T20:53:20.6148947-06:00"}}
	Logging: 2026-02-10T02:53:52.1495245Z	2026-02-09T20:53:52.1495245-06:00	Info	MetricsData	Track_HashTables	WebHost.ps1	ProcessLogQueue		Webhost	MainLoop	1	{"prefixesToTry":{"Name":"prefixesToTry","Count":2,"LastSeen":"2026-02-09T20:53:52.1489837-06:00"},"dbRoles":{"Name":"dbRoles","Count":15,"LastSeen":"2026-02-09T20:53:52.1485593-06:00"},"args":{"Name":"args","Count":0,"LastSeen":"2026-02-09T20:53:52.0530950-06:00"},"systemUsers":{"Name":"systemUsers","Count":2,"LastSeen":"2026-02-09T20:53:52.1492264-06:00"},"fileInfo":{"Name":"fileInfo","Count":2,"LastSeen":"2026-02-09T20:53:52.1487116-06:00"},"configRoles":{"Name":"configRoles","Count":6,"LastSeen":"2026-02-09T20:53:52.0531714-06:00"},"ModulePathEnv":{"Name":"ModulePathEnv","Count":19,"LastSeen":"2026-02-09T20:53:52.1489081-06:00"}}
	Logging: 2026-02-10T02:54:52.7396774Z	2026-02-09T20:54:52.7396774-06:00	Info	MetricsData	Track_HashTables	WebHost.ps1	ProcessLogQueue		Webhost	MainLoop	1	{"prefixesToTry":{"Name":"prefixesToTry","Count":2,"LastSeen":"2026-02-09T20:54:52.7391552-06:00"},"dbRoles":{"Name":"dbRoles","Count":15,"LastSeen":"2026-02-09T20:54:52.6367510-06:00"},"args":{"Name":"args","Count":0,"LastSeen":"2026-02-09T20:54:52.6366260-06:00"},"systemUsers":{"Name":"systemUsers","Count":2,"LastSeen":"2026-02-09T20:54:52.7393728-06:00"},"fileInfo":{"Name":"fileInfo","Count":2,"LastSeen":"2026-02-09T20:54:52.6368119-06:00"},"configRoles":{"Name":"configRoles","Count":6,"LastSeen":"2026-02-09T20:54:52.6367004-06:00"},"ModulePathEnv":{"Name":"ModulePathEnv","Count":19,"LastSeen":"2026-02-09T20:54:52.7390025-06:00"}}
	Logging: 2026-02-10T02:55:38.1898610Z	2026-02-09T20:55:38.1898610-06:00	Info	MetricsData	Track_HashTables	WebHost.ps1	ProcessLogQueue		Webhost	MainLoop	1	{"prefixesToTry":{"Name":"prefixesToTry","Count":2,"LastSeen":"2026-02-09T20:55:38.0890511-06:00"},"dbRoles":{"Name":"dbRoles","Count":15,"LastSeen":"2026-02-09T20:55:38.0887400-06:00"},"args":{"Name":"args","Count":0,"LastSeen":"2026-02-09T20:55:38.0885850-06:00"},"systemUsers":{"Name":"systemUsers","Count":2,"LastSeen":"2026-02-09T20:55:38.0892257-06:00"},"fileInfo":{"Name":"fileInfo","Count":2,"LastSeen":"2026-02-09T20:55:38.0888048-06:00"},"configRoles":{"Name":"configRoles","Count":6,"LastSeen":"2026-02-09T20:55:38.0886576-06:00"},"ModulePathEnv":{"Name":"ModulePathEnv","Count":19,"LastSeen":"2026-02-09T20:55:38.0889786-06:00"}}
	Logging: 2026-02-10T02:59:40.7597123Z	2026-02-09T20:59:40.7597123-06:00	Info	MetricsData	Track_HashTables	WebHost.ps1	ProcessLogQueue		Webhost	MainLoop	1	H4sIAAAAAAAACpWUzW7CMBCE38VnqDZ/xM4VDq0EVaTQ9rykhiKFBMVOJYR49yqI2OuISs4x4+jzenZnrywvvuSukO2vbDfNd1dJxbIre8eTZNmzwxlbNl2tWRbAjK1R6ULKmmUshHAxh3AOYhtClogshpc0EQGHYA6LDIDdZuyMraz1EjW5w2oGnXiQuUgXqSWri/pQsiXcQTHUyKfeiAdgqSVqeWjaC8EayXBTn2qTtJcH7ulu5go1EjIRJ9XMRQCxZeP5PAIPiqEKH2oUgyD+dju3bQ/BMEMvd4HzMXNsMFUn9i4OE0sns/t8ogndZ+BEEAvX5rd637g235VpNscgQkvdoC5/nAgOis2dD5WnCak1L1Zyj12lc2zxJLVsP7HqRkn/5xdzr1fcIQ5IKNfN4fWotNtfIk5i89SJZl58ylYdm3qLu0o6L3EOJnWjTxKNKdbHvVR07I1k++GVUR7RNj+mUPVlPtm3D93uQ69whVFCwlU6ae2/Ji4soIu7RI1Vc3CJd2XaXCZxYKi3Pyc63Qd9BgAA
	Logging: 2026-02-10T02:59:40.7618959Z	2026-02-09T20:59:40.7618959-06:00	Info	MetricsData	Track_HashTables	WebHost.ps1	ProcessLogQueue		Webhost	MainLoop	1	{"prefixesToTry":{"Name":"prefixesToTry","Count":2,"LastSeen":"2026-02-09T20:59:40.7612893-06:00"},"dbRoles":{"Name":"dbRoles","Count":15,"LastSeen":"2026-02-09T20:59:40.7609704-06:00"},"args":{"Name":"args","Count":0,"LastSeen":"2026-02-09T20:59:40.7608305-06:00"},"systemUsers":{"Name":"systemUsers","Count":2,"LastSeen":"2026-02-09T20:59:40.7616082-06:00"},"fileInfo":{"Name":"fileInfo","Count":2,"LastSeen":"2026-02-09T20:59:40.7610356-06:00"},"configRoles":{"Name":"configRoles","Count":6,"LastSeen":"2026-02-09T20:59:40.7609118-06:00"},"ModulePathEnv":{"Name":"ModulePathEnv","Count":19,"LastSeen":"2026-02-09T20:59:40.7612161-06:00"}}
	Logging: 2026-02-10T03:00:10.9587484Z	2026-02-09T21:00:10.9587484-06:00	Info	MetricsData	Track_HashTables	WebHost.ps1	ProcessLogQueue		Webhost	MainLoop	1	H4sIAAAAAAAACpWUS2/CMBCE/4vPUG1snNcVDq0EFVIoPS+poUh5oNiphBD/vQIRZx1R1TlmEn12Zmf2wtbZp9plqvlRzar+agulWXph71gqlj57OWHzuq0MSwOYsCVqkylVsZRx4OEU+BSSDQ9SgDSAl1iKQIrZFMIUgF0n7ISNqswcDTmj1yxaepB5IjnvyfqsP7RqCLdTLFX8S01kLCJKzdGoQ92cCdZKlhv53FaGUdxzy7uZCzRIyEQccedY8jieRT0bT6cBuFMsNfGhiliSyel2547tIVgm90kDjyQMmUODqTrKByEgJD6Q7D5PNKH7BE4EXCSOzW/VvnZtvivjbJ7Jm9xRV2jyb6eCndL3zisSEgJqxULtsS3MGhsslVHNFot20PQ/PrHnetUdOJARLOvD61Ebd75EHMXmkYyI/+tsqxp9rKsN7grl/InzYtQ0BMQBqX+J1XGvNI29lfp5+HU0oMl/pFDfrvlk3z70fh/6lQvoGsidtt6eRi4s4MTtHA0W9cEl3pVxuZRC2DtefwFMk9CRfQYAAA==
	Logging: 2026-02-10T03:00:10.9607248Z	2026-02-09T21:00:10.9607248-06:00	Info	MetricsData	Track_HashTables	WebHost.ps1	ProcessLogQueue		Webhost	MainLoop	1	{"prefixesToTry":{"Name":"prefixesToTry","Count":2,"LastSeen":"2026-02-09T21:00:10.9602571-06:00"},"dbRoles":{"Name":"dbRoles","Count":15,"LastSeen":"2026-02-09T21:00:10.9597796-06:00"},"args":{"Name":"args","Count":0,"LastSeen":"2026-02-09T21:00:10.9596464-06:00"},"systemUsers":{"Name":"systemUsers","Count":2,"LastSeen":"2026-02-09T21:00:10.9604179-06:00"},"fileInfo":{"Name":"fileInfo","Count":2,"LastSeen":"2026-02-09T21:00:10.9598430-06:00"},"configRoles":{"Name":"configRoles","Count":6,"LastSeen":"2026-02-09T21:00:10.9597232-06:00"},"ModulePathEnv":{"Name":"ModulePathEnv","Count":19,"LastSeen":"2026-02-09T21:00:10.9601596-06:00"}}
	Logging: 2026-02-10T03:00:25.9459984Z	2026-02-09T21:00:25.9459984-06:00	Info	MetricsData	Track_HashTables	WebHost.ps1	ProcessLogQueue		Webhost	MainLoop	1	{"prefixesToTry":{"Name":"prefixesToTry","Count":2,"LastSeen":"2026-02-09T21:00:25.9455073-06:00"},"dbRoles":{"Name":"dbRoles","Count":15,"LastSeen":"2026-02-09T21:00:25.9451016-06:00"},"ModulePathEnv":{"Name":"ModulePathEnv","Count":19,"LastSeen":"2026-02-09T21:00:25.9454352-06:00"},"args":{"Name":"args","Count":0,"LastSeen":"2026-02-09T21:00:25.9448540-06:00"},"systemUsers":{"Name":"systemUsers","Count":2,"LastSeen":"2026-02-09T21:00:25.9456620-06:00"},"fileInfo":{"Name":"fileInfo","Count":2,"LastSeen":"2026-02-09T21:00:25.9451705-06:00"},"logEntries":{"Name":"logEntries","Count":2,"LastSeen":"2026-02-09T21:00:25.9453336-06:00"},"configRoles":{"Name":"configRoles","Count":6,"LastSeen":"2026-02-09T21:00:25.9450192-06:00"}}
	Logging: 2026-02-10T03:00:56.1784294Z	2026-02-09T21:00:56.1784294-06:00	Info	MetricsData	Track_HashTables	WebHost.ps1	ProcessLogQueue		Webhost	MainLoop	1	{"prefixesToTry":{"Name":"prefixesToTry","Count":2,"LastSeen":"2026-02-09T21:00:56.1779476-06:00"},"dbRoles":{"Name":"dbRoles","Count":15,"LastSeen":"2026-02-09T21:00:56.0804763-06:00"},"args":{"Name":"args","Count":0,"LastSeen":"2026-02-09T21:00:56.0803273-06:00"},"systemUsers":{"Name":"systemUsers","Count":2,"LastSeen":"2026-02-09T21:00:56.1781253-06:00"},"fileInfo":{"Name":"fileInfo","Count":2,"LastSeen":"2026-02-09T21:00:56.0806137-06:00"},"configRoles":{"Name":"configRoles","Count":6,"LastSeen":"2026-02-09T21:00:56.0804033-06:00"},"ModulePathEnv":{"Name":"ModulePathEnv","Count":19,"LastSeen":"2026-02-09T21:00:56.1778136-06:00"}}
	Logging: 2026-02-10T03:01:26.7389836Z	2026-02-09T21:01:26.7389836-06:00	Info	MetricsData	Track_HashTables	WebHost.ps1	ProcessLogQueue		Webhost	MainLoop	1	H4sIAAAAAAAACpWUXWvCMBSG/0uudaRJm7S91YsNdAh12/XRRSf0Q5J0IOJ/H4omJ8VBevukPEnPec85k1X1pTaV0r9KL7vvvlaGlGfyDo0i5bPDCZl1fWtJmdAJWYCxlVItKQmjTEwpm9JizZKSJiUTL5LnKU3YlIqSUnKZkCNo1doZWHSHZ06dxZiTnElvNifzYZRG3gdxVh5jzaQU3roFq/adPiGtQ84rI7xSUuxtbsWcgwVkRnDcm6lIE++G43EgfhBnLSKsIs8Espp+E7btDpyTRVWXZsXQOSwwpiN7xwtkR9l9nmhkjwocl1eGyvzW7rqwzDcyqswyyzn31iXY7U8wgg/i5y4qEixD1lU1Vzvoa7sCDY2ySn9C3Q8m/Z9P3L1R486ynPp7F93+9WBs2F8ER7llwZMU/9On0ubQtWvY1Cr4k+BgVDdyzvAoNdAedsrg2Dvk+xGTTVnkT7Jprs98sm/v3O/DqOFKeZIHqyvcWiMXlkg5qvYWLNTdPjTeyKhcSiGFy+XlD/L6ceB9BgAA
	Logging: 2026-02-10T03:01:26.7409647Z	2026-02-09T21:01:26.7409647-06:00	Info	MetricsData	Track_HashTables	WebHost.ps1	ProcessLogQueue		Webhost	MainLoop	1	{"prefixesToTry":{"Name":"prefixesToTry","Count":2,"LastSeen":"2026-02-09T21:01:26.7404451-06:00"},"dbRoles":{"Name":"dbRoles","Count":15,"LastSeen":"2026-02-09T21:01:26.7401363-06:00"},"args":{"Name":"args","Count":0,"LastSeen":"2026-02-09T21:01:26.7399910-06:00"},"systemUsers":{"Name":"systemUsers","Count":2,"LastSeen":"2026-02-09T21:01:26.7406536-06:00"},"fileInfo":{"Name":"fileInfo","Count":2,"LastSeen":"2026-02-09T21:01:26.7401978-06:00"},"configRoles":{"Name":"configRoles","Count":6,"LastSeen":"2026-02-09T21:01:26.7400707-06:00"},"ModulePathEnv":{"Name":"ModulePathEnv","Count":19,"LastSeen":"2026-02-09T21:01:26.7403732-06:00"}}
	Logging: 2026-02-10T03:02:15.5062484Z	2026-02-09T21:02:15.5062484-06:00	Info	MetricsData	Track_HashTables	WebHost.ps1	ProcessLogQueue		Webhost	MainLoop	1	{"prefixesToTry":{"Name":"prefixesToTry","Count":2,"LastSeen":"2026-02-09T21:02:15.5057646-06:00"},"dbRoles":{"Name":"dbRoles","Count":15,"LastSeen":"2026-02-09T21:02:15.5053286-06:00"},"ModulePathEnv":{"Name":"ModulePathEnv","Count":19,"LastSeen":"2026-02-09T21:02:15.5056895-06:00"},"args":{"Name":"args","Count":0,"LastSeen":"2026-02-09T21:02:15.5051635-06:00"},"systemUsers":{"Name":"systemUsers","Count":2,"LastSeen":"2026-02-09T21:02:15.5059511-06:00"},"fileInfo":{"Name":"fileInfo","Count":2,"LastSeen":"2026-02-09T21:02:15.5054413-06:00"},"logEntries":{"Name":"logEntries","Count":2,"LastSeen":"2026-02-09T21:02:15.5055938-06:00"},"configRoles":{"Name":"configRoles","Count":6,"LastSeen":"2026-02-09T21:02:15.5052709-06:00"}}
	Logging: 2026-02-10T03:03:16.7190144Z	2026-02-09T21:03:16.7190144-06:00	Verbose	EventViewer	Event\ log\ request:\ 311\ events\ returned	apps\WebhostRealtimeEvents\routes\api\v1\logs\get.ps1	get.ps1		6ec71a85-fb79-4ebc-aa1d-587c7f8b403c		1	{"ResultCount":311,"Filters":{"categories":null,"userID":null,"severities":null,"source":null,"activityName":null,"filter":null,"runspaceID":null,"sessionID":null},"TimeRange":15}
	Logging: 2026-02-10T03:03:16.7218245Z	2026-02-09T21:03:16.7218245-06:00	Info	MetricsData	Track_HashTables	WebHost.ps1	ProcessLogQueue		Webhost	MainLoop	1	H4sIAAAAAAAACpWUS2/CMBCE/4vPUK3txHlc4dBKUCGF0vNCDUUKCYqdSgjx3yte8RpR1TlmHH22Z2d8ZLPiUy8L3fzoZlp/taU2LD+yd9xplj9bHLBR3VaW5RwGbILGFlpXLGcChBqCGEI2FzwHmXP1kggeQcKHoHIAdhqwPTa6siO0ZA+ndeg4hMxVljmyOZgPoxvCvSsdVYZQ4zRSjrpCqzd1cyDYTuq4SQAXOESp4+4uZo7RIiETsdeZIUtk4ti43z+A70pHzf6n8izjnFBNu/THdhM6pghyl3Pi7hXxaDBVe84uUuDoJLvPE03oQYGTSSw8m9+qde3bfFF62qxSEuMp2tW3V8G74noXFAlIyfBmxVivsS3tDBvcaaubBZbtQ9P/+KXbN6juQgEZwaTevG6N9edLxF5sUEkk6Z0WujHbuprjstTeTbyFPtMQXIqU1hSr7VobGvtOcvMI6mgqJQHfUmjOx3zy3t509x4GlSuSKfF+5bX1/NXvwQKekrSv0GJZb3ziRemXS4jP2pV6+gXY2ZcTfQYAAA==
	Logging: 2026-02-10T03:03:16.7238699Z	2026-02-09T21:03:16.7238699-06:00	Info	MetricsData	Track_HashTables	WebHost.ps1	ProcessLogQueue		Webhost	MainLoop	1	{"prefixesToTry":{"Name":"prefixesToTry","Count":2,"LastSeen":"2026-02-09T21:03:16.7233675-06:00"},"dbRoles":{"Name":"dbRoles","Count":15,"LastSeen":"2026-02-09T21:03:16.7230126-06:00"},"args":{"Name":"args","Count":0,"LastSeen":"2026-02-09T21:03:16.7228498-06:00"},"systemUsers":{"Name":"systemUsers","Count":2,"LastSeen":"2026-02-09T21:03:16.7235257-06:00"},"fileInfo":{"Name":"fileInfo","Count":2,"LastSeen":"2026-02-09T21:03:16.7230779-06:00"},"configRoles":{"Name":"configRoles","Count":6,"LastSeen":"2026-02-09T21:03:16.7229572-06:00"},"ModulePathEnv":{"Name":"ModulePathEnv","Count":19,"LastSeen":"2026-02-09T21:03:16.7232833-06:00"}}
	Logging: 2026-02-10T03:04:02.1483307Z	2026-02-09T21:04:02.1483307-06:00	Verbose	EventViewer	Event\ log\ request:\ 333\ events\ returned	apps\WebhostRealtimeEvents\routes\api\v1\logs\get.ps1	get.ps1		6ec71a85-fb79-4ebc-aa1d-587c7f8b403c		1	{"ResultCount":333,"Filters":{"categories":null,"userID":null,"severities":null,"source":null,"activityName":null,"filter":null,"runspaceID":null,"sessionID":null},"TimeRange":15}
	Logging: 2026-02-10T03:04:02.1513804Z	2026-02-09T21:04:02.1513804-06:00	Info	MetricsData	Track_HashTables	WebHost.ps1	ProcessLogQueue		Webhost	MainLoop	1	H4sIAAAAAAAACpWUzW7CMBCE38VnqGzHduJc4dBKUCGFtueFGoqUHxQ7lRDi3SsoxGtEVeeYcfR5PTu7R7IoPsyqMO23aefNZ1caS/IjeYXKkPzR4YhMmq52JGd0RGZgXWFMTXLCKVdjysdULznLqcgpf2KSZjzLxlTllJLTiOyhNbWbgEN3eK1Hyxgy0yrxZHuwb9a0iHtTemoSQWWUJdpT1+DMtmkPCNtLPTf9nyt0KnTqudXFzCk4QGQkDqqZMs4RG/b7O/BN6ak6puJEKoH87VZh265Cz+QxleokQ+7+Iu4NxuowH3SaSE9H2X2caESPClyqqApsfqk3TWjzRRlms8wksmQObv0VjOBN8XMXUyvNBIrEopiaDXSlW0ALlXGmfYeyu5v0P37p740ad64E9/fOmu3zzrqwv0gcwhZapxIFclG8m9bumnoJq9IELwkOhnRDUpVJFKEK6t3GWBz7XvL9iMomFQJtq2sK7bnMB/v2qvt9GDVcmeKo9nUwreevYQtLpQx1cg0OymYbEi/KkFwKnTLfw9MPRZSpEX0GAAA=
	Logging: 2026-02-10T03:04:02.1533448Z	2026-02-09T21:04:02.1533448-06:00	Info	MetricsData	Track_HashTables	WebHost.ps1	ProcessLogQueue		Webhost	MainLoop	1	{"prefixesToTry":{"Name":"prefixesToTry","Count":2,"LastSeen":"2026-02-09T21:04:02.1528894-06:00"},"dbRoles":{"Name":"dbRoles","Count":15,"LastSeen":"2026-02-09T21:04:02.1525343-06:00"},"args":{"Name":"args","Count":0,"LastSeen":"2026-02-09T21:04:02.1523978-06:00"},"systemUsers":{"Name":"systemUsers","Count":2,"LastSeen":"2026-02-09T21:04:02.1530509-06:00"},"fileInfo":{"Name":"fileInfo","Count":2,"LastSeen":"2026-02-09T21:04:02.1525990-06:00"},"configRoles":{"Name":"configRoles","Count":6,"LastSeen":"2026-02-09T21:04:02.1524791-06:00"},"ModulePathEnv":{"Name":"ModulePathEnv","Count":19,"LastSeen":"2026-02-09T21:04:02.1528072-06:00"}}
	Logging: 2026-02-10T03:04:47.5980154Z	2026-02-09T21:04:47.5980154-06:00	Verbose	EventViewer	Event\ log\ request:\ 358\ events\ returned	apps\WebhostRealtimeEvents\routes\api\v1\logs\get.ps1	get.ps1		6ec71a85-fb79-4ebc-aa1d-587c7f8b403c		1	{"ResultCount":358,"Filters":{"categories":null,"userID":null,"severities":null,"source":null,"activityName":null,"filter":null,"runspaceID":null,"sessionID":null},"TimeRange":15}
	Logging: 2026-02-10T03:04:47.6001599Z	2026-02-09T21:04:47.6001599-06:00	Info	MetricsData	Track_HashTables	WebHost.ps1	ProcessLogQueue		Webhost	MainLoop	1	H4sIAAAAAAAACpWUzW7CMBCE38VnqIztxHaucGglqJBC6XmhhiLlT7FTCSHevYKCvUFUco4ZR5/XuzN7Isv802xy0/6YdlF/dYWxJDuRdygNyZ4djsi07ipHsgkdkTlYlxtTkYwwytIxZWOqV2ySUZEJ+ZJoLYWWY5pmlJLziDTQmspNwaE7gubRSQxZaMUC2R7thzUt4t4VT+UxVM2ZDtQtOLOv2yPCeslzZQyXMi4Ct7w2cwYOEBmJw2oWTKjAhqZ5AN8VT9URVKWSCZqc7Tb9sd0Ez2QxlapEoe7+IR4bjNVhfVCaJ4GOvPvc0YgeZbhUCYSHpnmrdnW/zVdlWJs1lTRQF+C2370I3pWQu5hauZIpbsXM7KAr3BJaKI0z7RqK7iHp//zi742Ke5IqHu6d1/vXg3X9+SJxGJtJidjLfG1ae6irFWwK03tJ72DQNHTKExSlEqrDzlhsey+FeUR5kwuJ0nRzob2U+WTf3vSwD6PCJRVDtW97ab18DVpYSicKOWgLDop63ydelUG+VFozv7TPvz1jyAR9BgAA
	Logging: 2026-02-10T03:04:47.6020568Z	2026-02-09T21:04:47.6020568-06:00	Info	MetricsData	Track_HashTables	WebHost.ps1	ProcessLogQueue		Webhost	MainLoop	1	{"prefixesToTry":{"Name":"prefixesToTry","Count":2,"LastSeen":"2026-02-09T21:04:47.6016328-06:00"},"dbRoles":{"Name":"dbRoles","Count":15,"LastSeen":"2026-02-09T21:04:47.6013149-06:00"},"args":{"Name":"args","Count":0,"LastSeen":"2026-02-09T21:04:47.6011815-06:00"},"systemUsers":{"Name":"systemUsers","Count":2,"LastSeen":"2026-02-09T21:04:47.6017934-06:00"},"fileInfo":{"Name":"fileInfo","Count":2,"LastSeen":"2026-02-09T21:04:47.6013799-06:00"},"configRoles":{"Name":"configRoles","Count":6,"LastSeen":"2026-02-09T21:04:47.6012601-06:00"},"ModulePathEnv":{"Name":"ModulePathEnv","Count":19,"LastSeen":"2026-02-09T21:04:47.6015589-06:00"}}
	Logging: 2026-02-10T03:05:17.9740735Z	2026-02-09T21:05:17.9740735-06:00	Info	MetricsData	Track_HashTables	WebHost.ps1	ProcessLogQueue		Webhost	MainLoop	1	H4sIAAAAAAAACpWU0WvCMBDG/5c860jSJm36qg8b6BDq3PPpohNqW5p0IOL/PiaaXIqD9PVL+d31vvvuQlblp96WuvvR3bL56ittSHEh73DSpHj2OCGzpq8tKRidkAUYW2pdk4JwyuWU8ilVa84KKgqWvagsEbniUyoLSsl1QlrodG1nYFENrzm0iCEnaSY92ZzNh9Ed4j4UR01iqJnkqafuwOpD050R1kmOm0Vwea545rmn2zDnYAGRkTiuZ55T6tnQtgPwQ3FUFdOxVFKh+fbb0La74Jg8plOpOBsyhwPG6kjvuEB0tLvPNxrRoxZOCIXw0LZv9b4Jx3xTxo05y1Jk3hLs7juI4EPxuYtaiVSg2K3Kud5DX9kVdHDSVncbqPpB0v/5xNWNinsqaOLrLprD69HY0F8kjmOzhCH2qtzozhybeg3bSgd/EjyMciMRLEUen6A+7rXBa+8k70dcRqlE1+q+heavzSf39q77exgXLqbC0xVerbEHi+d5QIOqOYTEmzJqL3kumaNefwFyLZTdfQYAAA==
	Logging: 2026-02-10T03:05:17.9761260Z	2026-02-09T21:05:17.9761260-06:00	Info	MetricsData	Track_HashTables	WebHost.ps1	ProcessLogQueue		Webhost	MainLoop	1	{"prefixesToTry":{"Name":"prefixesToTry","Count":2,"LastSeen":"2026-02-09T21:05:17.9754836-06:00"},"dbRoles":{"Name":"dbRoles","Count":15,"LastSeen":"2026-02-09T21:05:17.9751591-06:00"},"args":{"Name":"args","Count":0,"LastSeen":"2026-02-09T21:05:17.9750254-06:00"},"systemUsers":{"Name":"systemUsers","Count":2,"LastSeen":"2026-02-09T21:05:17.9757784-06:00"},"fileInfo":{"Name":"fileInfo","Count":2,"LastSeen":"2026-02-09T21:05:17.9752233-06:00"},"configRoles":{"Name":"configRoles","Count":6,"LastSeen":"2026-02-09T21:05:17.9751054-06:00"},"ModulePathEnv":{"Name":"ModulePathEnv","Count":19,"LastSeen":"2026-02-09T21:05:17.9754062-06:00"}}
	Logging: 2026-02-10T03:05:50.1873475Z	2026-02-09T21:05:50.1873475-06:00	Info	MetricsData	Track_HashTables	WebHost.ps1	ProcessLogQueue		Webhost	MainLoop	1	{"prefixesToTry":{"Name":"prefixesToTry","Count":2,"LastSeen":"2026-02-09T21:05:50.1865975-06:00"},"dbRoles":{"Name":"dbRoles","Count":15,"LastSeen":"2026-02-09T21:05:50.0363362-06:00"},"args":{"Name":"args","Count":0,"LastSeen":"2026-02-09T21:05:50.0362106-06:00"},"systemUsers":{"Name":"systemUsers","Count":2,"LastSeen":"2026-02-09T21:05:50.1868722-06:00"},"fileInfo":{"Name":"fileInfo","Count":2,"LastSeen":"2026-02-09T21:05:50.0364310-06:00"},"configRoles":{"Name":"configRoles","Count":6,"LastSeen":"2026-02-09T21:05:50.0362848-06:00"},"ModulePathEnv":{"Name":"ModulePathEnv","Count":19,"LastSeen":"2026-02-09T21:05:50.0366140-06:00"}}
	Logging: 2026-02-10T03:06:53.8323401Z	2026-02-09T21:06:53.8323401-06:00	Info	MetricsData	Track_HashTables	WebHost.ps1	ProcessLogQueue		Webhost	MainLoop	1	H4sIAAAAAAAACpWUy27CMBBF/8VrqPyIX9nCopWgQoK2a0MNRQoJip1KCPHvFRTsMaKqs8x1dDy+M3eOaDb/sMu5bb9tO20+u8o6VB7Rq9lZVD46HKBR09UelQQP0MQ4P7e2RiWimIohpkOsF5SUWJScPSlGFNdyiEWJMToN0N60tvYj48EdUQtonkMupCgi2R3cm7Mt4N6UQGUZVIoLzSJ1ZbzdNO0BYIMUuPJfrpBcM+jD7mLm2HgDyEDsVTOhHJPINvv9HfimBKrOqViwQgF/u2XatqsQmDSnUi0L4MIv4t5gqPbsHdYi0sHsPp5oQM8aOEV4avNLvW5Smy9KP5slpsDmqfGrrySCNyXmLoMqqFQUWjG2a9NVfmZas7Petu+m6u6S/scv4d6suHMBGzxpNs9b59P+ArEHW0hBJAeBn83fbeu2Tb0wy8omL0kOenRDMSIk4SCmpt6urYNjH6TYD5bVkAKDvXKdQncu88G+vepxH2aFS2kOal8laT1/9VtYUop0EZqq2aTEi9JrLrkqYoZOPw74ADd9BgAA
	Logging: 2026-02-10T03:06:53.8340976Z	2026-02-09T21:06:53.8340976-06:00	Info	MetricsData	Track_HashTables	WebHost.ps1	ProcessLogQueue		Webhost	MainLoop	1	{"prefixesToTry":{"Name":"prefixesToTry","Count":2,"LastSeen":"2026-02-09T21:06:53.8336505-06:00"},"dbRoles":{"Name":"dbRoles","Count":15,"LastSeen":"2026-02-09T21:06:53.8333436-06:00"},"args":{"Name":"args","Count":0,"LastSeen":"2026-02-09T21:06:53.8332135-06:00"},"systemUsers":{"Name":"systemUsers","Count":2,"LastSeen":"2026-02-09T21:06:53.8338127-06:00"},"fileInfo":{"Name":"fileInfo","Count":2,"LastSeen":"2026-02-09T21:06:53.8334037-06:00"},"configRoles":{"Name":"configRoles","Count":6,"LastSeen":"2026-02-09T21:06:53.8332926-06:00"},"ModulePathEnv":{"Name":"ModulePathEnv","Count":19,"LastSeen":"2026-02-09T21:06:53.8335778-06:00"}}
	Logging: 2026-02-10T03:09:50.5047512Z	2026-02-09T21:09:50.5047512-06:00	Info	MetricsData	Track_HashTables	WebHost.ps1	ProcessLogQueue		Webhost	MainLoop	1	H4sIAAAAAAAACpWUS2/CMBCE/4vPUG38yOsKh1aCCgkK54UaipSXYqcSQvz3CgTOGlHJOWYSfd7MzvjMFsuN3i51+6vbef3dFdqw/Mw+sdQsf/VyxCZ1V1mWRzBiMzR2qXXFcsaBx2PgY8hWPMohyxW8KZBREskxxDkAu4xYg62u7AQtOaPXHFoFkEUWp6onm5P5Mrol3IfiqCJkXiHjpKfu0OpD3Z4I1kmOm4RMq0TKe255M3OKFgmZiINmFhlA2rOxaZ7AD8VRsxCqUKkg/nZbf213wTF5iLs8UdEz89lgqg7cHaSETrL7OtGEHhI4GUkgeGyaj2pf+zbflGE2S06pc7S7H6+CD6XvXQg1jSVQK6Z6j11hF9hiqa1u11h0T03/5xN3blDdQXBSyll9eD8a6++XiIPYIvEqtFiudWuOdbXCbaG9P/FeDNqGhEyRKpVYHffa0Ng7qd9HUEeTLPOG31xTaK5jvrhv73p/H4aVCzhJ0s5r6/Vp2IUlk4gkaIcWi/rgE2/KsFwqiJ0Nlz/f6PkXfQYAAA==
	Logging: 2026-02-10T03:09:50.5066988Z	2026-02-09T21:09:50.5066988-06:00	Info	MetricsData	Track_HashTables	WebHost.ps1	ProcessLogQueue		Webhost	MainLoop	1	{"prefixesToTry":{"Name":"prefixesToTry","Count":2,"LastSeen":"2026-02-09T21:09:50.5061178-06:00"},"dbRoles":{"Name":"dbRoles","Count":15,"LastSeen":"2026-02-09T21:09:50.5057811-06:00"},"args":{"Name":"args","Count":0,"LastSeen":"2026-02-09T21:09:50.5056572-06:00"},"systemUsers":{"Name":"systemUsers","Count":2,"LastSeen":"2026-02-09T21:09:50.5063821-06:00"},"fileInfo":{"Name":"fileInfo","Count":2,"LastSeen":"2026-02-09T21:09:50.5058440-06:00"},"configRoles":{"Name":"configRoles","Count":6,"LastSeen":"2026-02-09T21:09:50.5057300-06:00"},"ModulePathEnv":{"Name":"ModulePathEnv","Count":19,"LastSeen":"2026-02-09T21:09:50.5060447-06:00"}}
	Logging: 2026-02-10T03:14:24.7103989Z	2026-02-09T21:14:24.7103989-06:00	Info	MetricsData	Track_HashTables	WebHost.ps1	ProcessLogQueue		Webhost	MainLoop	1	H4sIAAAAAAAACpWUwW7CMBBE/8VnqBwnju1c4dBKUCGF0vNCDUUKCbKdSgjx7xVpcdaUSs4x4+h5PTu7Z7Io3/W61OZLm3nz0VbakuJMXuGgSfHocEQmTVs7UiR0RGZgXal1TQrCKMvHlI2pWrKkSLKCZU+CKskUH9O8oJRcRuQIRtduAg7d0WsezWPIOROyJ9uTfbPaIO5N8dQ0hqpUhurdgNO7xpwQ1kueK2K4VIm85x46M6fgAJGROKxmzoXq2XA83oFviqeqCKpMFUuRv+06bNuv4Jksyl2W4551iHuDsTqwd1yiilF2Hyca0aMCJ5QKbX6pt01oc6cMs1lwiQI3B7f5DEbwpvRzFxUJllJsxVRvoa3cAgwctNNmBVV7N+n//OLvjRr3XKXoNbNm97y3LuwvEoexM5og/xflShu7b+olrCsdvCQ4GNQNJTjHYwr1fqstjr2X+n5EZTOTqfiTTXst88G+/dX7fRg1XJJLdMUmmNbr16CFJZViyO0NOKiaXUjslGG5pPlV+6FevgH0kZYxfQYAAA==
	Logging: 2026-02-10T03:14:24.7124109Z	2026-02-09T21:14:24.7124109-06:00	Info	MetricsData	Track_HashTables	WebHost.ps1	ProcessLogQueue		Webhost	MainLoop	1	{"prefixesToTry":{"Name":"prefixesToTry","Count":2,"LastSeen":"2026-02-09T21:14:24.7118611-06:00"},"dbRoles":{"Name":"dbRoles","Count":15,"LastSeen":"2026-02-09T21:14:24.7115543-06:00"},"args":{"Name":"args","Count":0,"LastSeen":"2026-02-09T21:14:24.7114018-06:00"},"systemUsers":{"Name":"systemUsers","Count":2,"LastSeen":"2026-02-09T21:14:24.7120428-06:00"},"fileInfo":{"Name":"fileInfo","Count":2,"LastSeen":"2026-02-09T21:14:24.7116176-06:00"},"configRoles":{"Name":"configRoles","Count":6,"LastSeen":"2026-02-09T21:14:24.7115017-06:00"},"ModulePathEnv":{"Name":"ModulePathEnv","Count":19,"LastSeen":"2026-02-09T21:14:24.7117895-06:00"}}
	Logging: 2026-02-10T03:15:57.7194722Z	2026-02-09T21:15:57.7194722-06:00	Info	MetricsData	Track_HashTables	WebHost.ps1	ProcessLogQueue		Webhost	MainLoop	1	H4sIAAAAAAAACpWUzW7CMBCE38VnqOwE/+UKh1aCCglKz4YaihQSZDuVEOLdqyBir4GqzjHj6PN6dnbPaL741OuFNj/azOqvptQWFWf0rg4aFc8OB2hcN5VDBcEDNFXWLbSuUIEynLEhzoZYLjNSEFpQ/sKJwEzIIWYFxugyQEdldOXGyoE7gubRNIHMc84A2Z7sh9UGcDvFU/OUejMhWaBulNO72pwA1kuey//lMoKlJIB7uJo5UU4BMhB71cyJYFlgq+PxDtwpnipTKhZYEOBvs47bdhM8M0tyl5AH5r3BUO3ZuxGsGGT3eaIBPSlwUtLY5rdqW8c2X5WeNvN8FKgz5Tbf0Qh2Spi7lFoxa+VgxURvVVO6uTLqoJ02K1U2d5P+xy/+3pRx5yyH907r3eveuri/QOzFZlTiqL0rbey+rpZqXeroJdFBj25wwjnlGIypqvZbbWHsvRT6kZJNJiilD9m0bZlP9u1ND/swabgIFiBJm2ha26+eCytj8SJUZb2LiVelRy5bKpWio15+AUF2tBR9BgAA
	Logging: 2026-02-10T03:15:57.7221875Z	2026-02-09T21:15:57.7221875-06:00	Info	MetricsData	Track_HashTables	WebHost.ps1	ProcessLogQueue		Webhost	MainLoop	1	{"prefixesToTry":{"Name":"prefixesToTry","Count":2,"LastSeen":"2026-02-09T21:15:57.7215117-06:00"},"dbRoles":{"Name":"dbRoles","Count":15,"LastSeen":"2026-02-09T21:15:57.7211676-06:00"},"args":{"Name":"args","Count":0,"LastSeen":"2026-02-09T21:15:57.7209732-06:00"},"systemUsers":{"Name":"systemUsers","Count":2,"LastSeen":"2026-02-09T21:15:57.7217675-06:00"},"fileInfo":{"Name":"fileInfo","Count":2,"LastSeen":"2026-02-09T21:15:57.7212407-06:00"},"configRoles":{"Name":"configRoles","Count":6,"LastSeen":"2026-02-09T21:15:57.7210671-06:00"},"ModulePathEnv":{"Name":"ModulePathEnv","Count":19,"LastSeen":"2026-02-09T21:15:57.7214316-06:00"}}
	Logging: 2026-02-10T03:16:44.0133242Z	2026-02-09T21:16:44.0133242-06:00	Info	MetricsData	Track_HashTables	WebHost.ps1	ProcessLogQueue		Webhost	MainLoop	1	{"prefixesToTry":{"Name":"prefixesToTry","Count":2,"LastSeen":"2026-02-09T21:16:44.0127345-06:00"},"dbRoles":{"Name":"dbRoles","Count":15,"LastSeen":"2026-02-09T21:16:44.0123667-06:00"},"args":{"Name":"args","Count":0,"LastSeen":"2026-02-09T21:16:43.9083609-06:00"},"systemUsers":{"Name":"systemUsers","Count":2,"LastSeen":"2026-02-09T21:16:44.0129584-06:00"},"fileInfo":{"Name":"fileInfo","Count":2,"LastSeen":"2026-02-09T21:16:44.0124572-06:00"},"configRoles":{"Name":"configRoles","Count":6,"LastSeen":"2026-02-09T21:16:44.0122268-06:00"},"ModulePathEnv":{"Name":"ModulePathEnv","Count":19,"LastSeen":"2026-02-09T21:16:44.0126471-06:00"}}
	Logging: 2026-02-10T03:17:15.8703370Z	2026-02-09T21:17:15.8703370-06:00	Info	MetricsData	Track_HashTables	WebHost.ps1	ProcessLogQueue		Webhost	MainLoop	1	{"prefixesToTry":{"Name":"prefixesToTry","Count":2,"LastSeen":"2026-02-09T21:17:15.8697488-06:00"},"dbRoles":{"Name":"dbRoles","Count":15,"LastSeen":"2026-02-09T21:17:15.8694304-06:00"},"args":{"Name":"args","Count":0,"LastSeen":"2026-02-09T21:17:15.8693026-06:00"},"systemUsers":{"Name":"systemUsers","Count":2,"LastSeen":"2026-02-09T21:17:15.8699414-06:00"},"fileInfo":{"Name":"fileInfo","Count":2,"LastSeen":"2026-02-09T21:17:15.8694922-06:00"},"configRoles":{"Name":"configRoles","Count":6,"LastSeen":"2026-02-09T21:17:15.8693780-06:00"},"ModulePathEnv":{"Name":"ModulePathEnv","Count":19,"LastSeen":"2026-02-09T21:17:15.8696702-06:00"}}
	Logging: 2026-02-10T03:18:01.6555961Z	2026-02-09T21:18:01.6555961-06:00	Info	MetricsData	Track_HashTables	WebHost.ps1	ProcessLogQueue		Webhost	MainLoop	1	{"prefixesToTry":{"Name":"prefixesToTry","Count":2,"LastSeen":"2026-02-09T21:18:01.4960276-06:00"},"dbRoles":{"Name":"dbRoles","Count":15,"LastSeen":"2026-02-09T21:18:01.4957006-06:00"},"args":{"Name":"args","Count":0,"LastSeen":"2026-02-09T21:18:01.4955736-06:00"},"systemUsers":{"Name":"systemUsers","Count":2,"LastSeen":"2026-02-09T21:18:01.6551830-06:00"},"fileInfo":{"Name":"fileInfo","Count":2,"LastSeen":"2026-02-09T21:18:01.4957636-06:00"},"configRoles":{"Name":"configRoles","Count":6,"LastSeen":"2026-02-09T21:18:01.4956476-06:00"},"ModulePathEnv":{"Name":"ModulePathEnv","Count":19,"LastSeen":"2026-02-09T21:18:01.4959512-06:00"}}
	Logging: 2026-02-10T03:19:02.4314597Z	2026-02-09T21:19:02.4314597-06:00	Info	MetricsData	Track_HashTables	WebHost.ps1	ProcessLogQueue		Webhost	MainLoop	1	{"prefixesToTry":{"Name":"prefixesToTry","Count":2,"LastSeen":"2026-02-09T21:19:02.4306714-06:00"},"dbRoles":{"Name":"dbRoles","Count":15,"LastSeen":"2026-02-09T21:19:02.2715312-06:00"},"args":{"Name":"args","Count":0,"LastSeen":"2026-02-09T21:19:02.2713970-06:00"},"systemUsers":{"Name":"systemUsers","Count":2,"LastSeen":"2026-02-09T21:19:02.4310683-06:00"},"fileInfo":{"Name":"fileInfo","Count":2,"LastSeen":"2026-02-09T21:19:02.2715962-06:00"},"configRoles":{"Name":"configRoles","Count":6,"LastSeen":"2026-02-09T21:19:02.2714760-06:00"},"ModulePathEnv":{"Name":"ModulePathEnv","Count":19,"LastSeen":"2026-02-09T21:19:02.4305504-06:00"}}
	Logging: 2026-02-10T03:20:03.0399686Z	2026-02-09T21:20:03.0399686-06:00	Info	MetricsData	Track_HashTables	WebHost.ps1	ProcessLogQueue		Webhost	MainLoop	1	{"prefixesToTry":{"Name":"prefixesToTry","Count":2,"LastSeen":"2026-02-09T21:20:03.0394715-06:00"},"dbRoles":{"Name":"dbRoles","Count":15,"LastSeen":"2026-02-09T21:20:03.0387996-06:00"},"args":{"Name":"args","Count":0,"LastSeen":"2026-02-09T21:20:02.8781483-06:00"},"systemUsers":{"Name":"systemUsers","Count":2,"LastSeen":"2026-02-09T21:20:03.0396413-06:00"},"fileInfo":{"Name":"fileInfo","Count":2,"LastSeen":"2026-02-09T21:20:03.0391113-06:00"},"configRoles":{"Name":"configRoles","Count":6,"LastSeen":"2026-02-09T21:20:02.8782282-06:00"},"ModulePathEnv":{"Name":"ModulePathEnv","Count":19,"LastSeen":"2026-02-09T21:20:03.0393807-06:00"}}
	Logging: 2026-02-10T03:20:33.1800159Z	2026-02-09T21:20:33.1800159-06:00	Info	MetricsData	Track_HashTables	WebHost.ps1	ProcessLogQueue		Webhost	MainLoop	1	{"prefixesToTry":{"Name":"prefixesToTry","Count":2,"LastSeen":"2026-02-09T21:20:33.1794760-06:00"},"dbRoles":{"Name":"dbRoles","Count":15,"LastSeen":"2026-02-09T21:20:33.0175304-06:00"},"args":{"Name":"args","Count":0,"LastSeen":"2026-02-09T21:20:33.0173838-06:00"},"systemUsers":{"Name":"systemUsers","Count":2,"LastSeen":"2026-02-09T21:20:33.1796620-06:00"},"fileInfo":{"Name":"fileInfo","Count":2,"LastSeen":"2026-02-09T21:20:33.0175979-06:00"},"configRoles":{"Name":"configRoles","Count":6,"LastSeen":"2026-02-09T21:20:33.0174729-06:00"},"ModulePathEnv":{"Name":"ModulePathEnv","Count":19,"LastSeen":"2026-02-09T21:20:33.1793263-06:00"}}
	Logging: 2026-02-10T03:21:04.3878937Z	2026-02-09T21:21:04.3878937-06:00	Info	MetricsData	Track_HashTables	WebHost.ps1	ProcessLogQueue		Webhost	MainLoop	1	H4sIAAAAAAAACpWUX2vCMBTFv0uedeRPm5i+6sMGOgp12/PVRSfUtjTpQMTvPhRNbouD9LEn5Zebc8+9Z5IXX2ZTmPbXtKv6uyuNJdmZvMPRkOzZ4YTM665yJGN0QpZgXWFMRTLCKZdTyqdUrznLOMto8iJmSmhFp1RmlJLLhDTQmsrNwaE7gubRaQyZaTYLZHuyH9a0iPtQPFXEUFOpRaBuwZl93Z4Q1kueqyK4UjHJAvd4M3MBDhAZieNqZpwlgQ1NMwA/FE/VMRWzRCAnbLfpt+0ueCaPqTTRSg+ZQ4OxOrJ3gvFAR9l9nmhEjwqckCkqHprmrdrVfZtvyjibhaAyUFfgtj+9EXwoYe5iaqUyQXHLi4XZQVe6HFo4GmfaTyi7waT/84u/N2rceapQC5b1/vVgXb+/SBzFlppLFPO8+DStPdTVGjal6b2kdzCqG0pwqtCYQnXYGYtj76XQj6hsUp6gbXVPob2W+WTf3vWwD+OGiyvkz7Y3rdevcQsr5QlK+xYclPW+T7wpo3IpZaK9DZc/j1frPH0GAAA=
	Logging: 2026-02-10T03:21:04.3895963Z	2026-02-09T21:21:04.3895963-06:00	Info	MetricsData	Track_HashTables	WebHost.ps1	ProcessLogQueue		Webhost	MainLoop	1	{"prefixesToTry":{"Name":"prefixesToTry","Count":2,"LastSeen":"2026-02-09T21:21:04.3891718-06:00"},"dbRoles":{"Name":"dbRoles","Count":15,"LastSeen":"2026-02-09T21:21:04.3888478-06:00"},"args":{"Name":"args","Count":0,"LastSeen":"2026-02-09T21:21:04.3887283-06:00"},"systemUsers":{"Name":"systemUsers","Count":2,"LastSeen":"2026-02-09T21:21:04.3893263-06:00"},"fileInfo":{"Name":"fileInfo","Count":2,"LastSeen":"2026-02-09T21:21:04.3889094-06:00"},"configRoles":{"Name":"configRoles","Count":6,"LastSeen":"2026-02-09T21:21:04.3887974-06:00"},"ModulePathEnv":{"Name":"ModulePathEnv","Count":19,"LastSeen":"2026-02-09T21:21:04.3890823-06:00"}}
	Logging: 2026-02-10T03:22:21.5052276Z	2026-02-09T21:22:21.5052276-06:00	Info	MetricsData	Track_HashTables	WebHost.ps1	ProcessLogQueue		Webhost	MainLoop	1	H4sIAAAAAAAACpWUS2/CMBCE/4vPUPmROI8rHFoJqkih9LykhiKFBMVOJYT47xUI7HVEVeeYSfR5MzvjMynKT7UpVfejumX71ddKk/xM3uGgSP7s5YTM2r4xJGd0QhagTalUQ3LCKZdTyqc0W3GWc55z9hLTKM7SaEplTim5TMgROtWYGRh0htMsOg4hi5RxR9Yn/aFVh7gPxVJFCDVJWeKoFRi1a7sTwlrJcpMArsioQD4cbmbOwQAiI3HczIKmwrHheByAH4qlZv9SIypS6fnbb/y13QXL5EHuUkmHzKHBWB25u4ii3aHsPk80ogcFLpZx5tn81mxb3+abMs7mjMnUUZdgqm+vgg/F9S5kVp5QNGtRztUW+toU0MFBGdWtoe4HTf/jE3tuUN2jmMXu3EW7e91r4+8XiePYTAoU86Jcq07v22YFm1p5f+K9GLGN645ZhmsKzX6rNI69ldw+grLJeYbadE+hvo755L696+4+DCqXFAyVq/Laen0acWFdcylTNHAFBup25xNvyqhciiSN7Q4vvz2lRjZ9BgAA
	Logging: 2026-02-10T03:22:21.5073028Z	2026-02-09T21:22:21.5073028-06:00	Info	MetricsData	Track_HashTables	WebHost.ps1	ProcessLogQueue		Webhost	MainLoop	1	{"prefixesToTry":{"Name":"prefixesToTry","Count":2,"LastSeen":"2026-02-09T21:22:21.5067244-06:00"},"dbRoles":{"Name":"dbRoles","Count":15,"LastSeen":"2026-02-09T21:22:21.5063700-06:00"},"args":{"Name":"args","Count":0,"LastSeen":"2026-02-09T21:22:21.5061903-06:00"},"systemUsers":{"Name":"systemUsers","Count":2,"LastSeen":"2026-02-09T21:22:21.5069193-06:00"},"fileInfo":{"Name":"fileInfo","Count":2,"LastSeen":"2026-02-09T21:22:21.5064728-06:00"},"configRoles":{"Name":"configRoles","Count":6,"LastSeen":"2026-02-09T21:22:21.5063052-06:00"},"ModulePathEnv":{"Name":"ModulePathEnv","Count":19,"LastSeen":"2026-02-09T21:22:21.5066527-06:00"}}
	Logging: 2026-02-10T03:23:38.9655993Z	2026-02-09T21:23:38.9655993-06:00	Info	MetricsData	Track_HashTables	WebHost.ps1	ProcessLogQueue		Webhost	MainLoop	1	H4sIAAAAAAAACpWUW2sCMRCF/0uetWSTTfbyqg8taBG09nm00Qp7I8kWRPzvRVuTibWQfdyT5cvkzJk5kcXyXW2WSn8pPW8/+koZUp7IK9SKlI8OR2TS9o0lZUJHZAbGLpVqSEkYZXJM2ZgWK5aUjJc8fypkyhmVYypLSsl5RDrQqrETsOgOrzm0iCDzXPLEk83RvBmlEfemOCqPoIqEZpmnbsGqfauPCOskx81iqk2FRNXWVzOnYAGRkTioZp4Vae7Z0HV34JviqEUMlYmEIn/7Tdi2X8ExWUwaBBfI3R/EvcFYHeRDmmei8HSU3ceJRvSYwKUsT1GUoeteml0b2nxVhtnMaYZsnoPdfgYjeFP83EVFQhQcWzFVO+gruwANtbJKr6Hq7yb9n1/cvVHjTjlDMZ+1++eDsWF/kTiIzaXkAr9prbQ5tM0KNpUKXhIcDOpGyiheKjU0h50yOPZO8v2Im1HG2J9smkuZD/btr+73YdRwcZGg+G+Dab18DVtYXOTIiS1YqNp9SLwqw3LJC+qo52/dVIXlfQYAAA==
	Logging: 2026-02-10T03:23:38.9673850Z	2026-02-09T21:23:38.9673850-06:00	Info	MetricsData	Track_HashTables	WebHost.ps1	ProcessLogQueue		Webhost	MainLoop	1	{"prefixesToTry":{"Name":"prefixesToTry","Count":2,"LastSeen":"2026-02-09T21:23:38.9669298-06:00"},"dbRoles":{"Name":"dbRoles","Count":15,"LastSeen":"2026-02-09T21:23:38.9666225-06:00"},"args":{"Name":"args","Count":0,"LastSeen":"2026-02-09T21:23:38.9664682-06:00"},"systemUsers":{"Name":"systemUsers","Count":2,"LastSeen":"2026-02-09T21:23:38.9670841-06:00"},"fileInfo":{"Name":"fileInfo","Count":2,"LastSeen":"2026-02-09T21:23:38.9666839-06:00"},"configRoles":{"Name":"configRoles","Count":6,"LastSeen":"2026-02-09T21:23:38.9665706-06:00"},"ModulePathEnv":{"Name":"ModulePathEnv","Count":19,"LastSeen":"2026-02-09T21:23:38.9668566-06:00"}}
	Logging: 2026-02-10T03:25:40.6512196Z	2026-02-09T21:25:40.6512196-06:00	Info	MetricsData	Track_HashTables	WebHost.ps1	ProcessLogQueue		Webhost	MainLoop	1	H4sIAAAAAAAACpWUT08CMRDFv0vPYGa7bZfuFQ6aqDEB9TxgQZL9Q7ZdE0P47gaEdkowdo/7uvl1+mbe7NnL/N0s56b7Mt1T+9FXxrJyz56xNqy8dThi07ZvHCszGLFHtG5uTMNKxoGrMfAx6AXPSi5LAXdKgiy0GIMqAdhhxHbYmcZN0ZE7gubRMoWcZzkh22/7ak1HuBfFU/MUaqFABuoKndm03TfBeslzi/+5QhegdODWJzNn6JCQiTis5izPILBxt7sCXxRP1SkVy5wTqu2XcdvOgmfylErVRBF3fxHXBlN1YO84FIFOZvf2RBN60sBJMYltfmjWbWzzSRlos86IJU/oVp9RBC9KyF1KraBlZMXMrLGv3At2WBtnujes+quk//GLvzcp7oJPeLj3sd3cb62L+0vEIWyhdRa/6c10dts2C1xWJnpJdDCkGxIk0CjV2GzXxtKx91LoR9JsgqRpOk+hPZZ5Y9+e9bAP08IFmqyYVZTW49ewhaWEIJ1cocOq3cTEkzJkLoVWhfLUww8SMzvEfQYAAA==
	Logging: 2026-02-10T03:25:40.6531578Z	2026-02-09T21:25:40.6531578-06:00	Info	MetricsData	Track_HashTables	WebHost.ps1	ProcessLogQueue		Webhost	MainLoop	1	{"prefixesToTry":{"Name":"prefixesToTry","Count":2,"LastSeen":"2026-02-09T21:25:40.6525810-06:00"},"dbRoles":{"Name":"dbRoles","Count":15,"LastSeen":"2026-02-09T21:25:40.6522441-06:00"},"args":{"Name":"args","Count":0,"LastSeen":"2026-02-09T21:25:40.6521181-06:00"},"systemUsers":{"Name":"systemUsers","Count":2,"LastSeen":"2026-02-09T21:25:40.6528094-06:00"},"fileInfo":{"Name":"fileInfo","Count":2,"LastSeen":"2026-02-09T21:25:40.6523325-06:00"},"configRoles":{"Name":"configRoles","Count":6,"LastSeen":"2026-02-09T21:25:40.6521918-06:00"},"ModulePathEnv":{"Name":"ModulePathEnv","Count":19,"LastSeen":"2026-02-09T21:25:40.6525089-06:00"}}
	Logging: 2026-02-10T03:26:10.8964054Z	2026-02-09T21:26:10.8964054-06:00	Info	MetricsData	Track_HashTables	WebHost.ps1	ProcessLogQueue		Webhost	MainLoop	1	H4sIAAAAAAAACpWUUW/CIBSF/wvPulAKFPqqD1uii4nOPaO7OpPamkKXGON/X3QKF+MS+thD83E59557IrP5J6zm0P5AO22+ugosKU/k3eyBlM8OB2TUdLUjZUYHZGKsmwPUpCSMMjmkbEj1gmUlk2VGX5QWmgk5pLKklJwH5GBaqN3IOHRH0DxapJClUlkg26P9sNAi7l3x1DyBKjOKqWvjYNu0R4T1kucWKdVmvMgDd381c2ycQWQk9qpZyEzQwDaHwwP4rniqTqByxaRG/naruG03wTNZirs0z9E0/CEeDcZqv95RqRAdze7ziUb0pIFTmonI5rd608Q2X5WeNuucB+rUuPV3FMG7EnKXUqsoZGTFGDamq9zMtGYPDtqlqbqHpP/zi783Ke6F0CzcO2m2rzvr4v4isR+bC6Hwm5bQ2l1TL8yqgugl0UGvbgjFOerG3tS7DVg89l4K/UjKqMg5MuY2hfZS5pN9e9PDPkwJl9BCoTWwjtJ6+eq1sLjmMl6Epmq2MfGq9JpLrgvl/T3/ArOTJN19BgAA
	Logging: 2026-02-10T03:26:10.8982305Z	2026-02-09T21:26:10.8982305-06:00	Info	MetricsData	Track_HashTables	WebHost.ps1	ProcessLogQueue		Webhost	MainLoop	1	{"prefixesToTry":{"Name":"prefixesToTry","Count":2,"LastSeen":"2026-02-09T21:26:10.8977768-06:00"},"dbRoles":{"Name":"dbRoles","Count":15,"LastSeen":"2026-02-09T21:26:10.8974484-06:00"},"args":{"Name":"args","Count":0,"LastSeen":"2026-02-09T21:26:10.8973205-06:00"},"systemUsers":{"Name":"systemUsers","Count":2,"LastSeen":"2026-02-09T21:26:10.8979399-06:00"},"fileInfo":{"Name":"fileInfo","Count":2,"LastSeen":"2026-02-09T21:26:10.8975127-06:00"},"configRoles":{"Name":"configRoles","Count":6,"LastSeen":"2026-02-09T21:26:10.8973948-06:00"},"ModulePathEnv":{"Name":"ModulePathEnv","Count":19,"LastSeen":"2026-02-09T21:26:10.8976969-06:00"}}
	Logging: 2026-02-10T03:26:41.2981587Z	2026-02-09T21:26:41.2981587-06:00	Info	MetricsData	Track_HashTables	WebHost.ps1	ProcessLogQueue		Webhost	MainLoop	1	H4sIAAAAAAAACpWUXWvCMBiF/0uudTRpmo/e6sUGOgSdu3510Qn9okkHIv73oWj6xjlIL3tSniTnPScnslh+ms3StD+mnddfXWEsyU/kHUpD8meLIzKpu8qRnCYjMgPrlsZUJCcsYWKcsHGiV4zmTOScvjAtM8X5OBF5kpDziDTQmspNwKE9es2jsxgy1Ur2ZHu0H9a0iHtXPDWNoUqZIOoWnNnX7RFhveS5MoIruEzTnltezZyCA0RG4qAzCy05OjM0zQP4rniqjqFSrRTyt9uEY7sJnsli3BU6/cN8NBirA2fHlOjpKLvPE43oUYHLuEZRhqZ5q3Z1aPNVGWYzyyQKxhzc9juo4F3pexdDVRTXbrGcmh10hVtAC6Vxpl1D0T00/Z9f/L5RdWdKoxHM6v3rwbpwvkgcxBZCcYbvtDatPdTVCjaFCW4SLAyahuSKoiqVUB12xuLYe6mfR1RHpcDhuaXQXo755L296f17GFcuKtEW26Ctl69hD1ZKaRbQoKj3IfGqDMslTzPv7/kXGcAs4n0GAAA=
	Logging: 2026-02-10T03:26:41.3002994Z	2026-02-09T21:26:41.3002994-06:00	Info	MetricsData	Track_HashTables	WebHost.ps1	ProcessLogQueue		Webhost	MainLoop	1	{"prefixesToTry":{"Name":"prefixesToTry","Count":2,"LastSeen":"2026-02-09T21:26:41.2996365-06:00"},"dbRoles":{"Name":"dbRoles","Count":15,"LastSeen":"2026-02-09T21:26:41.2992528-06:00"},"args":{"Name":"args","Count":0,"LastSeen":"2026-02-09T21:26:41.2991105-06:00"},"systemUsers":{"Name":"systemUsers","Count":2,"LastSeen":"2026-02-09T21:26:41.2997999-06:00"},"fileInfo":{"Name":"fileInfo","Count":2,"LastSeen":"2026-02-09T21:26:41.2993189-06:00"},"configRoles":{"Name":"configRoles","Count":6,"LastSeen":"2026-02-09T21:26:41.2991946-06:00"},"ModulePathEnv":{"Name":"ModulePathEnv","Count":19,"LastSeen":"2026-02-09T21:26:41.2995505-06:00"}}
	Logging: 2026-02-10T03:27:11.7514293Z	2026-02-09T21:27:11.7514293-06:00	Info	MetricsData	Track_HashTables	WebHost.ps1	ProcessLogQueue		Webhost	MainLoop	1	H4sIAAAAAAAACpWUzW7CMBCE38VnqNb5c5IrHFoJKqRQOC/UUKSQINuphBDvXkHBXiOqOtex9Xm9O7MnNquWclVJ9S3VtP3saqlZeWLvuJesfHY4YKO2awwrOQzYBLWppGxYySKIsiFEQyjmES8jUXL+IlIQQsRDyEoAdh6wAyrZmBEa8obTLDoNIaciIWR91B9aKsK9K5Yah1CLFAh1jUZuW3UkWCtZrgjh8jxOHHd/beYYDRIyEfvVnILIHRsPhwfwXbHU4n9qUhRZQfvbrfyx3QTLjEIqzUVBKv1FPDaYqj1nx6PU0Yl3nzua0IMMJ5IMvDa/NZvWb/NV6dPmFCCOuaNO0ay/vAjeFZe7EGoiKHVWjeUGu9rMUOFeGqkWWHcPSf/jin03KO5ZTK04abevO238+RKxHzvOOYnQrFpIpXdtM8dVLb2feAf9piEAMhJTbHYbqantreTmEeTNJBZe8cuLC/WlzCf79qa7fRgWLhDCW13+1uq5sCAXJExrNFi3W594Vfr5kkdgfXn+ATBXw0R9BgAA
	Logging: 2026-02-10T03:27:11.7535418Z	2026-02-09T21:27:11.7535418-06:00	Info	MetricsData	Track_HashTables	WebHost.ps1	ProcessLogQueue		Webhost	MainLoop	1	{"prefixesToTry":{"Name":"prefixesToTry","Count":2,"LastSeen":"2026-02-09T21:27:11.7528364-06:00"},"dbRoles":{"Name":"dbRoles","Count":15,"LastSeen":"2026-02-09T21:27:11.7525010-06:00"},"args":{"Name":"args","Count":0,"LastSeen":"2026-02-09T21:27:11.7523224-06:00"},"systemUsers":{"Name":"systemUsers","Count":2,"LastSeen":"2026-02-09T21:27:11.7530913-06:00"},"fileInfo":{"Name":"fileInfo","Count":2,"LastSeen":"2026-02-09T21:27:11.7525675-06:00"},"configRoles":{"Name":"configRoles","Count":6,"LastSeen":"2026-02-09T21:27:11.7524450-06:00"},"ModulePathEnv":{"Name":"ModulePathEnv","Count":19,"LastSeen":"2026-02-09T21:27:11.7527624-06:00"}}
	Logging: 2026-02-10T03:27:42.0354226Z	2026-02-09T21:27:42.0354226-06:00	Info	MetricsData	Track_HashTables	WebHost.ps1	ProcessLogQueue		Webhost	MainLoop	1	H4sIAAAAAAAACpWVQYvCMBCF/0vOuqRJmya96mEXdBHq6nl0oyvUVpp0QcT/viiaTIoL6fWlfJm+NzO5kEW51ptSt7+6nTffXaUNKS7kE46aFK8OR2TSdLUlRUJHZAbGllrXpCCMMjGmbEzVkiUFy4uUvVGeSpmLMRUFpeQ6IidodW0nYNEdXnPoLIYsZEY92ZzNl9Et4j4VR+UR1IxmeeqpW7B637RnhHWS4+Yx1VJGuece72ZOwQIiI3FQzamgIvFsOJ164KfiqCqCyrNcoYpNtwljewiOyWIqVVLmfWbfYKwOzI5R1BGod193NKJHNZzMJAts/qh3TWjzXRlmsxBUeuoc7PYnGMGn4ucuplbOhMJWTPUOusouoIWjtrpdQdX1Jv2fT9y9UeOeZwmKYNbs3w/GhvkicRibMYWcWpQr3ZpDUy9hU+ngT4KDQWmkMkkzNKZQH3ba4LZ3ks8jakaZVEEg61sXmluZL/btQ/f7MG64kt7qCrfWsIXFFc2RE1uwUDX7kHhXBvUlV5K75+D6B4q2FDp9BgAA
	Logging: 2026-02-10T03:27:42.0373270Z	2026-02-09T21:27:42.0373270-06:00	Info	MetricsData	Track_HashTables	WebHost.ps1	ProcessLogQueue		Webhost	MainLoop	1	{"prefixesToTry":{"Name":"prefixesToTry","Count":2,"LastSeen":"2026-02-09T21:27:42.0367006-06:00"},"dbRoles":{"Name":"dbRoles","Count":15,"LastSeen":"2026-02-09T21:27:42.0363714-06:00"},"args":{"Name":"args","Count":0,"LastSeen":"2026-02-09T21:27:42.0362495-06:00"},"systemUsers":{"Name":"systemUsers","Count":2,"LastSeen":"2026-02-09T21:27:42.0368588-06:00"},"fileInfo":{"Name":"fileInfo","Count":2,"LastSeen":"2026-02-09T21:27:42.0364326-06:00"},"configRoles":{"Name":"configRoles","Count":6,"LastSeen":"2026-02-09T21:27:42.0363207-06:00"},"ModulePathEnv":{"Name":"ModulePathEnv","Count":19,"LastSeen":"2026-02-09T21:27:42.0366238-06:00"}}
	Logging: 2026-02-10T03:28:57.4874764Z	2026-02-09T21:28:57.4874764-06:00	Info	MetricsData	Track_HashTables	WebHost.ps1	ProcessLogQueue		Webhost	MainLoop	1	{"prefixesToTry":{"Name":"prefixesToTry","Count":2,"LastSeen":"2026-02-09T21:28:57.3322196-06:00"},"dbRoles":{"Name":"dbRoles","Count":15,"LastSeen":"2026-02-09T21:28:57.3318613-06:00"},"ModulePathEnv":{"Name":"ModulePathEnv","Count":19,"LastSeen":"2026-02-09T21:28:57.3321452-06:00"},"args":{"Name":"args","Count":0,"LastSeen":"2026-02-09T21:28:57.3317301-06:00"},"systemUsers":{"Name":"systemUsers","Count":2,"LastSeen":"2026-02-09T21:28:57.4871186-06:00"},"fileInfo":{"Name":"fileInfo","Count":2,"LastSeen":"2026-02-09T21:28:57.3319266-06:00"},"logEntries":{"Name":"logEntries","Count":2,"LastSeen":"2026-02-09T21:28:57.3320503-06:00"},"configRoles":{"Name":"configRoles","Count":6,"LastSeen":"2026-02-09T21:28:57.3318068-06:00"}}
	Logging: 2026-02-10T03:29:58.2606704Z	2026-02-09T21:29:58.2606704-06:00	Info	MetricsData	Track_HashTables	WebHost.ps1	ProcessLogQueue		Webhost	MainLoop	1	{"prefixesToTry":{"Name":"prefixesToTry","Count":2,"LastSeen":"2026-02-09T21:29:58.1010312-06:00"},"dbRoles":{"Name":"dbRoles","Count":15,"LastSeen":"2026-02-09T21:29:58.1006675-06:00"},"args":{"Name":"args","Count":0,"LastSeen":"2026-02-09T21:29:58.1005401-06:00"},"systemUsers":{"Name":"systemUsers","Count":2,"LastSeen":"2026-02-09T21:29:58.1013116-06:00"},"fileInfo":{"Name":"fileInfo","Count":2,"LastSeen":"2026-02-09T21:29:58.1007355-06:00"},"configRoles":{"Name":"configRoles","Count":6,"LastSeen":"2026-02-09T21:29:58.1006146-06:00"},"ModulePathEnv":{"Name":"ModulePathEnv","Count":19,"LastSeen":"2026-02-09T21:29:58.1009238-06:00"}}
	Logging: 2026-02-10T03:31:43.9206887Z	2026-02-09T21:31:43.9206887-06:00	Info	MetricsData	Track_HashTables	WebHost.ps1	ProcessLogQueue		Webhost	MainLoop	1	H4sIAAAAAAAACpWUy27CMBBF/8VrqPzIy9nCopWgQgql64EaihSSyHYqIcS/V6VgjxFVne21dTyeuXdOZFG9q3Wl9JfS8/ajr5Uh5Ym8wkGR8tHhiEzavrGkZHREZmBspVRDSsIpz8aUj6lcclYKVibiSXLK0jwZ06yklJxHpAOtGjsBi97wmkOn/5OZlELmnmyO5s0ojbg3xVFFTL0iY8JTN2DVrtVHhHWS4+Yx1dJEpp57uDRzChYQGYlDamYy5yLzbOi6O/BNcVQZQS2KgqNOmH4dju0qOCaP6S7PKKr0F3HfYKwOmx2Xgnk68u5jRyN6hOE4ZTxDI4Sue2m2bdjmizKszVIk1FPnYDefQQRvis9djCVSmaBaF9VUbaGv7QI0HJRVegV1f5f0P664d6PiTlmOfjNrd897Y8P5InEIm8kk5Rz/aaW02bfNEta1Cn4SHAyZBqe0YDim0Oy3ymDbO8nPIyqjacqQ868uND9lPti3V93vw6hwsSIvgtUVbq1hC6uQBQ7TBizU7S4kXpRhvqQscTM8fwPa3VlufQYAAA==
	Logging: 2026-02-10T03:31:43.9225957Z	2026-02-09T21:31:43.9225957-06:00	Info	MetricsData	Track_HashTables	WebHost.ps1	ProcessLogQueue		Webhost	MainLoop	1	{"prefixesToTry":{"Name":"prefixesToTry","Count":2,"LastSeen":"2026-02-09T21:31:43.9220766-06:00"},"dbRoles":{"Name":"dbRoles","Count":15,"LastSeen":"2026-02-09T21:31:43.9216780-06:00"},"args":{"Name":"args","Count":0,"LastSeen":"2026-02-09T21:31:43.9215567-06:00"},"systemUsers":{"Name":"systemUsers","Count":2,"LastSeen":"2026-02-09T21:31:43.9222656-06:00"},"fileInfo":{"Name":"fileInfo","Count":2,"LastSeen":"2026-02-09T21:31:43.9218016-06:00"},"configRoles":{"Name":"configRoles","Count":6,"LastSeen":"2026-02-09T21:31:43.9216272-06:00"},"ModulePathEnv":{"Name":"ModulePathEnv","Count":19,"LastSeen":"2026-02-09T21:31:43.9219981-06:00"}}
	Logging: 2026-02-10T03:32:14.2711774Z	2026-02-09T21:32:14.2711774-06:00	Info	MetricsData	Track_HashTables	WebHost.ps1	ProcessLogQueue		Webhost	MainLoop	1	{"prefixesToTry":{"Name":"prefixesToTry","Count":2,"LastSeen":"2026-02-09T21:32:14.0986805-06:00"},"dbRoles":{"Name":"dbRoles","Count":15,"LastSeen":"2026-02-09T21:32:14.0983449-06:00"},"ModulePathEnv":{"Name":"ModulePathEnv","Count":19,"LastSeen":"2026-02-09T21:32:14.0986102-06:00"},"args":{"Name":"args","Count":0,"LastSeen":"2026-02-09T21:32:14.0982196-06:00"},"systemUsers":{"Name":"systemUsers","Count":2,"LastSeen":"2026-02-09T21:32:14.2707738-06:00"},"fileInfo":{"Name":"fileInfo","Count":2,"LastSeen":"2026-02-09T21:32:14.0984059-06:00"},"logEntries":{"Name":"logEntries","Count":2,"LastSeen":"2026-02-09T21:32:14.0985229-06:00"},"configRoles":{"Name":"configRoles","Count":6,"LastSeen":"2026-02-09T21:32:14.0982941-06:00"}}
	Logging: 2026-02-10T03:32:44.4190119Z	2026-02-09T21:32:44.4190119-06:00	Info	MetricsData	Track_HashTables	WebHost.ps1	ProcessLogQueue		Webhost	MainLoop	1	{"prefixesToTry":{"Name":"prefixesToTry","Count":2,"LastSeen":"2026-02-09T21:32:44.4184504-06:00"},"dbRoles":{"Name":"dbRoles","Count":15,"LastSeen":"2026-02-09T21:32:44.2496632-06:00"},"args":{"Name":"args","Count":0,"LastSeen":"2026-02-09T21:32:44.2495007-06:00"},"systemUsers":{"Name":"systemUsers","Count":2,"LastSeen":"2026-02-09T21:32:44.4186267-06:00"},"fileInfo":{"Name":"fileInfo","Count":2,"LastSeen":"2026-02-09T21:32:44.4180942-06:00"},"configRoles":{"Name":"configRoles","Count":6,"LastSeen":"2026-02-09T21:32:44.2496101-06:00"},"ModulePathEnv":{"Name":"ModulePathEnv","Count":19,"LastSeen":"2026-02-09T21:32:44.4183400-06:00"}}
	Logging: 2026-02-10T03:33:14.8203290Z	2026-02-09T21:33:14.8203290-06:00	Info	MetricsData	Track_HashTables	WebHost.ps1	ProcessLogQueue		Webhost	MainLoop	1	{"prefixesToTry":{"Name":"prefixesToTry","Count":2,"LastSeen":"2026-02-09T21:33:14.8196760-06:00"},"dbRoles":{"Name":"dbRoles","Count":15,"LastSeen":"2026-02-09T21:33:14.8193559-06:00"},"args":{"Name":"args","Count":0,"LastSeen":"2026-02-09T21:33:14.8191953-06:00"},"systemUsers":{"Name":"systemUsers","Count":2,"LastSeen":"2026-02-09T21:33:14.8198889-06:00"},"fileInfo":{"Name":"fileInfo","Count":2,"LastSeen":"2026-02-09T21:33:14.8194198-06:00"},"configRoles":{"Name":"configRoles","Count":6,"LastSeen":"2026-02-09T21:33:14.8192999-06:00"},"ModulePathEnv":{"Name":"ModulePathEnv","Count":19,"LastSeen":"2026-02-09T21:33:14.8195945-06:00"}}
	Logging: 2026-02-10T03:35:34.1532406Z	2026-02-09T21:35:34.1532406-06:00	Info	MetricsData	Track_HashTables	WebHost.ps1	ProcessLogQueue		Webhost	MainLoop	1	H4sIAAAAAAAACpWUW2sCMRCF/0ueteSyybr7qg8taBG09nm0oxX2IptsQcT/XhTNTqyF7OtJ+DI5c2ZObL74xPUCmx9sZvVXW6Bl+Ym9Q4ksf3Y4YOO6rRzLBR+wKVi3QKxYziSXZsjlkGdLKXKlc5W8CC2NEGbITc45Ow/YARqs3BgceaPTPFrHkBOuCNke7YfFhnDviqeqGGqacdFRN+BwVzdHgvWS56YRXGGUItzyauYEHBAyEfvVrJQYdWw4HB7Ad8VTs5iKE6My4m+7Dtt2EzxTRrkrzB/mo8FU7dk7zYkPJLvPE03oUYHTI64Dm9+qbR3afFX62awlTzvqDNzmOxjBu9LNXUytMtOcWjHBLbSFm0MDJTpsVlC0D5P+zxX/btS4JyknDZ7Wu9e9dWF/idiPLbRQ9E8rbOy+rpawLjD4SXDQqxtSq4TUX0K136KlsfdS14+obEqdkPm/pdBeynyyb296tw+jhsskF5msrnBr9VxYOhUyoEFR70LiVemVS2G49DN0/gXY1qMWfQYAAA==
	Logging: 2026-02-10T03:35:34.1559469Z	2026-02-09T21:35:34.1559469-06:00	Info	MetricsData	Track_HashTables	WebHost.ps1	ProcessLogQueue		Webhost	MainLoop	1	{"prefixesToTry":{"Name":"prefixesToTry","Count":2,"LastSeen":"2026-02-09T21:35:34.1554505-06:00"},"dbRoles":{"Name":"dbRoles","Count":15,"LastSeen":"2026-02-09T21:35:34.1549871-06:00"},"args":{"Name":"args","Count":0,"LastSeen":"2026-02-09T21:35:34.1548302-06:00"},"systemUsers":{"Name":"systemUsers","Count":2,"LastSeen":"2026-02-09T21:35:34.1556475-06:00"},"fileInfo":{"Name":"fileInfo","Count":2,"LastSeen":"2026-02-09T21:35:34.1550819-06:00"},"configRoles":{"Name":"configRoles","Count":6,"LastSeen":"2026-02-09T21:35:34.1549293-06:00"},"ModulePathEnv":{"Name":"ModulePathEnv","Count":19,"LastSeen":"2026-02-09T21:35:34.1553119-06:00"}}
	Logging: 2026-02-10T03:36:06.0268776Z	2026-02-09T21:36:06.0268776-06:00	Info	MetricsData	Track_HashTables	WebHost.ps1	ProcessLogQueue		Webhost	MainLoop	1	H4sIAAAAAAAACpWVy27CMBBF/8VrQLYTJ3G2sGglqCKFtuuBGoqUl2KnEkL8e1Ue8TilqrO9jo7HM/dOTiTL39UmV+2Xalf1R1coTdITeYFSkfTR4YTM664yJGV0QpagTa5URVLCKY+mlE+pXHOWBlFKoxnlUUDDZEqjlFJynpAGWlWZORh0h9V6tPAh04hSS9ZH/apVi7h3pacGPtQwiQJL3YJR+7o9Imwv9dz4H66YSR4IyaTllpdmLsAAIiNxVM1CSs4tG5pmAL4rPVX6VBxQEaL+dht3bDehZ3Kv7jLBhsxhg7E6cnZhHFs68u5jRyO6l+F4KJHhoGmeq13ttvmijGxzzFHRKzDbTyeCd8XmzssSQiC7ZflC7aArTAYtlMqo9g2KbpD0Pz7p7/WKO+MJes2y3j8dtHHni8RRbBFLisyT5W+q1Ye6WsOmUM5LnAPvaVzrlxLVX0J12CmNbd9Ldh5+GWVM/PKm/inzwb696XYfeoUrCFnkrC53a41cWCFPUPy3YKCo9y7xonj78roGQ/s7OH8DSUDtEn0GAAA=
	Logging: 2026-02-10T03:36:06.0287511Z	2026-02-09T21:36:06.0287511-06:00	Info	MetricsData	Track_HashTables	WebHost.ps1	ProcessLogQueue		Webhost	MainLoop	1	{"prefixesToTry":{"Name":"prefixesToTry","Count":2,"LastSeen":"2026-02-09T21:36:06.0282767-06:00"},"dbRoles":{"Name":"dbRoles","Count":15,"LastSeen":"2026-02-09T21:36:06.0279684-06:00"},"args":{"Name":"args","Count":0,"LastSeen":"2026-02-09T21:36:06.0278318-06:00"},"systemUsers":{"Name":"systemUsers","Count":2,"LastSeen":"2026-02-09T21:36:06.0284294-06:00"},"fileInfo":{"Name":"fileInfo","Count":2,"LastSeen":"2026-02-09T21:36:06.0280317-06:00"},"configRoles":{"Name":"configRoles","Count":6,"LastSeen":"2026-02-09T21:36:06.0279157-06:00"},"ModulePathEnv":{"Name":"ModulePathEnv","Count":19,"LastSeen":"2026-02-09T21:36:06.0282029-06:00"}}
	Logging: 2026-02-10T03:37:06.7341616Z	2026-02-09T21:37:06.7341616-06:00	Info	MetricsData	Track_HashTables	WebHost.ps1	ProcessLogQueue		Webhost	MainLoop	1	H4sIAAAAAAAACpWUUWvCMBSF/0uedaQ3TWP7qg8b6BDq3PPVRSfUVpp0IOJ/H4omN85B+tjT8iU995x7YvPyU69K3f7odtZ8dZU2rDixd9xrVjx7OWDjpqstKxI+YFM0ttS6ZgUDDtmQw5DnC0gKoQqevSghIAUY8qzgnJ0H7ICtru0YLTnDaw4tY8g8kcqTzdF8GN0S7l1xVBFDTRMhPXWNVm+b9kiwTnJcFcEFKWXqufurmRO0SMhE7HVnyEHmno2HwwP4rjhqHkNNlCBU063Csd0Ex4QYd0Uqkkfmo8FU7Tc7oTKSNZLd54km9KjAQQI8sPmt3jShzVeln82pABKMGdr1d1DBu+J7F0MdjXJy13k50RvsKjvHFvfa6naJVffQ9H8+cedG1Z3n+cifO222rztjw/kSsRcbVKqIU/NyqVuza+oFriod/Enwotc0RJIp4tse691GGxp7J/l5RHV0lKq/2TSXaz7Ztzfd78OocoEC4v06aOvlqd/CSnMg63WNFqtmGxKvSr9cSpBuAZx/AQ55yZJ9BgAA
	Logging: 2026-02-10T03:37:06.7366870Z	2026-02-09T21:37:06.7366870-06:00	Info	MetricsData	Track_HashTables	WebHost.ps1	ProcessLogQueue		Webhost	MainLoop	1	{"prefixesToTry":{"Name":"prefixesToTry","Count":2,"LastSeen":"2026-02-09T21:37:06.7361361-06:00"},"dbRoles":{"Name":"dbRoles","Count":15,"LastSeen":"2026-02-09T21:37:06.7357045-06:00"},"args":{"Name":"args","Count":0,"LastSeen":"2026-02-09T21:37:06.7355575-06:00"},"systemUsers":{"Name":"systemUsers","Count":2,"LastSeen":"2026-02-09T21:37:06.7363699-06:00"},"fileInfo":{"Name":"fileInfo","Count":2,"LastSeen":"2026-02-09T21:37:06.7357680-06:00"},"configRoles":{"Name":"configRoles","Count":6,"LastSeen":"2026-02-09T21:37:06.7356510-06:00"},"ModulePathEnv":{"Name":"ModulePathEnv","Count":19,"LastSeen":"2026-02-09T21:37:06.7359459-06:00"}}
	Logging: 2026-02-10T03:38:07.9589176Z	2026-02-09T21:38:07.9589176-06:00	Debug	GlobalCache	Updated\ cache:\ 3\ jobs,\ 0\ runspaces,\ 0\ tasks\ \(0\.2116ms\)	WebHost.ps1::Update-GlobalCache	Update-GlobalCache				1	
	Logging: 2026-02-10T03:38:07.9610720Z	2026-02-09T21:38:07.9610720-06:00	Info	MetricsData	Track_HashTables	WebHost.ps1	ProcessLogQueue		Webhost	MainLoop	1	H4sIAAAAAAAACpWUzW7CMBCE38VnqBwHO3GucGglqJBC2/OSGoqUP8VOJYR49woE9jqlqnPMOPrW3pndE1nnH2qbq+5bdavmsy+VJtmJvEKlSPbocELmTV8bkkV0QpagTa5UTTLCKBNTyqZUbliUxWlGkycpqGAJnVKRUUrOE9JCp2ozB4NqOM2ieQh5xpLIkfVRv2nVIe5dsdQ4hJpImThqAUbtm+6IsFay3CSES2MuHbe6NnMBBhAZiePuHAuGOgFtOwDfFUuV/1O5TGPBUX/7rW/bTbBMFtRdlqZD5rDBWB3pnWDM0VF2Hyca0YMCx6VAFkLbvtS7xm/zVRnZ5jQVjroCU3x5I3hX3NwFRYIlyLx1vlA76Euzhg4qZVT3DmU/mPQ/frF1g8Z9Jimqu2z2zwdtfH+ROI7N4sh707vq9KGpN7AtlfcS72CMG4JyHiE3KqgPO6Vx7K3k/AjKJpPR72zqyzUf7Nub7vZh0HAJjvNZeNN6+RqzsLiUCUOjWoCBstn7xKsyLpeUcrtezz+o7GRAfQYAAA==
	Logging: 2026-02-10T03:38:07.9628021Z	2026-02-09T21:38:07.9628021-06:00	Info	MetricsData	Track_HashTables	WebHost.ps1	ProcessLogQueue		Webhost	MainLoop	1	{"prefixesToTry":{"Name":"prefixesToTry","Count":2,"LastSeen":"2026-02-09T21:38:07.9623608-06:00"},"dbRoles":{"Name":"dbRoles","Count":15,"LastSeen":"2026-02-09T21:38:07.9620426-06:00"},"args":{"Name":"args","Count":0,"LastSeen":"2026-02-09T21:38:07.9619182-06:00"},"systemUsers":{"Name":"systemUsers","Count":2,"LastSeen":"2026-02-09T21:38:07.9625209-06:00"},"fileInfo":{"Name":"fileInfo","Count":2,"LastSeen":"2026-02-09T21:38:07.9621042-06:00"},"configRoles":{"Name":"configRoles","Count":6,"LastSeen":"2026-02-09T21:38:07.9619909-06:00"},"ModulePathEnv":{"Name":"ModulePathEnv","Count":19,"LastSeen":"2026-02-09T21:38:07.9622850-06:00"}}
	Logging: 2026-02-10T03:38:23.0907791Z	2026-02-09T21:38:23.0907791-06:00	Info	MetricsData	Track_HashTables	WebHost.ps1	ProcessLogQueue		Webhost	MainLoop	1	H4sIAAAAAAAACpWUT2sCMRDFv0vOWrLJusnsVQ8taBG09jzaaIX9I5tsQcTvXhTNTsTS7PUl/DJ582ZObL74NOuFaX5MM6u/2sJYlp/YO5aG5c8OB2xct5VjecIHbIrWLYypWM4EF9mQiyGHpUhyqXMhXzhwkQkx5FnOOTsP2AEbU7kxOvJGp3n06H+yhkwBIduj/bCmIdy74qkypt5UCdVRN+jMrm6OBOslz1Ux1XIJ0HHLq5kTdEjIROxTs4ZRRtl4ODyA74qnQgRVayU08bddh227CZ4potzlPHlkPhpM1Z69kympmGT3eaIJPSJwwJM0HQU2v1XbOrT5qvSzGYQilszQbb6DEbwr3dxFRSLRgRUTs8W2cHNssDTONCss2odJ/+OKfzdi3DWo0UW7vzutd69768L+ErEfW6RJRv+0Mo3d19US14UJfhIc9OoGgMxI/SVW+62xNPZe6voRNaMSgOyVWwrtpcwn+/amd/swarikEDJYXeHW6rewNChF3N6gw6LehcSr0i+XnIOv8fwL5lfDM30GAAA=
	Logging: 2026-02-10T03:38:23.0925813Z	2026-02-09T21:38:23.0925813-06:00	Info	MetricsData	Track_HashTables	WebHost.ps1	ProcessLogQueue		Webhost	MainLoop	1	{"prefixesToTry":{"Name":"prefixesToTry","Count":2,"LastSeen":"2026-02-09T21:38:23.0921400-06:00"},"dbRoles":{"Name":"dbRoles","Count":15,"LastSeen":"2026-02-09T21:38:23.0917715-06:00"},"ModulePathEnv":{"Name":"ModulePathEnv","Count":19,"LastSeen":"2026-02-09T21:38:23.0920366-06:00"},"args":{"Name":"args","Count":0,"LastSeen":"2026-02-09T21:38:23.0916492-06:00"},"systemUsers":{"Name":"systemUsers","Count":2,"LastSeen":"2026-02-09T21:38:23.0922988-06:00"},"fileInfo":{"Name":"fileInfo","Count":2,"LastSeen":"2026-02-09T21:38:23.0918340-06:00"},"logEntries":{"Name":"logEntries","Count":3,"LastSeen":"2026-02-09T21:38:23.0919506-06:00"},"configRoles":{"Name":"configRoles","Count":6,"LastSeen":"2026-02-09T21:38:23.0917206-06:00"}}
	Logging: 2026-02-10T03:39:08.3767355Z	2026-02-09T21:39:08.3767355-06:00	Info	MetricsData	Track_HashTables	WebHost.ps1	ProcessLogQueue		Webhost	MainLoop	1	H4sIAAAAAAAACpWUT4vCMBDFv0vOuiQZ+ye96mEXdBHq6nl0oyvUVpp0QcTvviiaTMSF9NiX8stk5r05s3m50utSt7+6nTXfXaUNK87sEw+aFa8OB2zcdLVlheADNkVjS61rVjDJZTrkcsjVQooCVMHzN8hSmUsx5GnBObsM2BFbXdsxWnKH1xw6iSFzyZUnm5P5Mrol3IfiqBBDHeU5qXeDVu+a9kSwTnLcLIILAKPccw+3Zk7QIiETsVfNSSaAezYej0/gh+KoKoIqVZ4kpL/dOhzbXXBMGdNdUDx9Zj43mKo9Zwcq83Ti3deOJvQow8mRgqDNH/W2Cdt8U3q1GUSaSk+dod38BBF8KD53MZbgktp4Xk70FrvKzrHFg7a6XWLVPSX9n1/cvVFxFzInr5k2u/e9seF8idiLDQkIEvh5udSt2Tf1AteVDl4SHPSaRipURmOK9X6rDbW9k/w8Yrw5UhAOZHV1obmW+WLf3nW/D+PCJeiK2QRpvX71W1gSEjLJDVqsml1IvCm9fAnApcvQ5Q+tlHEbfQYAAA==
	Logging: 2026-02-10T03:39:08.3794455Z	2026-02-09T21:39:08.3794455-06:00	Info	MetricsData	Track_HashTables	WebHost.ps1	ProcessLogQueue		Webhost	MainLoop	1	{"prefixesToTry":{"Name":"prefixesToTry","Count":2,"LastSeen":"2026-02-09T21:39:08.3788664-06:00"},"dbRoles":{"Name":"dbRoles","Count":15,"LastSeen":"2026-02-09T21:39:08.3785312-06:00"},"args":{"Name":"args","Count":0,"LastSeen":"2026-02-09T21:39:08.3782938-06:00"},"systemUsers":{"Name":"systemUsers","Count":2,"LastSeen":"2026-02-09T21:39:08.3790530-06:00"},"fileInfo":{"Name":"fileInfo","Count":2,"LastSeen":"2026-02-09T21:39:08.3786014-06:00"},"configRoles":{"Name":"configRoles","Count":6,"LastSeen":"2026-02-09T21:39:08.3784536-06:00"},"ModulePathEnv":{"Name":"ModulePathEnv","Count":19,"LastSeen":"2026-02-09T21:39:08.3787897-06:00"}}
	Logging: 2026-02-10T03:41:26.6934707Z	2026-02-09T21:41:26.6934707-06:00	Info	MetricsData	Track_HashTables	WebHost.ps1	ProcessLogQueue		Webhost	MainLoop	1	H4sIAAAAAAAACpWUQYvCMBCF/0vOuiRpm7S96mEXdCnU1fPoRleorSTpgoj/fVFsOikupMe+lC+TmffmSopyo7al0r9KL5vvtlKG5FfyCSdF8leHEzJr2tqSnNEJWYCxpVI1yQmnXEwpn9JsxVkes5yLN5HxVMhsSkVOKblNyBm0qu0MLLqj1xw6CSGLBJPNxXwZpRG3Uxw1CqBGNBG0p+7AqkOjLwjrJMeVIdVyJhH39GjmHCwgMhJH1cyThEY9G87nAbhTHDULodKIJai/7dYf21NwTB7CzCRjQ+awwVgdOTsaoYqRd187GtGDDJdGQnht/qj3jd/mhzKuzYzStKcuwe5+vAh2Sp+7IEuwGNmtKOdqD21lC9BwUlbpNVTtIOn//OLuDYq75DF6zaI5vB+N9eeLxHHs2ItQUa6VNsemXsG2Ut5LvINx05BpJlFMoT7ulcG2d1I/j6CMxtIvfnN3obmX+WLfPvV+HwaFK81SZP+dl9b717iFxZIYRXUHFqrm4BMfyjhfslTwjnr7Azs7t5t9BgAA
	Logging: 2026-02-10T03:41:26.6953818Z	2026-02-09T21:41:26.6953818-06:00	Info	MetricsData	Track_HashTables	WebHost.ps1	ProcessLogQueue		Webhost	MainLoop	1	{"prefixesToTry":{"Name":"prefixesToTry","Count":2,"LastSeen":"2026-02-09T21:41:26.6948203-06:00"},"dbRoles":{"Name":"dbRoles","Count":15,"LastSeen":"2026-02-09T21:41:26.6945005-06:00"},"args":{"Name":"args","Count":0,"LastSeen":"2026-02-09T21:41:26.6943667-06:00"},"systemUsers":{"Name":"systemUsers","Count":2,"LastSeen":"2026-02-09T21:41:26.6950855-06:00"},"fileInfo":{"Name":"fileInfo","Count":2,"LastSeen":"2026-02-09T21:41:26.6945638-06:00"},"configRoles":{"Name":"configRoles","Count":6,"LastSeen":"2026-02-09T21:41:26.6944433-06:00"},"ModulePathEnv":{"Name":"ModulePathEnv","Count":19,"LastSeen":"2026-02-09T21:41:26.6947420-06:00"}}
	Logging: 2026-02-10T03:44:32.9425179Z	2026-02-09T21:44:32.9425179-06:00	Info	MetricsData	Track_HashTables	WebHost.ps1	ProcessLogQueue		Webhost	MainLoop	1	H4sIAAAAAAAACpWUS2sCMRSF/0vWWvKYV2arixa0CFq7vtpohXmRZAoi/vdS0eRmsJDZngxfMufccy9ktf5Uu7XSP0ov26++UoaUF/IOtSLls8MJmbV9Y0nJ6IQswNi1Ug0pCac8m1I+pXLDWZkkpeAvMmGyYPmUZiWl5DohHWjV2BlYdIfXHDqNIecZFZ5szubDKI24D8VRRQSVc0YLT92DVcdWnxHWSY6bx7xWcCk9t76ZOQcLiIzEUW9mWVEgJ6DrBuCH4qgyhsqSAr3Y9LswtrvgmDzGXSaSZMgcGozVcdmxnGaejmb3+UQjetTAycAQ6Lq35tCGNt+UcTZzKrmnLsHuv4MKPhTfu6iRSFmKrZirA/SVXYGGWlmlt1D1g6b/84m7N6ruhaDIo0V7fD0ZG+aLxHHsNCmCeLdKm1PbbGBXqeBPgoNxaUjKUP1raE4HZfDYO8nnEddRJtAevE+h+Xvmk3171/0+jCoXTVMWrK5wa41cWDwTKMk9WKjaY0i8KePmksvc2XD9BWMXw9V9BgAA
	Logging: 2026-02-10T03:44:32.9443690Z	2026-02-09T21:44:32.9443690-06:00	Info	MetricsData	Track_HashTables	WebHost.ps1	ProcessLogQueue		Webhost	MainLoop	1	{"prefixesToTry":{"Name":"prefixesToTry","Count":2,"LastSeen":"2026-02-09T21:44:32.9439049-06:00"},"dbRoles":{"Name":"dbRoles","Count":15,"LastSeen":"2026-02-09T21:44:32.9435900-06:00"},"args":{"Name":"args","Count":0,"LastSeen":"2026-02-09T21:44:32.9434563-06:00"},"systemUsers":{"Name":"systemUsers","Count":2,"LastSeen":"2026-02-09T21:44:32.9440755-06:00"},"fileInfo":{"Name":"fileInfo","Count":2,"LastSeen":"2026-02-09T21:44:32.9436522-06:00"},"configRoles":{"Name":"configRoles","Count":6,"LastSeen":"2026-02-09T21:44:32.9435356-06:00"},"ModulePathEnv":{"Name":"ModulePathEnv","Count":19,"LastSeen":"2026-02-09T21:44:32.9438315-06:00"}}
	Logging: 2026-02-10T03:45:03.3474133Z	2026-02-09T21:45:03.3474133-06:00	Info	MetricsData	Track_HashTables	WebHost.ps1	ProcessLogQueue		Webhost	MainLoop	1	{"prefixesToTry":{"Name":"prefixesToTry","Count":2,"LastSeen":"2026-02-09T21:45:03.3469919-06:00"},"dbRoles":{"Name":"dbRoles","Count":15,"LastSeen":"2026-02-09T21:45:03.3463559-06:00"},"ModulePathEnv":{"Name":"ModulePathEnv","Count":19,"LastSeen":"2026-02-09T21:45:03.3468486-06:00"},"args":{"Name":"args","Count":0,"LastSeen":"2026-02-09T21:45:03.3461955-06:00"},"systemUsers":{"Name":"systemUsers","Count":2,"LastSeen":"2026-02-09T21:45:03.3471676-06:00"},"fileInfo":{"Name":"fileInfo","Count":2,"LastSeen":"2026-02-09T21:45:03.3464360-06:00"},"logEntries":{"Name":"logEntries","Count":2,"LastSeen":"2026-02-09T21:45:03.3466411-06:00"},"configRoles":{"Name":"configRoles","Count":6,"LastSeen":"2026-02-09T21:45:03.3462880-06:00"}}
	Logging: 2026-02-10T03:45:49.3231103Z	2026-02-09T21:45:49.3231103-06:00	Info	MetricsData	Track_HashTables	WebHost.ps1	ProcessLogQueue		Webhost	MainLoop	1	{"prefixesToTry":{"Name":"prefixesToTry","Count":2,"LastSeen":"2026-02-09T21:45:49.3225520-06:00"},"dbRoles":{"Name":"dbRoles","Count":15,"LastSeen":"2026-02-09T21:45:49.3222171-06:00"},"args":{"Name":"args","Count":0,"LastSeen":"2026-02-09T21:45:49.3220562-06:00"},"systemUsers":{"Name":"systemUsers","Count":2,"LastSeen":"2026-02-09T21:45:49.3227977-06:00"},"fileInfo":{"Name":"fileInfo","Count":2,"LastSeen":"2026-02-09T21:45:49.3222841-06:00"},"configRoles":{"Name":"configRoles","Count":6,"LastSeen":"2026-02-09T21:45:49.3221578-06:00"},"ModulePathEnv":{"Name":"ModulePathEnv","Count":19,"LastSeen":"2026-02-09T21:45:49.3224761-06:00"}}
	Logging: 2026-02-10T03:47:51.4090685Z	2026-02-09T21:47:51.4090685-06:00	Debug	GlobalCache	Updated\ cache:\ 3\ jobs,\ 0\ runspaces,\ 0\ tasks\ \(0\.2728ms\)	WebHost.ps1::Update-GlobalCache	Update-GlobalCache				1	
	Logging: 2026-02-10T03:47:51.4111241Z	2026-02-09T21:47:51.4111241-06:00	Info	MetricsData	Track_HashTables	WebHost.ps1	ProcessLogQueue		Webhost	MainLoop	1	H4sIAAAAAAAACpWUzW7CMBCE38VnqGzHjuNc4dBKUCGF0vNCDUXKD4qdSgjx7hWIJOuIqs4x4+jzenZ2L2SVfZptZuofUy+rryY3lqQX8g6FIemzwwmZVU3pSMrohCzAusyYkqSEUx5PKZ9SveYsFSqV7EUwqoSiUxqnlJLrhJygNqWbgUN39FqHliFkkYioJ9uz/bCmRtxW6ahRCFVzzXvqDpw5VPUZYTup46oQLlU07rnF3cw5OEBkJI6rWTCJPIbTaQBulY6q/6dSnWjcOdts/bY9hI7JQypNpGBD5tBgrI7zIUk0SgTK7vNEI3pQ4BTj2rP5rdxXvs13ZZzNWkYoGEtwu29vBFuln7uQWiOFY7zK5mYPTe5WUENhnKk3kDeDSf/jl+7eoHGXkqF7F9Xh9Wid318kjmNzpRV+08bU9liVa9jmxnuJdzCmG4zGnKEIFVAe98bi2HdS34+gbEaCoeQ/UmhvZT7Ztw+934dBw6VUgvK586b19jVyYVGJ3N6Bg7w6+MS7Mi6XNEqSlnr9BcZn6jB9BgAA
	Logging: 2026-02-10T03:47:51.4128588Z	2026-02-09T21:47:51.4128588-06:00	Info	MetricsData	Track_HashTables	WebHost.ps1	ProcessLogQueue		Webhost	MainLoop	1	{"prefixesToTry":{"Name":"prefixesToTry","Count":2,"LastSeen":"2026-02-09T21:47:51.4125040-06:00"},"dbRoles":{"Name":"dbRoles","Count":15,"LastSeen":"2026-02-09T21:47:51.4121808-06:00"},"args":{"Name":"args","Count":0,"LastSeen":"2026-02-09T21:47:51.4120532-06:00"},"systemUsers":{"Name":"systemUsers","Count":2,"LastSeen":"2026-02-09T21:47:51.4126640-06:00"},"fileInfo":{"Name":"fileInfo","Count":2,"LastSeen":"2026-02-09T21:47:51.4122456-06:00"},"configRoles":{"Name":"configRoles","Count":6,"LastSeen":"2026-02-09T21:47:51.4121271-06:00"},"ModulePathEnv":{"Name":"ModulePathEnv","Count":19,"LastSeen":"2026-02-09T21:47:51.4124276-06:00"}}

Command      : WebHost.ps1
ScriptName   : C:\SC\PsWebHost\WebHost.ps1
FunctionName : <ScriptBlock>
Line         : 878
Arguments    : {}

Command      : WebHost.ps1
ScriptName   : C:\SC\PsWebHost\WebHost.ps1
FunctionName : <ScriptBlock><End>
Line         : 875
Arguments    : {}


2026-02-10T03:47:52.8641174Z	2026-02-09T21:47:52.8641174-06:00	Error	ErrorArrayCheck	\[WebHost\.PS1]\ \$Error\[0]\ Exception\ calling\ "\.ctor"\ with\ "3"\ argument\(s\):\ "The\ process\ cannot\ access\ the\ file\ 'C:\\SC\\PsWebHost\\PsWebHost_Data\\Logs\\log_2026-02-08T210220_9718660-0600\.tsv'\ because\ it\ is\ being\ used\ by\ another\ process\."\nAt\ C:\\SC\\PsWebHost\\WebHost\.ps1:695\ char:35\r\n\+\ .\ \ \ \ \ \ \ \$sw\ =\ New-Object\ System\.IO\.StreamWriter\(\$global:PSWebServer\.Log\ .\r\n\+\ \ \ \ \ \ \ \ \ \ \ \ \ \ \ ~~~~~~~~~~~~~~~~~~~~~~~~~~~~~~~~~~~~~~~~~~~~~~~~~~~~~~~~~	WebHost.ps1	WebHost.ps1				1	{"Message":"Exception calling \".ctor\" with \"3\" argument(s): \"The process cannot access the file 'C:\\SC\\PsWebHost\\PsWebHost_Data\\Logs\\log_2026-02-08T210220_9718660-0600.tsv' because it is being used by another process.\"","PositionMessage":"At C:\\SC\\PsWebHost\\WebHost.ps1:695 char:35\r\n+ .       $sw = New-Object System.IO.StreamWriter($global:PSWebServer.Log .\r\n+               ~~~~~~~~~~~~~~~~~~~~~~~~~~~~~~~~~~~~~~~~~~~~~~~~~~~~~~~~~"}
	Logging: 2026-02-10T03:48:06.6229499Z	2026-02-09T21:48:06.6229499-06:00	Info	MetricsData	Track_HashTables	WebHost.ps1	ProcessLogQueue		Webhost	MainLoop	1	H4sIAAAAAAAACpWUzW7CMBCE38VnqGwnjpNc4dBKUCGFtuclNRQpP8h2KiHEu1ehEK8RVZ1jxtHn9ezsnsiq+FCbQulvpZftZ1cpQ/ITeYVakfzR4YTM2q6xJGd0QhZgbKFUQ3LCKU+mlE9ptuYsj9OcJk8J5zGjYkqTnFJynpADaNXYGVh0h9MGtAghM8mlI5ujeTNKI+5NGahRCDWhjDpqCVbtWn1E2EEauPJfbiwEFzx13Ppi5hwsIDISx9VMucwcGw6HO/BNGahZSMVUCI787TZ+267CwOQhlQoeoTT8Iu4Nxuo4H0RCmaOj7D5ONKIHBS6SIvFsfmm2rW/zRRlnM4sYsmQJtvzyRvCmuLkLqJVlqYywFXO1ha6yK9BQK6v0O1Td3aT/8ctwb9C4c5GgKC7a3fPeWL+/SBzFZlLgmK+Kd6XNvm3WsKmU9xLvYEQ3+h5zibpRQ7PfKoNjP0iuHyHZZFmEk39NoenLfLBvr7rbh0HDFccxWoilN63917iFxdIUFVyChard+cSLMiKX/RrkLu3nHzmkZnh9BgAA
	Logging: 2026-02-10T03:48:06.6251862Z	2026-02-09T21:48:06.6251862-06:00	Info	MetricsData	Track_HashTables	WebHost.ps1	ProcessLogQueue		Webhost	MainLoop	1	{"prefixesToTry":{"Name":"prefixesToTry","Count":2,"LastSeen":"2026-02-09T21:48:06.6246256-06:00"},"dbRoles":{"Name":"dbRoles","Count":15,"LastSeen":"2026-02-09T21:48:06.6240971-06:00"},"ModulePathEnv":{"Name":"ModulePathEnv","Count":19,"LastSeen":"2026-02-09T21:48:06.6244118-06:00"},"args":{"Name":"args","Count":0,"LastSeen":"2026-02-09T21:48:06.6239554-06:00"},"systemUsers":{"Name":"systemUsers","Count":2,"LastSeen":"2026-02-09T21:48:06.6248412-06:00"},"fileInfo":{"Name":"fileInfo","Count":2,"LastSeen":"2026-02-09T21:48:06.6241631-06:00"},"logEntries":{"Name":"logEntries","Count":3,"LastSeen":"2026-02-09T21:48:06.6242901-06:00"},"configRoles":{"Name":"configRoles","Count":6,"LastSeen":"2026-02-09T21:48:06.6240408-06:00"}}
	Logging: 2026-02-10T03:48:21.8501287Z	2026-02-09T21:48:21.8501287-06:00	Info	MetricsData	Track_HashTables	WebHost.ps1	ProcessLogQueue		Webhost	MainLoop	1	{"prefixesToTry":{"Name":"prefixesToTry","Count":2,"LastSeen":"2026-02-09T21:48:21.8495885-06:00"},"dbRoles":{"Name":"dbRoles","Count":15,"LastSeen":"2026-02-09T21:48:21.8491510-06:00"},"ModulePathEnv":{"Name":"ModulePathEnv","Count":19,"LastSeen":"2026-02-09T21:48:21.8494343-06:00"},"args":{"Name":"args","Count":0,"LastSeen":"2026-02-09T21:48:21.8489879-06:00"},"systemUsers":{"Name":"systemUsers","Count":2,"LastSeen":"2026-02-09T21:48:21.8498122-06:00"},"fileInfo":{"Name":"fileInfo","Count":2,"LastSeen":"2026-02-09T21:48:21.8492199-06:00"},"logEntries":{"Name":"logEntries","Count":2,"LastSeen":"2026-02-09T21:48:21.8493438-06:00"},"configRoles":{"Name":"configRoles","Count":6,"LastSeen":"2026-02-09T21:48:21.8490680-06:00"}}
	Logging: 2026-02-10T03:49:07.2943949Z	2026-02-09T21:49:07.2943949-06:00	Info	MetricsData	Track_HashTables	WebHost.ps1	ProcessLogQueue		Webhost	MainLoop	1	H4sIAAAAAAAACpWUT4vCMBDFv0vOuiRp+ie96mEXdBHq6nl0oyvUtiTpgojffaloMykupMe+lF8mM+/NlayKrdoVSv8qvay/21IZkl/JJ5wVyV8dTsisbitLckYnZAHGFkpVJCec8mRK+ZTKNWe5kDlN37iMMp6JKU1ySsltQhrQqrIzsOgOp/XoOIQcS84d2VzMl1EacZ9KT40CqIJmTDrqHqw61vqCsL3Uc9OQalmaxo57vjdzDhYQGYmjao5iHqEeQ9MMwE+lp8oAKpeZRBWbdueP7SH0TB7UXcqyIXPYYKyOnJ1giaMj7752NKIHGS6VMbIGNM1Hdaj9Nt+VUW2OaBwjGy/B7n+8CD4Vl7sQqsgS1OhVMVcHaEu7Ag1nZZXeQNkOkv7PL/29QXFPUhzKRX18PxnrzxeJ49hR1snuTRulzamu1rArlfcS72DcNFKRRCimUJ0OymDb95KbR1BGhfAHsu1caLoyX+zbh+72YUi4oizFa2DvpbX7GrmwGPVpUNZHn3hXxvmSiZg9qbc/NiEbDn0GAAA=
	Logging: 2026-02-10T03:49:07.2963175Z	2026-02-09T21:49:07.2963175-06:00	Info	MetricsData	Track_HashTables	WebHost.ps1	ProcessLogQueue		Webhost	MainLoop	1	{"prefixesToTry":{"Name":"prefixesToTry","Count":2,"LastSeen":"2026-02-09T21:49:07.2957346-06:00"},"dbRoles":{"Name":"dbRoles","Count":15,"LastSeen":"2026-02-09T21:49:07.2954245-06:00"},"args":{"Name":"args","Count":0,"LastSeen":"2026-02-09T21:49:07.2952960-06:00"},"systemUsers":{"Name":"systemUsers","Count":2,"LastSeen":"2026-02-09T21:49:07.2958952-06:00"},"fileInfo":{"Name":"fileInfo","Count":2,"LastSeen":"2026-02-09T21:49:07.2954858-06:00"},"configRoles":{"Name":"configRoles","Count":6,"LastSeen":"2026-02-09T21:49:07.2953731-06:00"},"ModulePathEnv":{"Name":"ModulePathEnv","Count":19,"LastSeen":"2026-02-09T21:49:07.2956564-06:00"}}
	Logging: 2026-02-10T03:50:23.2842938Z	2026-02-09T21:50:23.2842938-06:00	Info	MetricsData	Track_HashTables	WebHost.ps1	ProcessLogQueue		Webhost	MainLoop	1	H4sIAAAAAAAACpWUT4vCMBDFv0vOuuSPSZte9bALugi6eh7d6Aq1LUm6IOJ3Xyq2nRQX22Nfyi+TmffmSparrdmtjP01dpF/l6lxJLmSTzgbkjw7HJFpXmaeJIyOyBycXxmTkYRwytWY8jHVa84SSRMu3hhVUujJmKqEUnIbkQKsyfwUPLqj1Rq07EMWQsQt2V3clzMWcWuloYqXVB4LrRhtqXvw5pjbC8I2UsONelQrY01RH873Zs7AAyIjcUDNjCquJGJDUXTAtdJQdZ+KlZSoE67chWN7CA2T9+luFAvVZXYbjNWBs6MRa+nIu88djei9DCcDPBTFR3bIwzbflWFtjqhG1AX4/U8QwVppc9fLElxr3IqZOUCZ+iVYOBtv7AbSspP0f35p7u0Vd6FjZJp5fnw/OR/OF4nD2IzL4E0bY90pz9awS03wkuBg0DTURHGOYgrZ6WActn0jtfPolVGmWVD8tnKhq8p8sm8fersPX4er8mfEULj2QVqrr4ELi+OFtQcPaX4MiXdlkC9lLGNRU29/jzzk430GAAA=
	Logging: 2026-02-10T03:50:23.2862914Z	2026-02-09T21:50:23.2862914-06:00	Info	MetricsData	Track_HashTables	WebHost.ps1	ProcessLogQueue		Webhost	MainLoop	1	{"prefixesToTry":{"Name":"prefixesToTry","Count":2,"LastSeen":"2026-02-09T21:50:23.2858656-06:00"},"dbRoles":{"Name":"dbRoles","Count":15,"LastSeen":"2026-02-09T21:50:23.2855372-06:00"},"args":{"Name":"args","Count":0,"LastSeen":"2026-02-09T21:50:23.2853782-06:00"},"systemUsers":{"Name":"systemUsers","Count":2,"LastSeen":"2026-02-09T21:50:23.2860336-06:00"},"fileInfo":{"Name":"fileInfo","Count":2,"LastSeen":"2026-02-09T21:50:23.2856079-06:00"},"configRoles":{"Name":"configRoles","Count":6,"LastSeen":"2026-02-09T21:50:23.2854602-06:00"},"ModulePathEnv":{"Name":"ModulePathEnv","Count":19,"LastSeen":"2026-02-09T21:50:23.2857893-06:00"}}
	Logging: 2026-02-10T03:51:23.7220907Z	2026-02-09T21:51:23.7220907-06:00	Info	MetricsData	Track_HashTables	WebHost.ps1	ProcessLogQueue		Webhost	MainLoop	1	H4sIAAAAAAAACpWUzW7CMBCE38VnqOyN83uFQytBhQSl54UaihSSKHYqIcS7V1Cw15SqznVsfR7v7O6RzebvajVX7Zdqp/VHVyrNiiN7xb1ixaPDARvVXWVYIfiATVCbuVIVKxhwSIYchjxfgChiUUD0lIIAnsVDnhScs9OANdiqyozQkDecZtFxAJmnEOWOrA/6TauWcG+KpUYhfuNESkddo1Hbuj0QrJUsN/2XG8s8F9Tt/lLMMRokZCL28sxjmRHP2DR34JtiqXmI45THJDndrfzYroJlQkh1JUTE6Q/ivsBU7ZedzNLE0UnvPu5oQg9pOCFAkAixaV6qTe2X+aL0LHMCmaNO0aw/vRG8KW7uglqCA/E6m4/VBrvSzLDFvTKqXWLZ3U36H1fsuyHjzrM8ity7k3r7vNPGz5eI/dggYu9PS9XqXV0tcFUq7yfeQY80UhA8EoKMKVa7jdK07a3k8giaURkJ+NWb+mzzwb696m4fBg0XpDn3Vpe/tXourExIkuQaDZb11idelB59eabKxHo8fQPONH+rfQYAAA==
	Logging: 2026-02-10T03:51:23.7244448Z	2026-02-09T21:51:23.7244448-06:00	Info	MetricsData	Track_HashTables	WebHost.ps1	ProcessLogQueue		Webhost	MainLoop	1	{"prefixesToTry":{"Name":"prefixesToTry","Count":2,"LastSeen":"2026-02-09T21:51:23.7238329-06:00"},"dbRoles":{"Name":"dbRoles","Count":15,"LastSeen":"2026-02-09T21:51:23.7234751-06:00"},"args":{"Name":"args","Count":0,"LastSeen":"2026-02-09T21:51:23.7232517-06:00"},"systemUsers":{"Name":"systemUsers","Count":2,"LastSeen":"2026-02-09T21:51:23.7240243-06:00"},"fileInfo":{"Name":"fileInfo","Count":2,"LastSeen":"2026-02-09T21:51:23.7235551-06:00"},"configRoles":{"Name":"configRoles","Count":6,"LastSeen":"2026-02-09T21:51:23.7234161-06:00"},"ModulePathEnv":{"Name":"ModulePathEnv","Count":19,"LastSeen":"2026-02-09T21:51:23.7237542-06:00"}}
	Logging: 2026-02-10T03:52:25.9505714Z	2026-02-09T21:52:25.9505714-06:00	Info	MetricsData	Track_HashTables	WebHost.ps1	ProcessLogQueue		Webhost	MainLoop	1	H4sIAAAAAAAACpWUzW7CMBCE38VnqGzHduJc4dBKUEUKpeclNRQpJCh2KiHEu1cg8A9Q1TlmHH1ez+7sERXlp1qVqvtR3bz96mulUX5E77BTKH92OEKTtm8MygkeoRloUyrVoBxRTMUY0zGWC0pyTnPKXyTHGAs2xiLHGJ1GaA+daswEjHeH0yya/09mMpWpcGR90B9adR73plhqElMvyQh21AqM2rTdwcNayXLTmGqpwNJxdxczp2DAI3vikJqZTCnPHBv2+zvwTbFUGUPFPPC3X4VtuwqWSaPcJfiBeW+wrw7sHUu4o3uz+3yiPXrUwMmUpYHNb826DW2+KMNsJgkhjjoHU30HEbwpLncxVCH9MS7KqVpDX5sCOtgpo7ol1P1d0v/4xd4bEXcmM8G8e2ft5nWrTdhfTxzG5kJ4ThXlUnV62zYLWNUqeElwMKwbksrEiyk027XS/thbyfUjKqOC48fZ1Ocyn+zbq+72YVS4cJJ6tVdBWs9fwxYWyZi3uCswULebkHhRhs0lJcKuwdMvnm0Gx30GAAA=
	Logging: 2026-02-10T03:52:25.9526402Z	2026-02-09T21:52:25.9526402-06:00	Info	MetricsData	Track_HashTables	WebHost.ps1	ProcessLogQueue		Webhost	MainLoop	1	{"prefixesToTry":{"Name":"prefixesToTry","Count":2,"LastSeen":"2026-02-09T21:52:25.9520360-06:00"},"dbRoles":{"Name":"dbRoles","Count":15,"LastSeen":"2026-02-09T21:52:25.9516408-06:00"},"args":{"Name":"args","Count":0,"LastSeen":"2026-02-09T21:52:25.9515126-06:00"},"systemUsers":{"Name":"systemUsers","Count":2,"LastSeen":"2026-02-09T21:52:25.9523142-06:00"},"fileInfo":{"Name":"fileInfo","Count":2,"LastSeen":"2026-02-09T21:52:25.9517705-06:00"},"configRoles":{"Name":"configRoles","Count":6,"LastSeen":"2026-02-09T21:52:25.9515885-06:00"},"ModulePathEnv":{"Name":"ModulePathEnv","Count":19,"LastSeen":"2026-02-09T21:52:25.9519607-06:00"}}
	Logging: 2026-02-10T03:53:14.1320445Z	2026-02-09T21:53:14.1320445-06:00	Verbose	EventViewer	Event\ log\ request:\ 446\ events\ returned	apps\WebhostRealtimeEvents\routes\api\v1\logs\get.ps1	get.ps1		6ec71a85-fb79-4ebc-aa1d-587c7f8b403c		1	{"ResultCount":446,"Filters":{"categories":null,"userID":null,"severities":null,"source":null,"activityName":null,"filter":null,"runspaceID":null,"sessionID":null},"TimeRange":15}
	Logging: 2026-02-10T03:53:14.2466427Z	2026-02-09T21:53:14.2466427-06:00	Info	MetricsData	Track_HashTables	WebHost.ps1	ProcessLogQueue		Webhost	MainLoop	1	H4sIAAAAAAAACpWUzW7CMBCE38VnqPwT20mucGglqJBC6XmhhiKFJIqdSgjx7hUI4jWlknOdRF82szN7Iovi06wL0/6Ydl5/daWxJD+RdzgYkj97OCKTuqscyRkdkRlYVxhTkZxwytWY8jHNlpzlUuQseeGJYlQmY6pySsl5RBpoTeUm4NA3vNajZQRZpqmUnmyP9sOaFnHvSk8VMfPyNBOeugFndnV7RNhe6rk6ZtqEaua5h6uZU3CAyEgcNLNMGUMeQ9M8gO9KT81iqJxT5ITt1uHabkLP5FHusuQP89FgrA7cXZJRT0fZfZ5oRI8JnKKao+Ghad6qbR3afFUG2pwmqafOwW2+gwreFd+7GKrWAs26KKZmC13pFtDCwTjTrqDsHpr+zyv9d2PqLjOpUCln9e51b124XyQOYyvFUcwXxcq0dl9XS1iXJviT4MGgbSjKE4VqCtV+ayyOfS/5fUR1VItw+M9LCu1lzCf39qb7exhVLia0Dk5XeLUGHiwhNCrTBhyU9S4kXpVhuRRaZHfq+RcNkszjfQYAAA==
	Logging: 2026-02-10T03:53:14.2489245Z	2026-02-09T21:53:14.2489245-06:00	Info	MetricsData	Track_HashTables	WebHost.ps1	ProcessLogQueue		Webhost	MainLoop	1	{"prefixesToTry":{"Name":"prefixesToTry","Count":2,"LastSeen":"2026-02-09T21:53:14.2483409-06:00"},"dbRoles":{"Name":"dbRoles","Count":15,"LastSeen":"2026-02-09T21:53:14.2477131-06:00"},"args":{"Name":"args","Count":0,"LastSeen":"2026-02-09T21:53:14.2475820-06:00"},"systemUsers":{"Name":"systemUsers","Count":2,"LastSeen":"2026-02-09T21:53:14.2486255-06:00"},"fileInfo":{"Name":"fileInfo","Count":2,"LastSeen":"2026-02-09T21:53:14.2477786-06:00"},"configRoles":{"Name":"configRoles","Count":6,"LastSeen":"2026-02-09T21:53:14.2476581-06:00"},"ModulePathEnv":{"Name":"ModulePathEnv","Count":19,"LastSeen":"2026-02-09T21:53:14.2481990-06:00"}}
	Logging: 2026-02-10T03:54:14.8619102Z	2026-02-09T21:54:14.8619102-06:00	Verbose	EventViewer	Event\ log\ request:\ 445\ events\ returned	apps\WebhostRealtimeEvents\routes\api\v1\logs\get.ps1	get.ps1		6ec71a85-fb79-4ebc-aa1d-587c7f8b403c		1	{"ResultCount":445,"Filters":{"categories":null,"userID":null,"severities":null,"source":null,"activityName":null,"filter":null,"runspaceID":null,"sessionID":null},"TimeRange":15}
	Logging: 2026-02-10T03:54:14.8645155Z	2026-02-09T21:54:14.8645155-06:00	Info	MetricsData	Track_HashTables	WebHost.ps1	ProcessLogQueue		Webhost	MainLoop	1	H4sIAAAAAAAACpWUzW7CMBCE38VnqPyTOHaucGglqJCg9LxQQ5FCEsVOJYR49woE8TqlknPMOPo83p3dM1ksP81maZof08yrr7YwluRn8g5HQ/JnhyMyqdrSkZzREZmBdUtjSpITTrkcUz6mesVZniY5S16UFIpKMaYyp5RcRqSGxpRuAg7d4bUOncaQU6WkJ9uT/bCmQdyH0lFFBDWhIuGeugVn9lVzQthO6rhZjFsmZOK5x1sxp+AAkZE4yLNIaco8G+q6B34oHVVHULlSCjm27SZs213omDzGqWaM9pn9AmN1WB20Zqh3KLvPE43oUYHLshSZh7p+K3dVWOabMqzMOstQjOfgtt/BCD4UP3cxXhOpUSQWy6nZQVu4BTRwNM40ayja3qT/80t3b9S4S8lQaGbV/vVgXdhfJA5jC8lT/Ka1aeyhKlewKUzwkuBgUDdExjM8plAedsbi2HeS70dUNhOu1Z9s2qvNJ/v2rvt9GDVcSmSoPttgWq9fwxYWlTxchFBU+5B4U4blkmrv8fILlDbjfH0GAAA=
	Logging: 2026-02-10T03:54:14.8668593Z	2026-02-09T21:54:14.8668593-06:00	Info	MetricsData	Track_HashTables	WebHost.ps1	ProcessLogQueue		Webhost	MainLoop	1	{"prefixesToTry":{"Name":"prefixesToTry","Count":2,"LastSeen":"2026-02-09T21:54:14.8659310-06:00"},"dbRoles":{"Name":"dbRoles","Count":15,"LastSeen":"2026-02-09T21:54:14.8655644-06:00"},"args":{"Name":"args","Count":0,"LastSeen":"2026-02-09T21:54:14.8654186-06:00"},"systemUsers":{"Name":"systemUsers","Count":2,"LastSeen":"2026-02-09T21:54:14.8661160-06:00"},"fileInfo":{"Name":"fileInfo","Count":2,"LastSeen":"2026-02-09T21:54:14.8656283-06:00"},"configRoles":{"Name":"configRoles","Count":6,"LastSeen":"2026-02-09T21:54:14.8655077-06:00"},"ModulePathEnv":{"Name":"ModulePathEnv","Count":19,"LastSeen":"2026-02-09T21:54:14.8658478-06:00"}}
	Logging: 2026-02-10T03:55:01.8255317Z	2026-02-09T21:55:01.8255317-06:00	Info	MetricsData	Track_HashTables	WebHost.ps1	ProcessLogQueue		Webhost	MainLoop	1	H4sIAAAAAAAACpWUy27CMBBF/8VrqPyK42QLi1aCCglK1wM1FCkvxU4lhPj3CgTxmFLJWeY6Oh7P3Dsnslh+ms3StD+mnddfXWEsyU/kHUpD8meHIzKpu8qRnNERmYF1S2MqkhNOuRpTPqbZirM8SXLKXjRPqFDpmKqcUnIekQZaU7kJOHSH13p0EkGWWlDmyfZoP6xpEfeu9FQRUy9ngnrqFpzZ1+0RYXup56Yx1UqhUbXltZlTcIDISBxUs0wVzzwbmuYBfFd6ahZDpVwhqu024dhuQs/kMd1lkv1hPjYYq8Nmx1LJPR1597mjET3GcAmlCcJD07xVuzps81UZ1maumfTUObjtdxDBu+JzF2UJju22WE7NDrrCLaCF0jjTrqHoHpL+zy/9vTFxlzqT6N5ZvX89WBfOF4nD2EoIjd+0Nq091NUKNoUJXhIcDJtGlmi0rkqoDjtjse17yc8jKqMqY8FAPi8utJcyn+zbm+73YVS4qNLISdsgrZevYQtLCK0CGhT1PiRelWG+FKlvw/kXZgxeq30GAAA=
	Logging: 2026-02-10T03:55:01.8274099Z	2026-02-09T21:55:01.8274099-06:00	Info	MetricsData	Track_HashTables	WebHost.ps1	ProcessLogQueue		Webhost	MainLoop	1	{"prefixesToTry":{"Name":"prefixesToTry","Count":2,"LastSeen":"2026-02-09T21:55:01.8269277-06:00"},"dbRoles":{"Name":"dbRoles","Count":15,"LastSeen":"2026-02-09T21:55:01.8265617-06:00"},"ModulePathEnv":{"Name":"ModulePathEnv","Count":19,"LastSeen":"2026-02-09T21:55:01.8268524-06:00"},"args":{"Name":"args","Count":0,"LastSeen":"2026-02-09T21:55:01.8263784-06:00"},"systemUsers":{"Name":"systemUsers","Count":2,"LastSeen":"2026-02-09T21:55:01.8270949-06:00"},"fileInfo":{"Name":"fileInfo","Count":2,"LastSeen":"2026-02-09T21:55:01.8266284-06:00"},"logEntries":{"Name":"logEntries","Count":3,"LastSeen":"2026-02-09T21:55:01.8267565-06:00"},"configRoles":{"Name":"configRoles","Count":6,"LastSeen":"2026-02-09T21:55:01.8265051-06:00"}}
	Logging: 2026-02-10T03:55:47.9856774Z	2026-02-09T21:55:47.9856774-06:00	Verbose	EventViewer	Event\ log\ request:\ 454\ events\ returned	apps\WebhostRealtimeEvents\routes\api\v1\logs\get.ps1	get.ps1		6ec71a85-fb79-4ebc-aa1d-587c7f8b403c		1	{"ResultCount":454,"Filters":{"categories":null,"userID":null,"severities":null,"source":null,"activityName":null,"filter":null,"runspaceID":null,"sessionID":null},"TimeRange":15}
	Logging: 2026-02-10T03:55:47.9884340Z	2026-02-09T21:55:47.9884340-06:00	Info	MetricsData	Track_HashTables	WebHost.ps1	ProcessLogQueue		Webhost	MainLoop	1	H4sIAAAAAAAACpWUX2vCMBTFv0uedaRp/rWv+rCBDqFue7666ITaliQdiPjdh0XbG3GQPvak/HJz7zn3TFbFl9kUxv4au6y/29I4kp/JOxwNyZ8dTsisbitP8oROyAKcL4ypSE4YZXJK2ZRma5bkQuRcvWRaZangUypzSsllQhqwpvIz8OiOQevRIoYstNQD2Z3chzMWce9KT00jqDphnA3ULXizr+0JYXup56qYainj2cA9ds2cgwdERuKompVIUjmwoWkewHelp2YRVKnSFFXs2k04tpvQM1lMdykXeGYd4rHBWB03O6oZoiPvPnc0okcZLqMU4aFp3qpdHba5U0a2OcOGW4Lf/gQRvCtD7mJq5QpTV8Xc7KAt/QosHI039hPK9iHp//zS3xsVd8U1ivui3r8enA/ni8Rx7DRlwZs+jXWHulrDpjTBS4KDUdNQmqsExRSqw844bPteGuYRlVHOJMrozYXuWuaTfXvTh30YEy6VSdz7bZDW69eohSU11zSgQVnvQ2KnjPKl1DoRd+rlD+04+kp9BgAA
	Logging: 2026-02-10T03:55:47.9904107Z	2026-02-09T21:55:47.9904107-06:00	Info	MetricsData	Track_HashTables	WebHost.ps1	ProcessLogQueue		Webhost	MainLoop	1	{"prefixesToTry":{"Name":"prefixesToTry","Count":2,"LastSeen":"2026-02-09T21:55:47.9898428-06:00"},"dbRoles":{"Name":"dbRoles","Count":15,"LastSeen":"2026-02-09T21:55:47.9894858-06:00"},"ModulePathEnv":{"Name":"ModulePathEnv","Count":19,"LastSeen":"2026-02-09T21:55:47.9897669-06:00"},"args":{"Name":"args","Count":0,"LastSeen":"2026-02-09T21:55:47.9893524-06:00"},"systemUsers":{"Name":"systemUsers","Count":2,"LastSeen":"2026-02-09T21:55:47.9900073-06:00"},"fileInfo":{"Name":"fileInfo","Count":2,"LastSeen":"2026-02-09T21:55:47.9895510-06:00"},"logEntries":{"Name":"logEntries","Count":2,"LastSeen":"2026-02-09T21:55:47.9896757-06:00"},"configRoles":{"Name":"configRoles","Count":6,"LastSeen":"2026-02-09T21:55:47.9894305-06:00"}}
	Logging: 2026-02-10T03:56:21.1067652Z	2026-02-09T21:56:21.1067652-06:00	Info	MetricsData	Track_HashTables	WebHost.ps1	ProcessLogQueue		Webhost	MainLoop	1	H4sIAAAAAAAACpWUUW+CMBSF/0ufdWkLLYVXfdgSXUxw7vnKqjNBILQsMcb/vmi03DKXlEdOydfbe8+5Z7LKP/U21+2Pbpf1V1dqQ7IzeYejJtmzwwmZ1V1lScbohCzA2FzrimSEUy6nlE9puuYsEzLj7IVRyZRUUyozSsllQhpodWVnYNEdvebQIoAsUpYgsjmZD6NbxH0ojhqF1BvTlPbUAqze1+0JYZ3kuElItVyopOceb82cgwVERuKomoWKI9mzoWkG4IfiqGkIlTIlUH+7rT+2u+CYPKS7UcTiIXPYYKyOm10kU+QI5N3njkb0EMNJJiKEh6Z5q3a13+abMrLNiqc9dQm2+PYi+FD63IVQExkh6iqf6x10pV1BC0dtdbuBshsk/Z9f3L1Bcac8RaZZ1PvXg7H+fJE4ii0kV96bNro1h7paw7bU3ku8g1HTkNc0oZhCddhpg23vpH4eQRlNWMr/eNNcy3yyb+96vw+DwsUFQyum8NJ6/Rq3sJiK0VIpwEJZ733iTRnnS86l88flF2Bcjut9BgAA
	Logging: 2026-02-10T03:56:21.1088017Z	2026-02-09T21:56:21.1088017-06:00	Info	MetricsData	Track_HashTables	WebHost.ps1	ProcessLogQueue		Webhost	MainLoop	1	{"prefixesToTry":{"Name":"prefixesToTry","Count":2,"LastSeen":"2026-02-09T21:56:21.1082790-06:00"},"dbRoles":{"Name":"dbRoles","Count":15,"LastSeen":"2026-02-09T21:56:21.1078699-06:00"},"ModulePathEnv":{"Name":"ModulePathEnv","Count":19,"LastSeen":"2026-02-09T21:56:21.1082012-06:00"},"args":{"Name":"args","Count":0,"LastSeen":"2026-02-09T21:56:21.1077400-06:00"},"systemUsers":{"Name":"systemUsers","Count":2,"LastSeen":"2026-02-09T21:56:21.1085010-06:00"},"fileInfo":{"Name":"fileInfo","Count":2,"LastSeen":"2026-02-09T21:56:21.1079318-06:00"},"logEntries":{"Name":"logEntries","Count":3,"LastSeen":"2026-02-09T21:56:21.1080492-06:00"},"configRoles":{"Name":"configRoles","Count":6,"LastSeen":"2026-02-09T21:56:21.1078165-06:00"}}
	Logging: 2026-02-10T03:57:39.9261804Z	2026-02-09T21:57:39.9261804-06:00	Info	MetricsData	Track_HashTables	WebHost.ps1	ProcessLogQueue		Webhost	MainLoop	1	H4sIAAAAAAAACpWUX2vCMBTFv0uedaRp2jR91YcNdAi67fnqohP6jyQdiPjdh6LJTXGQPvak/HJz7rn3TFbrL7VdK/2r9LL97itlSHkm71ArUj47nJBZ2zeWlAmdkAUYu1aqISVhlOVTyqZUblhSZqJM5YtkmZAFndK8pJRcJqQDrRo7A4vu8JpDZzHkLM9zTzYn82GURtyH4qhpDFWKRHrqDqw6tPqEsE5yXBHB5ZLyxHPrm5lzsIDISBxXM5eJ8GzougH4oTiqjKk4L2SG/O23YdvugmOyKHcp5UPm0GCsjuxdmqaejrL7PNGIHhU4kQuEh657a/ZtaPNNGWezEAUK3BLs7icYwYfi5y4qEpwj6mo9V3voK7sCDbWySn9C1Q8m/Z9f3L1R455nHHm0aA+vR2PD/iJxHDthNHjTp9Lm2DYb2FYqeElwMKobmWAUjVINzXGvDI69k3w/orKZJnhb3VNormU+2bd33e/DqOEqWIFq3wXTev0at7CKVLCABlV7CIk3ZVQueSESt1Quf3qqdG19BgAA
	Logging: 2026-02-10T03:57:40.0419146Z	2026-02-09T21:57:40.0419146-06:00	Info	MetricsData	Track_HashTables	WebHost.ps1	ProcessLogQueue		Webhost	MainLoop	1	{"prefixesToTry":{"Name":"prefixesToTry","Count":2,"LastSeen":"2026-02-09T21:57:40.0412967-06:00"},"dbRoles":{"Name":"dbRoles","Count":15,"LastSeen":"2026-02-09T21:57:40.0409367-06:00"},"args":{"Name":"args","Count":0,"LastSeen":"2026-02-09T21:57:40.0407543-06:00"},"systemUsers":{"Name":"systemUsers","Count":2,"LastSeen":"2026-02-09T21:57:40.0414726-06:00"},"fileInfo":{"Name":"fileInfo","Count":2,"LastSeen":"2026-02-09T21:57:40.0410103-06:00"},"configRoles":{"Name":"configRoles","Count":6,"LastSeen":"2026-02-09T21:57:40.0408448-06:00"},"ModulePathEnv":{"Name":"ModulePathEnv","Count":19,"LastSeen":"2026-02-09T21:57:40.0412120-06:00"}}
	Logging: 2026-02-10T03:58:43.9369534Z	2026-02-09T21:58:43.9369534-06:00	Info	MetricsData	Track_HashTables	WebHost.ps1	ProcessLogQueue		Webhost	MainLoop	1	H4sIAAAAAAAACpWUy27CMBBF/8VrqBzHdh5bWLQSVEihdD1QQ5HyQLZTCSH+vYIWe0yp5CxzHR2P79yZE1lU72pdKf2l9Lz76GtlSHkir9AoUj46HJFJ17eWlAkdkRkYWynVkpIwyuSYsjEtliwpRV7y9KlIJReZGFNZUkrOI3IArVo7AYvu8JpDixgyS3jmyeZo3ozSiHtTHDWNoco0Lzx1A1btOn1EWCc5bhbBFRmjiec2VzOnYAGRkTis5oRf5BsbDoc78E1x1CKmYi5zhvzt12HbfgXHZDGVCilQpT+Ie4OxOswHURQoESi7jxON6FGB44zlgc0v7bYLbb4qw2wWIkk9dQ528xmM4E3xcxcVCZqg5i2qqdpCX9sFaGiUVXoFdX836f/84u6NGneWcxTzWbd73hsb9heJg9iiYHnQ3pXSZt+1S1jXKnhJcDCoGzKVOEINtPutMjj2TvL9iMomZSn/k01zKfPBvv3V/T6MGi6e49o3wbRevoYtLEmzkAZ1twuJV2VQLoXk1C2A8zdALKfnfQYAAA==
	Logging: 2026-02-10T03:58:43.9389685Z	2026-02-09T21:58:43.9389685-06:00	Info	MetricsData	Track_HashTables	WebHost.ps1	ProcessLogQueue		Webhost	MainLoop	1	{"prefixesToTry":{"Name":"prefixesToTry","Count":2,"LastSeen":"2026-02-09T21:58:43.9384565-06:00"},"dbRoles":{"Name":"dbRoles","Count":15,"LastSeen":"2026-02-09T21:58:43.9381145-06:00"},"args":{"Name":"args","Count":0,"LastSeen":"2026-02-09T21:58:43.9379028-06:00"},"systemUsers":{"Name":"systemUsers","Count":2,"LastSeen":"2026-02-09T21:58:43.9387233-06:00"},"fileInfo":{"Name":"fileInfo","Count":2,"LastSeen":"2026-02-09T21:58:43.9381970-06:00"},"configRoles":{"Name":"configRoles","Count":6,"LastSeen":"2026-02-09T21:58:43.9380234-06:00"},"ModulePathEnv":{"Name":"ModulePathEnv","Count":19,"LastSeen":"2026-02-09T21:58:43.9383797-06:00"}}
	Logging: 2026-02-10T03:59:14.2806447Z	2026-02-09T21:59:14.2806447-06:00	Info	MetricsData	Track_HashTables	WebHost.ps1	ProcessLogQueue		Webhost	MainLoop	1	{"prefixesToTry":{"Name":"prefixesToTry","Count":2,"LastSeen":"2026-02-09T21:59:14.2801728-06:00"},"dbRoles":{"Name":"dbRoles","Count":15,"LastSeen":"2026-02-09T21:59:14.2798323-06:00"},"ModulePathEnv":{"Name":"ModulePathEnv","Count":19,"LastSeen":"2026-02-09T21:59:14.2801004-06:00"},"args":{"Name":"args","Count":0,"LastSeen":"2026-02-09T21:59:14.2797117-06:00"},"systemUsers":{"Name":"systemUsers","Count":2,"LastSeen":"2026-02-09T21:59:14.2803280-06:00"},"fileInfo":{"Name":"fileInfo","Count":2,"LastSeen":"2026-02-09T21:59:14.2798932-06:00"},"logEntries":{"Name":"logEntries","Count":2,"LastSeen":"2026-02-09T21:59:14.2800114-06:00"},"configRoles":{"Name":"configRoles","Count":6,"LastSeen":"2026-02-09T21:59:14.2797815-06:00"}}
	Logging: 2026-02-10T04:00:15.0764163Z	2026-02-09T22:00:15.0764163-06:00	Info	MetricsData	Track_HashTables	WebHost.ps1	ProcessLogQueue		Webhost	MainLoop	1	{"prefixesToTry":{"Name":"prefixesToTry","Count":2,"LastSeen":"2026-02-09T22:00:15.0757149-06:00"},"dbRoles":{"Name":"dbRoles","Count":15,"LastSeen":"2026-02-09T22:00:14.9001114-06:00"},"args":{"Name":"args","Count":0,"LastSeen":"2026-02-09T22:00:14.8999828-06:00"},"systemUsers":{"Name":"systemUsers","Count":2,"LastSeen":"2026-02-09T22:00:15.0760207-06:00"},"fileInfo":{"Name":"fileInfo","Count":2,"LastSeen":"2026-02-09T22:00:14.9001764-06:00"},"configRoles":{"Name":"configRoles","Count":6,"LastSeen":"2026-02-09T22:00:14.9000577-06:00"},"ModulePathEnv":{"Name":"ModulePathEnv","Count":19,"LastSeen":"2026-02-09T22:00:14.9003552-06:00"}}
	Logging: 2026-02-10T04:01:46.0189561Z	2026-02-09T22:01:46.0189561-06:00	Info	MetricsData	Track_HashTables	WebHost.ps1	ProcessLogQueue		Webhost	MainLoop	1	{"prefixesToTry":{"Name":"prefixesToTry","Count":2,"LastSeen":"2026-02-09T22:01:45.8436517-06:00"},"dbRoles":{"Name":"dbRoles","Count":15,"LastSeen":"2026-02-09T22:01:45.8433288-06:00"},"args":{"Name":"args","Count":0,"LastSeen":"2026-02-09T22:01:45.8432006-06:00"},"systemUsers":{"Name":"systemUsers","Count":2,"LastSeen":"2026-02-09T22:01:45.8438682-06:00"},"fileInfo":{"Name":"fileInfo","Count":2,"LastSeen":"2026-02-09T22:01:45.8433936-06:00"},"configRoles":{"Name":"configRoles","Count":6,"LastSeen":"2026-02-09T22:01:45.8432747-06:00"},"ModulePathEnv":{"Name":"ModulePathEnv","Count":19,"LastSeen":"2026-02-09T22:01:45.8435754-06:00"}}
	Logging: 2026-02-10T04:02:32.4380771Z	2026-02-09T22:02:32.4380771-06:00	Info	MetricsData	Track_HashTables	WebHost.ps1	ProcessLogQueue		Webhost	MainLoop	1	{"prefixesToTry":{"Name":"prefixesToTry","Count":2,"LastSeen":"2026-02-09T22:02:32.4376015-06:00"},"dbRoles":{"Name":"dbRoles","Count":15,"LastSeen":"2026-02-09T22:02:32.4372602-06:00"},"args":{"Name":"args","Count":0,"LastSeen":"2026-02-09T22:02:32.4370639-06:00"},"systemUsers":{"Name":"systemUsers","Count":2,"LastSeen":"2026-02-09T22:02:32.4377682-06:00"},"fileInfo":{"Name":"fileInfo","Count":2,"LastSeen":"2026-02-09T22:02:32.4373302-06:00"},"configRoles":{"Name":"configRoles","Count":6,"LastSeen":"2026-02-09T22:02:32.4371960-06:00"},"ModulePathEnv":{"Name":"ModulePathEnv","Count":19,"LastSeen":"2026-02-09T22:02:32.4375205-06:00"}}
	Logging: 2026-02-10T04:03:33.0401050Z	2026-02-09T22:03:33.0401050-06:00	Info	MetricsData	Track_HashTables	WebHost.ps1	ProcessLogQueue		Webhost	MainLoop	1	{"prefixesToTry":{"Name":"prefixesToTry","Count":2,"LastSeen":"2026-02-09T22:03:33.0396124-06:00"},"dbRoles":{"Name":"dbRoles","Count":15,"LastSeen":"2026-02-09T22:03:33.0392245-06:00"},"args":{"Name":"args","Count":0,"LastSeen":"2026-02-09T22:03:33.0390426-06:00"},"systemUsers":{"Name":"systemUsers","Count":2,"LastSeen":"2026-02-09T22:03:33.0397848-06:00"},"fileInfo":{"Name":"fileInfo","Count":2,"LastSeen":"2026-02-09T22:03:33.0392944-06:00"},"configRoles":{"Name":"configRoles","Count":6,"LastSeen":"2026-02-09T22:03:33.0391626-06:00"},"ModulePathEnv":{"Name":"ModulePathEnv","Count":19,"LastSeen":"2026-02-09T22:03:33.0395223-06:00"}}
	Logging: 2026-02-10T04:04:34.6533416Z	2026-02-09T22:04:34.6533416-06:00	Info	MetricsData	Track_HashTables	WebHost.ps1	ProcessLogQueue		Webhost	MainLoop	1	{"prefixesToTry":{"Name":"prefixesToTry","Count":2,"LastSeen":"2026-02-09T22:04:34.6528452-06:00"},"dbRoles":{"Name":"dbRoles","Count":15,"LastSeen":"2026-02-09T22:04:34.5371684-06:00"},"args":{"Name":"args","Count":0,"LastSeen":"2026-02-09T22:04:34.5370288-06:00"},"systemUsers":{"Name":"systemUsers","Count":2,"LastSeen":"2026-02-09T22:04:34.6530243-06:00"},"fileInfo":{"Name":"fileInfo","Count":2,"LastSeen":"2026-02-09T22:04:34.6524074-06:00"},"configRoles":{"Name":"configRoles","Count":6,"LastSeen":"2026-02-09T22:04:34.5371119-06:00"},"ModulePathEnv":{"Name":"ModulePathEnv","Count":19,"LastSeen":"2026-02-09T22:04:34.6527130-06:00"}}
	Logging: 2026-02-10T04:06:08.8145303Z	2026-02-09T22:06:08.8145303-06:00	Info	MetricsData	Track_HashTables	WebHost.ps1	ProcessLogQueue		Webhost	MainLoop	1	H4sIAAAAAAAACpWUzW7CMBCE38VnqGzHcexc4dBKUCGFtuclNRQpf4qdSgjx7hWIJJuUqs7R4+jzZnZ2z2STfJhdYupvU6/LzyYzlsRn8gq5IfGjyxlZlE3hSMzojKzAusSYgsSEUy7nlM+p3nIeUxlT9aRYoEMVza8nSi4zUkFtCrcAh97otQ4d/kuWWkRcBj3ZnuybNTXitkpHDTzqFZxS2VNTcOZQ1ieE7aSOG/lUy6XgPTe/mbkEB4iMxAk1Sy1kqGnPhqoagVulo2ofKpVaI3+b3bBtd6Fjch93GaVqzBwbjNVpvWNhiBKBsvs40YgeekWZU2QIVNVLsS+HNt+UaTYzrlAw1uDSr8EItko/d16R4IJhK5ZmD03mNlBDbpyp3yFrRpP+xyfdu17jHrEAjc+qPDwfrRv2F4kT2FILoQLk/yZ5N7U9lsUWdpkZ/MngYkI3FAuUkKj+HIrj3lgc+07q++E1o6ESv7Npr2U+2Ld3vd+HPsMVaB2gJKWDab2epi0sFim0VFJwkJWHIfGmTMslpzpsqZcfof53XH0GAAA=
	Logging: 2026-02-10T04:06:08.8163765Z	2026-02-09T22:06:08.8163765-06:00	Info	MetricsData	Track_HashTables	WebHost.ps1	ProcessLogQueue		Webhost	MainLoop	1	{"prefixesToTry":{"Name":"prefixesToTry","Count":2,"LastSeen":"2026-02-09T22:06:08.8159209-06:00"},"dbRoles":{"Name":"dbRoles","Count":15,"LastSeen":"2026-02-09T22:06:08.8155964-06:00"},"args":{"Name":"args","Count":0,"LastSeen":"2026-02-09T22:06:08.8154428-06:00"},"systemUsers":{"Name":"systemUsers","Count":2,"LastSeen":"2026-02-09T22:06:08.8160839-06:00"},"fileInfo":{"Name":"fileInfo","Count":2,"LastSeen":"2026-02-09T22:06:08.8156575-06:00"},"configRoles":{"Name":"configRoles","Count":6,"LastSeen":"2026-02-09T22:06:08.8155425-06:00"},"ModulePathEnv":{"Name":"ModulePathEnv","Count":19,"LastSeen":"2026-02-09T22:06:08.8158450-06:00"}}
	Logging: 2026-02-10T04:06:38.9564902Z	2026-02-09T22:06:38.9564902-06:00	Info	MetricsData	Track_HashTables	WebHost.ps1	ProcessLogQueue		Webhost	MainLoop	1	H4sIAAAAAAAACpWUUWvCMBSF/0uedSRpkyZ91YcNdAh17vnaRSfUVpp0IOJ/H4qmN85B+tiT8uXm3HvuiSyKT7MuTPtj2nnz1VXGkvxE3mFvSP7scEQmTVc7kjM6IjOwrjCmJjnhlMsx5WOql5znVOaJetFCKC34mMqcUnIekQO0pnYTcOiOXvNoEUOWMtM92R7thzUt4t4VT00iqJJxynpqCc5sm/aIsF7y3CymWiooqnZ/NXMKDhAZiYNqFkIx5DEcDg/gu+KpOoKaKikT5G+3Dtt2EzyTx7hLqfjDfDQYq8N6R1OG6Gh2n080okcNnJJcBDa/1ZsmtPmqDLNZc4UGYw6u/A4ieFf63MXUmiqWYSumZgNd5RbQwt44066g6h6S/s8v/t6ouGdpgjyaNdvXnXVhf5E4jM1FhtiLYmVau2vqJawrE7wkOBjUDaFYolBMod5tjMVj76W+H1EZTZgOiv+8TKG9lPlk3970fh/GhEtonqHayyCtl69BCyvVwVIpwUHVbEPiVRk2l5QlPqLnXzwz8W19BgAA
	Logging: 2026-02-10T04:06:38.9585894Z	2026-02-09T22:06:38.9585894-06:00	Info	MetricsData	Track_HashTables	WebHost.ps1	ProcessLogQueue		Webhost	MainLoop	1	{"prefixesToTry":{"Name":"prefixesToTry","Count":2,"LastSeen":"2026-02-09T22:06:38.9581718-06:00"},"dbRoles":{"Name":"dbRoles","Count":15,"LastSeen":"2026-02-09T22:06:38.9578486-06:00"},"args":{"Name":"args","Count":0,"LastSeen":"2026-02-09T22:06:38.9577009-06:00"},"systemUsers":{"Name":"systemUsers","Count":2,"LastSeen":"2026-02-09T22:06:38.9583346-06:00"},"fileInfo":{"Name":"fileInfo","Count":2,"LastSeen":"2026-02-09T22:06:38.9579141-06:00"},"configRoles":{"Name":"configRoles","Count":6,"LastSeen":"2026-02-09T22:06:38.9577926-06:00"},"ModulePathEnv":{"Name":"ModulePathEnv","Count":19,"LastSeen":"2026-02-09T22:06:38.9580982-06:00"}}
	Logging: 2026-02-10T04:07:27.3917840Z	2026-02-09T22:07:27.3917840-06:00	Info	MetricsData	Track_HashTables	WebHost.ps1	ProcessLogQueue		Webhost	MainLoop	1	H4sIAAAAAAAACpWUS2/CMBCE/4vPUK2dxnlc4dBKUEUKpeclNRQpD2Q7lRDiv1cgkqwjKjnHTKLPm9kZX1iWf6ldrvSv0uvmuy2VYemFfWClWPrs5Ywtmra2LOUwYys0NleqZikTIOQcxBySjRApRKmIXoKE8zDkc5ApALvO2Am1qu0CLTlj0Hp06EGGRMTRQDZn82mUJtxO6amBz7yvnMuBWqBVh0afCbaXem7kMy1PYuJDdTdziRYJmYiTZoYYYjGw8XQagTulpyY+VBAyIP62O3dtD6FnCh93RcKTMXNsMFWn7S4QCQx0kt3niSZ0n8BxLkTo2Pxe7xvX5rsy0eY4IDav0RY/TgU7ZeidD1VGAYlxli/VHtvSZqixUlbpLZbtqOn/fNKf61V3AElKuWoOb0dj3f0ScRIbQqAVyvKt0ubY1Bvclcr5E+fFpG1wiEIS0Arr414ZGvteGvbh1dHQ6f8jheY25pP79qEP96FfuSAg3hdOW29PEy+sICRlKtBi2Rxc4l2ZlksuZdxRr3+JXG8MfQYAAA==
	Logging: 2026-02-10T04:07:27.3935653Z	2026-02-09T22:07:27.3935653-06:00	Info	MetricsData	Track_HashTables	WebHost.ps1	ProcessLogQueue		Webhost	MainLoop	1	{"prefixesToTry":{"Name":"prefixesToTry","Count":2,"LastSeen":"2026-02-09T22:07:27.3931019-06:00"},"dbRoles":{"Name":"dbRoles","Count":15,"LastSeen":"2026-02-09T22:07:27.3928002-06:00"},"args":{"Name":"args","Count":0,"LastSeen":"2026-02-09T22:07:27.3926758-06:00"},"systemUsers":{"Name":"systemUsers","Count":2,"LastSeen":"2026-02-09T22:07:27.3932625-06:00"},"fileInfo":{"Name":"fileInfo","Count":2,"LastSeen":"2026-02-09T22:07:27.3928604-06:00"},"configRoles":{"Name":"configRoles","Count":6,"LastSeen":"2026-02-09T22:07:27.3927492-06:00"},"ModulePathEnv":{"Name":"ModulePathEnv","Count":19,"LastSeen":"2026-02-09T22:07:27.3930305-06:00"}}
	Logging: 2026-02-10T04:08:28.4457646Z	2026-02-09T22:08:28.4457646-06:00	Info	MetricsData	Track_HashTables	WebHost.ps1	ProcessLogQueue		Webhost	MainLoop	1	H4sIAAAAAAAACpWUW2sCMRCF/0uetczmsrdXfWhBi6Btn0cbrbA3kmxBxP9eFM1lsZB9PQlfJmfOzJms1l9yu5bqV6pl+91XUpPyTN6xlqR8djghs7ZvDCkTmJAFarOWsiEloUDTKdApFBtKS8hLmr9wLlhS0CmkJQC5TEiHSjZmhsZ7w2kWLWLICRTCkfVJf2ipPO5DsVQWQ+UF96g7NPLQqpOHtZLlZhFcLjJIHbe+mTlHgx7ZE8fVDKwAx8auG4AfiqUWMRUzdtWsv/02bNtdsEwa5S5lyZA5NNhXR/ZOiNzRvew+T7RHjwoczTOveOy6t2bfhjbflHE2cwHcUZdodj/BCD4UN3dRkQDqxXi1nss99pVZocJaGqk+seoHk/7PFftu1Lgnmcjcu4v28HrUJuyvJ45i8zyD4E+fUulj22xwW8ngJ8HBqG4IyhOvxzU2x73Ufuyt5PoRk01epD74nkJ9LfPJvr3rbh9GDRcTwILVFW6tsQsLUq/gHRqs2kNIvCmjcskFK2zaL3+rhp9ufQYAAA==
	Logging: 2026-02-10T04:08:28.4479012Z	2026-02-09T22:08:28.4479012-06:00	Info	MetricsData	Track_HashTables	WebHost.ps1	ProcessLogQueue		Webhost	MainLoop	1	{"prefixesToTry":{"Name":"prefixesToTry","Count":2,"LastSeen":"2026-02-09T22:08:28.4473812-06:00"},"dbRoles":{"Name":"dbRoles","Count":15,"LastSeen":"2026-02-09T22:08:28.4470551-06:00"},"args":{"Name":"args","Count":0,"LastSeen":"2026-02-09T22:08:28.4469157-06:00"},"systemUsers":{"Name":"systemUsers","Count":2,"LastSeen":"2026-02-09T22:08:28.4475433-06:00"},"fileInfo":{"Name":"fileInfo","Count":2,"LastSeen":"2026-02-09T22:08:28.4471210-06:00"},"configRoles":{"Name":"configRoles","Count":6,"LastSeen":"2026-02-09T22:08:28.4469989-06:00"},"ModulePathEnv":{"Name":"ModulePathEnv","Count":19,"LastSeen":"2026-02-09T22:08:28.4473045-06:00"}}
	Logging: 2026-02-10T04:09:29.4261863Z	2026-02-09T22:09:29.4261863-06:00	Info	MetricsData	Track_HashTables	WebHost.ps1	ProcessLogQueue		Webhost	MainLoop	1	H4sIAAAAAAAACpWUy27CMBBF/8VrqBzHzmsLi1aCCglK1wMdKFIeKHYqIcS/VyBijymVnGWuo+PxnTtzZovlJ26W2P5gO2++uhI1K87sHSpkxbPDEZs0XW1YEfERm4E2S8SaFUxwkYy5GPN8JUTB80LkL1Iolch0zJOCc3YZsSO0WJsJGHKH0yxahZBjJXNH1if9obEl3F6x1DiEmmY5d9QtGNw37YlgrWS5aQBXpuKq9dzqZuYUDBAyEYfVLDIZOTYcjw/gXrHUPKTiWEnihO42ftvugmWKIHd5+of5aDBVB/ZOZiQRJLvPE03oQYFTcezb/FbvGt/mmzLMZhlFpOg5mO23N4K94uYuKBIyiakVU9xBV5oFtFChwXYNZfcw6f/8Yu8NGncpIununTX714M2fn+JOIwdCZ7QN62x1YemXsGmRO8l3sGgbiiZpaTHFdSHHWoaeyu5foTNKI//ZlNfy3yyb++624dBw6VyRVbt1pvW69ewhSUT4dOgbPY+8aYMyqVMIq566uUXt2KUMX0GAAA=
	Logging: 2026-02-10T04:09:29.4281378Z	2026-02-09T22:09:29.4281378-06:00	Info	MetricsData	Track_HashTables	WebHost.ps1	ProcessLogQueue		Webhost	MainLoop	1	{"prefixesToTry":{"Name":"prefixesToTry","Count":2,"LastSeen":"2026-02-09T22:09:29.4275674-06:00"},"dbRoles":{"Name":"dbRoles","Count":15,"LastSeen":"2026-02-09T22:09:29.4272468-06:00"},"args":{"Name":"args","Count":0,"LastSeen":"2026-02-09T22:09:29.4271117-06:00"},"systemUsers":{"Name":"systemUsers","Count":2,"LastSeen":"2026-02-09T22:09:29.4278655-06:00"},"fileInfo":{"Name":"fileInfo","Count":2,"LastSeen":"2026-02-09T22:09:29.4273116-06:00"},"configRoles":{"Name":"configRoles","Count":6,"LastSeen":"2026-02-09T22:09:29.4271901-06:00"},"ModulePathEnv":{"Name":"ModulePathEnv","Count":19,"LastSeen":"2026-02-09T22:09:29.4274922-06:00"}}
	Logging: 2026-02-10T04:10:31.0901409Z	2026-02-09T22:10:31.0901409-06:00	Verbose	EventViewer	Event\ log\ request:\ 448\ events\ returned	apps\WebhostRealtimeEvents\routes\api\v1\logs\get.ps1	get.ps1		6ec71a85-fb79-4ebc-aa1d-587c7f8b403c		1	{"ResultCount":448,"Filters":{"categories":null,"userID":null,"severities":null,"source":null,"activityName":null,"filter":null,"runspaceID":null,"sessionID":null},"TimeRange":15}
	Logging: 2026-02-10T04:10:31.0930966Z	2026-02-09T22:10:31.0930966-06:00	Info	MetricsData	Track_HashTables	WebHost.ps1	ProcessLogQueue		Webhost	MainLoop	1	H4sIAAAAAAAACpWUX2vCMBTFv0uedSRp0zZ91YcNdBTqtueri07oP5J0IOJ3H4omt8VB+tiT8svNvefcMynKL7Utlf5Vet1+95UyJD+Td6gVyZ8dzsii7RtLckZnZAXGlko1JCec8mRO+ZzKDec5o3nEXqjkIhbxnCY5peQyIx1o1dgFWHSH1xxahJAjnqaebE7mwyiNuA/FUaMQaiqZ9NQdWHVo9QlhneS4aQCXZTLKPLe+NXMJFhAZidNq5kIIz4auG4EfiqPKkIqTmKHJmX47HNtdcEweUmkiMjpmjhuM1Wl9SGSE+oC8+9zRiB5kOME4Mhx03Vuzb4dtvinT2pxGmLoGu/sZRPCh+NwFWYJlyMZFuVR76CtbgIZaWaU/oepHSf/nF3dvUNwjmXJ/76o9vB6NHc4XidPYjGF2UX4qbY5ts4FtpQYvGRxMmgaPkxgZtIbmuFcG295Jfh5B3mSpRGm6u9Bcy3yyb++634dB4RJphuy/G6T1+jVxYXEc/x1YqNrDkHhTJvmSZUK6NXj5A3DxPQt9BgAA
	Logging: 2026-02-10T04:10:31.0949370Z	2026-02-09T22:10:31.0949370-06:00	Info	MetricsData	Track_HashTables	WebHost.ps1	ProcessLogQueue		Webhost	MainLoop	1	{"prefixesToTry":{"Name":"prefixesToTry","Count":2,"LastSeen":"2026-02-09T22:10:31.0945145-06:00"},"dbRoles":{"Name":"dbRoles","Count":15,"LastSeen":"2026-02-09T22:10:31.0941902-06:00"},"args":{"Name":"args","Count":0,"LastSeen":"2026-02-09T22:10:31.0940587-06:00"},"systemUsers":{"Name":"systemUsers","Count":2,"LastSeen":"2026-02-09T22:10:31.0946768-06:00"},"fileInfo":{"Name":"fileInfo","Count":2,"LastSeen":"2026-02-09T22:10:31.0942549-06:00"},"configRoles":{"Name":"configRoles","Count":6,"LastSeen":"2026-02-09T22:10:31.0941346-06:00"},"ModulePathEnv":{"Name":"ModulePathEnv","Count":19,"LastSeen":"2026-02-09T22:10:31.0944362-06:00"}}
	Logging: 2026-02-10T04:11:01.1369161Z	2026-02-09T22:11:01.1369161-06:00	Verbose	EventViewer	Event\ log\ request:\ 449\ events\ returned	apps\WebhostRealtimeEvents\routes\api\v1\logs\get.ps1	get.ps1		6ec71a85-fb79-4ebc-aa1d-587c7f8b403c		1	{"ResultCount":449,"Filters":{"categories":null,"userID":null,"severities":null,"source":null,"activityName":null,"filter":null,"runspaceID":null,"sessionID":null},"TimeRange":15}
	Logging: 2026-02-10T04:11:01.1395222Z	2026-02-09T22:11:01.1395222-06:00	Info	MetricsData	Track_HashTables	WebHost.ps1	ProcessLogQueue		Webhost	MainLoop	1	H4sIAAAAAAAACpWUzW7CMBCE38VnqGwnju1c4dBKUCFB6XmhhiLlT7FTCSHevQKBs6ZUco4ZR5/Hu7N7Iovlp9ksTftj2nn91RXGkvxE3qE0JH92OCKTuqscyRkdkRlYtzSmIjnhlGdjysdUrzjPGcspe2GJplTTMc1ySsl5RBpoTeUm4NAdvebRIoKsZJKonmyP9sOaFnHviqcmMX6Z5rqnbsGZfd0eEdZLnitj3NJMIW55LeYUHCAyEgd5VplQqBLQNA/gu+KpOoIqlcKds90mbNtN8EweVV2m2CPzscBYHdg7gXuHsvs80YgeFTidaWQemuat2tVhma/KsDLrVCLTc3Db72AE70o/d1GRYFriUkzNDrrCLaCF0jjTrqHoHib9n1/8vTHjrhQVKDSzev96sC7sLxKHsVMpUvymtWntoa5WsClM8JLgYFA3lJIp8l9CddgZi2Pvpb4fUTMqZJr8yaa92Hyyb296vw+jhoumHHnfBtN6+Rq4sCgTAQ2Keh8Sr8qwXNJE+FV1/gW40I31fQYAAA==
	Logging: 2026-02-10T04:11:01.1425925Z	2026-02-09T22:11:01.1425925-06:00	Info	MetricsData	Track_HashTables	WebHost.ps1	ProcessLogQueue		Webhost	MainLoop	1	{"prefixesToTry":{"Name":"prefixesToTry","Count":2,"LastSeen":"2026-02-09T22:11:01.1413337-06:00"},"dbRoles":{"Name":"dbRoles","Count":15,"LastSeen":"2026-02-09T22:11:01.1408377-06:00"},"args":{"Name":"args","Count":0,"LastSeen":"2026-02-09T22:11:01.1404375-06:00"},"systemUsers":{"Name":"systemUsers","Count":2,"LastSeen":"2026-02-09T22:11:01.1415116-06:00"},"fileInfo":{"Name":"fileInfo","Count":2,"LastSeen":"2026-02-09T22:11:01.1409413-06:00"},"configRoles":{"Name":"configRoles","Count":6,"LastSeen":"2026-02-09T22:11:01.1406326-06:00"},"ModulePathEnv":{"Name":"ModulePathEnv","Count":19,"LastSeen":"2026-02-09T22:11:01.1412285-06:00"}}
	Logging: 2026-02-10T04:11:31.4065012Z	2026-02-09T22:11:31.4065012-06:00	Verbose	EventViewer	Event\ log\ request:\ 449\ events\ returned	apps\WebhostRealtimeEvents\routes\api\v1\logs\get.ps1	get.ps1		6ec71a85-fb79-4ebc-aa1d-587c7f8b403c		1	{"ResultCount":449,"Filters":{"categories":null,"userID":null,"severities":null,"source":null,"activityName":null,"filter":null,"runspaceID":null,"sessionID":null},"TimeRange":15}
	Logging: 2026-02-10T04:11:31.4077053Z	2026-02-09T22:11:31.4077053-06:00	Debug	GlobalCache	Updated\ cache:\ 3\ jobs,\ 0\ runspaces,\ 0\ tasks\ \(0\.2635ms\)	WebHost.ps1::Update-GlobalCache	Update-GlobalCache				1	
	Logging: 2026-02-10T04:11:31.4101769Z	2026-02-09T22:11:31.4101769-06:00	Info	MetricsData	Track_HashTables	WebHost.ps1	ProcessLogQueue		Webhost	MainLoop	1	H4sIAAAAAAAACpWUy27CMBBF/8VrqPzIw84WFq0EVaRQuh5SQ5FCgmynEkL8ewWCZJxSyVnmOjoe37kzZ5IXn3pTaPOjzbL5aittSXYm73DQJHt2OCGzpq0dyRidkAVYV2hdk4xwypMp5VOqVpxnjGWCvURUCSnTKU0ySsllQo5gdO1m4NAdvdah4xAy45hsT/bDaoO4D6WjihBqwoXqqSU4vWvMCWE7qeOmAVyZUsF67uFm5hwcIDISx9VM4xSx4XgcgB9KR1UhFUcixv62G79td6Fj8pBKY6HkkDk0GKvjfIglR71D2X2eaEQPCpyIaOTZ/FZvG9/mmzLO5phz3lOX4MpvbwQfSj93QZFgCtWaF3O9hbZyORg4aKfNGqp2MOn//NLdGzTuTEn0mkWze91b5/cXiaPYUrEUsfNirY3dN/UKNpX2XuIdjOqG4kks0JhCvd9qi2PfSX0/QrIplaR/s2mvZT7Zt3e934dBwxVx3PPSm9br17iFFUuF3C7BQdXsfOJNGZVLmSQ99fIL1l7gFH0GAAA=
	Logging: 2026-02-10T04:11:31.4127829Z	2026-02-09T22:11:31.4127829-06:00	Info	MetricsData	Track_HashTables	WebHost.ps1	ProcessLogQueue		Webhost	MainLoop	1	{"prefixesToTry":{"Name":"prefixesToTry","Count":2,"LastSeen":"2026-02-09T22:11:31.4121203-06:00"},"dbRoles":{"Name":"dbRoles","Count":15,"LastSeen":"2026-02-09T22:11:31.4117366-06:00"},"args":{"Name":"args","Count":0,"LastSeen":"2026-02-09T22:11:31.4115972-06:00"},"systemUsers":{"Name":"systemUsers","Count":2,"LastSeen":"2026-02-09T22:11:31.4123519-06:00"},"fileInfo":{"Name":"fileInfo","Count":2,"LastSeen":"2026-02-09T22:11:31.4118234-06:00"},"configRoles":{"Name":"configRoles","Count":6,"LastSeen":"2026-02-09T22:11:31.4116766-06:00"},"ModulePathEnv":{"Name":"ModulePathEnv","Count":19,"LastSeen":"2026-02-09T22:11:31.4120342-06:00"}}
	Logging: 2026-02-10T04:11:46.5761292Z	2026-02-09T22:11:46.5761292-06:00	Verbose	EventViewer	Event\ log\ request:\ 453\ events\ returned	apps\WebhostRealtimeEvents\routes\api\v1\logs\get.ps1	get.ps1		6ec71a85-fb79-4ebc-aa1d-587c7f8b403c		1	{"ResultCount":453,"Filters":{"categories":null,"userID":null,"severities":null,"source":null,"activityName":null,"filter":null,"runspaceID":null,"sessionID":null},"TimeRange":15}
	Logging: 2026-02-10T04:11:46.5785781Z	2026-02-09T22:11:46.5785781-06:00	Info	MetricsData	Track_HashTables	WebHost.ps1	ProcessLogQueue		Webhost	MainLoop	1	H4sIAAAAAAAACpWUQWsCMRCF/0vOWpLsbrLZqx5a0CJo2/NooxXWXUmyBRH/e1E0mSwWsteX8GUy896cyWL5pddLbX61mbffXa0tqc7kHQ6aVM8OR2TSdo0jFaMjMgPrllo3pCKccjGmfEzVivOKsSoXL4Usqcz5mIqKUnIZkSMY3bgJOPRG0Dy6SCDLsigQ2Z7sh9UGcR+Kp2Yp9XKRl4G6Aad3rTkhrJc8V6ZUywuRBe7h1swpOEBkJA6qWUpRisCG47EHfiieqlKoVCpUse3W8djugmfylO6yUqg+s99grA6cHefIEci7zx2N6CmGK2nOWNTmt2bbxm2+KcPazDKJDDcHt/mJIvhQQu5SqIJlyBKL5VRvoavdAgwctNPmE+qul/R/rvh3U+IuFRfoN7N297q3Lp4vEoexc0EL/KdPbey+bVawrnX0k+hg2DSUynFModlvtcW291KYR1JGC8mR8+8utNcyn+zbux72YVq42FVDqyveWgMXFlMUuX0DDup2FxNvyjBfch58efkDTCDRAH0GAAA=
	Logging: 2026-02-10T04:11:46.5806124Z	2026-02-09T22:11:46.5806124-06:00	Info	MetricsData	Track_HashTables	WebHost.ps1	ProcessLogQueue		Webhost	MainLoop	1	{"prefixesToTry":{"Name":"prefixesToTry","Count":2,"LastSeen":"2026-02-09T22:11:46.5801083-06:00"},"dbRoles":{"Name":"dbRoles","Count":15,"LastSeen":"2026-02-09T22:11:46.5796753-06:00"},"ModulePathEnv":{"Name":"ModulePathEnv","Count":19,"LastSeen":"2026-02-09T22:11:46.5800309-06:00"},"args":{"Name":"args","Count":0,"LastSeen":"2026-02-09T22:11:46.5795385-06:00"},"systemUsers":{"Name":"systemUsers","Count":2,"LastSeen":"2026-02-09T22:11:46.5803311-06:00"},"fileInfo":{"Name":"fileInfo","Count":2,"LastSeen":"2026-02-09T22:11:46.5798010-06:00"},"logEntries":{"Name":"logEntries","Count":4,"LastSeen":"2026-02-09T22:11:46.5799329-06:00"},"configRoles":{"Name":"configRoles","Count":6,"LastSeen":"2026-02-09T22:11:46.5796199-06:00"}}
	Logging: 2026-02-10T04:12:01.9826126Z	2026-02-09T22:12:01.9826126-06:00	Info	MetricsData	Track_HashTables	WebHost.ps1	ProcessLogQueue		Webhost	MainLoop	1	H4sIAAAAAAAACpWUUW+CMBSF/0ufdWkLlJZXfdgSXUx07vnKqjNBMLQsMcb/vmCk3DKXFN44JR+3595zr2S1/tS7ta5/dL2svppCG5JdyTucNMmeHU7IrGpKSzJGJ2QBxq61LklGOOViSvmUqg3nGeMZZS9KchpHckpFRim5TcgZal3aGVj0j15z6CSAzCRvtY5sLubD6BpxO8VRo5B626en5mD1oaovCOskx01Dqo1SHvXc093MOVhAZCSOqpmlXNCeDefzANwpjqpCqCyKE+Rvs/Pb9hAck4e4y2IVD5lDg7E6rndMRqhiNLvPJxrRQwaOU6pSz+a3cl/5Nt+VkTYrgahLsPm3F8FO6XMXQhVSCWzFXO+hKewKajhpq+stFM0g6f984v4bEncmFUMNXlSH16Oxfn+ROI6dSOndaatrc6zKDewK7d3EOxjXDSW4QjGF8rjXBo+9k/p+BGVUJJT9mU3Tlvlk3z70fh8GhYumCVq1uZfW9m3cwuIxnqAcLBTVwSfelXFzySV30377BZcq7x99BgAA
	Logging: 2026-02-10T04:12:01.9846153Z	2026-02-09T22:12:01.9846153-06:00	Info	MetricsData	Track_HashTables	WebHost.ps1	ProcessLogQueue		Webhost	MainLoop	1	{"prefixesToTry":{"Name":"prefixesToTry","Count":2,"LastSeen":"2026-02-09T22:12:01.9840623-06:00"},"dbRoles":{"Name":"dbRoles","Count":15,"LastSeen":"2026-02-09T22:12:01.9835980-06:00"},"ModulePathEnv":{"Name":"ModulePathEnv","Count":19,"LastSeen":"2026-02-09T22:12:01.9838705-06:00"},"args":{"Name":"args","Count":0,"LastSeen":"2026-02-09T22:12:01.9834766-06:00"},"systemUsers":{"Name":"systemUsers","Count":2,"LastSeen":"2026-02-09T22:12:01.9842630-06:00"},"fileInfo":{"Name":"fileInfo","Count":2,"LastSeen":"2026-02-09T22:12:01.9836581-06:00"},"logEntries":{"Name":"logEntries","Count":3,"LastSeen":"2026-02-09T22:12:01.9837772-06:00"},"configRoles":{"Name":"configRoles","Count":6,"LastSeen":"2026-02-09T22:12:01.9835474-06:00"}}
	Logging: 2026-02-10T04:12:35.9607452Z	2026-02-09T22:12:35.9607452-06:00	Info	MetricsData	Track_HashTables	WebHost.ps1	ProcessLogQueue		Webhost	MainLoop	1	{"prefixesToTry":{"Name":"prefixesToTry","Count":2,"LastSeen":"2026-02-09T22:12:35.7771584-06:00"},"dbRoles":{"Name":"dbRoles","Count":15,"LastSeen":"2026-02-09T22:12:35.7766484-06:00"},"ModulePathEnv":{"Name":"ModulePathEnv","Count":19,"LastSeen":"2026-02-09T22:12:35.7770307-06:00"},"args":{"Name":"args","Count":0,"LastSeen":"2026-02-09T22:12:35.7763891-06:00"},"systemUsers":{"Name":"systemUsers","Count":2,"LastSeen":"2026-02-09T22:12:35.9604040-06:00"},"fileInfo":{"Name":"fileInfo","Count":2,"LastSeen":"2026-02-09T22:12:35.7767677-06:00"},"logEntries":{"Name":"logEntries","Count":2,"LastSeen":"2026-02-09T22:12:35.7769236-06:00"},"configRoles":{"Name":"configRoles","Count":6,"LastSeen":"2026-02-09T22:12:35.7764648-06:00"}}
	Logging: 2026-02-10T04:13:39.9166332Z	2026-02-09T22:13:39.9166332-06:00	Info	MetricsData	Track_HashTables	WebHost.ps1	ProcessLogQueue		Webhost	MainLoop	1	H4sIAAAAAAAACpWUy27CMBBF/8VrqPyIkzhbWLQSVEhQuh5SQ5HyQLZTCSH+vYJCPEZUcpa5jo7Hd+bOiSyWn3qz1OZHm3n71VXakuJE3qHWpHh2OCKTtmscKRgdkRlYt9S6IQXhlKdjysdUrTgvmCiEelEspZSJMU0LSsl5RA5gdOMm4NAdXuvRMoIss1wlnmyP9sNqg7h3paeKmHq5kMpTS3B615ojwvZSz81iqhVZwj23vpo5BQeIjMRBNcuMpZlnw+HwAL4rPVVFUBMlWYr87TZh225Cz+Qx7jIqkQt/iEeDsTqsd0wlyAc0u88nGtGjBk6ligU2vzXbNrT5qgyyWTIhkCVzcOV3EMG74nMXQ01zSrEVU72FrnILMFBrp80aqu4h6f/80t8bE3eZyxzdO2t3r3vrwv4icRhb5jRo71obu2+bFWwqHbwkOBjWDcU5in8NzX6rLR77XvL9iMpomjA0PLcptJcyn+zbm+73YVS4qODInzJI6+Vr2MLiCke1BAdVuwuJV2XYXArhl/b5FyzkqS19BgAA
	Logging: 2026-02-10T04:13:39.9185577Z	2026-02-09T22:13:39.9185577-06:00	Info	MetricsData	Track_HashTables	WebHost.ps1	ProcessLogQueue		Webhost	MainLoop	1	{"prefixesToTry":{"Name":"prefixesToTry","Count":2,"LastSeen":"2026-02-09T22:13:39.9181481-06:00"},"dbRoles":{"Name":"dbRoles","Count":15,"LastSeen":"2026-02-09T22:13:39.9178343-06:00"},"args":{"Name":"args","Count":0,"LastSeen":"2026-02-09T22:13:39.9177002-06:00"},"systemUsers":{"Name":"systemUsers","Count":2,"LastSeen":"2026-02-09T22:13:39.9183084-06:00"},"fileInfo":{"Name":"fileInfo","Count":2,"LastSeen":"2026-02-09T22:13:39.9178985-06:00"},"configRoles":{"Name":"configRoles","Count":6,"LastSeen":"2026-02-09T22:13:39.9177798-06:00"},"ModulePathEnv":{"Name":"ModulePathEnv","Count":19,"LastSeen":"2026-02-09T22:13:39.9180749-06:00"}}
	Logging: 2026-02-10T04:13:55.1565530Z	2026-02-09T22:13:55.1565530-06:00	Info	MetricsData	Track_HashTables	WebHost.ps1	ProcessLogQueue		Webhost	MainLoop	1	{"prefixesToTry":{"Name":"prefixesToTry","Count":2,"LastSeen":"2026-02-09T22:13:55.1560649-06:00"},"dbRoles":{"Name":"dbRoles","Count":15,"LastSeen":"2026-02-09T22:13:54.9748610-06:00"},"ModulePathEnv":{"Name":"ModulePathEnv","Count":19,"LastSeen":"2026-02-09T22:13:55.1559772-06:00"},"args":{"Name":"args","Count":0,"LastSeen":"2026-02-09T22:13:54.9747357-06:00"},"systemUsers":{"Name":"systemUsers","Count":2,"LastSeen":"2026-02-09T22:13:55.1562430-06:00"},"fileInfo":{"Name":"fileInfo","Count":2,"LastSeen":"2026-02-09T22:13:54.9749247-06:00"},"logEntries":{"Name":"logEntries","Count":2,"LastSeen":"2026-02-09T22:13:55.1558350-06:00"},"configRoles":{"Name":"configRoles","Count":6,"LastSeen":"2026-02-09T22:13:54.9748082-06:00"}}
	Logging: 2026-02-10T04:14:26.2626488Z	2026-02-09T22:14:26.2626488-06:00	Info	MetricsData	Track_HashTables	WebHost.ps1	ProcessLogQueue		Webhost	MainLoop	1	H4sIAAAAAAAACpWUy27CMBBF/8VrqOxJ4jy2sGglqJBCYT1QQ5HyQLFTCSH+vQIRZ0yp6myvozOTO3fmzBb5Wm1y1XyrZl5/toXSLDuzdywVy549jtikbivDMsFHbIba5EpVLGPAQY45jHm6BMhEmIF8AQkiiviYy4xzdhmxIzaqMhM0pEavWXTkQRZJGsY9WZ/0h1YN4XaKpQY+/QYhQE/dolH7ujkRrJUsN/bpFiJBfChvZk7RICETcVDPIoGr1rHxeHwAd4qlpv9SRRALnqbE33bjju0uWCb4uAsy/MV8NJiqA2fHedLTSXafJ5rQfQIHAkTo2PxW7WrX5psy0GYZkuHN0Wy/nBXslH7vfCIRx6mgVkzVDtvCLLDBUhnVrLBoHzb9j09sXZ91F6mUpO6s3r8etHHnS8RhbBkAWfhFvlKNPtTVEjeFcv7EeRgwDZDAY0EiVGJ12ClNY2+lfh5eOxpD6AxkfU2hvrb55N7e9f4eei2XSJLAOV3u1RpysEQQg4iIE1s0WNR7l3hTBuTySg2TqKNefgDqn+1dfQYAAA==
	Logging: 2026-02-10T04:14:26.2647087Z	2026-02-09T22:14:26.2647087-06:00	Info	MetricsData	Track_HashTables	WebHost.ps1	ProcessLogQueue		Webhost	MainLoop	1	{"prefixesToTry":{"Name":"prefixesToTry","Count":2,"LastSeen":"2026-02-09T22:14:26.2641040-06:00"},"dbRoles":{"Name":"dbRoles","Count":15,"LastSeen":"2026-02-09T22:14:26.2636968-06:00"},"args":{"Name":"args","Count":0,"LastSeen":"2026-02-09T22:14:26.2635591-06:00"},"systemUsers":{"Name":"systemUsers","Count":2,"LastSeen":"2026-02-09T22:14:26.2643752-06:00"},"fileInfo":{"Name":"fileInfo","Count":2,"LastSeen":"2026-02-09T22:14:26.2637914-06:00"},"configRoles":{"Name":"configRoles","Count":6,"LastSeen":"2026-02-09T22:14:26.2636395-06:00"},"ModulePathEnv":{"Name":"ModulePathEnv","Count":19,"LastSeen":"2026-02-09T22:14:26.2640165-06:00"}}
	Logging: 2026-02-10T04:15:45.4323458Z	2026-02-09T22:15:45.4323458-06:00	Info	MetricsData	Track_HashTables	WebHost.ps1	ProcessLogQueue		Webhost	MainLoop	1	H4sIAAAAAAAACpWUzW7CMBCE38VnqPwT23GucGglqJBC6dlQQ5FCgmynEkK8ewUFZ02p6hwziT5vZmd8RLPy3SxLY7+MnTYfbWUcKo7oVe8MKh69HKBR09YeFQQP0EQ7XxpTowJRTMUQ0yFWc0oLwouMPzEsBWZ8iEWBMToN0F5bU/uR9uCMTgtonkKmRNCO7A7uzRkLuDclUNm/1IwRqXIw70p7s2nsAWCDFLgyYVohKcEdd3cxc6y9BmQg9piZYUmyLO/Yer+/A9+UQFUpE3NCFfC3XcZruwqBSVMmlQSm4QdxbzBU+/kgFQc+gOw+TjSgJwWOCyYjm1/qdRPbfFF62qwyYMlU+9VnVMGb0vUuKRJYMmjF2Kx1W/mZtnpnvLELXbV3Tf/jk3BuUt1pzoFHk2bzvHU+3i8Qe7GFUtD/Wbkw1m2beq6XlYn+JHrRaxsyE1KAmup6uzYOxj5I3T6SsomF+J1Ndx7zwX171bv7MKlcgsEjVlFbz0/9LizBSRbRdNVsYuJF6ZVLIXIZdnj6Blwfto19BgAA
	Logging: 2026-02-10T04:15:45.4344851Z	2026-02-09T22:15:45.4344851-06:00	Info	MetricsData	Track_HashTables	WebHost.ps1	ProcessLogQueue		Webhost	MainLoop	1	{"prefixesToTry":{"Name":"prefixesToTry","Count":2,"LastSeen":"2026-02-09T22:15:45.4339687-06:00"},"dbRoles":{"Name":"dbRoles","Count":15,"LastSeen":"2026-02-09T22:15:45.4335138-06:00"},"args":{"Name":"args","Count":0,"LastSeen":"2026-02-09T22:15:45.4333705-06:00"},"systemUsers":{"Name":"systemUsers","Count":2,"LastSeen":"2026-02-09T22:15:45.4341762-06:00"},"fileInfo":{"Name":"fileInfo","Count":2,"LastSeen":"2026-02-09T22:15:45.4335817-06:00"},"configRoles":{"Name":"configRoles","Count":6,"LastSeen":"2026-02-09T22:15:45.4334560-06:00"},"ModulePathEnv":{"Name":"ModulePathEnv","Count":19,"LastSeen":"2026-02-09T22:15:45.4337636-06:00"}}
	Logging: 2026-02-10T04:16:30.6562714Z	2026-02-09T22:16:30.6562714-06:00	Info	MetricsData	Track_HashTables	WebHost.ps1	ProcessLogQueue		Webhost	MainLoop	1	H4sIAAAAAAAACpWUy27CMBBF/8VrqBwnfmULi1aCCimUrg01FCkPZDuVEOLfKxDYY0olZ5nr6Mz4zh2f0KL61OtKmx9t5t1XX2uLyhN6V41G5bPDEZp0fetQmeERminrKq1bVCKCCRtjMsZySUiZsTLHL4xSLqQcY1ZijM4jdFBGt26iHKgRNI+mKeScMxrI9mg/rDaAe1c8NU+hSo5Bvxvl9K4zR4D1kufyBG5BWUECt7maOVVOATIQh/VMBM0CWx0OD+C74qkypWMiMtCx7dfx2G6CZ5KUToXkf5iPBkN14OzyDCQCZPd5ogE9KXCcsiKy+a3ddrHNV2WYzTmH1Llym+9oBe9K2LukSGDGoBVTvVV97RbKqEY7bVaq7h82/Z9ffN2kdadCilB31u1e99bF8wXiMDbmAji1qFba2H3XLtW61tFNooNB06AcE1CjUe1+qy2MvZfCPJKymbEMGHNLob20+eS9venhPUxbLkJA/DfRtl6+hj1YhZAxTdXdLiZelUG5LGiOPfX8C+pPioF9BgAA
	Logging: 2026-02-10T04:16:30.6583934Z	2026-02-09T22:16:30.6583934-06:00	Info	MetricsData	Track_HashTables	WebHost.ps1	ProcessLogQueue		Webhost	MainLoop	1	{"prefixesToTry":{"Name":"prefixesToTry","Count":2,"LastSeen":"2026-02-09T22:16:30.6578813-06:00"},"dbRoles":{"Name":"dbRoles","Count":15,"LastSeen":"2026-02-09T22:16:30.6575602-06:00"},"args":{"Name":"args","Count":0,"LastSeen":"2026-02-09T22:16:30.6574257-06:00"},"systemUsers":{"Name":"systemUsers","Count":2,"LastSeen":"2026-02-09T22:16:30.6580419-06:00"},"fileInfo":{"Name":"fileInfo","Count":2,"LastSeen":"2026-02-09T22:16:30.6576247-06:00"},"configRoles":{"Name":"configRoles","Count":6,"LastSeen":"2026-02-09T22:16:30.6575056-06:00"},"ModulePathEnv":{"Name":"ModulePathEnv","Count":19,"LastSeen":"2026-02-09T22:16:30.6578058-06:00"}}
	Logging: 2026-02-10T04:17:16.0553496Z	2026-02-09T22:17:16.0553496-06:00	Info	MetricsData	Track_HashTables	WebHost.ps1	ProcessLogQueue		Webhost	MainLoop	1	H4sIAAAAAAAACpWUy27CMBBF/8VrqPzAj2QLi1aCCimUrgdqKFJIUOxUQoh/r6DgjBGVnGWuo+PxnblzIvPi064K2/zYZlZ/taV1JD+Rd9hbkj87HJBx3Vae5IwOyBScL6ytSE445WpI+ZBmC85zpnMmX4xSQtFsSFVOKTkPyAEaW/kxeHRHpwW0TCDLLNOI7I7uw9kGce9KoIqUehUTiLoGb7d1c0TYIAWuTql2RA3i7q9mTsADIiOxV80yY0Z1bDgcHsB3JVCzFCrLJEX+tqu4bTchMHmKu5LjSv8QjwZjtV/vpKajjo5m9/lEI3rKwCnBuY5sfqs2dWzzVelnMzeMd9QZ+PV3FMG70uUuhWq0QbXOi4ndQFv6OTSwt942Syjbh6T/80u4Nynu1HA05tN6+7pzPu4vEnuxpZbM4DctbeN2dbWAVWmjl0QHvbqhOJc4plDtNtbhsQ9S14+kjBqBwbcpdJcyn+zbm97tw6RwiUwgf9ZRWi9f/RaWEHhhrcFDWW9j4lXpN5dCj8Jcnn8Bibs4T30GAAA=
	Logging: 2026-02-10T04:17:16.0575421Z	2026-02-09T22:17:16.0575421-06:00	Info	MetricsData	Track_HashTables	WebHost.ps1	ProcessLogQueue		Webhost	MainLoop	1	{"prefixesToTry":{"Name":"prefixesToTry","Count":2,"LastSeen":"2026-02-09T22:17:16.0569648-06:00"},"dbRoles":{"Name":"dbRoles","Count":15,"LastSeen":"2026-02-09T22:17:16.0564461-06:00"},"args":{"Name":"args","Count":0,"LastSeen":"2026-02-09T22:17:16.0563084-06:00"},"systemUsers":{"Name":"systemUsers","Count":2,"LastSeen":"2026-02-09T22:17:16.0571516-06:00"},"fileInfo":{"Name":"fileInfo","Count":2,"LastSeen":"2026-02-09T22:17:16.0565139-06:00"},"configRoles":{"Name":"configRoles","Count":6,"LastSeen":"2026-02-09T22:17:16.0563912-06:00"},"ModulePathEnv":{"Name":"ModulePathEnv","Count":19,"LastSeen":"2026-02-09T22:17:16.0568396-06:00"}}
	Logging: 2026-02-10T04:24:24.2597818Z	2026-02-09T22:24:24.2597818-06:00	Info	MetricsData	Track_HashTables	WebHost.ps1	ProcessLogQueue		Webhost	MainLoop	1	{"prefixesToTry":{"Name":"prefixesToTry","Count":2,"LastSeen":"2026-02-09T22:24:24.2592919-06:00"},"dbRoles":{"Name":"dbRoles","Count":15,"LastSeen":"2026-02-09T22:24:24.1377673-06:00"},"args":{"Name":"args","Count":0,"LastSeen":"2026-02-09T22:24:24.1376320-06:00"},"systemUsers":{"Name":"systemUsers","Count":2,"LastSeen":"2026-02-09T22:24:24.2594721-06:00"},"fileInfo":{"Name":"fileInfo","Count":2,"LastSeen":"2026-02-09T22:24:24.1378336-06:00"},"configRoles":{"Name":"configRoles","Count":6,"LastSeen":"2026-02-09T22:24:24.1377121-06:00"},"ModulePathEnv":{"Name":"ModulePathEnv","Count":19,"LastSeen":"2026-02-09T22:24:24.2591329-06:00"}}
	Logging: 2026-02-10T04:24:54.3120293Z	2026-02-09T22:24:54.3120293-06:00	Info	MetricsData	Track_HashTables	WebHost.ps1	ProcessLogQueue		Webhost	MainLoop	1	H4sIAAAAAAAACpWUQW/CMAyF/0vOMCVpmtBe4bBJMCHBtrNhhiGVFiXpJIT479MQpA5jUnrsS/XFeX72ic0XH7haoP1GO2s+2wodK0/sFfbIykeHAzZu2tqzUvABm4LzC8SalUxyqYdcDnmxlLKUqszVUyaEKrLRkOuSc3YesANYrP0YPLmj0wI6TyFLY/KO7I7uzaEl3JsSqFkKVRsjO+oaPG4beyTYIAWuSeByIyTxYX8xcwIeCJmI/WqWXBE2HA534JsSqEVKxbkcCeJvu4rbdhUCUya5y+Uf5r3BVO3Zu4z2jmT3caIJPSlwSovY5pd608Q2X5SeNhei6Kgz8OuvaARvSjd3KbUKPcqoFRPcQFv5OVjYo0f7DlV7N+n//BLuTRr3TBne3Tttts875+P+ErEfm2fC0De9o3W7pl7CqsLoJdFBr24IJZQiYwr1boOOxj5IXT+SsimkJtvqmkL3W+aDfXvVu32YNFy5VMSfdTStv1/9FpZWeUyDqtnGxIvSK5dcmyKk/fwDet6O9X0GAAA=
	Logging: 2026-02-10T04:24:54.3140741Z	2026-02-09T22:24:54.3140741-06:00	Info	MetricsData	Track_HashTables	WebHost.ps1	ProcessLogQueue		Webhost	MainLoop	1	{"prefixesToTry":{"Name":"prefixesToTry","Count":2,"LastSeen":"2026-02-09T22:24:54.3135890-06:00"},"dbRoles":{"Name":"dbRoles","Count":15,"LastSeen":"2026-02-09T22:24:54.3132095-06:00"},"args":{"Name":"args","Count":0,"LastSeen":"2026-02-09T22:24:54.3130693-06:00"},"systemUsers":{"Name":"systemUsers","Count":2,"LastSeen":"2026-02-09T22:24:54.3138036-06:00"},"fileInfo":{"Name":"fileInfo","Count":2,"LastSeen":"2026-02-09T22:24:54.3132760-06:00"},"configRoles":{"Name":"configRoles","Count":6,"LastSeen":"2026-02-09T22:24:54.3131497-06:00"},"ModulePathEnv":{"Name":"ModulePathEnv","Count":19,"LastSeen":"2026-02-09T22:24:54.3134938-06:00"}}
	Logging: 2026-02-10T04:25:24.3859891Z	2026-02-09T22:25:24.3859891-06:00	Info	MetricsData	Track_HashTables	WebHost.ps1	ProcessLogQueue		Webhost	MainLoop	1	H4sIAAAAAAAACpWUT2sCMRDFv0vOWrLZZP9d9dCCFkFrz6MdrbDuSpItiPjdi1aTiVjIHvdl+WXy5s2c2Gz+ias56h/U0/arq9Gw6sTeYY+senY4YKO2ayyrEj5gEzB2jtiwigkusiEXQ14uhKiEqoR8SQuleCaGPKs4Z+cBO4DGxo7Akju85tAqhizKvPRkczQfBjXh3hVHTWOoWZHmnroGi9tWHwnWSY6bR3BllnLC3V/NHIMFQiZiv5qFyIgTcDg8gO+Ko5YxFUsR+NutwrbdBMcUUe4m1IU/xKPBVO3ZOymVp5PsPk80oUcFTuaKBza/NZs2tPmq9LS5KIglU7Dr72AE74qfu5hak/KieSvGuIGutjPQsEeLegl19zDp//zi7o0a9zRT0t87abevO2PD/hKxH5urLKVvWqI2u7ZZwKrG4CXBQa9uKClK4tsemt0GDY29k3w/orKZyJKE55ZCcynzyb696X4fRg2XSukaWAfTevnqt7CUlElAg7rdhsSr0iuXUuWFs+H8C/epTht9BgAA
	Logging: 2026-02-10T04:25:24.3880267Z	2026-02-09T22:25:24.3880267-06:00	Info	MetricsData	Track_HashTables	WebHost.ps1	ProcessLogQueue		Webhost	MainLoop	1	{"prefixesToTry":{"Name":"prefixesToTry","Count":2,"LastSeen":"2026-02-09T22:25:24.3875129-06:00"},"dbRoles":{"Name":"dbRoles","Count":15,"LastSeen":"2026-02-09T22:25:24.3871837-06:00"},"args":{"Name":"args","Count":0,"LastSeen":"2026-02-09T22:25:24.3870483-06:00"},"systemUsers":{"Name":"systemUsers","Count":2,"LastSeen":"2026-02-09T22:25:24.3877218-06:00"},"fileInfo":{"Name":"fileInfo","Count":2,"LastSeen":"2026-02-09T22:25:24.3872477-06:00"},"configRoles":{"Name":"configRoles","Count":6,"LastSeen":"2026-02-09T22:25:24.3871299-06:00"},"ModulePathEnv":{"Name":"ModulePathEnv","Count":19,"LastSeen":"2026-02-09T22:25:24.3874340-06:00"}}
	Logging: 2026-02-10T04:25:54.4624133Z	2026-02-09T22:25:54.4624133-06:00	Info	MetricsData	Track_HashTables	WebHost.ps1	ProcessLogQueue		Webhost	MainLoop	1	H4sIAAAAAAAACpWUzW7CMBCE38VnqGznz84VDq0EVaRQel5SQ5FCEtlOJYR49woK9gZRyTlmHH1ez+7siRTlp9qUSv8ovWy/+loZkp/IOxwUyZ8dTsis7RtLckYnZAHGlko1JCec8nRK+ZTKFec5T/IkfolTJuRFTnNKyXlCOtCqsTOw6A6vOXQSQo55KjzZHM2HURpx74qjRgFUzuIs9tQKrNq1+oiwTnLcLIBLJZfMcw9XM+dgAZGROKpmFjGK2NB1D+C74qgypOIsYhz522+GbbsJjslD3KVpjNz9QzwajNWRvaNp4ulodp9PNKIHDZxIJDIEuu6t2bZDm6/KOJsF45GnLsFW34MI3hWfu5BaecZQOIpyrrbQ17YADQdllV5D3T8k/Z9f3L1Bcc94lvl7F+3udW/ssL9IHMdmUYb8L8q10mbfNivY1GrwksHBqG4wwShFMYVmv1UGj72TfD+CMsqkQHvwNoXmUuaTfXvT/T4MCReTMUdroBqk9fI1bmGJNEFOVGChbndD4lUZNZdUSD8f51/lmEf3fQYAAA==
	Logging: 2026-02-10T04:25:54.4646329Z	2026-02-09T22:25:54.4646329-06:00	Info	MetricsData	Track_HashTables	WebHost.ps1	ProcessLogQueue		Webhost	MainLoop	1	{"prefixesToTry":{"Name":"prefixesToTry","Count":2,"LastSeen":"2026-02-09T22:25:54.4641023-06:00"},"dbRoles":{"Name":"dbRoles","Count":15,"LastSeen":"2026-02-09T22:25:54.4634426-06:00"},"args":{"Name":"args","Count":0,"LastSeen":"2026-02-09T22:25:54.4633134-06:00"},"systemUsers":{"Name":"systemUsers","Count":2,"LastSeen":"2026-02-09T22:25:54.4643797-06:00"},"fileInfo":{"Name":"fileInfo","Count":2,"LastSeen":"2026-02-09T22:25:54.4635918-06:00"},"configRoles":{"Name":"configRoles","Count":6,"LastSeen":"2026-02-09T22:25:54.4633888-06:00"},"ModulePathEnv":{"Name":"ModulePathEnv","Count":19,"LastSeen":"2026-02-09T22:25:54.4639922-06:00"}}
	Logging: 2026-02-10T04:26:24.6388559Z	2026-02-09T22:26:24.6388559-06:00	Verbose	EventViewer	Event\ log\ request:\ 461\ events\ returned	apps\WebhostRealtimeEvents\routes\api\v1\logs\get.ps1	get.ps1		6ec71a85-fb79-4ebc-aa1d-587c7f8b403c		1	{"ResultCount":461,"Filters":{"categories":null,"userID":null,"severities":null,"source":null,"activityName":null,"filter":null,"runspaceID":null,"sessionID":null},"TimeRange":15}
	Logging: 2026-02-10T04:26:24.6412968Z	2026-02-09T22:26:24.6412968-06:00	Info	MetricsData	Track_HashTables	WebHost.ps1	ProcessLogQueue		Webhost	MainLoop	1	H4sIAAAAAAAACpWUwW7CMBBE/8VnqBw7seNc4dBKUCFB6XmhhiKFJIqdSgjx7xWUOOuUqs4x4+h5PbuzZ7JYvuvNUtdfup6XH02uDcnO5BWOmmSPDkdkUjaFJVlER2QGxi61LkhGGGViTNmYqhVjGRMZi59ETKVSdExFRim5jEgFtS7sBCy6o9McOgkhJymXHdmczJvRNeK2iqPyAGpE+VVrqVuwel/WJ4R1kuPKkGojkSIfjjczp2ABkZE4qGaaRCzu2FBVPXCrOKr6n8qV4lQhf5uN37a74JgspFJFBXL3B9E3GKvDfFBpmnZ0NLuPJxrRgwZOCoEMgap6KXalb/NNGWiz4qjoOdjtpxfBVulyF1JrLBNU62I51TtocruAGo7a6noNedNL+h+/uHuD4i4Szrt7Z+X++WCs318kDmNzGXtvWuvaHMpiBZtcey/xDoZ0I6aSURxTKA47bfDYO6nrR9BsxlxGv2bTXMt8sG/vercPg8KVMoX82XppvX4NW1g07dEgL/c+8aYMm8uIx0lLvXwDPprgE30GAAA=
	Logging: 2026-02-10T04:26:24.6430383Z	2026-02-09T22:26:24.6430383-06:00	Info	MetricsData	Track_HashTables	WebHost.ps1	ProcessLogQueue		Webhost	MainLoop	1	{"prefixesToTry":{"Name":"prefixesToTry","Count":2,"LastSeen":"2026-02-09T22:26:24.6426938-06:00"},"dbRoles":{"Name":"dbRoles","Count":15,"LastSeen":"2026-02-09T22:26:24.6423672-06:00"},"args":{"Name":"args","Count":0,"LastSeen":"2026-02-09T22:26:24.6422305-06:00"},"systemUsers":{"Name":"systemUsers","Count":2,"LastSeen":"2026-02-09T22:26:24.6428613-06:00"},"fileInfo":{"Name":"fileInfo","Count":2,"LastSeen":"2026-02-09T22:26:24.6424348-06:00"},"configRoles":{"Name":"configRoles","Count":6,"LastSeen":"2026-02-09T22:26:24.6423115-06:00"},"ModulePathEnv":{"Name":"ModulePathEnv","Count":19,"LastSeen":"2026-02-09T22:26:24.6426164-06:00"}}
	Logging: 2026-02-10T04:27:40.0647416Z	2026-02-09T22:27:40.0647416-06:00	Verbose	EventViewer	Event\ log\ request:\ 455\ events\ returned	apps\WebhostRealtimeEvents\routes\api\v1\logs\get.ps1	get.ps1		6ec71a85-fb79-4ebc-aa1d-587c7f8b403c		1	{"ResultCount":455,"Filters":{"categories":null,"userID":null,"severities":null,"source":null,"activityName":null,"filter":null,"runspaceID":null,"sessionID":null},"TimeRange":15}
	Logging: 2026-02-10T04:27:40.0679343Z	2026-02-09T22:27:40.0679343-06:00	Info	MetricsData	Track_HashTables	WebHost.ps1	ProcessLogQueue		Webhost	MainLoop	1	H4sIAAAAAAAACpWUzW7CMBCE38VnqOxNbCe5wqGVoEKC0rOhhiLlB9lOJYR49woEzjqlknPMOPq83p3ZM1ksP/Vmqc2PNvPmqy21JcWZvKtKk+LZ4YhMmrZ2pGB0RGbKuqXWNSkIUBBjCmOarwAKkEVKX6gQnIMcU1FQSi4jclRG126iHLqj0zyax5Ah57wj25P9sNog7kPx1CSGKjlNOupWOb1vzAlhveS5MoLLsxzyjlvdmjlVTiEyEofVDCBQj9Xx2AM/FE/NYyoWkiGqbTfh2O6CZ0JMpULytM/sNxirA2fHAM0Oefe5oxE9ynAcgAZtfqt3TdjmmzKszRIkdNS5ctvvIIIPpctdTK0sZ6jWxXKqd6ot3UIZVWmnzVqVbS/p//zi742Ke8pw3GfN/vVgXThfJA5j0zzJ8JvW2thDU6/UptTBS4KDQdMQqRTIoJWqDzttse291M0jypuMp+yPN+21zCf79q53+zAqXDxL0BXbIK3Xr2ELS0oZ0lTZ7EPiTRnkS54lmadefgFi6qSMfQYAAA==
	Logging: 2026-02-10T04:27:40.0697630Z	2026-02-09T22:27:40.0697630-06:00	Info	MetricsData	Track_HashTables	WebHost.ps1	ProcessLogQueue		Webhost	MainLoop	1	{"prefixesToTry":{"Name":"prefixesToTry","Count":2,"LastSeen":"2026-02-09T22:27:40.0693533-06:00"},"dbRoles":{"Name":"dbRoles","Count":15,"LastSeen":"2026-02-09T22:27:40.0690377-06:00"},"args":{"Name":"args","Count":0,"LastSeen":"2026-02-09T22:27:40.0689012-06:00"},"systemUsers":{"Name":"systemUsers","Count":2,"LastSeen":"2026-02-09T22:27:40.0695713-06:00"},"fileInfo":{"Name":"fileInfo","Count":2,"LastSeen":"2026-02-09T22:27:40.0691006-06:00"},"configRoles":{"Name":"configRoles","Count":6,"LastSeen":"2026-02-09T22:27:40.0689828-06:00"},"ModulePathEnv":{"Name":"ModulePathEnv","Count":19,"LastSeen":"2026-02-09T22:27:40.0692798-06:00"}}
	Logging: 2026-02-10T04:28:10.3923428Z	2026-02-09T22:28:10.3923428-06:00	Verbose	EventViewer	Event\ log\ request:\ 456\ events\ returned	apps\WebhostRealtimeEvents\routes\api\v1\logs\get.ps1	get.ps1		6ec71a85-fb79-4ebc-aa1d-587c7f8b403c		1	{"ResultCount":456,"Filters":{"categories":null,"userID":null,"severities":null,"source":null,"activityName":null,"filter":null,"runspaceID":null,"sessionID":null},"TimeRange":15}
	Logging: 2026-02-10T04:28:10.3946699Z	2026-02-09T22:28:10.3946699-06:00	Info	MetricsData	Track_HashTables	WebHost.ps1	ProcessLogQueue		Webhost	MainLoop	1	H4sIAAAAAAAACpWUy27CMBBF/8VrqPzKw9nCopWgQgql64EaihSSyHYqIcS/V9ASjymVnGWuozPjmXt9IovyXa9Lbb60mTcfXaUtKU7kFQ6aFI8OR2TSdLUjBaMjMgPrSq1rUhBOeTqmfEzVkvOC5wWjT0JJlgo1pmlBKTmPSAtG124CDtXwWo9OIshCSSU92R7tm9UGcW9KTxUx/QqZpZ66Aad3jTkibC/13CymWylz5rmH6zCn4ACRkTioZ5FnKvdsaNs78E3pqSqGypOEovl263Btv0LP5DHT5alCbvhB3A8YqwN3RyVyBPLuY0cjeozhJBMc4aFtX+ptE475qgwbsxACGWMObvMZRPCm+NxFWUIyZIlFOdVb6Cq3AAMH7bRZQdXdJf2fX/q6UXGnTKK6s2b3vLcu3C8SB7FFmuUC32mljd039RLWlQ5uEhwM2oakucQxhXq/1Rbbvpf8PqIymknJ/3jTXtp88N7+6v49jAoXUwkqsQnSevka9mCJPEXT3oCDqtmFxKsyzJeS+R2evwHopEdJfQYAAA==
	Logging: 2026-02-10T04:28:10.3964994Z	2026-02-09T22:28:10.3964994-06:00	Info	MetricsData	Track_HashTables	WebHost.ps1	ProcessLogQueue		Webhost	MainLoop	1	{"prefixesToTry":{"Name":"prefixesToTry","Count":2,"LastSeen":"2026-02-09T22:28:10.3961662-06:00"},"dbRoles":{"Name":"dbRoles","Count":15,"LastSeen":"2026-02-09T22:28:10.3958031-06:00"},"args":{"Name":"args","Count":0,"LastSeen":"2026-02-09T22:28:10.3956728-06:00"},"systemUsers":{"Name":"systemUsers","Count":2,"LastSeen":"2026-02-09T22:28:10.3963306-06:00"},"fileInfo":{"Name":"fileInfo","Count":2,"LastSeen":"2026-02-09T22:28:10.3958657-06:00"},"configRoles":{"Name":"configRoles","Count":6,"LastSeen":"2026-02-09T22:28:10.3957506-06:00"},"ModulePathEnv":{"Name":"ModulePathEnv","Count":19,"LastSeen":"2026-02-09T22:28:10.3960890-06:00"}}
	Logging: 2026-02-10T04:28:25.6685659Z	2026-02-09T22:28:25.6685659-06:00	Info	MetricsData	Track_HashTables	WebHost.ps1	ProcessLogQueue		Webhost	MainLoop	1	{"prefixesToTry":{"Name":"prefixesToTry","Count":2,"LastSeen":"2026-02-09T22:28:25.5479282-06:00"},"dbRoles":{"Name":"dbRoles","Count":15,"LastSeen":"2026-02-09T22:28:25.5475750-06:00"},"ModulePathEnv":{"Name":"ModulePathEnv","Count":19,"LastSeen":"2026-02-09T22:28:25.5478526-06:00"},"args":{"Name":"args","Count":0,"LastSeen":"2026-02-09T22:28:25.5474438-06:00"},"systemUsers":{"Name":"systemUsers","Count":2,"LastSeen":"2026-02-09T22:28:25.5484386-06:00"},"fileInfo":{"Name":"fileInfo","Count":2,"LastSeen":"2026-02-09T22:28:25.5476392-06:00"},"logEntries":{"Name":"logEntries","Count":3,"LastSeen":"2026-02-09T22:28:25.5477600-06:00"},"configRoles":{"Name":"configRoles","Count":6,"LastSeen":"2026-02-09T22:28:25.5475200-06:00"}}
	Logging: 2026-02-10T04:29:41.2302504Z	2026-02-09T22:29:41.2302504-06:00	Info	MetricsData	Track_HashTables	WebHost.ps1	ProcessLogQueue		Webhost	MainLoop	1	{"prefixesToTry":{"Name":"prefixesToTry","Count":2,"LastSeen":"2026-02-09T22:29:41.2295617-06:00"},"dbRoles":{"Name":"dbRoles","Count":15,"LastSeen":"2026-02-09T22:29:41.0389614-06:00"},"args":{"Name":"args","Count":0,"LastSeen":"2026-02-09T22:29:41.0386322-06:00"},"systemUsers":{"Name":"systemUsers","Count":2,"LastSeen":"2026-02-09T22:29:41.2298303-06:00"},"fileInfo":{"Name":"fileInfo","Count":2,"LastSeen":"2026-02-09T22:29:41.0390356-06:00"},"configRoles":{"Name":"configRoles","Count":6,"LastSeen":"2026-02-09T22:29:41.0388212-06:00"},"ModulePathEnv":{"Name":"ModulePathEnv","Count":19,"LastSeen":"2026-02-09T22:29:41.0392281-06:00"}}
	Logging: 2026-02-10T04:30:41.3902438Z	2026-02-09T22:30:41.3902438-06:00	Info	MetricsData	Track_HashTables	WebHost.ps1	ProcessLogQueue		Webhost	MainLoop	1	H4sIAAAAAAAACpWUzW7CMBCE38VnqBwnsZ1c4dBKUCGF0vOSGoqUP8VOJYR49woK9hpRyTlmHH1e78zuiayKT7UtVP+j+mX7NVRKk/xE3qFWJH92OCGzdmgMySM6IQvQplCqITlhlPEpZVOarRnLY5on0UssM5GIZEp5Tik5T0gHvWrMDAy6w2kWnYaQ0ySSjqyP+kOrHnHviqXGIdSM0chRSzBq3/ZHhLWS5YoArpSCC8etr82cgwFERuK4mhMRcceGrnsA3xVLzUIqZmmWof4OW9+2m2CZLKRSmWSo0j/EY4OxOq4PUjKUCJTd54lG9KDAiQhbCF331uxav81XZVybU5HGjroEU357I3hX3NwFRYKlyLxVMVc7GCqzgh5qZVS/gWp4mPR/frH3Bo07pwIZvGj3rwdtfH+ROI7NZOy9aaN6fWibNWwr5b3EOxjlRsZFhNyooTnslMaxt5LzIyibccrRXrmlUF/KfLJvb7rbh0HDJYREtZfetF6+xi0snqTIyRIMVO3eJ16VUbmUXFLr4fkXXUwMiX0GAAA=
	Logging: 2026-02-10T04:30:41.3919360Z	2026-02-09T22:30:41.3919360-06:00	Info	MetricsData	Track_HashTables	WebHost.ps1	ProcessLogQueue		Webhost	MainLoop	1	{"prefixesToTry":{"Name":"prefixesToTry","Count":2,"LastSeen":"2026-02-09T22:30:41.3915391-06:00"},"dbRoles":{"Name":"dbRoles","Count":15,"LastSeen":"2026-02-09T22:30:41.3912349-06:00"},"args":{"Name":"args","Count":0,"LastSeen":"2026-02-09T22:30:41.3910689-06:00"},"systemUsers":{"Name":"systemUsers","Count":2,"LastSeen":"2026-02-09T22:30:41.3916920-06:00"},"fileInfo":{"Name":"fileInfo","Count":2,"LastSeen":"2026-02-09T22:30:41.3912969-06:00"},"configRoles":{"Name":"configRoles","Count":6,"LastSeen":"2026-02-09T22:30:41.3911830-06:00"},"ModulePathEnv":{"Name":"ModulePathEnv","Count":19,"LastSeen":"2026-02-09T22:30:41.3914681-06:00"}}
	Logging: 2026-02-10T04:31:12.8800904Z	2026-02-09T22:31:12.8800904-06:00	Verbose	EventViewer	Event\ log\ request:\ 453\ events\ returned	apps\WebhostRealtimeEvents\routes\api\v1\logs\get.ps1	get.ps1		6ec71a85-fb79-4ebc-aa1d-587c7f8b403c		1	{"ResultCount":453,"Filters":{"categories":null,"userID":null,"severities":null,"source":null,"activityName":null,"filter":null,"runspaceID":null,"sessionID":null},"TimeRange":15}
	Logging: 2026-02-10T04:31:12.8823788Z	2026-02-09T22:31:12.8823788-06:00	Info	MetricsData	Track_HashTables	WebHost.ps1	ProcessLogQueue		Webhost	MainLoop	1	H4sIAAAAAAAACpWVy27CMBBF/8VrqPzIw84WFq0EFRKUrgdqKFJIkO1UQoh/r0BgjymVnGWuo+PJnbmTE5nNP/Vqrs2PNtP2q6u1JdWJvMNek+rZ4YCM2q5xpGJ0QCZg3VzrhlSEU14MKR9SteC8Eqxi/EVKJnNBh7SoKCXnATmA0Y0bgUN3BM2j8xRyIbI8kO3RflhtEPeueKpIoHJaKhWoa3B625ojwnrJc8uUalmeI+7+auYYHCAyEnvVzHKe8cCGw+EBfFc8VSVQqZIK+9ut4rbdBM/kSe5S8Yf5aDBWe/ZOKBnoaHafTzSiJw2c5JRFNr81mza2+ar0spnRjKKip+DW31EE70rIXQo1kzKyYqw30NVuBgb22mmzhLp7SPo/r/h7k+JeUokaPGm3rzvr4v4isR9bSDzms/lSG7trmwWsah19SXTQrxtlKQSKKTS7jbZ47L0U+pGU0SzDe+U2hfZS5pN9e9PDPkwJF5ORP+sorZenfguLKlZENKjbbUy8Kv3mkvHM/w7Ov2fUMGF9BgAA
	Logging: 2026-02-10T04:31:12.8847719Z	2026-02-09T22:31:12.8847719-06:00	Info	MetricsData	Track_HashTables	WebHost.ps1	ProcessLogQueue		Webhost	MainLoop	1	{"prefixesToTry":{"Name":"prefixesToTry","Count":2,"LastSeen":"2026-02-09T22:31:12.8840179-06:00"},"dbRoles":{"Name":"dbRoles","Count":15,"LastSeen":"2026-02-09T22:31:12.8835371-06:00"},"ModulePathEnv":{"Name":"ModulePathEnv","Count":19,"LastSeen":"2026-02-09T22:31:12.8838108-06:00"},"args":{"Name":"args","Count":0,"LastSeen":"2026-02-09T22:31:12.8834039-06:00"},"systemUsers":{"Name":"systemUsers","Count":2,"LastSeen":"2026-02-09T22:31:12.8844491-06:00"},"fileInfo":{"Name":"fileInfo","Count":2,"LastSeen":"2026-02-09T22:31:12.8836000-06:00"},"logEntries":{"Name":"logEntries","Count":2,"LastSeen":"2026-02-09T22:31:12.8837199-06:00"},"configRoles":{"Name":"configRoles","Count":6,"LastSeen":"2026-02-09T22:31:12.8834838-06:00"}}
	Logging: 2026-02-10T04:31:30.4110686Z	2026-02-09T22:31:30.4110686-06:00	Info	MetricsData	Track_HashTables	WebHost.ps1	ProcessLogQueue		Webhost	MainLoop	1	H4sIAAAAAAAACpWUy27CMBBF/8VrqPyInccWFq0EVaTQdj1QQ5FCEsVOJYT49woE9iSlqrPMdXQ8nrl3TiQvPvS60O23bpf1Z1dqQ7ITeYWDJtmjwwmZ1V1lScbohCzA2ELrimSEU66mlE9puuI8EywT9CliVIo4mVKVUUrOE9JAqys7A4vu8JpDyxCy4In0ZHM0b0a3iHtXHFWEUGPGuaduwOpd3R4R1kmOG//PpalKZeS5h2sz52ABkZE4rmYu09izoWkG4LviqGlIxVzFqGLTrftjuwmOyUMqVRFlQ+awwVgd1wcVCzQ75N3Hjkb0IMNJKpGVoWleqm3db/NVGddmGdHUU5dgN1+9CN4Vn7sgS3CBwpEXc72FrrQ5tHDQVrfvUHaDpP/xi7s3KO4ijdBrFvXueW9sf75IHMdmjCN2Xrzr1uzragXrUvde0jsYMw1GI0VxTKHab7XBtneSn0eQN1ki1C9vmkuZD/btTff7MChcUiXIn5teWi9fIxcWl2ipbMBCWe/6xKsyxpc0VUq4BXD+AZw0Tsx9BgAA
	Logging: 2026-02-10T04:31:30.4132891Z	2026-02-09T22:31:30.4132891-06:00	Info	MetricsData	Track_HashTables	WebHost.ps1	ProcessLogQueue		Webhost	MainLoop	1	{"prefixesToTry":{"Name":"prefixesToTry","Count":2,"LastSeen":"2026-02-09T22:31:30.4125842-06:00"},"dbRoles":{"Name":"dbRoles","Count":15,"LastSeen":"2026-02-09T22:31:30.4122101-06:00"},"ModulePathEnv":{"Name":"ModulePathEnv","Count":19,"LastSeen":"2026-02-09T22:31:30.4125055-06:00"},"args":{"Name":"args","Count":0,"LastSeen":"2026-02-09T22:31:30.4120741-06:00"},"systemUsers":{"Name":"systemUsers","Count":2,"LastSeen":"2026-02-09T22:31:30.4127792-06:00"},"fileInfo":{"Name":"fileInfo","Count":2,"LastSeen":"2026-02-09T22:31:30.4122794-06:00"},"logEntries":{"Name":"logEntries","Count":3,"LastSeen":"2026-02-09T22:31:30.4124091-06:00"},"configRoles":{"Name":"configRoles","Count":6,"LastSeen":"2026-02-09T22:31:30.4121542-06:00"}}
	Logging: 2026-02-10T04:32:16.6455061Z	2026-02-09T22:32:16.6455061-06:00	Info	MetricsData	Track_HashTables	WebHost.ps1	ProcessLogQueue		Webhost	MainLoop	1	{"prefixesToTry":{"Name":"prefixesToTry","Count":2,"LastSeen":"2026-02-09T22:32:16.6447632-06:00"},"dbRoles":{"Name":"dbRoles","Count":15,"LastSeen":"2026-02-09T22:32:16.6440980-06:00"},"args":{"Name":"args","Count":0,"LastSeen":"2026-02-09T22:32:16.6438103-06:00"},"systemUsers":{"Name":"systemUsers","Count":2,"LastSeen":"2026-02-09T22:32:16.6449429-06:00"},"fileInfo":{"Name":"fileInfo","Count":2,"LastSeen":"2026-02-09T22:32:16.6442204-06:00"},"configRoles":{"Name":"configRoles","Count":6,"LastSeen":"2026-02-09T22:32:16.6439695-06:00"},"ModulePathEnv":{"Name":"ModulePathEnv","Count":19,"LastSeen":"2026-02-09T22:32:16.6446312-06:00"}}
	Logging: 2026-02-10T04:32:46.9444996Z	2026-02-09T22:32:46.9444996-06:00	Info	MetricsData	Track_HashTables	WebHost.ps1	ProcessLogQueue		Webhost	MainLoop	1	H4sIAAAAAAAACpWUzW7CMBCE38VnqBz/xHaucGglqJCg9LxQQ5FCEsVOJYR496oInHVERXKdoM/L7MyeyWL5aTdLW//Yel5+Nbl1JDuTdzhakj36OCKTsik8yRI6IjNwfmltQTLCKEvHlI2pWTGWcZaJ9MUIbqSgY5pmlJLLiFRQ28JPwKM3Wi2g5VOyEkqwJGnJ7uQ+nK0R964EKu8xr0hSg6hb8HZf1ieEDVLgqh7TpoZR2XKPVzOn4AGRkThgZiUUlxTNDFXVAd+VQDV9JlZCKeRvs4nXdhMCk/Vxl2otusyuwVgduDumUNZQdh8nGtGfB84IrgVHw0NVvRW7Mrb5qgyzWVNhWuoc/PY7quBdaXvXKxIJT7EVU7uDJvcLqOFova3XkDedpv/zk/Au7VVKbXj77qzcvx6cj/eLxGFsRhPk/2K5trU7lMUKNrmN/kn0YdA2lJQS1xSKw846HPsgtfvo1VGm8B28pdD9jfng3t709h72KRc3RrPodMVXa+DB0hKXaQse8nIfE6/KoFymWpuww8sv4E/g6X0GAAA=
	Logging: 2026-02-10T04:32:46.9466037Z	2026-02-09T22:32:46.9466037-06:00	Info	MetricsData	Track_HashTables	WebHost.ps1	ProcessLogQueue		Webhost	MainLoop	1	{"prefixesToTry":{"Name":"prefixesToTry","Count":2,"LastSeen":"2026-02-09T22:32:46.9460929-06:00"},"dbRoles":{"Name":"dbRoles","Count":15,"LastSeen":"2026-02-09T22:32:46.9457076-06:00"},"args":{"Name":"args","Count":0,"LastSeen":"2026-02-09T22:32:46.9454668-06:00"},"systemUsers":{"Name":"systemUsers","Count":2,"LastSeen":"2026-02-09T22:32:46.9462641-06:00"},"fileInfo":{"Name":"fileInfo","Count":2,"LastSeen":"2026-02-09T22:32:46.9457773-06:00"},"configRoles":{"Name":"configRoles","Count":6,"LastSeen":"2026-02-09T22:32:46.9456367-06:00"},"ModulePathEnv":{"Name":"ModulePathEnv","Count":19,"LastSeen":"2026-02-09T22:32:46.9459976-06:00"}}
	Logging: 2026-02-10T04:33:02.2573707Z	2026-02-09T22:33:02.2573707-06:00	Info	MetricsData	Track_HashTables	WebHost.ps1	ProcessLogQueue		Webhost	MainLoop	1	{"prefixesToTry":{"Name":"prefixesToTry","Count":2,"LastSeen":"2026-02-09T22:33:02.2568160-06:00"},"dbRoles":{"Name":"dbRoles","Count":15,"LastSeen":"2026-02-09T22:33:02.2564354-06:00"},"ModulePathEnv":{"Name":"ModulePathEnv","Count":19,"LastSeen":"2026-02-09T22:33:02.2567393-06:00"},"args":{"Name":"args","Count":0,"LastSeen":"2026-02-09T22:33:02.1309154-06:00"},"systemUsers":{"Name":"systemUsers","Count":2,"LastSeen":"2026-02-09T22:33:02.2569852-06:00"},"fileInfo":{"Name":"fileInfo","Count":2,"LastSeen":"2026-02-09T22:33:02.2565118-06:00"},"logEntries":{"Name":"logEntries","Count":2,"LastSeen":"2026-02-09T22:33:02.2566426-06:00"},"configRoles":{"Name":"configRoles","Count":6,"LastSeen":"2026-02-09T22:33:02.2563324-06:00"}}
	Logging: 2026-02-10T04:34:49.8287355Z	2026-02-09T22:34:49.8287355-06:00	Info	MetricsData	Track_HashTables	WebHost.ps1	ProcessLogQueue		Webhost	MainLoop	1	H4sIAAAAAAAACpWUUW+CMBSF/0ufdSktpZRXfdgSXUxw7vnqqjNBILQsMcb/vmCk3BqXlddT8rWce869kFX+qbe5bn50s6y+2kIbkl3IO5w0yZ4dTsisaktLsohOyAKMzbUuSUYYZcmUsilVa8YyHmexeklZygSNpjTJKCXXCamh0aWdgUV3DJpDixAyjTutJ5uz+TC6QdxecVQeQo1ZkgzUHVh9qJozwjrJcWUAVyYRpwP3dDNzDhYQGYmj3iyVZMhjqOsHcK84qvqXmvA4jUSM/G23/tjugmOyEHe54PKR+WgwVsfNjqcSeYyy+zzRiB4UOBal6PFQ12/lvvJtvinjbFZCiIG6BLv79irYK0PvgiLBJYrEKp/rPbSFXUEDJ211s4GifWj6H5+4e4PqHlEcmkV1eD0a688XiaPYMuW4Qqt8oxtzrMo1bAvt/Yl3MGIa3ftljJbKCcrjXhsceycN8wjqaKqUN5DPLoWme+aTfXvXh30YVC4mlfJWl7+1Ri4sLhTK5Q4sFNXBJ96UcbkUSeRsuP4CPkhCln0GAAA=
	Logging: 2026-02-10T04:34:49.8309591Z	2026-02-09T22:34:49.8309591-06:00	Info	MetricsData	Track_HashTables	WebHost.ps1	ProcessLogQueue		Webhost	MainLoop	1	{"prefixesToTry":{"Name":"prefixesToTry","Count":2,"LastSeen":"2026-02-09T22:34:49.8304295-06:00"},"dbRoles":{"Name":"dbRoles","Count":15,"LastSeen":"2026-02-09T22:34:49.8301036-06:00"},"args":{"Name":"args","Count":0,"LastSeen":"2026-02-09T22:34:49.8298817-06:00"},"systemUsers":{"Name":"systemUsers","Count":2,"LastSeen":"2026-02-09T22:34:49.8305878-06:00"},"fileInfo":{"Name":"fileInfo","Count":2,"LastSeen":"2026-02-09T22:34:49.8301730-06:00"},"configRoles":{"Name":"configRoles","Count":6,"LastSeen":"2026-02-09T22:34:49.8300436-06:00"},"ModulePathEnv":{"Name":"ModulePathEnv","Count":19,"LastSeen":"2026-02-09T22:34:49.8303558-06:00"}}
	Logging: 2026-02-10T04:35:52.8893346Z	2026-02-09T22:35:52.8893346-06:00	Verbose	EventViewer	Event\ log\ request:\ 457\ events\ returned	apps\WebhostRealtimeEvents\routes\api\v1\logs\get.ps1	get.ps1		6ec71a85-fb79-4ebc-aa1d-587c7f8b403c		1	{"ResultCount":457,"Filters":{"categories":null,"userID":null,"severities":null,"source":null,"activityName":null,"filter":null,"runspaceID":null,"sessionID":null},"TimeRange":15}
	Logging: 2026-02-10T04:35:52.8905911Z	2026-02-09T22:35:52.8905911-06:00	Debug	GlobalCache	Updated\ cache:\ 3\ jobs,\ 0\ runspaces,\ 0\ tasks\ \(0\.2438ms\)	WebHost.ps1::Update-GlobalCache	Update-GlobalCache				1	
	Logging: 2026-02-10T04:35:52.8926828Z	2026-02-09T22:35:52.8926828-06:00	Info	MetricsData	Track_HashTables	WebHost.ps1	ProcessLogQueue		Webhost	MainLoop	1	H4sIAAAAAAAACpWV3W+CMBTF/5c+69IPoJRXfdgSXUhw7rm6qzPhw9CyxBj/90Wj5Za5pDxyID8O595TziQvPmFTQPsD7bL56kowJDuTd10ByZ7dnJBZ09WWZIxOyEIbWwDUJCOc8mRK+ZSqFeeZiLOYv6SKM0rVlCYZpeQyIUfdQm1n2qJ39JpDxwFkpihNerI5mQ8DLeI+FEcVIX65lFFP3WoL+6Y9IayTHFeGuI2UiHtudQtzrq1GZCSO8sxSIZBnfTwOwA/FUVUIlaeRQPl2G39sd8ExeVC6lMkhcxgwVkfOTsQoB7S7zzca0UMWjlPJmBfzW71r/JhvyriYhVDI9FLb7bdXwYfS9y6EKpVCXvNiDjvdlTbXra7AQrvWZTdo+j+PuPeG1J2pBC/Notm/Hoz154vEcWxJBSp8XqyhNYemXulNCd6XeDdGTYNTLpH/SteHHRi89k7q5xHUUZnw9M9umqvNJ+ftXe/Pw6ByMUFRubZeW69X4w4skSqfpstm7xNvyri9jOLY/Q4uvyYECvN9BgAA
	Logging: 2026-02-10T04:35:52.8944030Z	2026-02-09T22:35:52.8944030-06:00	Info	MetricsData	Track_HashTables	WebHost.ps1	ProcessLogQueue		Webhost	MainLoop	1	{"prefixesToTry":{"Name":"prefixesToTry","Count":2,"LastSeen":"2026-02-09T22:35:52.8940399-06:00"},"dbRoles":{"Name":"dbRoles","Count":15,"LastSeen":"2026-02-09T22:35:52.8937217-06:00"},"args":{"Name":"args","Count":0,"LastSeen":"2026-02-09T22:35:52.8935788-06:00"},"systemUsers":{"Name":"systemUsers","Count":2,"LastSeen":"2026-02-09T22:35:52.8942177-06:00"},"fileInfo":{"Name":"fileInfo","Count":2,"LastSeen":"2026-02-09T22:35:52.8937930-06:00"},"configRoles":{"Name":"configRoles","Count":6,"LastSeen":"2026-02-09T22:35:52.8936540-06:00"},"ModulePathEnv":{"Name":"ModulePathEnv","Count":19,"LastSeen":"2026-02-09T22:35:52.8939660-06:00"}}
	Logging: 2026-02-10T04:36:08.0189640Z	2026-02-09T22:36:08.0189640-06:00	Verbose	EventViewer	Event\ log\ request:\ 462\ events\ returned	apps\WebhostRealtimeEvents\routes\api\v1\logs\get.ps1	get.ps1		6ec71a85-fb79-4ebc-aa1d-587c7f8b403c		1	{"ResultCount":462,"Filters":{"categories":null,"userID":null,"severities":null,"source":null,"activityName":null,"filter":null,"runspaceID":null,"sessionID":null},"TimeRange":15}
	Logging: 2026-02-10T04:36:08.1467338Z	2026-02-09T22:36:08.1467338-06:00	Info	MetricsData	Track_HashTables	WebHost.ps1	ProcessLogQueue		Webhost	MainLoop	1	H4sIAAAAAAAACpWUXWvCMBiF/0uudeSjSZve6sUGOgp123V00Qn9kCQdiPjfh2LTN8VBetnT8iQ957zvBRXll96W2vxqs26/u0pblF/Qu6o1yp+9nKFF2zUO5QTP0EpZV2rdoBxRTMUc0zmWG0pzJnKcvZBEkCTL5ljkGKPrDJ2U0Y1bKAfOGDSP5hFknjGSDGR7th9WG8DtFU9lMfdl8ib31J1y+tCaM8B6yXPTmNsmBPOBW9/NXCqnABmIk+7MUy6BE+p0GoF7xVNlDJViDP3ttmFsD8EzaZS7RNIxc2wwVCdmxxnIDnT3eaMBPaZwAhMsA5vfmn0b2nxXJtqcSjJQ18rtfoIR7JVh7qIqQRmoW1Eu9V51lSuUUbV22nyqqhtN+j+f+HNjxp1nUoIIVu3h9WhdmC8Qp7EFTUAhi/JTG3tsm43aVjr4k+DFtDSk4CCNWjXHvbaw9l4a8oiaUZFxsAcfLbS3az7Ztw992IdRw0WZBEfsgmm9PU1bWIxlOKCpqj2ExLsyrZcsHZb29Q/6aAIbfQYAAA==
	Logging: 2026-02-10T04:36:08.1487875Z	2026-02-09T22:36:08.1487875-06:00	Info	MetricsData	Track_HashTables	WebHost.ps1	ProcessLogQueue		Webhost	MainLoop	1	{"prefixesToTry":{"Name":"prefixesToTry","Count":2,"LastSeen":"2026-02-09T22:36:08.1482022-06:00"},"dbRoles":{"Name":"dbRoles","Count":15,"LastSeen":"2026-02-09T22:36:08.1478070-06:00"},"ModulePathEnv":{"Name":"ModulePathEnv","Count":19,"LastSeen":"2026-02-09T22:36:08.1480849-06:00"},"args":{"Name":"args","Count":0,"LastSeen":"2026-02-09T22:36:08.1476760-06:00"},"systemUsers":{"Name":"systemUsers","Count":2,"LastSeen":"2026-02-09T22:36:08.1484918-06:00"},"fileInfo":{"Name":"fileInfo","Count":2,"LastSeen":"2026-02-09T22:36:08.1478715-06:00"},"logEntries":{"Name":"logEntries","Count":4,"LastSeen":"2026-02-09T22:36:08.1479941-06:00"},"configRoles":{"Name":"configRoles","Count":6,"LastSeen":"2026-02-09T22:36:08.1477536-06:00"}}
	Logging: 2026-02-10T04:36:23.3505646Z	2026-02-09T22:36:23.3505646-06:00	Info	MetricsData	Track_HashTables	WebHost.ps1	ProcessLogQueue		Webhost	MainLoop	1	H4sIAAAAAAAACpWUzW7CMBCE38VnqBw7cexcy6GVoEKC0vNCDUXKn2KnEkK8e1UK9ppS1bmOo283s7N7JPPFm14vdPepu1nz3pfakOJIXqDSpLj3OCKPTV9bUiR0RKZg7ELrmhSEUSbGlI2pWjJWcFEw/sBTpdJMjKkoKCWnEWmh07V9BItqeM2hsxiyYCLzZHMwr0Z3iHtVHJX/T81okqnUUzdg9a7pDgjrJMfNY7qlQiAfqrOZE7CAyEgc0nOqsowzz4a2vQFfFUdVEVSZyzxH/vbrcGwXwTFZjLtUcuTuD+LWYKwOnF0ilaej7N5PNKJHBU4GI4S2fa63TWjzWRlms0wVanoGdvMRrOBV8XsXFYlEUGzFRG+hL+0cOqi01d0Kyv5m0//4xNWNWnehMunrTpvd097YcL5IHMbmkqGYzxcr3Zl9Uy9hXergT4KHQdNQuUhRjQrq/VYbHHsn+XlE7Wias+RXNs13m3fu7UX39zBuuSjlwekKr9awgyUVTcNDCGWzC4lnZVguaZK4o3L6AkYsQKt9BgAA
	Logging: 2026-02-10T04:36:23.3525570Z	2026-02-09T22:36:23.3525570-06:00	Info	MetricsData	Track_HashTables	WebHost.ps1	ProcessLogQueue		Webhost	MainLoop	1	{"prefixesToTry":{"Name":"prefixesToTry","Count":2,"LastSeen":"2026-02-09T22:36:23.3519787-06:00"},"dbRoles":{"Name":"dbRoles","Count":15,"LastSeen":"2026-02-09T22:36:23.3516274-06:00"},"ModulePathEnv":{"Name":"ModulePathEnv","Count":19,"LastSeen":"2026-02-09T22:36:23.3519038-06:00"},"args":{"Name":"args","Count":0,"LastSeen":"2026-02-09T22:36:23.3514976-06:00"},"systemUsers":{"Name":"systemUsers","Count":2,"LastSeen":"2026-02-09T22:36:23.3522689-06:00"},"fileInfo":{"Name":"fileInfo","Count":2,"LastSeen":"2026-02-09T22:36:23.3516906-06:00"},"logEntries":{"Name":"logEntries","Count":3,"LastSeen":"2026-02-09T22:36:23.3518126-06:00"},"configRoles":{"Name":"configRoles","Count":6,"LastSeen":"2026-02-09T22:36:23.3515742-06:00"}}
	Logging: 2026-02-10T04:37:10.2264591Z	2026-02-09T22:37:10.2264591-06:00	Info	MetricsData	Track_HashTables	WebHost.ps1	ProcessLogQueue		Webhost	MainLoop	1	{"prefixesToTry":{"Name":"prefixesToTry","Count":2,"LastSeen":"2026-02-09T22:37:10.2259682-06:00"},"dbRoles":{"Name":"dbRoles","Count":15,"LastSeen":"2026-02-09T22:37:10.2256381-06:00"},"args":{"Name":"args","Count":0,"LastSeen":"2026-02-09T22:37:10.2253973-06:00"},"systemUsers":{"Name":"systemUsers","Count":2,"LastSeen":"2026-02-09T22:37:10.2261929-06:00"},"fileInfo":{"Name":"fileInfo","Count":2,"LastSeen":"2026-02-09T22:37:10.2257069-06:00"},"configRoles":{"Name":"configRoles","Count":6,"LastSeen":"2026-02-09T22:37:10.2255630-06:00"},"ModulePathEnv":{"Name":"ModulePathEnv","Count":19,"LastSeen":"2026-02-09T22:37:10.2258901-06:00"}}
	Logging: 2026-02-10T04:38:42.1378497Z	2026-02-09T22:38:42.1378497-06:00	Info	MetricsData	Track_HashTables	WebHost.ps1	ProcessLogQueue		Webhost	MainLoop	1	H4sIAAAAAAAACpWUX2vCMBTFv0uedaRJmzR91YcNdAi67fnaRSf0jzTpQMTvPhRNboqD9LEn5Zebc++5Z7Jaf+ntWne/ulu2332lDSnO5B1qTYpnhxMya/vGkiKhE7IAY9daN6QgjDIxpWxK1YaxgudFyl4SLpTkakpFQSm5TMgROt3YGVh0h9ccOoshS04zTzYn82F0h7gPxVF5BFUyyqinlmD1vu1OCOskx5UR3EymXHpufTNzDhYQGYmjahZpkqKa4XgcgB+Ko6qYijMpOPK334ZtuwuOyWLcTVieDJlDg7E6rneJ4Lmno9l9PtGIHjVwKuWhzW/Nrg1tvinjbBY8QZYswZY/QQQfis9dTK1c0hRbMdc76Cu7gg5qbXX3CVU/SPo/v7h7o+KeM4k8WrT714OxYX+ROIqdKZkz/KZP3ZlD22xgW+ngJcHBqG6IXAnkWw3NYacNHnsn+X5EZZSpqzyYTXMt88m+vet+H0aFi9IU+VMGab1+jVtYImfIiRIsVO0+JN6UUXOZyYS7pXL5A8pfuAN9BgAA
	Logging: 2026-02-10T04:38:42.1400040Z	2026-02-09T22:38:42.1400040-06:00	Info	MetricsData	Track_HashTables	WebHost.ps1	ProcessLogQueue		Webhost	MainLoop	1	{"prefixesToTry":{"Name":"prefixesToTry","Count":2,"LastSeen":"2026-02-09T22:38:42.1395850-06:00"},"dbRoles":{"Name":"dbRoles","Count":15,"LastSeen":"2026-02-09T22:38:42.1392265-06:00"},"args":{"Name":"args","Count":0,"LastSeen":"2026-02-09T22:38:42.1390900-06:00"},"systemUsers":{"Name":"systemUsers","Count":2,"LastSeen":"2026-02-09T22:38:42.1397435-06:00"},"fileInfo":{"Name":"fileInfo","Count":2,"LastSeen":"2026-02-09T22:38:42.1392916-06:00"},"configRoles":{"Name":"configRoles","Count":6,"LastSeen":"2026-02-09T22:38:42.1391683-06:00"},"ModulePathEnv":{"Name":"ModulePathEnv","Count":19,"LastSeen":"2026-02-09T22:38:42.1395036-06:00"}}
	Logging: 2026-02-10T04:41:49.0641831Z	2026-02-09T22:41:49.0641831-06:00	Info	MetricsData	Track_HashTables	WebHost.ps1	ProcessLogQueue		Webhost	MainLoop	1	H4sIAAAAAAAACpWVX2vCMBTFv0uedcQkTZq+6sMGOoS67fnqrk6orTTpQMTvPhTNn+IgfexJ+eX23Htuz2RZfuG6xPYX20Xz3VVoSHEm73BAUjw7HJFp09WWFBM6InMwtkSsSUEYZXJM2ZjqFWOFmBRCv1DJJc/omMqCUnIZkSO0WNsp2OAOrzl0lkJmmmtPNifzYbANuA/FUXkKNWc089QNWNw17SnAOslxVQKXSaFyzz3czJyBhYAciMNqployz4bjsQd+KI6qUyoWUgdOmG4dt+0uOCZLqVQJLvrMvsGhOswHpTT39GB2n090QE8auExrGdn8Vm+b2OabMszmjNOg6AXYzU8UwYfic5dC1VpFVsxwC11ll9DCAS22n1B1vaT/84q7Nynugmrl7503u9e9sXF/A3EQm+W5CgK/LD+xNfumXsG6wuhLooNB3eAiV5MgplDvt2jCsXeS70fKbDKdqWDy71NormU+2bd33e/DpHBJqYI1sInSen0atrCynMeLEKpmFxNvyrC5lBPpfgeXP3y6zP99BgAA
	Logging: 2026-02-10T04:41:49.0661686Z	2026-02-09T22:41:49.0661686-06:00	Info	MetricsData	Track_HashTables	WebHost.ps1	ProcessLogQueue		Webhost	MainLoop	1	{"prefixesToTry":{"Name":"prefixesToTry","Count":2,"LastSeen":"2026-02-09T22:41:49.0655782-06:00"},"dbRoles":{"Name":"dbRoles","Count":15,"LastSeen":"2026-02-09T22:41:49.0652590-06:00"},"args":{"Name":"args","Count":0,"LastSeen":"2026-02-09T22:41:49.0651278-06:00"},"systemUsers":{"Name":"systemUsers","Count":2,"LastSeen":"2026-02-09T22:41:49.0657365-06:00"},"fileInfo":{"Name":"fileInfo","Count":2,"LastSeen":"2026-02-09T22:41:49.0653235-06:00"},"configRoles":{"Name":"configRoles","Count":6,"LastSeen":"2026-02-09T22:41:49.0652048-06:00"},"ModulePathEnv":{"Name":"ModulePathEnv","Count":19,"LastSeen":"2026-02-09T22:41:49.0655048-06:00"}}
	Logging: 2026-02-10T04:43:50.6916725Z	2026-02-09T22:43:50.6916725-06:00	Info	MetricsData	Track_HashTables	WebHost.ps1	ProcessLogQueue		Webhost	MainLoop	1	H4sIAAAAAAAACpWUT2sCMRDFv0vOWibJbtzsVQ8taBG09jzaaIX9I5tsQcTvXiqanVhLs9eX8MvkzZs5sfni3awXpvkyzaz+aAtjWX5ir1galj86HLBx3VaO5RwGbIrWLYypWM4ECDUEMQS9FCJPZJ7Ck9Kcp0oOQeUA7DxgB2xM5cboyBud5tFpBBlGKiNke7Rv1jSEe1M8VcbUK6UaddQNOrOrmyPBeslzRzHV8hRUxy0vZk7QISETsVfNoDKZdGw8HO7AN8VT9f/UTOtRAsTfdh227Sp4pohxV6hU3zPvDaZqv94JrbOOTrL7ONGEHhM4Dlymgc0v1bYObb4ofWzWAFKSGM/QbT6DEbwp3dxFRYIL0rz5YmK22BZujg2WxplmhUV7N+l/XPHvxow7ZFqTd6f17nlvXdhfIvZjJxw4/dPKNHZfV0tcFyb4SXDQrxtapSRCJVb7rbE09l7q+hE1o0mW/M6m/Snzwb696t0+jBouriFcXeHW6rmwIKOLe4MOi3oXEi9Kv1xyrn0Pz9+9twGmfQYAAA==
	Logging: 2026-02-10T04:43:50.6942240Z	2026-02-09T22:43:50.6942240-06:00	Info	MetricsData	Track_HashTables	WebHost.ps1	ProcessLogQueue		Webhost	MainLoop	1	{"prefixesToTry":{"Name":"prefixesToTry","Count":2,"LastSeen":"2026-02-09T22:43:50.6936816-06:00"},"dbRoles":{"Name":"dbRoles","Count":15,"LastSeen":"2026-02-09T22:43:50.6928342-06:00"},"args":{"Name":"args","Count":0,"LastSeen":"2026-02-09T22:43:50.6926632-06:00"},"systemUsers":{"Name":"systemUsers","Count":2,"LastSeen":"2026-02-09T22:43:50.6939414-06:00"},"fileInfo":{"Name":"fileInfo","Count":2,"LastSeen":"2026-02-09T22:43:50.6932124-06:00"},"configRoles":{"Name":"configRoles","Count":6,"LastSeen":"2026-02-09T22:43:50.6927449-06:00"},"ModulePathEnv":{"Name":"ModulePathEnv","Count":19,"LastSeen":"2026-02-09T22:43:50.6935433-06:00"}}
	Logging: 2026-02-10T04:44:39.6595157Z	2026-02-09T22:44:39.6595157-06:00	Info	MetricsData	Track_HashTables	WebHost.ps1	ProcessLogQueue		Webhost	MainLoop	1	H4sIAAAAAAAACpWUS2/CMBCE/4vPUDnOw3aucGglqJBC6XmhhiLlpdiphBD/vSICe02p5FzH0WdndmbPZFV8qm2huh/VLZuvvlSa5GfyDpUi+bPDCZk1fW1IHtEJWYA2hVI1yQmjLJtSNqVyzVieJHksX7JUSHmVs5xScpmQFjpVmxkYdIfTLDoNIXOWJI6sT/pDqw5x74qlxgFUGck0ddQdGHVouhPCWslyechrKcWvrQYz52AAkZE46s0i5Zw5NrTtA/iuWKoMoHKeJTHyt9/6Y7sJlsmC3I0yPLMB8WgwVkfOLk2Eo6PsPk80ogcFTjIcDWjbt3rf+DYPyjibRRYhm5dgdt9eBe+K611QJJiIsBVztYe+NCvooFJGdRso+4em//OJvTeo7oJK6u5dNIfXozb+fJE4js04DuSq2KhOH5t6DdtSeX/iHYyahhBcoCpVUB/3SuPYW8nNI6ijSSr5n2zq6zOf7Nub7vZhULlozKW3uvytNW5hcRnHyIkdGCibg08clFG55DKTtkOXX6TUO+p9BgAA
	Logging: 2026-02-10T04:44:39.6615365Z	2026-02-09T22:44:39.6615365-06:00	Info	MetricsData	Track_HashTables	WebHost.ps1	ProcessLogQueue		Webhost	MainLoop	1	{"prefixesToTry":{"Name":"prefixesToTry","Count":2,"LastSeen":"2026-02-09T22:44:39.6609283-06:00"},"dbRoles":{"Name":"dbRoles","Count":15,"LastSeen":"2026-02-09T22:44:39.6605982-06:00"},"args":{"Name":"args","Count":0,"LastSeen":"2026-02-09T22:44:39.6604112-06:00"},"systemUsers":{"Name":"systemUsers","Count":2,"LastSeen":"2026-02-09T22:44:39.6612100-06:00"},"fileInfo":{"Name":"fileInfo","Count":2,"LastSeen":"2026-02-09T22:44:39.6606645-06:00"},"configRoles":{"Name":"configRoles","Count":6,"LastSeen":"2026-02-09T22:44:39.6604934-06:00"},"ModulePathEnv":{"Name":"ModulePathEnv","Count":19,"LastSeen":"2026-02-09T22:44:39.6608465-06:00"}}
	Logging: 2026-02-10T04:45:43.4518941Z	2026-02-09T22:45:43.4518941-06:00	Info	MetricsData	Track_HashTables	WebHost.ps1	ProcessLogQueue		Webhost	MainLoop	1	{"prefixesToTry":{"Name":"prefixesToTry","Count":2,"LastSeen":"2026-02-09T22:45:43.2498936-06:00"},"dbRoles":{"Name":"dbRoles","Count":15,"LastSeen":"2026-02-09T22:45:43.2495441-06:00"},"ModulePathEnv":{"Name":"ModulePathEnv","Count":19,"LastSeen":"2026-02-09T22:45:43.2498219-06:00"},"args":{"Name":"args","Count":0,"LastSeen":"2026-02-09T22:45:43.2494099-06:00"},"systemUsers":{"Name":"systemUsers","Count":2,"LastSeen":"2026-02-09T22:45:43.4515419-06:00"},"fileInfo":{"Name":"fileInfo","Count":2,"LastSeen":"2026-02-09T22:45:43.2496100-06:00"},"logEntries":{"Name":"logEntries","Count":2,"LastSeen":"2026-02-09T22:45:43.2497349-06:00"},"configRoles":{"Name":"configRoles","Count":6,"LastSeen":"2026-02-09T22:45:43.2494848-06:00"}}
	Logging: 2026-02-10T04:46:44.1856037Z	2026-02-09T22:46:44.1856037-06:00	Info	MetricsData	Track_HashTables	WebHost.ps1	ProcessLogQueue		Webhost	MainLoop	1	{"prefixesToTry":{"Name":"prefixesToTry","Count":2,"LastSeen":"2026-02-09T22:46:43.9841452-06:00"},"dbRoles":{"Name":"dbRoles","Count":15,"LastSeen":"2026-02-09T22:46:43.9838023-06:00"},"args":{"Name":"args","Count":0,"LastSeen":"2026-02-09T22:46:43.9836745-06:00"},"systemUsers":{"Name":"systemUsers","Count":2,"LastSeen":"2026-02-09T22:46:44.1851476-06:00"},"fileInfo":{"Name":"fileInfo","Count":2,"LastSeen":"2026-02-09T22:46:43.9838662-06:00"},"configRoles":{"Name":"configRoles","Count":6,"LastSeen":"2026-02-09T22:46:43.9837491-06:00"},"ModulePathEnv":{"Name":"ModulePathEnv","Count":19,"LastSeen":"2026-02-09T22:46:43.9840646-06:00"}}
	Logging: 2026-02-10T04:47:29.5649866Z	2026-02-09T22:47:29.5649866-06:00	Info	MetricsData	Track_HashTables	WebHost.ps1	ProcessLogQueue		Webhost	MainLoop	1	{"prefixesToTry":{"Name":"prefixesToTry","Count":2,"LastSeen":"2026-02-09T22:47:29.5644751-06:00"},"dbRoles":{"Name":"dbRoles","Count":15,"LastSeen":"2026-02-09T22:47:29.5641632-06:00"},"args":{"Name":"args","Count":0,"LastSeen":"2026-02-09T22:47:29.5640388-06:00"},"systemUsers":{"Name":"systemUsers","Count":2,"LastSeen":"2026-02-09T22:47:29.5646364-06:00"},"fileInfo":{"Name":"fileInfo","Count":2,"LastSeen":"2026-02-09T22:47:29.5642265-06:00"},"configRoles":{"Name":"configRoles","Count":6,"LastSeen":"2026-02-09T22:47:29.5641111-06:00"},"ModulePathEnv":{"Name":"ModulePathEnv","Count":19,"LastSeen":"2026-02-09T22:47:29.5644019-06:00"}}
	Logging: 2026-02-10T04:48:30.4004270Z	2026-02-09T22:48:30.4004270-06:00	Info	MetricsData	Track_HashTables	WebHost.ps1	ProcessLogQueue		Webhost	MainLoop	1	{"prefixesToTry":{"Name":"prefixesToTry","Count":2,"LastSeen":"2026-02-09T22:48:30.3998877-06:00"},"dbRoles":{"Name":"dbRoles","Count":15,"LastSeen":"2026-02-09T22:48:30.3995739-06:00"},"args":{"Name":"args","Count":0,"LastSeen":"2026-02-09T22:48:30.3994417-06:00"},"systemUsers":{"Name":"systemUsers","Count":2,"LastSeen":"2026-02-09T22:48:30.4000870-06:00"},"fileInfo":{"Name":"fileInfo","Count":2,"LastSeen":"2026-02-09T22:48:30.3996361-06:00"},"configRoles":{"Name":"configRoles","Count":6,"LastSeen":"2026-02-09T22:48:30.3995203-06:00"},"ModulePathEnv":{"Name":"ModulePathEnv","Count":19,"LastSeen":"2026-02-09T22:48:30.3998124-06:00"}}
	Logging: 2026-02-10T04:49:01.4124425Z	2026-02-09T22:49:01.4124425-06:00	Info	MetricsData	Track_HashTables	WebHost.ps1	ProcessLogQueue		Webhost	MainLoop	1	{"prefixesToTry":{"Name":"prefixesToTry","Count":2,"LastSeen":"2026-02-09T22:49:01.4119571-06:00"},"dbRoles":{"Name":"dbRoles","Count":15,"LastSeen":"2026-02-09T22:49:01.2066031-06:00"},"args":{"Name":"args","Count":0,"LastSeen":"2026-02-09T22:49:01.2064738-06:00"},"systemUsers":{"Name":"systemUsers","Count":2,"LastSeen":"2026-02-09T22:49:01.4121363-06:00"},"fileInfo":{"Name":"fileInfo","Count":2,"LastSeen":"2026-02-09T22:49:01.2066666-06:00"},"configRoles":{"Name":"configRoles","Count":6,"LastSeen":"2026-02-09T22:49:01.2065500-06:00"},"ModulePathEnv":{"Name":"ModulePathEnv","Count":19,"LastSeen":"2026-02-09T22:49:01.4118291-06:00"}}
	Logging: 2026-02-10T04:50:48.4613608Z	2026-02-09T22:50:48.4613608-06:00	Info	MetricsData	Track_HashTables	WebHost.ps1	ProcessLogQueue		Webhost	MainLoop	1	H4sIAAAAAAAACpWUy27CMBBF/8VrqBw7fiRbWLQSVEhQujbUUKQ8kO1UQoh/r0BgjyOqOstcR8fjO3fmjBbLT71ZavOjzbz96iptUXlG76rWqHx2OEKTtmscKjM8QjNl3VLrBpWIYMLHmIxxsSKkZLjM5UvOMRc5HmNeYowuI3RURjduohy4I2gezVLINCMykO3JflhtAPeheCpNoUpORKBuldP71pwA1kueK/7nskJwmQVufTNzqpwCZCAOqzkTlAW2Oh574IfiqUVKxUxK0DnbbeK23QXPJCmVCsnzPrNvMFQH9o6QItBBdp8nGtCTAsdpQSKb35pdG9t8U4bZzBkGNs+V235HI/hQwtwlRYJmFFox1TvVVW6hjKq102atqq436X/84u9NGvdcUhDzWbt/PVgX9xeIQ9isKKSM3rTWxh7aZqU2lY5eEh0M6QbHTFIQoVo1h522MPZeCv1IyiaWGCT/nkJ7LfPJvr3rYR+mDRcWIEnbaFqvXwMXFu4tQlW1+5h4U4bkkhWCMr+0L7/YXRT5fQYAAA==
	Logging: 2026-02-10T04:50:48.4640693Z	2026-02-09T22:50:48.4640693-06:00	Info	MetricsData	Track_HashTables	WebHost.ps1	ProcessLogQueue		Webhost	MainLoop	1	{"prefixesToTry":{"Name":"prefixesToTry","Count":2,"LastSeen":"2026-02-09T22:50:48.4631598-06:00"},"dbRoles":{"Name":"dbRoles","Count":15,"LastSeen":"2026-02-09T22:50:48.4626106-06:00"},"args":{"Name":"args","Count":0,"LastSeen":"2026-02-09T22:50:48.4624032-06:00"},"systemUsers":{"Name":"systemUsers","Count":2,"LastSeen":"2026-02-09T22:50:48.4636521-06:00"},"fileInfo":{"Name":"fileInfo","Count":2,"LastSeen":"2026-02-09T22:50:48.4627225-06:00"},"configRoles":{"Name":"configRoles","Count":6,"LastSeen":"2026-02-09T22:50:48.4625369-06:00"},"ModulePathEnv":{"Name":"ModulePathEnv","Count":19,"LastSeen":"2026-02-09T22:50:48.4629821-06:00"}}
	Logging: 2026-02-10T04:52:04.1783043Z	2026-02-09T22:52:04.1783043-06:00	Info	MetricsData	Track_HashTables	WebHost.ps1	ProcessLogQueue		Webhost	MainLoop	1	H4sIAAAAAAAACpWUX2vCMBTFv0uedaRpmyZ91YcNdAh17vnqohP6R5J0IOJ3H4omN85B+npSfknPPeeeyKL6VOtK6R+l591XXytDyhN5h0aR8tnhiEy6vrWkTOiIzMDYSqmWlIRRxseUjalcMlbmrKTZS1IURSr5mPKSUnIekQNo1doJWHSH1xw6jyHnTCCyOZoPozTi3hVHTWOokmWpp27Aql2njwjrJMctYriUJ8xzm6uZU7CAyEgc9uYsz6lnw+HwAL4rjiojqFxIViB/+3U4tpvgmCzmpSLjf5iPBmN1mA9CJMLTUXafJxrRowJXUJEFNr+12y60+aoMs1lmXHrqHOzmO6jgXfG9i4pEkiOjF9VUbaGv7QI0NMoqvYK6f2j6P5+4e6PqnkuO6jPrdq97Y8P5InEYm3Hs1KJaKW32XbuEda2CPwkOBk2j4BxHqIF2v1UGx95Jfh5R2Uy5QMbcUmguz3yyb2+634dR5boENFhd4dYatrC4lCIJaFB3u5B4VYblkqbUrarzL0vM0kN9BgAA
	Logging: 2026-02-10T04:52:04.1804133Z	2026-02-09T22:52:04.1804133-06:00	Info	MetricsData	Track_HashTables	WebHost.ps1	ProcessLogQueue		Webhost	MainLoop	1	{"prefixesToTry":{"Name":"prefixesToTry","Count":2,"LastSeen":"2026-02-09T22:52:04.1798575-06:00"},"dbRoles":{"Name":"dbRoles","Count":15,"LastSeen":"2026-02-09T22:52:04.1795145-06:00"},"args":{"Name":"args","Count":0,"LastSeen":"2026-02-09T22:52:04.1793708-06:00"},"systemUsers":{"Name":"systemUsers","Count":2,"LastSeen":"2026-02-09T22:52:04.1800541-06:00"},"fileInfo":{"Name":"fileInfo","Count":2,"LastSeen":"2026-02-09T22:52:04.1795824-06:00"},"configRoles":{"Name":"configRoles","Count":6,"LastSeen":"2026-02-09T22:52:04.1794570-06:00"},"ModulePathEnv":{"Name":"ModulePathEnv","Count":19,"LastSeen":"2026-02-09T22:52:04.1797759-06:00"}}
	Logging: 2026-02-10T04:53:23.8898295Z	2026-02-09T22:53:23.8898295-06:00	Info	MetricsData	Track_HashTables	WebHost.ps1	ProcessLogQueue		Webhost	MainLoop	1	H4sIAAAAAAAACpWUX2vCMBTFv0uedaRJmz991YcNdAh17jm66ITaSpIORPzuQ9HkpjiWPvak/HJz7zn3jBbVp15X2vxoM2+/ulpbVJ7RuzpoVD47HKFJ2zUOlRkeoZmyrtK6QSUimLAxJmMsl4SUBS0JfRFCZjKjY8xKjNFlhI7K6MZNlAN3BM2jiwSyEDzLA9me7IfVBnAfiqfSlHopZyJQN8rpXWtOAOslz+Up1VJKceAebs2cKqcAGYiDahZcEBnY6njsgR+Kp8p/qYzTIsegYtut47HdBc8kSd3FhPSZ/QZDdeDsKAOOAN597mhATzGczLAooja/Nds2bvNNGdhmKUFA5sptvqMIPpSQuyRLEGjjRTXVW9XVbqGMOminzUrVXS/pf/zi702Ju5AsB6+ZtbvXvXXxfIE4jF3I+E0rbey+bZZqXevoJdHBgGkIIXEuOIipavZbbaHtvRTmkZRRxnMAvrvQXst8sm/vetiHSeEipACB3URpvX4NWFiMU1aQeBGqut3FxJsyzJeEEp+hyy87qepQfQYAAA==
	Logging: 2026-02-10T04:53:23.8922245Z	2026-02-09T22:53:23.8922245-06:00	Info	MetricsData	Track_HashTables	WebHost.ps1	ProcessLogQueue		Webhost	MainLoop	1	{"prefixesToTry":{"Name":"prefixesToTry","Count":2,"LastSeen":"2026-02-09T22:53:23.8914665-06:00"},"dbRoles":{"Name":"dbRoles","Count":15,"LastSeen":"2026-02-09T22:53:23.8910073-06:00"},"args":{"Name":"args","Count":0,"LastSeen":"2026-02-09T22:53:23.8908671-06:00"},"systemUsers":{"Name":"systemUsers","Count":2,"LastSeen":"2026-02-09T22:53:23.8917052-06:00"},"fileInfo":{"Name":"fileInfo","Count":2,"LastSeen":"2026-02-09T22:53:23.8910926-06:00"},"configRoles":{"Name":"configRoles","Count":6,"LastSeen":"2026-02-09T22:53:23.8909488-06:00"},"ModulePathEnv":{"Name":"ModulePathEnv","Count":19,"LastSeen":"2026-02-09T22:53:23.8913371-06:00"}}
	Logging: 2026-02-10T04:54:26.9708288Z	2026-02-09T22:54:26.9708288-06:00	Verbose	EventViewer	Event\ log\ request:\ 439\ events\ returned	apps\WebhostRealtimeEvents\routes\api\v1\logs\get.ps1	get.ps1		6ec71a85-fb79-4ebc-aa1d-587c7f8b403c		1	{"ResultCount":439,"Filters":{"categories":null,"userID":null,"severities":null,"source":null,"activityName":null,"filter":null,"runspaceID":null,"sessionID":null},"TimeRange":15}
	Logging: 2026-02-10T04:54:26.9731993Z	2026-02-09T22:54:26.9731993-06:00	Info	MetricsData	Track_HashTables	WebHost.ps1	ProcessLogQueue		Webhost	MainLoop	1	H4sIAAAAAAAACpWUT28CIRDFvwtnbVh2YWGvemgTbUy0eh5btCb7LwvbxBi/e6NVGIxN2OuD/BjevJkTWSw3ervU3Y/u5s1XX2pDihN5h0qT4tnhiEyavrakSOiIzMDYpdY1KQijTIwpG1O1YqzgWcHEi8qZUHk6pqKglJxHpIVO13YCFr3hNYfmMeRM0tyTzdF8GN0h7l1x1DSGqihH9X6C1fumOyKskxw3j+FSRqXnVlczp2ABkZE4rOaMcurZ0LYP4LviqCqCmshEIqrpt2HbboJjsphKJc2Qu3+IR4OxOswHmUrkMcru80QjelTghMgQHtr2rd41oc1XZaDNimeeOgf7+R2M4F3xcxdTaypShq2Y6h30pV1AB5W2ultD2T9M+j9X3LtR484zpfy7s2b/ejA27C8Sh7FZkgV/WuvOHJp6BdtSBz8JDgZ1g4kkR6GvoD7stMGxd5LvR1Q2mWJB8ZtLCs2lzCf79qb7fRg1XDlTSbC6wq01bGEligse0KBs9iHxqgzKZaKkckv7/AtOmKH4fQYAAA==
	Logging: 2026-02-10T04:54:26.9753608Z	2026-02-09T22:54:26.9753608-06:00	Info	MetricsData	Track_HashTables	WebHost.ps1	ProcessLogQueue		Webhost	MainLoop	1	{"prefixesToTry":{"Name":"prefixesToTry","Count":2,"LastSeen":"2026-02-09T22:54:26.9746304-06:00"},"dbRoles":{"Name":"dbRoles","Count":15,"LastSeen":"2026-02-09T22:54:26.9742607-06:00"},"args":{"Name":"args","Count":0,"LastSeen":"2026-02-09T22:54:26.9741287-06:00"},"systemUsers":{"Name":"systemUsers","Count":2,"LastSeen":"2026-02-09T22:54:26.9747887-06:00"},"fileInfo":{"Name":"fileInfo","Count":2,"LastSeen":"2026-02-09T22:54:26.9743603-06:00"},"configRoles":{"Name":"configRoles","Count":6,"LastSeen":"2026-02-09T22:54:26.9742063-06:00"},"ModulePathEnv":{"Name":"ModulePathEnv","Count":19,"LastSeen":"2026-02-09T22:54:26.9745522-06:00"}}
[Set-CardSettings] Saving card settings - EndpointGuid: main-menu, UserId: 6ec71a85-fb79-4ebc-aa1d-587c7f8b403c, DataLength: 20
[Set-CardSettings] Card settings saved successfully

Command      : Process-HttpRequest
ScriptName   : C:\SC\PsWebHost\modules\PSWebHost_Support\PSWebHost_Support.psm1
FunctionName : Process-HttpRequest
Line         : 987
Arguments    : {Context=System.Net.HttpListenerContext, HostUIQueue=, Inlineexecute=True}

Command      : WebHost.ps1
ScriptName   : C:\SC\PsWebHost\WebHost.ps1
FunctionName : <ScriptBlock><End>
Line         : 870
Arguments    : {}


2026-02-10T04:54:46.1658768Z	2026-02-09T22:54:46.1658768-06:00	Error	Apps	\[Process-HttpRequest]\ Error\ executing\ app\ route:\ A\ parameter\ cannot\ be\ found\ that\ matches\ parameter\ name\ 'Level'\.	modules\PSWebHost_Support\PSWebHost_Support.psm1::Process-HttpRequest	Process-HttpRequest		6ec71a85-fb79-4ebc-aa1d-587c7f8b403c		1	

Command      : WebHost.ps1
ScriptName   : C:\SC\PsWebHost\WebHost.ps1
FunctionName : <ScriptBlock>
Line         : 878
Arguments    : {}

Command      : WebHost.ps1
ScriptName   : C:\SC\PsWebHost\WebHost.ps1
FunctionName : <ScriptBlock><End>
Line         : 875
Arguments    : {}


2026-02-10T04:54:46.1776744Z	2026-02-09T22:54:46.1776744-06:00	Error	ErrorArrayCheck	\[WebHost\.PS1]\ \$Error\[0]\ A\ parameter\ cannot\ be\ found\ that\ matches\ parameter\ name\ 'Level'\.\nAt\ C:\\SC\\PsWebHost\\apps\\UnitTests\\routes\\api\\v1\\processes\\get\.ps1:78\ char:99\r\n\+\ .\ ieving\ process\ tracking\ data:\ \$\(\$_\.Exception\.Message\)"\ -Level\ 'Error'\ .\r\n\+\ \ \ \ \ \ \ \ \ \ \ \ \ \ \ \ \ \ \ \ \ \ \ \ \ \ \ \ \ \ \ \ \ \ \ \ \ \ \ \ \ \ \ \ \ \ \ \ \ \ \ \ \ \ \ \ \ \ ~~~~~~	WebHost.ps1	WebHost.ps1				1	{"Message":"A parameter cannot be found that matches parameter name 'Level'.","PositionMessage":"At C:\\SC\\PsWebHost\\apps\\UnitTests\\routes\\api\\v1\\processes\\get.ps1:78 char:99\r\n+ . ieving process tracking data: $($_.Exception.Message)\" -Level 'Error' .\r\n+                                                          ~~~~~~"}

Command      : WebHost.ps1
ScriptName   : C:\SC\PsWebHost\WebHost.ps1
FunctionName : <ScriptBlock>
Line         : 878
Arguments    : {}

Command      : WebHost.ps1
ScriptName   : C:\SC\PsWebHost\WebHost.ps1
FunctionName : <ScriptBlock><End>
Line         : 875
Arguments    : {}


2026-02-10T04:54:46.1799536Z	2026-02-09T22:54:46.1799536-06:00	Error	ErrorArrayCheck	\[WebHost\.PS1]\ \$Error\[1]\ Cannot\ bind\ argument\ to\ parameter\ 'Path'\ because\ it\ is\ null\.\nAt\ C:\\SC\\PsWebHost\\apps\\UnitTests\\routes\\api\\v1\\processes\\get\.ps1:10\ char:29\r\n\+\ \ \ \ \ \$reportPath\ =\ Join-Path\ \$testsPath\ 'process-tracking-report\.txt'\r\n\+\ \ \ \ \ \ \ \ \ \ \ \ \ \ \ \ \ \ \ \ \ \ \ \ \ \ \ \ \ ~~~~~~~~~~	WebHost.ps1	WebHost.ps1				1	{"Message":"Cannot bind argument to parameter 'Path' because it is null.","PositionMessage":"At C:\\SC\\PsWebHost\\apps\\UnitTests\\routes\\api\\v1\\processes\\get.ps1:10 char:29\r\n+     $reportPath = Join-Path $testsPath 'process-tracking-report.txt'\r\n+                             ~~~~~~~~~~"}
	Logging: 2026-02-10T04:54:57.5618482Z	2026-02-09T22:54:57.5618482-06:00	Info	MetricsData	Track_HashTables	WebHost.ps1	ProcessLogQueue		Webhost	MainLoop	1	{"prefixesToTry":{"Name":"prefixesToTry","Count":2,"LastSeen":"2026-02-09T22:54:57.5613689-06:00"},"dbRoles":{"Name":"dbRoles","Count":15,"LastSeen":"2026-02-09T22:54:57.5610184-06:00"},"ModulePathEnv":{"Name":"ModulePathEnv","Count":19,"LastSeen":"2026-02-09T22:54:57.5612940-06:00"},"args":{"Name":"args","Count":0,"LastSeen":"2026-02-09T22:54:57.5608884-06:00"},"systemUsers":{"Name":"systemUsers","Count":2,"LastSeen":"2026-02-09T22:54:57.5615302-06:00"},"fileInfo":{"Name":"fileInfo","Count":2,"LastSeen":"2026-02-09T22:54:57.5610837-06:00"},"logEntries":{"Name":"logEntries","Count":3,"LastSeen":"2026-02-09T22:54:57.5612041-06:00"},"configRoles":{"Name":"configRoles","Count":6,"LastSeen":"2026-02-09T22:54:57.5609657-06:00"}}

Command      : Process-HttpRequest
ScriptName   : C:\SC\PsWebHost\modules\PSWebHost_Support\PSWebHost_Support.psm1
FunctionName : Process-HttpRequest
Line         : 987
Arguments    : {Context=System.Net.HttpListenerContext, HostUIQueue=, Inlineexecute=True}

Command      : WebHost.ps1
ScriptName   : C:\SC\PsWebHost\WebHost.ps1
FunctionName : <ScriptBlock><End>
Line         : 870
Arguments    : {}


2026-02-10T04:55:15.6197445Z	2026-02-09T22:55:15.6197445-06:00	Error	Apps	\[Process-HttpRequest]\ Error\ executing\ app\ route:\ A\ parameter\ cannot\ be\ found\ that\ matches\ parameter\ name\ 'Level'\.	modules\PSWebHost_Support\PSWebHost_Support.psm1::Process-HttpRequest	Process-HttpRequest		6ec71a85-fb79-4ebc-aa1d-587c7f8b403c		1	

Command      : WebHost.ps1
ScriptName   : C:\SC\PsWebHost\WebHost.ps1
FunctionName : <ScriptBlock>
Line         : 878
Arguments    : {}

Command      : WebHost.ps1
ScriptName   : C:\SC\PsWebHost\WebHost.ps1
FunctionName : <ScriptBlock><End>
Line         : 875
Arguments    : {}


2026-02-10T04:55:15.6230566Z	2026-02-09T22:55:15.6230566-06:00	Error	ErrorArrayCheck	\[WebHost\.PS1]\ \$Error\[0]\ A\ parameter\ cannot\ be\ found\ that\ matches\ parameter\ name\ 'Level'\.\nAt\ C:\\SC\\PsWebHost\\apps\\UnitTests\\routes\\api\\v1\\coverage\\get\.ps1:100\ char:93\r\n\+\ .\ r\ generating\ coverage\ report:\ \$\(\$_\.Exception\.Message\)"\ -Level\ 'Error'\ .\r\n\+\ \ \ \ \ \ \ \ \ \ \ \ \ \ \ \ \ \ \ \ \ \ \ \ \ \ \ \ \ \ \ \ \ \ \ \ \ \ \ \ \ \ \ \ \ \ \ \ \ \ \ \ \ \ \ \ \ \ ~~~~~~	WebHost.ps1	WebHost.ps1				1	{"Message":"A parameter cannot be found that matches parameter name 'Level'.","PositionMessage":"At C:\\SC\\PsWebHost\\apps\\UnitTests\\routes\\api\\v1\\coverage\\get.ps1:100 char:93\r\n+ . r generating coverage report: $($_.Exception.Message)\" -Level 'Error' .\r\n+                                                          ~~~~~~"}

Command      : WebHost.ps1
ScriptName   : C:\SC\PsWebHost\WebHost.ps1
FunctionName : <ScriptBlock>
Line         : 878
Arguments    : {}

Command      : WebHost.ps1
ScriptName   : C:\SC\PsWebHost\WebHost.ps1
FunctionName : <ScriptBlock><End>
Line         : 875
Arguments    : {}


2026-02-10T04:55:15.6256931Z	2026-02-09T22:55:15.6256931-06:00	Error	ErrorArrayCheck	\[WebHost\.PS1]\ \$Error\[1]\ Cannot\ bind\ argument\ to\ parameter\ 'Path'\ because\ it\ is\ null\.\nAt\ C:\\SC\\PsWebHost\\apps\\UnitTests\\routes\\api\\v1\\coverage\\get\.ps1:11\ char:29\r\n\+\ \ \ \ \ \$routesPath\ =\ Join-Path\ \$projectRoot\ 'routes'\r\n\+\ \ \ \ \ \ \ \ \ \ \ \ \ \ \ \ \ \ \ \ \ \ \ \ \ \ \ \ \ ~~~~~~~~~~~~	WebHost.ps1	WebHost.ps1				1	{"Message":"Cannot bind argument to parameter 'Path' because it is null.","PositionMessage":"At C:\\SC\\PsWebHost\\apps\\UnitTests\\routes\\api\\v1\\coverage\\get.ps1:11 char:29\r\n+     $routesPath = Join-Path $projectRoot 'routes'\r\n+                             ~~~~~~~~~~~~"}

Command      : Process-HttpRequest
ScriptName   : C:\SC\PsWebHost\modules\PSWebHost_Support\PSWebHost_Support.psm1
FunctionName : Process-HttpRequest
Line         : 1163
Arguments    : {Context=System.Net.HttpListenerContext, HostUIQueue=, Inlineexecute=True}

Command      : WebHost.ps1
ScriptName   : C:\SC\PsWebHost\WebHost.ps1
FunctionName : <ScriptBlock><End>
Line         : 870
Arguments    : {}


2026-02-10T04:55:25.7509012Z	2026-02-09T22:55:25.7509012-06:00	Error	Routing	\[Process-HttpRequest]\ Error\ executing\ route\ script:\ The\ term\ 'Get-PSWebHostErrorReport'\ is\ not\ recognized\ as\ a\ name\ of\ a\ cmdlet,\ function,\ script\ file,\ or\ executable\ program\.\r\nCheck\ the\ spelling\ of\ the\ name,\ or\ if\ a\ path\ was\ included,\ verify\ that\ the\ path\ is\ correct\ and\ try\ again\.\nAt\ C:\\SC\\PsWebHost\\routes\\api\\v1\\debug\\test-error\\get\.ps1:56\ char:15\r\n\+\ \ \ \ \ \$Report\ =\ Get-PSWebHostErrorReport\ -ErrorRecord\ \$_\ -Context\ \$Cont\ .\r\n\+\ \ \ \ \ \ \ \ \ \ \ \ \ \ \ ~~~~~~~~~~~~~~~~~~~~~~~~	modules\PSWebHost_Support\PSWebHost_Support.psm1::Process-HttpRequest	Process-HttpRequest		6ec71a85-fb79-4ebc-aa1d-587c7f8b403c		1	{"Message":"The term 'Get-PSWebHostErrorReport' is not recognized as a name of a cmdlet, function, script file, or executable program.\r\nCheck the spelling of the name, or if a path was included, verify that the path is correct and try again.","PositionMessage":"At C:\\SC\\PsWebHost\\routes\\api\\v1\\debug\\test-error\\get.ps1:56 char:15\r\n+     $Report = Get-PSWebHostErrorReport -ErrorRecord $_ -Context $Cont .\r\n+               ~~~~~~~~~~~~~~~~~~~~~~~~","SessionID":"6552a790-8769-4737-8c71-08cae865d496","ScriptPath":"C:\\SC\\PsWebHost\\routes\\api\\v1\\debug\\test-error\\get.ps1"}

Command      : WebHost.ps1
ScriptName   : C:\SC\PsWebHost\WebHost.ps1
FunctionName : <ScriptBlock>
Line         : 878
Arguments    : {}

Command      : WebHost.ps1
ScriptName   : C:\SC\PsWebHost\WebHost.ps1
FunctionName : <ScriptBlock><End>
Line         : 875
Arguments    : {}


2026-02-10T04:55:25.7589477Z	2026-02-09T22:55:25.7589477-06:00	Error	ErrorArrayCheck	\[WebHost\.PS1]\ \$Error\[0]\ The\ term\ 'Get-PSWebHostErrorReport'\ is\ not\ recognized\ as\ a\ name\ of\ a\ cmdlet,\ function,\ script\ file,\ or\ executable\ program\.\r\nCheck\ the\ spelling\ of\ the\ name,\ or\ if\ a\ path\ was\ included,\ verify\ that\ the\ path\ is\ correct\ and\ try\ again\.\nAt\ C:\\SC\\PsWebHost\\routes\\api\\v1\\debug\\test-error\\get\.ps1:56\ char:15\r\n\+\ \ \ \ \ \$Report\ =\ Get-PSWebHostErrorReport\ -ErrorRecord\ \$_\ -Context\ \$Cont\ .\r\n\+\ \ \ \ \ \ \ \ \ \ \ \ \ \ \ ~~~~~~~~~~~~~~~~~~~~~~~~	WebHost.ps1	WebHost.ps1				1	{"Message":"The term 'Get-PSWebHostErrorReport' is not recognized as a name of a cmdlet, function, script file, or executable program.\r\nCheck the spelling of the name, or if a path was included, verify that the path is correct and try again.","PositionMessage":"At C:\\SC\\PsWebHost\\routes\\api\\v1\\debug\\test-error\\get.ps1:56 char:15\r\n+     $Report = Get-PSWebHostErrorReport -ErrorRecord $_ -Context $Cont .\r\n+               ~~~~~~~~~~~~~~~~~~~~~~~~"}

Command      : WebHost.ps1
ScriptName   : C:\SC\PsWebHost\WebHost.ps1
FunctionName : <ScriptBlock>
Line         : 878
Arguments    : {}

Command      : WebHost.ps1
ScriptName   : C:\SC\PsWebHost\WebHost.ps1
FunctionName : <ScriptBlock><End>
Line         : 875
Arguments    : {}


2026-02-10T04:55:25.9737576Z	2026-02-09T22:55:25.9737576-06:00	Error	ErrorArrayCheck	\[WebHost\.PS1]\ \$Error\[1]\ This\ is\ a\ test\ error\ to\ demonstrate\ the\ error\ reporting\ system\.\ Variables\ in\ scope:\ testString='Hello\ World',\ testNumber=42\nAt\ C:\\SC\\PsWebHost\\routes\\api\\v1\\debug\\test-error\\get\.ps1:41\ char:13\r\n\+\ \ \ \ \ \ \ \ \ \ \ \ \ throw\ "This\ is\ a\ test\ error\ to\ demonstrate\ the\ error\ repo\ .\r\n\+\ \ \ \ \ \ \ \ \ \ \ \ \ ~~~~~~~~~~~~~~~~~~~~~~~~~~~~~~~~~~~~~~~~~~~~~~~~~~~~~~~~~	WebHost.ps1	WebHost.ps1				1	{"Message":"This is a test error to demonstrate the error reporting system. Variables in scope: testString='Hello World', testNumber=42","PositionMessage":"At C:\\SC\\PsWebHost\\routes\\api\\v1\\debug\\test-error\\get.ps1:41 char:13\r\n+             throw \"This is a test error to demonstrate the error repo .\r\n+             ~~~~~~~~~~~~~~~~~~~~~~~~~~~~~~~~~~~~~~~~~~~~~~~~~~~~~~~~~"}
	Logging: 2026-02-10T04:55:45.1005423Z	2026-02-09T22:55:45.1005423-06:00	Info	MetricsData	Track_HashTables	WebHost.ps1	ProcessLogQueue		Webhost	MainLoop	1	{"prefixesToTry":{"Name":"prefixesToTry","Count":2,"LastSeen":"2026-02-09T22:55:45.0999999-06:00"},"dbRoles":{"Name":"dbRoles","Count":15,"LastSeen":"2026-02-09T22:55:45.0996537-06:00"},"args":{"Name":"args","Count":0,"LastSeen":"2026-02-09T22:55:45.0995162-06:00"},"systemUsers":{"Name":"systemUsers","Count":2,"LastSeen":"2026-02-09T22:55:45.1002341-06:00"},"fileInfo":{"Name":"fileInfo","Count":2,"LastSeen":"2026-02-09T22:55:45.0997246-06:00"},"configRoles":{"Name":"configRoles","Count":6,"LastSeen":"2026-02-09T22:55:45.0995968-06:00"},"ModulePathEnv":{"Name":"ModulePathEnv","Count":19,"LastSeen":"2026-02-09T22:55:45.0999206-06:00"}}
	Logging: 2026-02-10T04:59:01.7097762Z	2026-02-09T22:59:01.7097762-06:00	Info	MetricsData	Track_HashTables	WebHost.ps1	ProcessLogQueue		Webhost	MainLoop	1	{"prefixesToTry":{"Name":"prefixesToTry","Count":2,"LastSeen":"2026-02-09T22:59:01.7093793-06:00"},"dbRoles":{"Name":"dbRoles","Count":15,"LastSeen":"2026-02-09T22:59:01.7090571-06:00"},"args":{"Name":"args","Count":0,"LastSeen":"2026-02-09T22:59:01.7089335-06:00"},"systemUsers":{"Name":"systemUsers","Count":2,"LastSeen":"2026-02-09T22:59:01.7095397-06:00"},"fileInfo":{"Name":"fileInfo","Count":2,"LastSeen":"2026-02-09T22:59:01.7091205-06:00"},"configRoles":{"Name":"configRoles","Count":6,"LastSeen":"2026-02-09T22:59:01.7090046-06:00"},"ModulePathEnv":{"Name":"ModulePathEnv","Count":19,"LastSeen":"2026-02-09T22:59:01.7093041-06:00"}}
	Logging: 2026-02-10T05:00:02.7710738Z	2026-02-09T23:00:02.7710738-06:00	Info	MetricsData	Track_HashTables	WebHost.ps1	ProcessLogQueue		Webhost	MainLoop	1	{"prefixesToTry":{"Name":"prefixesToTry","Count":2,"LastSeen":"2026-02-09T23:00:02.7705602-06:00"},"dbRoles":{"Name":"dbRoles","Count":15,"LastSeen":"2026-02-09T23:00:02.5668605-06:00"},"args":{"Name":"args","Count":0,"LastSeen":"2026-02-09T23:00:02.5667099-06:00"},"systemUsers":{"Name":"systemUsers","Count":2,"LastSeen":"2026-02-09T23:00:02.7707368-06:00"},"fileInfo":{"Name":"fileInfo","Count":2,"LastSeen":"2026-02-09T23:00:02.5669256-06:00"},"configRoles":{"Name":"configRoles","Count":6,"LastSeen":"2026-02-09T23:00:02.5667836-06:00"},"ModulePathEnv":{"Name":"ModulePathEnv","Count":19,"LastSeen":"2026-02-09T23:00:02.7704244-06:00"}}
	Logging: 2026-02-10T05:01:48.4707208Z	2026-02-09T23:01:48.4707208-06:00	Info	MetricsData	Track_HashTables	WebHost.ps1	ProcessLogQueue		Webhost	MainLoop	1	{"prefixesToTry":{"Name":"prefixesToTry","Count":2,"LastSeen":"2026-02-09T23:01:48.4702343-06:00"},"dbRoles":{"Name":"dbRoles","Count":15,"LastSeen":"2026-02-09T23:01:48.4698912-06:00"},"args":{"Name":"args","Count":0,"LastSeen":"2026-02-09T23:01:48.4697620-06:00"},"systemUsers":{"Name":"systemUsers","Count":2,"LastSeen":"2026-02-09T23:01:48.4704320-06:00"},"fileInfo":{"Name":"fileInfo","Count":2,"LastSeen":"2026-02-09T23:01:48.4699781-06:00"},"configRoles":{"Name":"configRoles","Count":6,"LastSeen":"2026-02-09T23:01:48.4698388-06:00"},"ModulePathEnv":{"Name":"ModulePathEnv","Count":19,"LastSeen":"2026-02-09T23:01:48.4701573-06:00"}}
	Logging: 2026-02-10T05:02:34.2037847Z	2026-02-09T23:02:34.2037847-06:00	Info	MetricsData	Track_HashTables	WebHost.ps1	ProcessLogQueue		Webhost	MainLoop	1	{"prefixesToTry":{"Name":"prefixesToTry","Count":2,"LastSeen":"2026-02-09T23:02:33.9925630-06:00"},"dbRoles":{"Name":"dbRoles","Count":15,"LastSeen":"2026-02-09T23:02:33.9922547-06:00"},"args":{"Name":"args","Count":0,"LastSeen":"2026-02-09T23:02:33.9921356-06:00"},"systemUsers":{"Name":"systemUsers","Count":2,"LastSeen":"2026-02-09T23:02:33.9927204-06:00"},"fileInfo":{"Name":"fileInfo","Count":2,"LastSeen":"2026-02-09T23:02:33.9923160-06:00"},"configRoles":{"Name":"configRoles","Count":6,"LastSeen":"2026-02-09T23:02:33.9922042-06:00"},"ModulePathEnv":{"Name":"ModulePathEnv","Count":19,"LastSeen":"2026-02-09T23:02:33.9924888-06:00"}}
	Logging: 2026-02-10T05:03:20.5561229Z	2026-02-09T23:03:20.5561229-06:00	Info	MetricsData	Track_HashTables	WebHost.ps1	ProcessLogQueue		Webhost	MainLoop	1	H4sIAAAAAAAACpWUy27CMBBF/8VrqBwnfpAtLFoJqkihdD1QQ5HyQLZTCSH+vSoCZxxRydleR2cmd+7MhRTlp96W2vxos2q/ukpbkl/IO9Sa5M8eJ2Tedo0jeUInZAnWlVo3JCeMMjGlbEpna5bmNM0ZfeGci2yWTqnIKSXXCTmB0Y2bg0M1es2jeQw5S4XqyfZsP6w2iPtQPDWNoSqmWE/dgdOH1pwR1kueKyO4mVISdVvfzFyAA0RG4rieU8Fpz4bTaQB+KJ46i+lYUky13TYc213wTBbTqeRZMmQODcbqOB+kUoiOsvs80YgeFTiRyCyw+a3Zt6HNN2WkzZIim1fgdt/BCj6Ufu+iIsEUWruiXOg9dJUrwECtnTYbqLrBpv/zia8bte6cct7XXbaH16N14XyROI6dzDLkf1FutLHHtlnDttLBnwQPo6bBuUzQ+tfQHPfa4th7qZ9HVDaZ4gh8T6H9a/PJvb3r/T2MWi6hqAhOV3i1xh4sloaHEKr2EBJvyqhcZooLn8vrLy8o9EB9BgAA
	Logging: 2026-02-10T05:03:20.6962611Z	2026-02-09T23:03:20.6962611-06:00	Info	MetricsData	Track_HashTables	WebHost.ps1	ProcessLogQueue		Webhost	MainLoop	1	{"prefixesToTry":{"Name":"prefixesToTry","Count":2,"LastSeen":"2026-02-09T23:03:20.6957621-06:00"},"dbRoles":{"Name":"dbRoles","Count":15,"LastSeen":"2026-02-09T23:03:20.6954005-06:00"},"args":{"Name":"args","Count":0,"LastSeen":"2026-02-09T23:03:20.6952544-06:00"},"systemUsers":{"Name":"systemUsers","Count":2,"LastSeen":"2026-02-09T23:03:20.6959227-06:00"},"fileInfo":{"Name":"fileInfo","Count":2,"LastSeen":"2026-02-09T23:03:20.6954663-06:00"},"configRoles":{"Name":"configRoles","Count":6,"LastSeen":"2026-02-09T23:03:20.6953428-06:00"},"ModulePathEnv":{"Name":"ModulePathEnv","Count":19,"LastSeen":"2026-02-09T23:03:20.6956791-06:00"}}
	Logging: 2026-02-10T05:03:50.7603354Z	2026-02-09T23:03:50.7603354-06:00	Info	MetricsData	Track_HashTables	WebHost.ps1	ProcessLogQueue		Webhost	MainLoop	1	H4sIAAAAAAAACpWUS4vCMBSF/0vWOqRpm0e3upgBHYQ6ur460RH6okkHRPzvQ0XTG3EgXfa0fLk995xcyCrf6l2u21/dLuvvrtCGZBfyCaUm2auXEzKru8qSLKITsgBjc60rkhFGGZ9SNqVqzeKMxllK30SqOI/jKeUZpeQ6IQ20urIzsOiMQXPoNIScJFINZHM2X0a3iPtQHDUOoSol5EDdg9XHuj0jrJMcVwRwpZQMccubmXOwgMhIHDdzLDgd2NA0T+CH4qgqZOKUSY787Xb+2u6CY7KQSQUXeGc3xLPBWB3ng5SpGOgou68TjehBgeNxhKIMTfNRHWrf5psy0mbVaw/qEuz+x6vgQxl6FxSJmHtWzPUBusKuoIVSW91uoOiemv7PJ+7coLqnEa7Poj6+n4z194vEcewoSVHMV/lGt+ZUV2vYFdr7E+/FqG2oVCZoGyVUp4M2OPZOGvYRlE0mhDf8tk+h6cd8cd/e9eE+DCoXVwnK595ra/807sLiCYs8GhT10SfelFG5lFwpN+P1D8GvL4N9BgAA
	Logging: 2026-02-10T05:03:50.7621543Z	2026-02-09T23:03:50.7621543-06:00	Info	MetricsData	Track_HashTables	WebHost.ps1	ProcessLogQueue		Webhost	MainLoop	1	{"prefixesToTry":{"Name":"prefixesToTry","Count":2,"LastSeen":"2026-02-09T23:03:50.7617058-06:00"},"dbRoles":{"Name":"dbRoles","Count":15,"LastSeen":"2026-02-09T23:03:50.7613857-06:00"},"args":{"Name":"args","Count":0,"LastSeen":"2026-02-09T23:03:50.7612445-06:00"},"systemUsers":{"Name":"systemUsers","Count":2,"LastSeen":"2026-02-09T23:03:50.7618664-06:00"},"fileInfo":{"Name":"fileInfo","Count":2,"LastSeen":"2026-02-09T23:03:50.7614490-06:00"},"configRoles":{"Name":"configRoles","Count":6,"LastSeen":"2026-02-09T23:03:50.7613324-06:00"},"ModulePathEnv":{"Name":"ModulePathEnv","Count":19,"LastSeen":"2026-02-09T23:03:50.7616286-06:00"}}
	Logging: 2026-02-10T05:04:21.0380734Z	2026-02-09T23:04:21.0380734-06:00	Info	MetricsData	Track_HashTables	WebHost.ps1	ProcessLogQueue		Webhost	MainLoop	1	{"prefixesToTry":{"Name":"prefixesToTry","Count":2,"LastSeen":"2026-02-09T23:04:21.0375732-06:00"},"dbRoles":{"Name":"dbRoles","Count":15,"LastSeen":"2026-02-09T23:04:21.0371218-06:00"},"ModulePathEnv":{"Name":"ModulePathEnv","Count":19,"LastSeen":"2026-02-09T23:04:21.0374951-06:00"},"args":{"Name":"args","Count":0,"LastSeen":"2026-02-09T23:04:21.0368110-06:00"},"systemUsers":{"Name":"systemUsers","Count":2,"LastSeen":"2026-02-09T23:04:21.0377397-06:00"},"fileInfo":{"Name":"fileInfo","Count":2,"LastSeen":"2026-02-09T23:04:21.0372253-06:00"},"logEntries":{"Name":"logEntries","Count":2,"LastSeen":"2026-02-09T23:04:21.0373909-06:00"},"configRoles":{"Name":"configRoles","Count":6,"LastSeen":"2026-02-09T23:04:21.0369820-06:00"}}
	Logging: 2026-02-10T05:05:21.7651221Z	2026-02-09T23:05:21.7651221-06:00	Info	MetricsData	Track_HashTables	WebHost.ps1	ProcessLogQueue		Webhost	MainLoop	1	H4sIAAAAAAAACpWUy27CMBBF/8VrqPxI7CRbWLQSVEihdD1QQ5HyUuxUQoh/r4JIMo6o6myvozOTO3fmSjbpp96nuv7R9br8ajJtSHIl75Brkjx7nJFF2RSWJIzOyAqMTbUuSEI45XJO+ZzGWy4SGiacvSgZiEDJOZUJpeQ2IxXUurALsKjGoPXo0IfMKIsHsrmYD6NrxO2Unip8qJIqMVAPYPWprC8I20s9V/3LlVyqKAoHbn43cwkWEBmJ03qmnCMnoKpG4E7pqbFPx5JhJ0yzd8f2EHom9+k0kCoYM8cGY3WaD2HAkMcou88TjehegeMRjjJU1VtxLF2b78pEm1WAml6DPXw7K9gpw9559CpipRwrlvoITWY3UEOura53kDWjTf/jk76u17ozJfhQd1WeXs/GuvNF4gS25DKOYhTITbrTtTmXxRb2mXb+xHmYMI12xgFFAc2hOB+1wbHvpWEePtkUUcyc5j/bFJq2zSf39qEP99BruURMI+d0uVdr6sHiAUr7ASxk5ckl3pUJuWypoVQd9fYLgLSG0H0GAAA=
	Logging: 2026-02-10T05:05:21.7672083Z	2026-02-09T23:05:21.7672083-06:00	Info	MetricsData	Track_HashTables	WebHost.ps1	ProcessLogQueue		Webhost	MainLoop	1	{"prefixesToTry":{"Name":"prefixesToTry","Count":2,"LastSeen":"2026-02-09T23:05:21.7667076-06:00"},"dbRoles":{"Name":"dbRoles","Count":15,"LastSeen":"2026-02-09T23:05:21.7662840-06:00"},"args":{"Name":"args","Count":0,"LastSeen":"2026-02-09T23:05:21.7661483-06:00"},"systemUsers":{"Name":"systemUsers","Count":2,"LastSeen":"2026-02-09T23:05:21.7669244-06:00"},"fileInfo":{"Name":"fileInfo","Count":2,"LastSeen":"2026-02-09T23:05:21.7663886-06:00"},"configRoles":{"Name":"configRoles","Count":6,"LastSeen":"2026-02-09T23:05:21.7662301-06:00"},"ModulePathEnv":{"Name":"ModulePathEnv","Count":19,"LastSeen":"2026-02-09T23:05:21.7665981-06:00"}}
	Logging: 2026-02-10T05:06:10.2046681Z	2026-02-09T23:06:10.2046681-06:00	Info	MetricsData	Track_HashTables	WebHost.ps1	ProcessLogQueue		Webhost	MainLoop	1	H4sIAAAAAAAACpWUS2/CMBCE/4vPUG1s8nCucGglqJBC6XmhhiLlgWynEkL89woEzjqlknPMOPpsz874zJbFp9oUSv8ovWi+2lIZlp/ZO1aK5c8WR2zatLVleQQjNkdjC6VqljMOPBkDH4NccZFDkkfwwkHILInHkOQA7DJiR9SqtlO0ZI9Oc+g4hJwKmXVkczIfRmnCfSiOKgKokyiDpKNu0ap9o08E6yTHTUNOK/iEcKubmTO0SMhEHHRmkSQZ8RiPxx74oTiqDKFGUSSIv+3GH9tdcEwe4i5ICX1m32CqDpydSIkPJLvPE03oQYGTMZeezW/1rvFtvinDbOZAA7dAu/32KvhQut4FRUJwMrxlMVM7bEu7RI2VskqvsWx7Tf/nF7dvUN0zkZIBz5v968FYf75EHMaOuUzpndZKm0NTr3BTKu8m3sKwaUiYEN8qrA87ZWjsndTNI6ijseTRn2ya6zGfvLd3vXsPw8rFgcR/67X1+jXsweJxStK+RYtls/eJN2VYLrnsOnT5BWzj4/59BgAA
	Logging: 2026-02-10T05:06:10.2069117Z	2026-02-09T23:06:10.2069117-06:00	Info	MetricsData	Track_HashTables	WebHost.ps1	ProcessLogQueue		Webhost	MainLoop	1	{"prefixesToTry":{"Name":"prefixesToTry","Count":2,"LastSeen":"2026-02-09T23:06:10.2063028-06:00"},"dbRoles":{"Name":"dbRoles","Count":15,"LastSeen":"2026-02-09T23:06:10.2058952-06:00"},"args":{"Name":"args","Count":0,"LastSeen":"2026-02-09T23:06:10.2057540-06:00"},"systemUsers":{"Name":"systemUsers","Count":2,"LastSeen":"2026-02-09T23:06:10.2065443-06:00"},"fileInfo":{"Name":"fileInfo","Count":2,"LastSeen":"2026-02-09T23:06:10.2059612-06:00"},"configRoles":{"Name":"configRoles","Count":6,"LastSeen":"2026-02-09T23:06:10.2058387-06:00"},"ModulePathEnv":{"Name":"ModulePathEnv","Count":19,"LastSeen":"2026-02-09T23:06:10.2061470-06:00"}}
	Logging: 2026-02-10T05:06:41.1325434Z	2026-02-09T23:06:41.1325434-06:00	Info	MetricsData	Track_HashTables	WebHost.ps1	ProcessLogQueue		Webhost	MainLoop	1	H4sIAAAAAAAACpWUX2vCMBTFv0uedeRPm9i+6sMGOoS67fnqohNqW5J0IOJ3HxVNb4qD9LEn5Zebc++5F7IuvvS20OZXm1X93ZbakvxC3uGkSf7scELmdVs5kjM6IUuwrtC6IjnhlMsp5VOabbjIqcwT9sIEpzxNplTmlJLrhDRgdOXm4NAdvebRaQSZKaVmPdme7YfVBnEfiqeKmHo5E7Kn7sDpQ23OCOslz1Ux1QqheM893cxcgANERuKompmiGWJD0wzAD8VTswgqzVineX/bbdi2u+CZPMZdJjI1ZA4Nxuq43jGVoIrR7D6faESPGrgsZWiUoWneqn0d2nxTRtnMqMTUFbjdTxDBh9LnLoYqVYKMXhcLvYe2dGswcNJOm08o20HS//nF3xsTdzZLBGrBsj68Hq0L+4vEcexUpgy/6VMbe6yrDWxLHbwkOBjXjYxKHFOojntt8dh7qe9HVEalEKjN9ym0XZlP9u1d7/dhVLioTJA/uyCt3de4hcWTTkY0KOtDSLwp4+ZSUOqX9vUPMmo6cX0GAAA=
	Logging: 2026-02-10T05:06:41.1343490Z	2026-02-09T23:06:41.1343490-06:00	Info	MetricsData	Track_HashTables	WebHost.ps1	ProcessLogQueue		Webhost	MainLoop	1	{"prefixesToTry":{"Name":"prefixesToTry","Count":2,"LastSeen":"2026-02-09T23:06:41.1339136-06:00"},"dbRoles":{"Name":"dbRoles","Count":15,"LastSeen":"2026-02-09T23:06:41.1336044-06:00"},"args":{"Name":"args","Count":0,"LastSeen":"2026-02-09T23:06:41.1334323-06:00"},"systemUsers":{"Name":"systemUsers","Count":2,"LastSeen":"2026-02-09T23:06:41.1341181-06:00"},"fileInfo":{"Name":"fileInfo","Count":2,"LastSeen":"2026-02-09T23:06:41.1336668-06:00"},"configRoles":{"Name":"configRoles","Count":6,"LastSeen":"2026-02-09T23:06:41.1335447-06:00"},"ModulePathEnv":{"Name":"ModulePathEnv","Count":19,"LastSeen":"2026-02-09T23:06:41.1338393-06:00"}}
	Logging: 2026-02-10T05:08:30.1741493Z	2026-02-09T23:08:30.1741493-06:00	Info	MetricsData	Track_HashTables	WebHost.ps1	ProcessLogQueue		Webhost	MainLoop	1	H4sIAAAAAAAACpWUUWvCMBSF/0uedcTEJmlf9WEDHUKde7520Qm1lSQdiPjfh6LJjXOQPva0fLk9OeeeyKL81OtSmx9t5u1XV2tLihN5h70mxbOXAzJpu8aRYkQHZAbWlVo3pCCMMjGkbEjzJeMFVQWnLyPJBRV0SEVBKTkPyAGMbtwEHDojaB6dpZC54jyQ7dF+WG0Q9654Kk+hKqYQtQKnt605IqyXPFcmcJkSGQvc/dXMKThAZCT2m5lTIQIbDocH8F3x1DxlYiFFjvzt1vG13QTPZCmTynH+h/loMFb7+SCVkIGOsvs80YieFLhMstjmt2bTxjZflX42Sy7R0HNw1XdUwbsSepcyKxuryIqp3kBXuwUY2GunzQrq7qHp/3ziz02q+zjLUH1m7fZ1Z118v0jsxx5xgdiLcqWN3bXNEta1jv4ketHrNnjGuEI1hWa30RbH3kvhPpKyyahEyb+l0F7GfLJvb3rYh0nlElyhI6qorZenfgtL5gw5UYGDut3GxKvSK5dMMenX4PkX63iWl30GAAA=
	Logging: 2026-02-10T05:08:30.1761625Z	2026-02-09T23:08:30.1761625-06:00	Info	MetricsData	Track_HashTables	WebHost.ps1	ProcessLogQueue		Webhost	MainLoop	1	{"prefixesToTry":{"Name":"prefixesToTry","Count":2,"LastSeen":"2026-02-09T23:08:30.1756829-06:00"},"dbRoles":{"Name":"dbRoles","Count":15,"LastSeen":"2026-02-09T23:08:30.1753533-06:00"},"args":{"Name":"args","Count":0,"LastSeen":"2026-02-09T23:08:30.1752160-06:00"},"systemUsers":{"Name":"systemUsers","Count":2,"LastSeen":"2026-02-09T23:08:30.1758846-06:00"},"fileInfo":{"Name":"fileInfo","Count":2,"LastSeen":"2026-02-09T23:08:30.1754188-06:00"},"configRoles":{"Name":"configRoles","Count":6,"LastSeen":"2026-02-09T23:08:30.1752980-06:00"},"ModulePathEnv":{"Name":"ModulePathEnv","Count":19,"LastSeen":"2026-02-09T23:08:30.1756036-06:00"}}
	Logging: 2026-02-10T05:09:15.7499948Z	2026-02-09T23:09:15.7499948-06:00	Info	MetricsData	Track_HashTables	WebHost.ps1	ProcessLogQueue		Webhost	MainLoop	1	H4sIAAAAAAAACpWUQWsCMRCF/0vOWrLJJpvsVQ8taBG09jzaaIV1d9lkCyL+91LRZCIWsteX8GXy5s2cyWL5aTZL0/2Ybt589ZWxpDyTdzgaUj47HJFJ09eOlBkdkRlYtzSmJiVhlMkxZWOqV4yXVJeZeClynWe6GFNZUkouI9JCZ2o3AYfeCJpHixRyxoUIZHuyH9Z0iHtXPJWnUCVliLoFZ/ZNd0JYL3lukcBVQnIZuMermVNwgMhIHFYzlYwGNrTtA/iueKpOqZgXFPvbb+K23QTPZCmVCib5I/PRYKwO80FIngU6yu7zRCN6UuC4KpAh0LZv9a6Jbb4qw2zOc6YCdQ5u+x2N4F0Jc5cUCSYiK6ZmB33lFtDB0TjTraHqHyb9nyv+3aRxZ1Lk4d1Zs389WBf3F4mD2EpxxfCf1qazh6ZewaYy0U+ig0Hd0DyneEyhPuyMxbH3UuhHSjaVFhky5pZC+1fmk31708M+TBquXFAdra54aw1cWLkuUC634KBq9jHxqgzKpRI889TLL+gjT999BgAA
	Logging: 2026-02-10T05:09:15.7519082Z	2026-02-09T23:09:15.7519082-06:00	Info	MetricsData	Track_HashTables	WebHost.ps1	ProcessLogQueue		Webhost	MainLoop	1	{"prefixesToTry":{"Name":"prefixesToTry","Count":2,"LastSeen":"2026-02-09T23:09:15.7513741-06:00"},"dbRoles":{"Name":"dbRoles","Count":15,"LastSeen":"2026-02-09T23:09:15.7510168-06:00"},"args":{"Name":"args","Count":0,"LastSeen":"2026-02-09T23:09:15.7508861-06:00"},"systemUsers":{"Name":"systemUsers","Count":2,"LastSeen":"2026-02-09T23:09:15.7515355-06:00"},"fileInfo":{"Name":"fileInfo","Count":2,"LastSeen":"2026-02-09T23:09:15.7510808-06:00"},"configRoles":{"Name":"configRoles","Count":6,"LastSeen":"2026-02-09T23:09:15.7509627-06:00"},"ModulePathEnv":{"Name":"ModulePathEnv","Count":19,"LastSeen":"2026-02-09T23:09:15.7512932-06:00"}}
	Logging: 2026-02-10T05:10:16.6725029Z	2026-02-09T23:10:16.6725029-06:00	Debug	GlobalCache	Updated\ cache:\ 3\ jobs,\ 0\ runspaces,\ 0\ tasks\ \(0\.2211ms\)	WebHost.ps1::Update-GlobalCache	Update-GlobalCache				1	
	Logging: 2026-02-10T05:10:16.6749965Z	2026-02-09T23:10:16.6749965-06:00	Info	MetricsData	Track_HashTables	WebHost.ps1	ProcessLogQueue		Webhost	MainLoop	1	H4sIAAAAAAAACpWUX2vCMBTFv0uedaRJGpu+6sMGOgp17jm6qxP6R5p0IOJ3HzpNbsRB+npSfjk9OfeeSFF+wrqE7ge6RfvVV2BIfiLvugaSPzsckWnbN5bkCR2RuTa2BGhIThhlckzZmKol43lC80S+yIngLEvHVOaUkvOIHHQHjZ1qi+7wmkOnMeQkEdKTzdF8GOgQ9644Ko+hplxST91oC7u2OyKskxx3EsHlkmcTz62vYc601YiMxGGeqRDcs/Xh8AC+K46qYhxzwROUb78On+0mOCaLcSo4dvqHeAwYq8NyEDJTno66+7zRiB5VOKZkGPNbs23DmK/KwJgVNr3QdvMdjOBd8XMXVQmaIa9FOYOt7itb6E7XYKFb6ap/mPR/PnH3Ro17knE0PvN297o3NnxfJA5i80wpNEJFuYLO7NtmqdcVBH8SHAx6DcGEQv5r3ey3YHDtneTfI6abXEmF9uCtheZi88m+vel+H0YNF5cXDa2ucGsNXFgiZSKg6ardhcSrMqiXXGSpi+H8CwdbvDd9BgAA
	Logging: 2026-02-10T05:10:16.6770875Z	2026-02-09T23:10:16.6770875-06:00	Info	MetricsData	Track_HashTables	WebHost.ps1	ProcessLogQueue		Webhost	MainLoop	1	{"prefixesToTry":{"Name":"prefixesToTry","Count":2,"LastSeen":"2026-02-09T23:10:16.6763903-06:00"},"dbRoles":{"Name":"dbRoles","Count":15,"LastSeen":"2026-02-09T23:10:16.6760678-06:00"},"args":{"Name":"args","Count":0,"LastSeen":"2026-02-09T23:10:16.6759369-06:00"},"systemUsers":{"Name":"systemUsers","Count":2,"LastSeen":"2026-02-09T23:10:16.6765566-06:00"},"fileInfo":{"Name":"fileInfo","Count":2,"LastSeen":"2026-02-09T23:10:16.6761329-06:00"},"configRoles":{"Name":"configRoles","Count":6,"LastSeen":"2026-02-09T23:10:16.6760127-06:00"},"ModulePathEnv":{"Name":"ModulePathEnv","Count":19,"LastSeen":"2026-02-09T23:10:16.6763150-06:00"}}
	Logging: 2026-02-10T05:10:31.9160086Z	2026-02-09T23:10:31.9160086-06:00	Info	MetricsData	Track_HashTables	WebHost.ps1	ProcessLogQueue		Webhost	MainLoop	1	H4sIAAAAAAAACpWUS2/CMBCE/4vPtHLiRx5XOLQSVEih9LxQQ5FCEtlOJYT47xUU7DWlknPMJPq8mZ3xkcyrD7WqlP5WetZ+9rUypDySN9grUj56OSLjtm8sKRM6IlMwtlKqISVJaSqfaPpEi0XKyoSWLHkuEsH5WZMlpeQ0Ih1o1dgxWHSG1xxaxJBTmhWebA7m3SiNuDfFUVkMVUrKPXUNVm1bfUBYJzluFsHlgnHqufuLmROwgMhIHDYzZRliQ9fdgW+KoxYxEzPBsL/9KlzbVXDMNGZSwTPk7i/i3mCsDvNB5CnzdJTdx4lG9KjA8SBw0HWvzaYNbb4ow2zmCReeOgO7/goqeFN872KouSxQJObVRG2gr+0cNOyVVXoJdX/X9H8+cedG1T0t8Aqm7fZlZ2y4XyQOYvOMJ8F6l0qbXdssYFWr4E+CF4O2IZikEtUUmt1GGRx7J/l9xGST51T8zaY5j/ngvr3q/j6MKhfPEpTPddDW89OwC4vLHOVyDRbqdhsSL8qwXAqaOH9PP5FRVoR9BgAA
	Logging: 2026-02-10T05:10:31.9180159Z	2026-02-09T23:10:31.9180159-06:00	Info	MetricsData	Track_HashTables	WebHost.ps1	ProcessLogQueue		Webhost	MainLoop	1	{"prefixesToTry":{"Name":"prefixesToTry","Count":2,"LastSeen":"2026-02-09T23:10:31.9174689-06:00"},"dbRoles":{"Name":"dbRoles","Count":15,"LastSeen":"2026-02-09T23:10:31.9170703-06:00"},"ModulePathEnv":{"Name":"ModulePathEnv","Count":19,"LastSeen":"2026-02-09T23:10:31.9173497-06:00"},"args":{"Name":"args","Count":0,"LastSeen":"2026-02-09T23:10:31.9169413-06:00"},"systemUsers":{"Name":"systemUsers","Count":2,"LastSeen":"2026-02-09T23:10:31.9177047-06:00"},"fileInfo":{"Name":"fileInfo","Count":2,"LastSeen":"2026-02-09T23:10:31.9171394-06:00"},"logEntries":{"Name":"logEntries","Count":3,"LastSeen":"2026-02-09T23:10:31.9172589-06:00"},"configRoles":{"Name":"configRoles","Count":6,"LastSeen":"2026-02-09T23:10:31.9170186-06:00"}}
	Logging: 2026-02-10T05:11:37.4880693Z	2026-02-09T23:11:37.4880693-06:00	Info	MetricsData	Track_HashTables	WebHost.ps1	ProcessLogQueue		Webhost	MainLoop	1	H4sIAAAAAAAACpWUS2/CMBCE/4vPUPmV2MkVDq0EFRKUnhdqKFIeKHYqIcR/r0JJvEZUJMdMos+bmVmfyWL5aTZLU/2Yal5+1ZmxJD2Td8gNSR+9HJFJWReOpIyOyAysWxpTkJRwyuMx5WOarLhIGUuFepFaCRrxMY1TSsllRI5QmcJNwKEzvNaho6dkriTXnHmyPdkPayrEbZWOKvrMG0Uy8dQtOLMvqxPCdlLHVT2mFVpo4bn51cwpOEBkJA6YuXGCidiz4Xi8A7dKR036TBwripyw9SaM7SZ0TN7HXSlxG/4Q9wZjdWB2VGtPR9193GhEf144qRWPNQ1sfit2ZWjzVRlms+IRCm8ObvsdrGCr+L3rUwmmtMJWTM0O6swtoILcOFOtIavvNv2fT7pze607jQSq+azcvx6sC/NF4gA2V5IqGcS7NpU9lMUKNpkJ/iR4MSCNJmPGUMY5FIedsbj2neTz6LWjTDIU862FthnzwX170/192Gu5hEjQEdtgW5unYReWUjFKcgsOsnIfEq/KoF4KTVXUUi+/QdPuK30GAAA=
	Logging: 2026-02-10T05:11:37.4899650Z	2026-02-09T23:11:37.4899650-06:00	Info	MetricsData	Track_HashTables	WebHost.ps1	ProcessLogQueue		Webhost	MainLoop	1	{"prefixesToTry":{"Name":"prefixesToTry","Count":2,"LastSeen":"2026-02-09T23:11:37.4894278-06:00"},"dbRoles":{"Name":"dbRoles","Count":15,"LastSeen":"2026-02-09T23:11:37.4891052-06:00"},"args":{"Name":"args","Count":0,"LastSeen":"2026-02-09T23:11:37.4889744-06:00"},"systemUsers":{"Name":"systemUsers","Count":2,"LastSeen":"2026-02-09T23:11:37.4896156-06:00"},"fileInfo":{"Name":"fileInfo","Count":2,"LastSeen":"2026-02-09T23:11:37.4891706-06:00"},"configRoles":{"Name":"configRoles","Count":6,"LastSeen":"2026-02-09T23:11:37.4890504-06:00"},"ModulePathEnv":{"Name":"ModulePathEnv","Count":19,"LastSeen":"2026-02-09T23:11:37.4893514-06:00"}}
	Logging: 2026-02-10T05:12:23.0257006Z	2026-02-09T23:12:23.0257006-06:00	Info	MetricsData	Track_HashTables	WebHost.ps1	ProcessLogQueue		Webhost	MainLoop	1	H4sIAAAAAAAACpWUW2sCMRCF/0uetWRz2durPrSgRVhrn0cbrbDuLkm2IOJ/LxVNJouF7OtJ+DKZc2YuZFV9qm2l9I/Sy/arr5Uh5YW8w0mR8tnhhMzavrGkTOiELMDYSqmGlIRRlk4pm9JizXiZsJLxF8pkktFsStOSUnKdkA60auwMLHrDaw4tI8giTVniyeZsPozSiPtQHJXH1Ct4gqg7sOrQ6jPCOslxs5hqGc2l555uzZyDBURG4qiahcwl82zougH4oThqEUOltOCov/02tO0uOCaL6S4XIh0yhw3G6jjveJ7nno6y+zzRiB4TOEkTjqIMXffW7NuwzTdlZJtzgcxbgt19ByP4UPzcRUVCSNToVTVXe+hruwINJ2WV3kDdDyb9nyvu3ZhxF3mKLVi0h9ejsaG/SBzHFlwK/KeN0ubYNmvY1ir4SXAwzo0ipXhMoTnulcGxd5L3I25GKd4r9xSavzKf7Nu77vdh1HAxzotgdYVba+TCSniBnNyBhbo9hMSbMi6XSeZrvP4C2Ztd4n0GAAA=
	Logging: 2026-02-10T05:12:23.0280914Z	2026-02-09T23:12:23.0280914-06:00	Info	MetricsData	Track_HashTables	WebHost.ps1	ProcessLogQueue		Webhost	MainLoop	1	{"prefixesToTry":{"Name":"prefixesToTry","Count":2,"LastSeen":"2026-02-09T23:12:23.0275875-06:00"},"dbRoles":{"Name":"dbRoles","Count":15,"LastSeen":"2026-02-09T23:12:23.0272623-06:00"},"args":{"Name":"args","Count":0,"LastSeen":"2026-02-09T23:12:23.0271155-06:00"},"systemUsers":{"Name":"systemUsers","Count":2,"LastSeen":"2026-02-09T23:12:23.0277787-06:00"},"fileInfo":{"Name":"fileInfo","Count":2,"LastSeen":"2026-02-09T23:12:23.0273287-06:00"},"configRoles":{"Name":"configRoles","Count":6,"LastSeen":"2026-02-09T23:12:23.0272057-06:00"},"ModulePathEnv":{"Name":"ModulePathEnv","Count":19,"LastSeen":"2026-02-09T23:12:23.0275143-06:00"}}
	Logging: 2026-02-10T05:12:53.2984084Z	2026-02-09T23:12:53.2984084-06:00	Info	MetricsData	Track_HashTables	WebHost.ps1	ProcessLogQueue		Webhost	MainLoop	1	H4sIAAAAAAAACpWUW2sDIRCF/4vPSfGy6rqvyUMLbQmkl+dJatLA3ljdQin97yVpo2NIwX09yud45sx8kdX61W7Wdviww0P3NtbWkeqLPEJjSXXtcEYW3dh6UjE6I/fg/NrallSEU67mlM+peeKiYryS4oYbrRVjc6oqSsn3jPQw2NYvwKM3ohbQMocsWVFEsvt0z84OiHtWAlVkUEvKNKJuwdt9N3wibJACV2dwVSEZj9zmZOYSPCAyEifVrJlgIrKh7y/AZyVQTQZVKi4p8nfcpG37EwKT51RqhECV/iIuDcbqNB+M5jrSUXavJxrRswKnuUFRhr6/a3ddavNJmWazkVRF6gP47Xsygmclzl1OrbQ0JbZiaXcw1n4FAzTW2+EF6vFi0v+5Et7NGndFNfrNfbe/PTif9heJk9jKUBye1frFDu7QtU+wqW3yk+RgUje0KikKfQPtYWcdjn2QYj+yskkFSxryekyhO5Z5Zd/+6XEfZg1XyY8yWl3p1pq4sEQhkdtb8FB3+5R4UiblUhVMBBu+fwDDG0VbfQYAAA==
	Logging: 2026-02-10T05:12:53.3010557Z	2026-02-09T23:12:53.3010557-06:00	Info	MetricsData	Track_HashTables	WebHost.ps1	ProcessLogQueue		Webhost	MainLoop	1	{"prefixesToTry":{"Name":"prefixesToTry","Count":2,"LastSeen":"2026-02-09T23:12:53.3004381-06:00"},"dbRoles":{"Name":"dbRoles","Count":15,"LastSeen":"2026-02-09T23:12:53.2999706-06:00"},"args":{"Name":"args","Count":0,"LastSeen":"2026-02-09T23:12:53.2998318-06:00"},"systemUsers":{"Name":"systemUsers","Count":2,"LastSeen":"2026-02-09T23:12:53.3007036-06:00"},"fileInfo":{"Name":"fileInfo","Count":2,"LastSeen":"2026-02-09T23:12:53.3000370-06:00"},"configRoles":{"Name":"configRoles","Count":6,"LastSeen":"2026-02-09T23:12:53.2999144-06:00"},"ModulePathEnv":{"Name":"ModulePathEnv","Count":19,"LastSeen":"2026-02-09T23:12:53.3003180-06:00"}}
	Logging: 2026-02-10T05:13:23.5668845Z	2026-02-09T23:13:23.5668845-06:00	Info	MetricsData	Track_HashTables	WebHost.ps1	ProcessLogQueue		Webhost	MainLoop	1	H4sIAAAAAAAACpWUW2vCQBCF/8s+a9nsLZdXfWhBSyDWPo92tUJuZDcFEf97qZjsJFrYvJ4N30xmzpkLSbNPvct086ObdfXV5tqQ5ELeodAkefY4I4uqLS1JAjojKzA207okCWGUqTllcxpvGE8CnjD+IpUMo1DOqUooJdcZqaHRpV2ARTWc1qOlD1kqETqyOZsPoxvE7ZSeyj2oSlDOHXUPVh+r5oywvdRzQ59uaRAhbnEb5hIsIDISJ/UshRTUsaGuR+BO6amxB1UoziM033Y3XNtd6JnMZ7qMxw/M8YCxOm13LIqFoyPvPnc0onsZLpQCNQ91/VYequGYb8q0MUcqQgFZg91/DyLYKS53XpagMbJEmi31AdrcptBAoa1utpC3o6T/80lf1yvuioeBq7uqjq8nY4f7ReI0NgtiFKE02+rGnKpyA7tcD/5k8DBpGzKkClmogPJ00AbbvpfcPrwyyln46E3z1+aTe3vX3T30Chflo9M1vFrTDpaIBfblHizk1XFIvCmTfCniSKqOev0FomEjCn0GAAA=
	Logging: 2026-02-10T05:13:23.5693846Z	2026-02-09T23:13:23.5693846-06:00	Info	MetricsData	Track_HashTables	WebHost.ps1	ProcessLogQueue		Webhost	MainLoop	1	{"prefixesToTry":{"Name":"prefixesToTry","Count":2,"LastSeen":"2026-02-09T23:13:23.5688927-06:00"},"dbRoles":{"Name":"dbRoles","Count":15,"LastSeen":"2026-02-09T23:13:23.5685060-06:00"},"args":{"Name":"args","Count":0,"LastSeen":"2026-02-09T23:13:23.5683268-06:00"},"systemUsers":{"Name":"systemUsers","Count":2,"LastSeen":"2026-02-09T23:13:23.5690631-06:00"},"fileInfo":{"Name":"fileInfo","Count":2,"LastSeen":"2026-02-09T23:13:23.5685821-06:00"},"configRoles":{"Name":"configRoles","Count":6,"LastSeen":"2026-02-09T23:13:23.5684239-06:00"},"ModulePathEnv":{"Name":"ModulePathEnv","Count":19,"LastSeen":"2026-02-09T23:13:23.5687711-06:00"}}
	Logging: 2026-02-10T05:13:53.6192930Z	2026-02-09T23:13:53.6192930-06:00	Info	MetricsData	Track_HashTables	WebHost.ps1	ProcessLogQueue		Webhost	MainLoop	1	H4sIAAAAAAAACpWUXWvCMBiF/0uudeSjbZLe6sUGOgp123V00Qn9kCQdiPjfh2LTN8VBetnT8iQ97znvBRXll96W2vxqs26/u0pblF/Qu6o1yp+9nKFF2zUO5QTP0EpZV2rdoBxRTLM5pnMsN5TlhOUpe8mI4IKQOc5yjNF1hk7K6MYtlANnDJpHpzFkTBgfyPZsP6w2gNsrnsoiqBKTm9xTd8rpQ2vOAOslz+URXJ4SyQZufTdzqZwCZCBOujOXLAVOqNNpBO4VT5UxVEpICvzttuHYHoJn0piZSZbKMXNsMFQn+SAkp8lAB9l9nmhAjwpcxokIbH5r9m1o812ZZjPLKLB5rdzuJ6hgrwy9i6EKyUDtinKp96qrXKGMqrXT5lNV3ajp/3ziz42qOxYcDHjVHl6P1oXzBeIkNucchqcoP7Wxx7bZqG2lgz8JXkyahmBCgjNq1Rz32sLYe2mYR1RHRQL34COF9nbNJ/v2oQ/7MKpcIsUg/rugrbenaQsrSQQNaKpqDyHxrkzLZSIyv16vf97JhQl9BgAA
	Logging: 2026-02-10T05:13:53.6218082Z	2026-02-09T23:13:53.6218082-06:00	Info	MetricsData	Track_HashTables	WebHost.ps1	ProcessLogQueue		Webhost	MainLoop	1	{"prefixesToTry":{"Name":"prefixesToTry","Count":2,"LastSeen":"2026-02-09T23:13:53.6211959-06:00"},"dbRoles":{"Name":"dbRoles","Count":15,"LastSeen":"2026-02-09T23:13:53.6206698-06:00"},"args":{"Name":"args","Count":0,"LastSeen":"2026-02-09T23:13:53.6204743-06:00"},"systemUsers":{"Name":"systemUsers","Count":2,"LastSeen":"2026-02-09T23:13:53.6214527-06:00"},"fileInfo":{"Name":"fileInfo","Count":2,"LastSeen":"2026-02-09T23:13:53.6207363-06:00"},"configRoles":{"Name":"configRoles","Count":6,"LastSeen":"2026-02-09T23:13:53.6205569-06:00"},"ModulePathEnv":{"Name":"ModulePathEnv","Count":19,"LastSeen":"2026-02-09T23:13:53.6210708-06:00"}}
	Logging: 2026-02-10T05:14:23.6948404Z	2026-02-09T23:14:23.6948404-06:00	Info	MetricsData	Track_HashTables	WebHost.ps1	ProcessLogQueue		Webhost	MainLoop	1	H4sIAAAAAAAACpWUy27CMBBF/8VrqPxK4mQLi1aCCim0XQ/UUKS8FDuVEOLfKxDYY0QlZ5nr6Mx45l6fyKr80ptS97+6X7bfQ6UNKU7kHWpNimeHEzJrh8aSgtEJWYCxpdYNKQinPJ1SPqX5mouCyYKLlzSXTDI6pWlBKTlPSAe9buwMLKrhNYdOIsgiVSLzZHM0H0b3iHtXHFXE9Cu5EJ66Bav3bX9EWCc5bhbTLcso89z6Osw5WEBkJI7qWSRcpp4NXfcAviuOmkdQea4kmoQZNuHaboJj8pjp8kTlj8zHAWN13O4Ew45A3n3uaESPMZykPEFWhq57a3ZtOOarMmrMgkrFPXUJdvsTRPCu+NzFUKXC1FU51zsYKruCHmptdf8J1fCQ9H9+cXVj4i4yJRNfd9HuXw/GhvtF4ji2UElwp0/dm0PbrGFT6eAmwcG4bag8Rf3X0Bx22mDbO8nvIyqjUioEvrnQXNp88t7edP8eRoWLKYZKbIO0Xr5GPliUozBtwULV7kPiVRnnSyYyRz3/AbGJLo19BgAA
	Logging: 2026-02-10T05:14:23.6968539Z	2026-02-09T23:14:23.6968539-06:00	Info	MetricsData	Track_HashTables	WebHost.ps1	ProcessLogQueue		Webhost	MainLoop	1	{"prefixesToTry":{"Name":"prefixesToTry","Count":2,"LastSeen":"2026-02-09T23:14:23.6962205-06:00"},"dbRoles":{"Name":"dbRoles","Count":15,"LastSeen":"2026-02-09T23:14:23.6958197-06:00"},"args":{"Name":"args","Count":0,"LastSeen":"2026-02-09T23:14:23.6956958-06:00"},"systemUsers":{"Name":"systemUsers","Count":2,"LastSeen":"2026-02-09T23:14:23.6963941-06:00"},"fileInfo":{"Name":"fileInfo","Count":2,"LastSeen":"2026-02-09T23:14:23.6958820-06:00"},"configRoles":{"Name":"configRoles","Count":6,"LastSeen":"2026-02-09T23:14:23.6957680-06:00"},"ModulePathEnv":{"Name":"ModulePathEnv","Count":19,"LastSeen":"2026-02-09T23:14:23.6960555-06:00"}}
	Logging: 2026-02-10T05:14:53.7969554Z	2026-02-09T23:14:53.7969554-06:00	Info	MetricsData	Track_HashTables	WebHost.ps1	ProcessLogQueue		Webhost	MainLoop	1	H4sIAAAAAAAACpWUXWvCMBSG/0uudeS7TW/1YgMdQp27Pm7RCf2iSQci/veh2CZRB+ntk/IkPec954RW+afe5rr91e2y/u4KbVB2Qu9QapQ9O5ygWd1VFmUET9ACjM21rlCGKKZyiukUqzVlGeGZYC+JkkySZIplhjE6T1ADra7sDKx3h2ODWsSYCabUmc3RfBjdet6eDFYWYxUcY2f9Aqv3dXv0tAMavEmEVwiqUuctr8WcgwXP7MFxb8YMe25omjtxTwarinkxE4x79e22YdtuYHDSmJdyKR+c9wX26cjeYcKc3cvu80R79qjA0dSPMjTNW7WrwzJfybgyc3LBvXUJ9usnGMGeuLmLsSpFlF+Kud5BV9gVtFBqq9sNFN3dpP/zyXBv1LiTBBN376Levx6MDfvrwVFukYrUc6/yjW7Noa7WsC108CfBwahuSMqEF9ASqsNOGz/2A3L9iMmmUFw9ZtNcnvlk396424dRw8UUE8HqCrfWyIXFJQ9tUNT70Hgl43LJlevh+Q/ydLO1fQYAAA==
	Logging: 2026-02-10T05:14:53.7991953Z	2026-02-09T23:14:53.7991953-06:00	Info	MetricsData	Track_HashTables	WebHost.ps1	ProcessLogQueue		Webhost	MainLoop	1	{"prefixesToTry":{"Name":"prefixesToTry","Count":2,"LastSeen":"2026-02-09T23:14:53.7987150-06:00"},"dbRoles":{"Name":"dbRoles","Count":15,"LastSeen":"2026-02-09T23:14:53.7983885-06:00"},"args":{"Name":"args","Count":0,"LastSeen":"2026-02-09T23:14:53.7982440-06:00"},"systemUsers":{"Name":"systemUsers","Count":2,"LastSeen":"2026-02-09T23:14:53.7988830-06:00"},"fileInfo":{"Name":"fileInfo","Count":2,"LastSeen":"2026-02-09T23:14:53.7984543-06:00"},"configRoles":{"Name":"configRoles","Count":6,"LastSeen":"2026-02-09T23:14:53.7983319-06:00"},"ModulePathEnv":{"Name":"ModulePathEnv","Count":19,"LastSeen":"2026-02-09T23:14:53.7986377-06:00"}}
	Logging: 2026-02-10T05:15:08.8254449Z	2026-02-09T23:15:08.8254449-06:00	Info	MetricsData	Track_HashTables	WebHost.ps1	ProcessLogQueue		Webhost	MainLoop	1	{"prefixesToTry":{"Name":"prefixesToTry","Count":2,"LastSeen":"2026-02-09T23:15:08.8249152-06:00"},"dbRoles":{"Name":"dbRoles","Count":15,"LastSeen":"2026-02-09T23:15:08.8245034-06:00"},"ModulePathEnv":{"Name":"ModulePathEnv","Count":19,"LastSeen":"2026-02-09T23:15:08.8248383-06:00"},"args":{"Name":"args","Count":0,"LastSeen":"2026-02-09T23:15:08.8243085-06:00"},"systemUsers":{"Name":"systemUsers","Count":2,"LastSeen":"2026-02-09T23:15:08.8251494-06:00"},"fileInfo":{"Name":"fileInfo","Count":2,"LastSeen":"2026-02-09T23:15:08.8246112-06:00"},"logEntries":{"Name":"logEntries","Count":2,"LastSeen":"2026-02-09T23:15:08.8247430-06:00"},"configRoles":{"Name":"configRoles","Count":6,"LastSeen":"2026-02-09T23:15:08.8243857-06:00"}}
	Logging: 2026-02-10T05:15:54.5536751Z	2026-02-09T23:15:54.5536751-06:00	Info	MetricsData	Track_HashTables	WebHost.ps1	ProcessLogQueue		Webhost	MainLoop	1	H4sIAAAAAAAACpWUX2vCMBTFv0uedSRpk7R91YcNdAh12/O1i07oP5J0IOJ3H4qmt8VB+tiT8svNuffcM9nkX3qXa/Orzbr57kptSXYm71Bpkj07nJFF09WOZIzOyAqsy7WuSUY45XJO+ZymWx5lTGQifhEionEUzanMKCWXGWnB6NotwKE7es2jRQCZi0TKnmxP9sNqg7gPxVOjkHp5JFG9BTh9aMwJYb3kuSqkWqZU2nOrm5lLcIDISJxUMxcsRmxo2xH4oXhqGkKlNEmQv91u2La74Jk8xF0mqRozxwZjdVrvWCpZT0ez+3yiET1o4FKlUPHQtm/1vhnafFMm2iwFGrg1uOJnEMGH0ucuhBqrBNW6yZd6D13pNmCg0k6bTyi7UdL/+cXfGxJ3rqTk/b2r5vB6tG7YXyROY0cJE/hNn9rYY1NvYVfqwUsGB9O6kSiKlkoF9XGvLR57L/X9CMpoHDNkzH0K7bXMJ/v2rvf7MChcNMHhKgZpvX5NXFhMoKVSgIOyOQyJN2XaXLJYeX8vf7eczol9BgAA
	Logging: 2026-02-10T05:15:54.5561803Z	2026-02-09T23:15:54.5561803-06:00	Info	MetricsData	Track_HashTables	WebHost.ps1	ProcessLogQueue		Webhost	MainLoop	1	{"prefixesToTry":{"Name":"prefixesToTry","Count":2,"LastSeen":"2026-02-09T23:15:54.5557033-06:00"},"dbRoles":{"Name":"dbRoles","Count":15,"LastSeen":"2026-02-09T23:15:54.5553350-06:00"},"args":{"Name":"args","Count":0,"LastSeen":"2026-02-09T23:15:54.5548906-06:00"},"systemUsers":{"Name":"systemUsers","Count":2,"LastSeen":"2026-02-09T23:15:54.5558731-06:00"},"fileInfo":{"Name":"fileInfo","Count":2,"LastSeen":"2026-02-09T23:15:54.5554302-06:00"},"configRoles":{"Name":"configRoles","Count":6,"LastSeen":"2026-02-09T23:15:54.5551662-06:00"},"ModulePathEnv":{"Name":"ModulePathEnv","Count":19,"LastSeen":"2026-02-09T23:15:54.5556239-06:00"}}
	Logging: 2026-02-10T05:16:54.8232003Z	2026-02-09T23:16:54.8232003-06:00	Info	MetricsData	Track_HashTables	WebHost.ps1	ProcessLogQueue		Webhost	MainLoop	1	{"prefixesToTry":{"Name":"prefixesToTry","Count":2,"LastSeen":"2026-02-09T23:16:54.8226864-06:00"},"dbRoles":{"Name":"dbRoles","Count":15,"LastSeen":"2026-02-09T23:16:54.8222673-06:00"},"ModulePathEnv":{"Name":"ModulePathEnv","Count":19,"LastSeen":"2026-02-09T23:16:54.8226024-06:00"},"args":{"Name":"args","Count":0,"LastSeen":"2026-02-09T23:16:54.8221186-06:00"},"systemUsers":{"Name":"systemUsers","Count":2,"LastSeen":"2026-02-09T23:16:54.8229374-06:00"},"fileInfo":{"Name":"fileInfo","Count":2,"LastSeen":"2026-02-09T23:16:54.8223387-06:00"},"logEntries":{"Name":"logEntries","Count":2,"LastSeen":"2026-02-09T23:16:54.8224960-06:00"},"configRoles":{"Name":"configRoles","Count":6,"LastSeen":"2026-02-09T23:16:54.8222073-06:00"}}
	Logging: 2026-02-10T05:17:25.1568370Z	2026-02-09T23:17:25.1568370-06:00	Info	MetricsData	Track_HashTables	WebHost.ps1	ProcessLogQueue		Webhost	MainLoop	1	{"prefixesToTry":{"Name":"prefixesToTry","Count":2,"LastSeen":"2026-02-09T23:17:24.9362308-06:00"},"dbRoles":{"Name":"dbRoles","Count":15,"LastSeen":"2026-02-09T23:17:24.9357508-06:00"},"args":{"Name":"args","Count":0,"LastSeen":"2026-02-09T23:17:24.9356138-06:00"},"systemUsers":{"Name":"systemUsers","Count":2,"LastSeen":"2026-02-09T23:17:25.1564886-06:00"},"fileInfo":{"Name":"fileInfo","Count":2,"LastSeen":"2026-02-09T23:17:24.9358170-06:00"},"configRoles":{"Name":"configRoles","Count":6,"LastSeen":"2026-02-09T23:17:24.9356936-06:00"},"ModulePathEnv":{"Name":"ModulePathEnv","Count":19,"LastSeen":"2026-02-09T23:17:24.9360017-06:00"}}
	Logging: 2026-02-10T05:17:55.2522952Z	2026-02-09T23:17:55.2522952-06:00	Info	MetricsData	Track_HashTables	WebHost.ps1	ProcessLogQueue		Webhost	MainLoop	1	{"prefixesToTry":{"Name":"prefixesToTry","Count":2,"LastSeen":"2026-02-09T23:17:55.2517747-06:00"},"dbRoles":{"Name":"dbRoles","Count":15,"LastSeen":"2026-02-09T23:17:55.2512699-06:00"},"args":{"Name":"args","Count":0,"LastSeen":"2026-02-09T23:17:55.0337278-06:00"},"systemUsers":{"Name":"systemUsers","Count":2,"LastSeen":"2026-02-09T23:17:55.2520308-06:00"},"fileInfo":{"Name":"fileInfo","Count":2,"LastSeen":"2026-02-09T23:17:55.2514797-06:00"},"configRoles":{"Name":"configRoles","Count":6,"LastSeen":"2026-02-09T23:17:55.0338713-06:00"},"ModulePathEnv":{"Name":"ModulePathEnv","Count":19,"LastSeen":"2026-02-09T23:17:55.2516893-06:00"}}
	Logging: 2026-02-10T05:18:25.5011767Z	2026-02-09T23:18:25.5011767-06:00	Info	MetricsData	Track_HashTables	WebHost.ps1	ProcessLogQueue		Webhost	MainLoop	1	{"prefixesToTry":{"Name":"prefixesToTry","Count":2,"LastSeen":"2026-02-09T23:18:25.5007044-06:00"},"dbRoles":{"Name":"dbRoles","Count":15,"LastSeen":"2026-02-09T23:18:25.2825001-06:00"},"args":{"Name":"args","Count":0,"LastSeen":"2026-02-09T23:18:25.2823384-06:00"},"systemUsers":{"Name":"systemUsers","Count":2,"LastSeen":"2026-02-09T23:18:25.5008954-06:00"},"fileInfo":{"Name":"fileInfo","Count":2,"LastSeen":"2026-02-09T23:18:25.2825647-06:00"},"configRoles":{"Name":"configRoles","Count":6,"LastSeen":"2026-02-09T23:18:25.2824450-06:00"},"ModulePathEnv":{"Name":"ModulePathEnv","Count":19,"LastSeen":"2026-02-09T23:18:25.5005672-06:00"}}
	Logging: 2026-02-10T05:19:56.1279464Z	2026-02-09T23:19:56.1279464-06:00	Info	MetricsData	Track_HashTables	WebHost.ps1	ProcessLogQueue		Webhost	MainLoop	1	{"prefixesToTry":{"Name":"prefixesToTry","Count":2,"LastSeen":"2026-02-09T23:19:56.1273491-06:00"},"dbRoles":{"Name":"dbRoles","Count":15,"LastSeen":"2026-02-09T23:19:55.9077521-06:00"},"args":{"Name":"args","Count":0,"LastSeen":"2026-02-09T23:19:55.9076131-06:00"},"systemUsers":{"Name":"systemUsers","Count":2,"LastSeen":"2026-02-09T23:19:56.1275825-06:00"},"fileInfo":{"Name":"fileInfo","Count":2,"LastSeen":"2026-02-09T23:19:55.9078167-06:00"},"configRoles":{"Name":"configRoles","Count":6,"LastSeen":"2026-02-09T23:19:55.9076966-06:00"},"ModulePathEnv":{"Name":"ModulePathEnv","Count":19,"LastSeen":"2026-02-09T23:19:55.9079951-06:00"}}
	Logging: 2026-02-10T05:20:26.6762184Z	2026-02-09T23:20:26.6762184-06:00	Info	MetricsData	Track_HashTables	WebHost.ps1	ProcessLogQueue		Webhost	MainLoop	1	H4sIAAAAAAAACpWUzW7CMBCE38VnqBw7dn6ucGglqCKF0vPSGooUksh2KiHEu1dE4KwpVZ3rOPrszMzuiRTlu9qUSn8rvWw+u0oZkp/IKxwUyR8dTsis6WpL8ohOyAKMLZWqSU4YZXJK2ZRmK8ZzRnMmn2IheUqjKZU5peQ8IS1oVdsZWHTHoDm0CCCLLJWIbI7mzSiNuDfFUfm/VJmIJEuzgfoBVu0afURYJzluEvJaLjI6cA+9mXOwgMhIHPHmixMRR2xo2zvwTXHULIQaSYGoptv4sV0Fx2QhbYgzL7MecW8wVkf5IAWncqCj7j5uNKKHFE7yOEbVgLZ9qbeNb3OvjLOZ8TQZqEuwH1/eCN6UYe5CqGnCkdFFOVdb6CpbgIaDskqvoeruJv2PT9y9QeNOU4kiWDS7572xfr5IHMUWUgjkf1GulTb7pl7BplLen3gHo9KQLJECjSnU+60yuPZOGvIImtE0in5301ye+WDfXvVhH4YNV8SYt7r8rTVyYbGMxx4NqmbnE3tlXC85ky7D8w/4FOCQfQYAAA==
	Logging: 2026-02-10T05:20:26.6806769Z	2026-02-09T23:20:26.6806769-06:00	Info	MetricsData	Track_HashTables	WebHost.ps1	ProcessLogQueue		Webhost	MainLoop	1	{"prefixesToTry":{"Name":"prefixesToTry","Count":2,"LastSeen":"2026-02-09T23:20:26.6801028-06:00"},"dbRoles":{"Name":"dbRoles","Count":15,"LastSeen":"2026-02-09T23:20:26.6794406-06:00"},"args":{"Name":"args","Count":0,"LastSeen":"2026-02-09T23:20:26.6792672-06:00"},"systemUsers":{"Name":"systemUsers","Count":2,"LastSeen":"2026-02-09T23:20:26.6803012-06:00"},"fileInfo":{"Name":"fileInfo","Count":2,"LastSeen":"2026-02-09T23:20:26.6796910-06:00"},"configRoles":{"Name":"configRoles","Count":6,"LastSeen":"2026-02-09T23:20:26.6793663-06:00"},"ModulePathEnv":{"Name":"ModulePathEnv","Count":19,"LastSeen":"2026-02-09T23:20:26.6800015-06:00"}}
	Logging: 2026-02-10T05:22:43.6641466Z	2026-02-09T23:22:43.6641466-06:00	Verbose	EventViewer	Event\ log\ request:\ 461\ events\ returned	apps\WebhostRealtimeEvents\routes\api\v1\logs\get.ps1	get.ps1		6ec71a85-fb79-4ebc-aa1d-587c7f8b403c		1	{"ResultCount":461,"Filters":{"categories":null,"userID":null,"severities":null,"source":null,"activityName":null,"filter":null,"runspaceID":null,"sessionID":null},"TimeRange":15}
	Logging: 2026-02-10T05:22:43.6666272Z	2026-02-09T23:22:43.6666272-06:00	Info	MetricsData	Track_HashTables	WebHost.ps1	ProcessLogQueue		Webhost	MainLoop	1	H4sIAAAAAAAACpWUQW/CMAyF/0vOMCVpk9Je4bBJMCHB2NmAYUilRUk6CSH++zRGUwcxKb2+RF+c52df2HzxiesFmm80s3rblGhZcWHvcERWPDscsHHdVI4Vgg/YFKxbIFasYJJLPeRyyPOlTAopizR50VqLRPMh1wXn7DpgJzBYuTE48kanebSKIKtRpvOObM/2w6Ih3Fbx1CSm3kQoQt2Aw31tzgTrJc/NYqqVOR913OPNzAk4IGQi9qpZZZkQHRtOpwdwq3hqHkMVnKfE32Ydtu0ueKaMcVemklT6h3g0mKr9eiczmjWS3eeJJvSYwGnBUxXY/Fbt6tDmm9LTZi1J0TNwm69gBFulm7uoSPAksGKCO2hKNwcDR3RoVlA2D5P+zxX/bsy4q1ylJObTev96sC7sLxH7sdM8T+ifVmjsoa6WsC4x+Elw0KsbmitFxxSqww4tjb2Xun5EzagK2nxPof0t88m+vevdPowaLqGzcHWFW6vvwhKZDGhQ1vuQeFP65VIqpVvq9QdVNcPOfQYAAA==
	Logging: 2026-02-10T05:22:43.6685008Z	2026-02-09T23:22:43.6685008-06:00	Info	MetricsData	Track_HashTables	WebHost.ps1	ProcessLogQueue		Webhost	MainLoop	1	{"prefixesToTry":{"Name":"prefixesToTry","Count":2,"LastSeen":"2026-02-09T23:22:43.6680182-06:00"},"dbRoles":{"Name":"dbRoles","Count":15,"LastSeen":"2026-02-09T23:22:43.6676709-06:00"},"args":{"Name":"args","Count":0,"LastSeen":"2026-02-09T23:22:43.6675352-06:00"},"systemUsers":{"Name":"systemUsers","Count":2,"LastSeen":"2026-02-09T23:22:43.6681845-06:00"},"fileInfo":{"Name":"fileInfo","Count":2,"LastSeen":"2026-02-09T23:22:43.6677401-06:00"},"configRoles":{"Name":"configRoles","Count":6,"LastSeen":"2026-02-09T23:22:43.6676154-06:00"},"ModulePathEnv":{"Name":"ModulePathEnv","Count":19,"LastSeen":"2026-02-09T23:22:43.6679352-06:00"}}
	Logging: 2026-02-10T05:23:32.4751509Z	2026-02-09T23:23:32.4751509-06:00	Info	MetricsData	Track_HashTables	WebHost.ps1	ProcessLogQueue		Webhost	MainLoop	1	{"prefixesToTry":{"Name":"prefixesToTry","Count":2,"LastSeen":"2026-02-09T23:23:32.4745786-06:00"},"dbRoles":{"Name":"dbRoles","Count":15,"LastSeen":"2026-02-09T23:23:32.4740498-06:00"},"ModulePathEnv":{"Name":"ModulePathEnv","Count":19,"LastSeen":"2026-02-09T23:23:32.4744991-06:00"},"args":{"Name":"args","Count":0,"LastSeen":"2026-02-09T23:23:32.2478381-06:00"},"systemUsers":{"Name":"systemUsers","Count":2,"LastSeen":"2026-02-09T23:23:32.4748242-06:00"},"fileInfo":{"Name":"fileInfo","Count":2,"LastSeen":"2026-02-09T23:23:32.4741834-06:00"},"logEntries":{"Name":"logEntries","Count":3,"LastSeen":"2026-02-09T23:23:32.4743897-06:00"},"configRoles":{"Name":"configRoles","Count":6,"LastSeen":"2026-02-09T23:23:32.2479278-06:00"}}
	Logging: 2026-02-10T05:24:33.6056910Z	2026-02-09T23:24:33.6056910-06:00	Info	MetricsData	Track_HashTables	WebHost.ps1	ProcessLogQueue		Webhost	MainLoop	1	H4sIAAAAAAAACpWUzW7CMBCE38VnqNY/SZxc20MrQYUEpeeFGooUEhQ7lVDVd6+gYK8RlZzr2Pq8np3dbzabv5vV3HRfppu2H31tLKu+2SvuDavuHY7YY9s3jlUcRmyC1s2NaVjFBIh8DGIM5ULISqhKyoccMlBcjiGvANjPiB2wM417REfeCJpHZwlkpXlZBLI92jdrOsK9Kp4qU+qVQueBukZntm13JFgveW6RUi3PdRm4+7OZT+iQkIk4qGZVKNCBjYfDDfiqeGqZQJUlKEX87Vdx2y6CZ4oUd7nSJA1/iFuDqTqsd1zLLNBJdu8nmtBTApcBqNjml2bTxjaflUE2K+BAip6iW39GI3hVwtylUHOtBbXiyWywr90MO9wbZ7ol1v3NpP9zxb+bMu5Kl5zEfNJun3fWxf0l4jC2UgXQPy1NZ3dts8BVbaKfRAfDulFmmiyVPTa7jbE09l4K/Uia0axUUfHvpxTaU5l39u1FD/swabigkDxaXfHWGriwoFBkVNfosG63MfGsDMslF8Ln4+cXfM5e4n0GAAA=
	Logging: 2026-02-10T05:24:33.6077414Z	2026-02-09T23:24:33.6077414-06:00	Info	MetricsData	Track_HashTables	WebHost.ps1	ProcessLogQueue		Webhost	MainLoop	1	{"prefixesToTry":{"Name":"prefixesToTry","Count":2,"LastSeen":"2026-02-09T23:24:33.6071289-06:00"},"dbRoles":{"Name":"dbRoles","Count":15,"LastSeen":"2026-02-09T23:24:33.6068022-06:00"},"args":{"Name":"args","Count":0,"LastSeen":"2026-02-09T23:24:33.6066458-06:00"},"systemUsers":{"Name":"systemUsers","Count":2,"LastSeen":"2026-02-09T23:24:33.6074170-06:00"},"fileInfo":{"Name":"fileInfo","Count":2,"LastSeen":"2026-02-09T23:24:33.6068689-06:00"},"configRoles":{"Name":"configRoles","Count":6,"LastSeen":"2026-02-09T23:24:33.6067453-06:00"},"ModulePathEnv":{"Name":"ModulePathEnv","Count":19,"LastSeen":"2026-02-09T23:24:33.6070520-06:00"}}
	Logging: 2026-02-10T05:25:52.8551151Z	2026-02-09T23:25:52.8551151-06:00	Info	MetricsData	Track_HashTables	WebHost.ps1	ProcessLogQueue		Webhost	MainLoop	1	H4sIAAAAAAAACpWUUW/CIBSF/wvPulAQkL7qw5boYqLbnq8OnUltDdAlxvjfF42ll85l9LGH5uNyOIczWSw/zHpp7Lex8+qzLowj+Zm8wsGQ/NHigEyquvQkz+iAzMD5pTElyQmjTA4pG1K9YjxnIhfsSXIqOFdDKnNKyWVAjmBN6Sfg0R6tFtAihcwZly3ZndybMxZxGyVQeQpVZQxRN+DNrrInhA1S4Kr/uUwrqkYt93AzcwoeEBmJ/WZmgqKZ4XjsgBslUHXKxJwpgfyt1/G13YXAZCmTyhGlXWbXYKz280EqjjxG2X2caERPCpygjEU2v5TbKrb5pvS0eaxRQebgN19RBRul7V1SJDI+xlZMzRbqwi/AwsF4Y9+hqDtN/+OXsG9S3bnO0L6zave8dz6+XyT2Y1M95vhM78a6fVWuYF2Y6CTRQp/b4HQkJK4plPutcTj2QWrvIymbmeL6VzbddcwH7+1db9/DpHIJKVCSNlFbr1/9HiwhNarqBjwU1S4m3pQ+uWRacpU11MsPPiibjn0GAAA=
	Logging: 2026-02-10T05:25:52.8573339Z	2026-02-09T23:25:52.8573339-06:00	Info	MetricsData	Track_HashTables	WebHost.ps1	ProcessLogQueue		Webhost	MainLoop	1	{"prefixesToTry":{"Name":"prefixesToTry","Count":2,"LastSeen":"2026-02-09T23:25:52.8566826-06:00"},"dbRoles":{"Name":"dbRoles","Count":15,"LastSeen":"2026-02-09T23:25:52.8563134-06:00"},"args":{"Name":"args","Count":0,"LastSeen":"2026-02-09T23:25:52.8561727-06:00"},"systemUsers":{"Name":"systemUsers","Count":2,"LastSeen":"2026-02-09T23:25:52.8568609-06:00"},"fileInfo":{"Name":"fileInfo","Count":2,"LastSeen":"2026-02-09T23:25:52.8563800-06:00"},"configRoles":{"Name":"configRoles","Count":6,"LastSeen":"2026-02-09T23:25:52.8562579-06:00"},"ModulePathEnv":{"Name":"ModulePathEnv","Count":19,"LastSeen":"2026-02-09T23:25:52.8565605-06:00"}}

Command      : WebHost.ps1
ScriptName   : C:\SC\PsWebHost\WebHost.ps1
FunctionName : <ScriptBlock>
Line         : 878
Arguments    : {}

Command      : WebHost.ps1
ScriptName   : C:\SC\PsWebHost\WebHost.ps1
FunctionName : <ScriptBlock><End>
Line         : 875
Arguments    : {}


2026-02-10T05:29:32.9031655Z	2026-02-09T23:29:32.9031655-06:00	Error	ErrorArrayCheck	\[WebHost\.PS1]\ \$Error\[0]\ Exception\ calling\ "Write"\ with\ "3"\ argument\(s\):\ "The\ specified\ network\ name\ is\ no\ longer\ available\."\nAt\ C:\\SC\\PsWebHost\\modules\\PSWebHost_Support\\PSWebHost_Support\.psm1:586\ char:13\r\n\+\ \ \ \ \ \ \ \ \ \ \ \ \ \$Response\.OutputStream\.Write\(\$contentBytes,\ 0,\ \$contentBy\ .\r\n\+\ \ \ \ \ \ \ \ \ \ \ \ \ ~~~~~~~~~~~~~~~~~~~~~~~~~~~~~~~~~~~~~~~~~~~~~~~~~~~~~~~~~	WebHost.ps1	WebHost.ps1				1	{"Message":"Exception calling \"Write\" with \"3\" argument(s): \"The specified network name is no longer available.\"","PositionMessage":"At C:\\SC\\PsWebHost\\modules\\PSWebHost_Support\\PSWebHost_Support.psm1:586 char:13\r\n+             $Response.OutputStream.Write($contentBytes, 0, $contentBy .\r\n+             ~~~~~~~~~~~~~~~~~~~~~~~~~~~~~~~~~~~~~~~~~~~~~~~~~~~~~~~~~"}
	Logging: 2026-02-10T05:29:55.3589839Z	2026-02-09T23:29:55.3589839-06:00	Info	MetricsData	Track_HashTables	WebHost.ps1	ProcessLogQueue		Webhost	MainLoop	1	H4sIAAAAAAAACpWUzW7CMBCE38VnqBw7tpNc4dBKUCFB6XlJDUXKD4qdSgjx7hUU7DWiknPMOPp2PTvrE1ksP/Vmqbsf3c3br77ShhQn8g61JsWzwxGZtH1jSZHQEZmBsUutG1IQRpkcUzam+YrxguWFEC9cZKlM1JjKglJyHpEDdLqxE7CohtccWsSQkzzLPNkczYfRHeLeFUflMVQp0tRTS7B613ZHhHWS46oIrlI8R9z6auYULCAyEof1TDPOPBsOhwfwXXHUPKZjIRVH/vabcGw3wTFZTKdCMdTpH+LRYKwOnF3Ckccou88TjehRgUtZJgOb35ptG9p8VYbZLJlAMZ6DLb+DFbwrfu+iIpHKwIqp3kJf2QV0UGuruzVU/cOm//OLqxu17pwm1NedtbvXvbHhfJE4iK3yNE3wnda6M/u2WcGm0sFNgoNB08h4RlGNGpr9Vhsceyf5ecTtKMXhuaXQXNp88t7edP8eRi1XmnOUpDLY1svXsAdLKonWvwQLVbsLiVdlUC6VQjacfwFAtJp0fQYAAA==
	Logging: 2026-02-10T05:29:55.3609788Z	2026-02-09T23:29:55.3609788-06:00	Info	MetricsData	Track_HashTables	WebHost.ps1	ProcessLogQueue		Webhost	MainLoop	1	{"prefixesToTry":{"Name":"prefixesToTry","Count":2,"LastSeen":"2026-02-09T23:29:55.3604494-06:00"},"dbRoles":{"Name":"dbRoles","Count":15,"LastSeen":"2026-02-09T23:29:55.3601064-06:00"},"args":{"Name":"args","Count":0,"LastSeen":"2026-02-09T23:29:55.3599656-06:00"},"systemUsers":{"Name":"systemUsers","Count":2,"LastSeen":"2026-02-09T23:29:55.3606837-06:00"},"fileInfo":{"Name":"fileInfo","Count":2,"LastSeen":"2026-02-09T23:29:55.3601758-06:00"},"configRoles":{"Name":"configRoles","Count":6,"LastSeen":"2026-02-09T23:29:55.3600474-06:00"},"ModulePathEnv":{"Name":"ModulePathEnv","Count":19,"LastSeen":"2026-02-09T23:29:55.3603687-06:00"}}
	Logging: 2026-02-10T05:30:40.7576771Z	2026-02-09T23:30:40.7576771-06:00	Verbose	EventViewer	Event\ log\ request:\ 447\ events\ returned	apps\WebhostRealtimeEvents\routes\api\v1\logs\get.ps1	get.ps1		6ec71a85-fb79-4ebc-aa1d-587c7f8b403c		1	{"ResultCount":447,"Filters":{"categories":null,"userID":null,"severities":null,"source":null,"activityName":null,"filter":null,"runspaceID":null,"sessionID":null},"TimeRange":15}
	Logging: 2026-02-10T05:30:40.7598889Z	2026-02-09T23:30:40.7598889-06:00	Info	MetricsData	Track_HashTables	WebHost.ps1	ProcessLogQueue		Webhost	MainLoop	1	H4sIAAAAAAAACpWUzW7CMBCE38VnqBw7duJc4dBKUCGF0vOSGoqUHxQ7lRDi3SsQcdaUSs4x4+jzenZ2z2SVf+ptrtsf3S6br67UhmRn8g6VJtmzwwmZNV1tSRbRCVmAsbnWNckIo0xOKZtStWY84zSL6UsiFE/jdEplRim5TMgRWl3bGVh0x6A5tAgh04TygWxO5sPoFnF7xVF5CFUIFQ/UAqzeN+0JYZ3kuEkAN5WSiYFb3cycgwVERuKomlOlFBvYcDw+gHvFUVUINVYJoppu67ftLjgmC3E3Tv8yHw3G6sjeMYqyhrL7PNGIHhQ4Lljk2fxW7xrf5psyzmYhrlpPXYItvr0R7JVh7oIiITmirvK53kFX2hW0UGmr2w2U3cOk//OLuzdo3COeIo8Wzf71YKzfXySOYqep5Aq/aaNbc2jqNWxL7b3EOxjVDcWURL5VUB922uDYO2noR9iMMvE3m+Za5pN9e9eHfRg2XJFAK6bwpvX6NXJhUZzLAiyUzd4n3pRxuZQ8cjVefgE4ArCWfQYAAA==
	Logging: 2026-02-10T05:30:40.7616152Z	2026-02-09T23:30:40.7616152-06:00	Info	MetricsData	Track_HashTables	WebHost.ps1	ProcessLogQueue		Webhost	MainLoop	1	{"prefixesToTry":{"Name":"prefixesToTry","Count":2,"LastSeen":"2026-02-09T23:30:40.7611587-06:00"},"dbRoles":{"Name":"dbRoles","Count":15,"LastSeen":"2026-02-09T23:30:40.7608509-06:00"},"args":{"Name":"args","Count":0,"LastSeen":"2026-02-09T23:30:40.7607266-06:00"},"systemUsers":{"Name":"systemUsers","Count":2,"LastSeen":"2026-02-09T23:30:40.7613135-06:00"},"fileInfo":{"Name":"fileInfo","Count":2,"LastSeen":"2026-02-09T23:30:40.7609135-06:00"},"configRoles":{"Name":"configRoles","Count":6,"LastSeen":"2026-02-09T23:30:40.7607990-06:00"},"ModulePathEnv":{"Name":"ModulePathEnv","Count":19,"LastSeen":"2026-02-09T23:30:40.7610868-06:00"}}
	Logging: 2026-02-10T05:31:13.0107920Z	2026-02-09T23:31:13.0107920-06:00	Info	MetricsData	Track_HashTables	WebHost.ps1	ProcessLogQueue		Webhost	MainLoop	1	H4sIAAAAAAAACpWUy27CMBBF/8VrQI4feW1h0UpQIUHpeqCGIuWl2KmEEP9eESAeR1Q422vreHznzpzJcvWltitV/6p6UX43mdIkPZMPyBVJnx2OyLRsCkPSgI7IHLRZKVWQlDDKwjFlY5qsGU95kAZsEkVhKOJkTMOUUnIZkQpqVZgpGPSG1Tq09CHziEeWrE/6U6sacR9KR+UvqHxCA8qThFnqDow6lPUJYTup40Ye1UoZydhy89bMGRhAZCR619w6ETAqLBuqqgd+KB018amYsxhVrJut27a70DGZj7tM4jTcEH2DsTqwd5KiRKDsPk80onsFLgwkigZU1XuxL12bW2WgzTEOxgLM7scZwYdi586nVspEgK2YqT00mVlCDbkyqt5A1vQm/Z8r3bte4y5igRo8Lw9vR23c/iJxEFvGQkj8p42q9bEs1rDNlPMT52BQN0IZcuRbDsVxrzSOfSfZfvjMqEzEVe5lU1/LfLJv77rdh6+G65bPWFBndblba+jCoiFyYgcGsvLgEltlUC6lFNbfyx/IBY8pfQYAAA==
	Logging: 2026-02-10T05:31:13.0128807Z	2026-02-09T23:31:13.0128807-06:00	Info	MetricsData	Track_HashTables	WebHost.ps1	ProcessLogQueue		Webhost	MainLoop	1	{"prefixesToTry":{"Name":"prefixesToTry","Count":2,"LastSeen":"2026-02-09T23:31:13.0122632-06:00"},"dbRoles":{"Name":"dbRoles","Count":15,"LastSeen":"2026-02-09T23:31:13.0119096-06:00"},"ModulePathEnv":{"Name":"ModulePathEnv","Count":19,"LastSeen":"2026-02-09T23:31:13.0121871-06:00"},"args":{"Name":"args","Count":0,"LastSeen":"2026-02-09T23:31:13.0117745-06:00"},"systemUsers":{"Name":"systemUsers","Count":2,"LastSeen":"2026-02-09T23:31:13.0125933-06:00"},"fileInfo":{"Name":"fileInfo","Count":2,"LastSeen":"2026-02-09T23:31:13.0119741-06:00"},"logEntries":{"Name":"logEntries","Count":3,"LastSeen":"2026-02-09T23:31:13.0120958-06:00"},"configRoles":{"Name":"configRoles","Count":6,"LastSeen":"2026-02-09T23:31:13.0118544-06:00"}}
	Logging: 2026-02-10T05:32:29.4466035Z	2026-02-09T23:32:29.4466035-06:00	Info	MetricsData	Track_HashTables	WebHost.ps1	ProcessLogQueue		Webhost	MainLoop	1	H4sIAAAAAAAACpWUzW7CMBCE38VnqDZO7MS5wqGVoEKC0vNCDUXKn2KnEkK8ewUCZ02p5Bwzjj6vZ3f2xBbLT71Z6vZHt/P6qyu0YfmJvWOpWf7scMQmdVdZlkcwYjM0dql1xXLGgcsx8DGoFY/zmOdcvSSJBJHCGGQOwM4j1mCrKztBS+7oNYcWAWSRZkDI5mg+jG4J9644ahxSL4+56qlbtHpft0eCdZLjpiHVRpkg1ZZXM6dokZCJOKhmkUIqezY2zQP4rjiqCqAmClRE/O02fttugmPyEHcjofgj89Fgqg7rXaQS4gOZ3ecTTeghAyeBS9JCbJq3alf7Nl+VQTYL4JxQ52i3314E70qfuxCqlMqzYqp32BV2gS2W2up2jUX3kPR/fnH3hsRdqCgm8ZnV+9eDsX5/iTiMnWRZSt+01q051NUKN4X2XuIdDOuGyoAMfYnVYacNHXsn9f0IyqjkUfZnNs2lzCf79qb3+zAoXJDRVbv10nr5GrawIOPCo2FR733iVRk2l1GSOH/Pv58gz4J9BgAA
	Logging: 2026-02-10T05:32:29.4487197Z	2026-02-09T23:32:29.4487197-06:00	Info	MetricsData	Track_HashTables	WebHost.ps1	ProcessLogQueue		Webhost	MainLoop	1	{"prefixesToTry":{"Name":"prefixesToTry","Count":2,"LastSeen":"2026-02-09T23:32:29.4481678-06:00"},"dbRoles":{"Name":"dbRoles","Count":15,"LastSeen":"2026-02-09T23:32:29.4478511-06:00"},"args":{"Name":"args","Count":0,"LastSeen":"2026-02-09T23:32:29.4477181-06:00"},"systemUsers":{"Name":"systemUsers","Count":2,"LastSeen":"2026-02-09T23:32:29.4484267-06:00"},"fileInfo":{"Name":"fileInfo","Count":2,"LastSeen":"2026-02-09T23:32:29.4479141-06:00"},"configRoles":{"Name":"configRoles","Count":6,"LastSeen":"2026-02-09T23:32:29.4477963-06:00"},"ModulePathEnv":{"Name":"ModulePathEnv","Count":19,"LastSeen":"2026-02-09T23:32:29.4480934-06:00"}}
	Logging: 2026-02-10T05:33:30.4890228Z	2026-02-09T23:33:30.4890228-06:00	Info	MetricsData	Track_HashTables	WebHost.ps1	ProcessLogQueue		Webhost	MainLoop	1	H4sIAAAAAAAACpWUy27CMBBF/8VrqPyKE2cLi1aCCim0XQ+poUh5KXYqIcS/VyCIJxGVnGWuo+PxzL1zJpvsy+wy0/6adl1/d4WxJD2TdygNSZ8dzsii7ipHUkZnZAXWZcZUJCWccjWnfE71lotUiFTQF5kkERdsTlVKKbnMSAOtqdwCHLrDaz06CiELpqUn25P9sKZF3IfSU0UINRYK1ZuDM4e6PSFsL/XcOIAbK50Izy1vzVyCA0RG4rSaecRQzdA0I/BD6ak6pGIudIT62+2GY7sLPZOHVKoilYyZ4wZjdVoflI6VpyPvPnc0ogcZTmqODAdN81bt62Gbb8q0NgvFUJvX4PKfQQQfis9dkCWYRNRNtjR76Aq3gRZK40z7CUU3Svo/v/T3BsVdJFL7e1f14fVo3XC+SJzGpprH+E2fprXHutrCrjCDlwwOJk0jkTJBUSqhOu6NxbbvJT+PIG+yWCDn311or2U+2bd33e/DoHBFEb4iH6T1+jVtYUnG0CRzcFDUhyHxpkzyZRwlfqlc/gDtmth7fQYAAA==
	Logging: 2026-02-10T05:33:30.4907995Z	2026-02-09T23:33:30.4907995-06:00	Info	MetricsData	Track_HashTables	WebHost.ps1	ProcessLogQueue		Webhost	MainLoop	1	{"prefixesToTry":{"Name":"prefixesToTry","Count":2,"LastSeen":"2026-02-09T23:33:30.4904121-06:00"},"dbRoles":{"Name":"dbRoles","Count":15,"LastSeen":"2026-02-09T23:33:30.4901053-06:00"},"args":{"Name":"args","Count":0,"LastSeen":"2026-02-09T23:33:30.4899773-06:00"},"systemUsers":{"Name":"systemUsers","Count":2,"LastSeen":"2026-02-09T23:33:30.4905674-06:00"},"fileInfo":{"Name":"fileInfo","Count":2,"LastSeen":"2026-02-09T23:33:30.4901680-06:00"},"configRoles":{"Name":"configRoles","Count":6,"LastSeen":"2026-02-09T23:33:30.4900522-06:00"},"ModulePathEnv":{"Name":"ModulePathEnv","Count":19,"LastSeen":"2026-02-09T23:33:30.4903401-06:00"}}
	Logging: 2026-02-10T05:34:00.6526089Z	2026-02-09T23:34:00.6526089-06:00	Info	MetricsData	Track_HashTables	WebHost.ps1	ProcessLogQueue		Webhost	MainLoop	1	H4sIAAAAAAAACpWUW2sCMRCF/0uetUyy1+yrPrSgRVhrn0cbrbAXSbIFEf970Wp2Ihayj3uyfJmcOTMntig/1bpU+kfpefvVVcqw4sTesVaseHY4YpO2aywrOIzYDI0tlWpYwQSIdAxiDHIpoiKKC4CXNBEgOR9DWgCw84gdUKvGTtCSO3rNoZMAMs9zCT3ZHM2HUZpw74qjRiH1ijROeuoGrdq1+kiwTnLcLKRaLim3vpo5RYuETMRBNfNccNGz8XB4AN8VR5UBVEiyPCf+dmu/bTfBMUWIu1xGpNI/xKPBVB3YO5HInk6y+zzRhB4SOAEpxJ7Nb8229W2+KsNszgBIMOZoN9/eCN6Vfu5CIpHlvhVTtcWusgvUWCur9Aqr7mHS//nF3Rsy7lwmEfFo1u5e98b6/SXiMHaaRcSpRblS2uzbZonrSnkv8Q4GdUMAT0j9NTb7rTI09k7q+xE0o1mckW11S6G5lPlk3970fh+GDZfgpOcbb1ovX4MWFkgpyeLeoMWq3fnEqzIsl1ykbgGcfwFVnNUvfQYAAA==
	Logging: 2026-02-10T05:34:00.6545022Z	2026-02-09T23:34:00.6545022-06:00	Info	MetricsData	Track_HashTables	WebHost.ps1	ProcessLogQueue		Webhost	MainLoop	1	{"prefixesToTry":{"Name":"prefixesToTry","Count":2,"LastSeen":"2026-02-09T23:34:00.6539951-06:00"},"dbRoles":{"Name":"dbRoles","Count":15,"LastSeen":"2026-02-09T23:34:00.6536343-06:00"},"args":{"Name":"args","Count":0,"LastSeen":"2026-02-09T23:34:00.6535101-06:00"},"systemUsers":{"Name":"systemUsers","Count":2,"LastSeen":"2026-02-09T23:34:00.6541581-06:00"},"fileInfo":{"Name":"fileInfo","Count":2,"LastSeen":"2026-02-09T23:34:00.6537364-06:00"},"configRoles":{"Name":"configRoles","Count":6,"LastSeen":"2026-02-09T23:34:00.6535822-06:00"},"ModulePathEnv":{"Name":"ModulePathEnv","Count":19,"LastSeen":"2026-02-09T23:34:00.6539200-06:00"}}
	Logging: 2026-02-10T05:34:31.1469258Z	2026-02-09T23:34:31.1469258-06:00	Debug	GlobalCache	Updated\ cache:\ 3\ jobs,\ 0\ runspaces,\ 0\ tasks\ \(0\.2155ms\)	WebHost.ps1::Update-GlobalCache	Update-GlobalCache				1	
	Logging: 2026-02-10T05:34:31.1492012Z	2026-02-09T23:34:31.1492012-06:00	Info	MetricsData	Track_HashTables	WebHost.ps1	ProcessLogQueue		Webhost	MainLoop	1	H4sIAAAAAAAACpWUzW7CMBCE38VnqOw4iZ1c4dBKUCGF0vOSGoqUP8VOJYR49yqUxGtEJeeYSfTtZnZ2L2STfap9ptof1a7rr65QmqQX8g6lIumzlzOyqLvKkJTRGVmBNplSFUlJQIN4ToM5TbYBT3mYcvbCQhlHnM1pnFJKrjPSQKsqswCDalhtREc+ZB7FoSXrs/7QqkXcQRmp3IcqgwRRczDqWLdnhB2lkSs8uCKhuNvyZuYSDCAyEqf1HAgZWzY0zQN4UEZq4tOx4GGC/O327tjuwsgMfDoVkUCd/iEeDcbqNB9EwiJLR9l9nmhE9wpcHDA0Qmiat+pQuzbflIk2J702UNdg8m9nBQfF7p1XJBil2IqlOkBXmA20UCqj2h0U3cOm//PJWNdr3SPKpK27qo+vJ23c+SJxGptRiZzaZDvV6lNdbWFfKOdPnBeTpiEjEaEaJVSng9I49qNk5+GVTSa4M5DPPoW6b/PJvb3r9h56LVcsOfI+d7a1f5p2sGSIlykHA0V9dIk3ZVIuhRT2qFx/Acw/ar59BgAA
	Logging: 2026-02-10T05:34:31.1511000Z	2026-02-09T23:34:31.1511000-06:00	Info	MetricsData	Track_HashTables	WebHost.ps1	ProcessLogQueue		Webhost	MainLoop	1	{"prefixesToTry":{"Name":"prefixesToTry","Count":2,"LastSeen":"2026-02-09T23:34:31.1505773-06:00"},"dbRoles":{"Name":"dbRoles","Count":15,"LastSeen":"2026-02-09T23:34:31.1502572-06:00"},"args":{"Name":"args","Count":0,"LastSeen":"2026-02-09T23:34:31.1501118-06:00"},"systemUsers":{"Name":"systemUsers","Count":2,"LastSeen":"2026-02-09T23:34:31.1507346-06:00"},"fileInfo":{"Name":"fileInfo","Count":2,"LastSeen":"2026-02-09T23:34:31.1503236-06:00"},"configRoles":{"Name":"configRoles","Count":6,"LastSeen":"2026-02-09T23:34:31.1502016-06:00"},"ModulePathEnv":{"Name":"ModulePathEnv","Count":19,"LastSeen":"2026-02-09T23:34:31.1505049-06:00"}}
	Logging: 2026-02-10T05:35:32.3756544Z	2026-02-09T23:35:32.3756544-06:00	Verbose	EventViewer	Event\ log\ request:\ 449\ events\ returned	apps\WebhostRealtimeEvents\routes\api\v1\logs\get.ps1	get.ps1		6ec71a85-fb79-4ebc-aa1d-587c7f8b403c		1	{"ResultCount":449,"Filters":{"categories":null,"userID":null,"severities":null,"source":null,"activityName":null,"filter":null,"runspaceID":null,"sessionID":null},"TimeRange":15}
	Logging: 2026-02-10T05:35:32.3781757Z	2026-02-09T23:35:32.3781757-06:00	Info	MetricsData	Track_HashTables	WebHost.ps1	ProcessLogQueue		Webhost	MainLoop	1	H4sIAAAAAAAACpWUQY+CMBCF/0vPuiktbYGrHnYT3ZDg6nl0q2uCQNqyiTH+941GYUrcpFwf5GN4895cSF5s9LbQ5lebZf3dltqS7EI+4aRJ9urhhMzqtnIki+iELMC6QuuKZIRRJqeUTWm6YjzjIuPsjSsllOBTKjNKyXVCGjC6cjNw6Bu91qFFCJnLGJHt2X5ZbRD3qXRUHkJNeJr21B04fajNGWE7qeOqAK5MlJQ993Q3cw4OEBmJ42ZmKUczQ9MMwE+lo6YhE8skipC/7dZf20PomCxkUpnIZMgcGozVcT4oRtHEKLuvE43oQYETMUcrhKb5qPa1b/NdGWezihmK8RLc7ser4FPpexcUCaGQ0Xkx13toS5eDgZN22qyhbAdN/+eV7rtBdY85RVFc1If3o3X+fpE4jh3FCvmfF2tt7LGuVrAttfcn3oNR21BxKgSqKVTHvbY49p3U7yOso1HiLWRzS6G9jfni3j70/h6GlYsq5p0u/2qNPVg0QWXagYOyPvjEuzIqlzKJY/qkXv8AwFczbH0GAAA=
	Logging: 2026-02-10T05:35:32.3800615Z	2026-02-09T23:35:32.3800615-06:00	Info	MetricsData	Track_HashTables	WebHost.ps1	ProcessLogQueue		Webhost	MainLoop	1	{"prefixesToTry":{"Name":"prefixesToTry","Count":2,"LastSeen":"2026-02-09T23:35:32.3795482-06:00"},"dbRoles":{"Name":"dbRoles","Count":15,"LastSeen":"2026-02-09T23:35:32.3792270-06:00"},"args":{"Name":"args","Count":0,"LastSeen":"2026-02-09T23:35:32.3790904-06:00"},"systemUsers":{"Name":"systemUsers","Count":2,"LastSeen":"2026-02-09T23:35:32.3797120-06:00"},"fileInfo":{"Name":"fileInfo","Count":2,"LastSeen":"2026-02-09T23:35:32.3792925-06:00"},"configRoles":{"Name":"configRoles","Count":6,"LastSeen":"2026-02-09T23:35:32.3791692-06:00"},"ModulePathEnv":{"Name":"ModulePathEnv","Count":19,"LastSeen":"2026-02-09T23:35:32.3794717-06:00"}}
	Logging: 2026-02-10T05:35:47.8428438Z	2026-02-09T23:35:47.8428438-06:00	Info	MetricsData	Track_HashTables	WebHost.ps1	ProcessLogQueue		Webhost	MainLoop	1	{"prefixesToTry":{"Name":"prefixesToTry","Count":2,"LastSeen":"2026-02-09T23:35:47.8423826-06:00"},"dbRoles":{"Name":"dbRoles","Count":15,"LastSeen":"2026-02-09T23:35:47.8420013-06:00"},"ModulePathEnv":{"Name":"ModulePathEnv","Count":19,"LastSeen":"2026-02-09T23:35:47.8422909-06:00"},"args":{"Name":"args","Count":0,"LastSeen":"2026-02-09T23:35:47.8417070-06:00"},"systemUsers":{"Name":"systemUsers","Count":2,"LastSeen":"2026-02-09T23:35:47.8425545-06:00"},"fileInfo":{"Name":"fileInfo","Count":2,"LastSeen":"2026-02-09T23:35:47.8420701-06:00"},"logEntries":{"Name":"logEntries","Count":3,"LastSeen":"2026-02-09T23:35:47.8421974-06:00"},"configRoles":{"Name":"configRoles","Count":6,"LastSeen":"2026-02-09T23:35:47.8419296-06:00"}}
	Logging: 2026-02-10T05:36:33.0154917Z	2026-02-09T23:36:33.0154917-06:00	Verbose	EventViewer	Event\ log\ request:\ 453\ events\ returned	apps\WebhostRealtimeEvents\routes\api\v1\logs\get.ps1	get.ps1		6ec71a85-fb79-4ebc-aa1d-587c7f8b403c		1	{"ResultCount":453,"Filters":{"categories":null,"userID":null,"severities":null,"source":null,"activityName":null,"filter":null,"runspaceID":null,"sessionID":null},"TimeRange":15}
	Logging: 2026-02-10T05:36:33.0178402Z	2026-02-09T23:36:33.0178402-06:00	Info	MetricsData	Track_HashTables	WebHost.ps1	ProcessLogQueue		Webhost	MainLoop	1	H4sIAAAAAAAACpWUT28CIRDFvwtnbVjYhd296qFNtDHR2vNo0ZrsvwDbxBi/e6NVGIxN2OuD/BjevJkTWSw/1Wap9I/S8/arr5Qh5Ym8Q61I+exwRCZt31hSJnREZmDsUqmGlIRRJsaUjWmxYrzkouT8hSYy5bwYU1FSSs4j0oFWjZ2ARW94zaGzGDItUurJ5mg+jNKIe1cclcdQRcITT92CVftWHxHWSY4rI7hC5Dz33Ppq5hQsIDISh9VMGZeeDV33AL4rjlrEVJzRAlVs+k3YtpvgmCym0iylyN0/xKPBWB3mQyZT7ukou88TjehRgeO5RMVD1701uza0+aoMtFkyFOM52O13MIJ3xc9dDLXIJcNWTNUO+souQEOtrNJrqPqHSf/nins3atwTwZBHs3b/ejA27C8SB7FFnl9k/6e10ubQNivYVCr4SXAwqBuSJykapRqaw04ZHHsn+X7EZFMUaYHAtxSaS5lP9u1N9/swarhSIdJgdYVba+jCYkkW0KBq9yHxqgzLpci4S/v5F3FAVXJ9BgAA
	Logging: 2026-02-10T05:36:33.0204610Z	2026-02-09T23:36:33.0204610-06:00	Info	MetricsData	Track_HashTables	WebHost.ps1	ProcessLogQueue		Webhost	MainLoop	1	{"prefixesToTry":{"Name":"prefixesToTry","Count":2,"LastSeen":"2026-02-09T23:36:33.0191861-06:00"},"dbRoles":{"Name":"dbRoles","Count":15,"LastSeen":"2026-02-09T23:36:33.0188778-06:00"},"args":{"Name":"args","Count":0,"LastSeen":"2026-02-09T23:36:33.0187500-06:00"},"systemUsers":{"Name":"systemUsers","Count":2,"LastSeen":"2026-02-09T23:36:33.0193408-06:00"},"fileInfo":{"Name":"fileInfo","Count":2,"LastSeen":"2026-02-09T23:36:33.0189414-06:00"},"configRoles":{"Name":"configRoles","Count":6,"LastSeen":"2026-02-09T23:36:33.0188248-06:00"},"ModulePathEnv":{"Name":"ModulePathEnv","Count":19,"LastSeen":"2026-02-09T23:36:33.0191145-06:00"}}
	Logging: 2026-02-10T05:36:50.3317704Z	2026-02-09T23:36:50.3317704-06:00	Info	MetricsData	Track_HashTables	WebHost.ps1	ProcessLogQueue		Webhost	MainLoop	1	{"prefixesToTry":{"Name":"prefixesToTry","Count":2,"LastSeen":"2026-02-09T23:36:50.3312977-06:00"},"dbRoles":{"Name":"dbRoles","Count":15,"LastSeen":"2026-02-09T23:36:50.3308706-06:00"},"ModulePathEnv":{"Name":"ModulePathEnv","Count":19,"LastSeen":"2026-02-09T23:36:50.3311555-06:00"},"args":{"Name":"args","Count":0,"LastSeen":"2026-02-09T23:36:50.3307350-06:00"},"systemUsers":{"Name":"systemUsers","Count":2,"LastSeen":"2026-02-09T23:36:50.3314907-06:00"},"fileInfo":{"Name":"fileInfo","Count":2,"LastSeen":"2026-02-09T23:36:50.3309362-06:00"},"logEntries":{"Name":"logEntries","Count":3,"LastSeen":"2026-02-09T23:36:50.3310620-06:00"},"configRoles":{"Name":"configRoles","Count":6,"LastSeen":"2026-02-09T23:36:50.3308150-06:00"}}
	Logging: 2026-02-10T05:37:22.1342915Z	2026-02-09T23:37:22.1342915-06:00	Info	MetricsData	Track_HashTables	WebHost.ps1	ProcessLogQueue		Webhost	MainLoop	1	{"prefixesToTry":{"Name":"prefixesToTry","Count":2,"LastSeen":"2026-02-09T23:37:22.1337475-06:00"},"dbRoles":{"Name":"dbRoles","Count":15,"LastSeen":"2026-02-09T23:37:22.1332117-06:00"},"args":{"Name":"args","Count":0,"LastSeen":"2026-02-09T23:37:22.1329070-06:00"},"systemUsers":{"Name":"systemUsers","Count":2,"LastSeen":"2026-02-09T23:37:22.1339462-06:00"},"fileInfo":{"Name":"fileInfo","Count":2,"LastSeen":"2026-02-09T23:37:22.1334121-06:00"},"configRoles":{"Name":"configRoles","Count":6,"LastSeen":"2026-02-09T23:37:22.1331367-06:00"},"ModulePathEnv":{"Name":"ModulePathEnv","Count":19,"LastSeen":"2026-02-09T23:37:22.1336553-06:00"}}
	Logging: 2026-02-10T05:38:41.5997975Z	2026-02-09T23:38:41.5997975-06:00	Info	MetricsData	Track_HashTables	WebHost.ps1	ProcessLogQueue		Webhost	MainLoop	1	H4sIAAAAAAAACpWUW2sCMRCF/0uetWSTvST7qg8taBHW2ufRRivsRZJsQcT/XhRNJtZC9nFPlm8mM+fkRBbVp1pXSv8oPe+++loZUp7IOzSKlM8OR2TS9a0lZUJHZAbGVkq1pCSMsnxM2ZjKJeMlF2WavGRSJiyXY5qXlJLziBxAq9ZOwKIaXnPoLIIsZJILTzZH82GURty74qg8pt80S1G/G7Bq1+kjwjrJcYuYblNOC89trsOcggVERuKgnoVIM9QzHA4P4LviqDKGmhQcdWz6dbi2m+CYLGa6PGd/mI8DxurA3SUs9XTk3eeORvQYw0kqMxaM+a3dduGYr8qwMTOZoabnYDffQQTvis9dlCWoROFYVFO1hb62C9DQKKv0Cur+Ien//OLqxsRdSMEzX3fW7V73xob7ReIwdi5FcKeV0mbftUtY1yq4SXAwaBuSpgJto4F2v1UG295Jfh9RGS0Kyv9401zafPLe3nT/HkaFiyUSldgEab18DXuweM6Q2zdgoe52IfGqDPMll8JRz7+xyJjGfQYAAA==
	Logging: 2026-02-10T05:38:41.6016371Z	2026-02-09T23:38:41.6016371-06:00	Info	MetricsData	Track_HashTables	WebHost.ps1	ProcessLogQueue		Webhost	MainLoop	1	{"prefixesToTry":{"Name":"prefixesToTry","Count":2,"LastSeen":"2026-02-09T23:38:41.6011606-06:00"},"dbRoles":{"Name":"dbRoles","Count":15,"LastSeen":"2026-02-09T23:38:41.6008265-06:00"},"args":{"Name":"args","Count":0,"LastSeen":"2026-02-09T23:38:41.6006942-06:00"},"systemUsers":{"Name":"systemUsers","Count":2,"LastSeen":"2026-02-09T23:38:41.6013251-06:00"},"fileInfo":{"Name":"fileInfo","Count":2,"LastSeen":"2026-02-09T23:38:41.6008917-06:00"},"configRoles":{"Name":"configRoles","Count":6,"LastSeen":"2026-02-09T23:38:41.6007709-06:00"},"ModulePathEnv":{"Name":"ModulePathEnv","Count":19,"LastSeen":"2026-02-09T23:38:41.6010831-06:00"}}
	Logging: 2026-02-10T05:39:11.9914634Z	2026-02-09T23:39:11.9914634-06:00	Info	MetricsData	Track_HashTables	WebHost.ps1	ProcessLogQueue		Webhost	MainLoop	1	{"prefixesToTry":{"Name":"prefixesToTry","Count":2,"LastSeen":"2026-02-09T23:39:11.7576714-06:00"},"dbRoles":{"Name":"dbRoles","Count":15,"LastSeen":"2026-02-09T23:39:11.7572886-06:00"},"ModulePathEnv":{"Name":"ModulePathEnv","Count":19,"LastSeen":"2026-02-09T23:39:11.7575975-06:00"},"args":{"Name":"args","Count":0,"LastSeen":"2026-02-09T23:39:11.7571556-06:00"},"systemUsers":{"Name":"systemUsers","Count":2,"LastSeen":"2026-02-09T23:39:11.7578619-06:00"},"fileInfo":{"Name":"fileInfo","Count":2,"LastSeen":"2026-02-09T23:39:11.7573655-06:00"},"logEntries":{"Name":"logEntries","Count":2,"LastSeen":"2026-02-09T23:39:11.7574970-06:00"},"configRoles":{"Name":"configRoles","Count":6,"LastSeen":"2026-02-09T23:39:11.7572327-06:00"}}
	Logging: 2026-02-10T05:39:42.4837703Z	2026-02-09T23:39:42.4837703-06:00	Info	MetricsData	Track_HashTables	WebHost.ps1	ProcessLogQueue		Webhost	MainLoop	1	{"prefixesToTry":{"Name":"prefixesToTry","Count":2,"LastSeen":"2026-02-09T23:39:42.2519774-06:00"},"dbRoles":{"Name":"dbRoles","Count":15,"LastSeen":"2026-02-09T23:39:42.2516689-06:00"},"args":{"Name":"args","Count":0,"LastSeen":"2026-02-09T23:39:42.2515436-06:00"},"systemUsers":{"Name":"systemUsers","Count":2,"LastSeen":"2026-02-09T23:39:42.2521348-06:00"},"fileInfo":{"Name":"fileInfo","Count":2,"LastSeen":"2026-02-09T23:39:42.2517316-06:00"},"configRoles":{"Name":"configRoles","Count":6,"LastSeen":"2026-02-09T23:39:42.2516179-06:00"},"ModulePathEnv":{"Name":"ModulePathEnv","Count":19,"LastSeen":"2026-02-09T23:39:42.2519044-06:00"}}
	Logging: 2026-02-10T05:40:43.7969572Z	2026-02-09T23:40:43.7969572-06:00	Info	MetricsData	Track_HashTables	WebHost.ps1	ProcessLogQueue		Webhost	MainLoop	1	{"prefixesToTry":{"Name":"prefixesToTry","Count":2,"LastSeen":"2026-02-09T23:40:43.7962168-06:00"},"dbRoles":{"Name":"dbRoles","Count":15,"LastSeen":"2026-02-09T23:40:43.5602832-06:00"},"args":{"Name":"args","Count":0,"LastSeen":"2026-02-09T23:40:43.5601464-06:00"},"systemUsers":{"Name":"systemUsers","Count":2,"LastSeen":"2026-02-09T23:40:43.7965640-06:00"},"fileInfo":{"Name":"fileInfo","Count":2,"LastSeen":"2026-02-09T23:40:43.5603483-06:00"},"configRoles":{"Name":"configRoles","Count":6,"LastSeen":"2026-02-09T23:40:43.5602286-06:00"},"ModulePathEnv":{"Name":"ModulePathEnv","Count":19,"LastSeen":"2026-02-09T23:40:43.7959532-06:00"}}
	Logging: 2026-02-10T05:41:14.5374860Z	2026-02-09T23:41:14.5374860-06:00	Info	MetricsData	Track_HashTables	WebHost.ps1	ProcessLogQueue		Webhost	MainLoop	1	H4sIAAAAAAAACpWUy27CMBBF/8VrqPxOnC0sWgkqJChdG2ooUh7IdiohxL9XUOKMEZWcZa6j4/G9M3NGi+Wn2SyN/TF23ny1pXGoOKN3XRlUPDscoUnT1h4VBI/QTDu/NKZGBaKYyjGmY6xWlBWcFIS/CCaFzMkYywJjdBmho7am9hPtwR29FtAihcwI5T3ZndyHMxZwOyVQWQI1w1KynrrV3uwbewLYIAVulsAVObvKHbe6mTnVXgMyEAfVLClVgK2PxwdwpwSqSqlYCKyAv+0mju0uBCZNqTRTHFT6h3g0GKrDfFCEguxA7z7vaEBPajhBlYhsfqt3TWzzTRlmsyQKDMhc++13NIKd0s9dSq0kzzG0Ymp2ui39QltdGW/sWpftw6T/80u4N2ncmZK0v3fW7F8Pzsf5AnEYG8s8indtrDs09UpvShO9JDoYlIbkGQcZV7o+7IyDbR+kPo+k3iScAPC9C921zCf79q73+zBpuCRnIPNtNK3Xr2ELS2Yii2i6bPYx8aYM6kuRERKW9uUXspzld30GAAA=
	Logging: 2026-02-10T05:41:14.5396007Z	2026-02-09T23:41:14.5396007-06:00	Info	MetricsData	Track_HashTables	WebHost.ps1	ProcessLogQueue		Webhost	MainLoop	1	{"prefixesToTry":{"Name":"prefixesToTry","Count":2,"LastSeen":"2026-02-09T23:41:14.5390856-06:00"},"dbRoles":{"Name":"dbRoles","Count":15,"LastSeen":"2026-02-09T23:41:14.5386907-06:00"},"args":{"Name":"args","Count":0,"LastSeen":"2026-02-09T23:41:14.5384769-06:00"},"systemUsers":{"Name":"systemUsers","Count":2,"LastSeen":"2026-02-09T23:41:14.5392610-06:00"},"fileInfo":{"Name":"fileInfo","Count":2,"LastSeen":"2026-02-09T23:41:14.5387579-06:00"},"configRoles":{"Name":"configRoles","Count":6,"LastSeen":"2026-02-09T23:41:14.5386326-06:00"},"ModulePathEnv":{"Name":"ModulePathEnv","Count":19,"LastSeen":"2026-02-09T23:41:14.5389463-06:00"}}
	Logging: 2026-02-10T05:41:45.1308516Z	2026-02-09T23:41:45.1308516-06:00	Info	MetricsData	Track_HashTables	WebHost.ps1	ProcessLogQueue		Webhost	MainLoop	1	H4sIAAAAAAAACpWUS2/CMBCE/4vPgPxI7DhXOLQSVEih9LxQQ5HyQLFTCSH+e0UKyRpR1TlmEn12Zmf2TJbZh9lkpv429aL6bHJjSXomb1AYkj57OSLTqikdSRkdkTlYlxlTkpRwyuWY8jHVKy7SiKVRNEm0YrHSYypTSsllRI5Qm9JNwaEzeq1DxwFkqTkTPdme7Ls1NeLelY4q/qHGEyaoEDHvqVtwZl/VJ4TtpI6rQm4r4oj23KI1cwYOEBmJwXdu2UmkkBNwPD6A70pH1SFURiVD/jYbf2w3oWPykDRwGaM0/CIeDcbqIB+UoBTdGGX3eaIRPSRwivEo8Wx+LXeVb3OrDLRZJoi6ALf98ip4V/reBUWC6ghbMTM7aHK3hBoK40y9hrx5aPofn3TnhtRd6kSjAc+r/cvBOn++SBzGllKhCi2ztantoSpXsMmN9yfei0HTUFRJVP8CysPOWBz7TurnEdRRJQUy5pZCe73mk3170/t9GFQupnH8t15br0/DFhZPErRUtuAgr/Y+sVWG5VKgpX35AUvLwyp9BgAA
	Logging: 2026-02-10T05:41:45.1328820Z	2026-02-09T23:41:45.1328820-06:00	Info	MetricsData	Track_HashTables	WebHost.ps1	ProcessLogQueue		Webhost	MainLoop	1	{"prefixesToTry":{"Name":"prefixesToTry","Count":2,"LastSeen":"2026-02-09T23:41:45.1324691-06:00"},"dbRoles":{"Name":"dbRoles","Count":15,"LastSeen":"2026-02-09T23:41:45.1321339-06:00"},"args":{"Name":"args","Count":0,"LastSeen":"2026-02-09T23:41:45.1319988-06:00"},"systemUsers":{"Name":"systemUsers","Count":2,"LastSeen":"2026-02-09T23:41:45.1326389-06:00"},"fileInfo":{"Name":"fileInfo","Count":2,"LastSeen":"2026-02-09T23:41:45.1322012-06:00"},"configRoles":{"Name":"configRoles","Count":6,"LastSeen":"2026-02-09T23:41:45.1320786-06:00"},"ModulePathEnv":{"Name":"ModulePathEnv","Count":19,"LastSeen":"2026-02-09T23:41:45.1323910-06:00"}}
	Logging: 2026-02-10T05:42:15.4840050Z	2026-02-09T23:42:15.4840050-06:00	Info	MetricsData	Track_HashTables	WebHost.ps1	ProcessLogQueue		Webhost	MainLoop	1	H4sIAAAAAAAACpWUzW7CMBCE38VnqBw7cZxc4dBKUCGF0vOSGoqUHxQ7lRDi3asg4qwjqjrHjKPP69nZvZJN9qn2mWp+VLOuv9pCaZJeyTuUiqTPDmdkUbeVIWlAZ2QF2mRKVSQljDIxp2xOky3jacjSIHoJJQ9jGs2pSCkltxk5Q6MqswCD7hg0i458yCxM5EDWF/2hVYO4vWKp3IcqIk4Hag5GHevmgrBWstzYg8viUMQDt7ybuQQDiIzEaTUHopN7NpzPI3CvWGryL5VzGseCI3/bvdu2h2CZzKfSKJZszBwbjNWJvQs4qhhl93miEd0rcCGXrs1v1aF2bb4r02yWnKLArcHk384I9sowd16RCKRjxVIdoC3MBhoolVHNDop2NOl//GLv9Rp3zng43Luqj68nbdz+InESmyUyRCO0yXaq0ae62sK+UM5LnIMJ3ejqTyjqcQnV6aA0jr2Vhn54ZZMKifbgI4W6K/PJvn3owz70Gy4aoIWYO9PafU1bWFEsUME5GCjqo0u8K5NyyYRMbNpvv2bLNfN9BgAA
	Logging: 2026-02-10T05:42:15.4860027Z	2026-02-09T23:42:15.4860027-06:00	Info	MetricsData	Track_HashTables	WebHost.ps1	ProcessLogQueue		Webhost	MainLoop	1	{"prefixesToTry":{"Name":"prefixesToTry","Count":2,"LastSeen":"2026-02-09T23:42:15.4854277-06:00"},"dbRoles":{"Name":"dbRoles","Count":15,"LastSeen":"2026-02-09T23:42:15.4850979-06:00"},"args":{"Name":"args","Count":0,"LastSeen":"2026-02-09T23:42:15.4849646-06:00"},"systemUsers":{"Name":"systemUsers","Count":2,"LastSeen":"2026-02-09T23:42:15.4856910-06:00"},"fileInfo":{"Name":"fileInfo","Count":2,"LastSeen":"2026-02-09T23:42:15.4851633-06:00"},"configRoles":{"Name":"configRoles","Count":6,"LastSeen":"2026-02-09T23:42:15.4850428-06:00"},"ModulePathEnv":{"Name":"ModulePathEnv","Count":19,"LastSeen":"2026-02-09T23:42:15.4853477-06:00"}}
	Logging: 2026-02-10T05:42:45.7122420Z	2026-02-09T23:42:45.7122420-06:00	Info	MetricsData	Track_HashTables	WebHost.ps1	ProcessLogQueue		Webhost	MainLoop	1	H4sIAAAAAAAACpWUX2vCMBTFv0uedSTpnyR91YcNdBTqtueri06orTTpQMTvPhRNboqD9LEn5Zebc8+9Z1JWX3pd6e5Xd8v2u6+1IcWZvMNBk+LZ4YTM2r6xpGB0QhZgbKV1QwrCKc+nlE+pWvGkSHmRZi+CMZEmfErzglJymZAjdLqxM7DoDq85dBZDzhjNPNmczIfRHeI+FEdNYqiKK+qpG7B613YnhHWS44oILpWMCs893MycgwVERuK4mhOumGfD8TgAPxRHVTEV51xK5G+/Dtt2FxyTx1QqM54OmUODsTrOByll7ukou88TjehRgROMhza/Nds2tPmmjLRZMWTzEuzmJxjBh+LnLqZWJgWKW1nN9Rb62pbQwUFb3X1C3Q8m/Z9f3L1R456pBHm0aHeve2PD/iJxHJsG4SmrT92ZfdusYF3r4CXBwahusDznCo0pNPutNjj2TvL9iMom4wwZc0+huZb5ZN/edb8Po4ZLiAwtxE0wrdevcQtLpCnK5QYs1O0uJN6UUbmkQkhX4+UPXLM/O30GAAA=
	Logging: 2026-02-10T05:42:45.7143752Z	2026-02-09T23:42:45.7143752-06:00	Info	MetricsData	Track_HashTables	WebHost.ps1	ProcessLogQueue		Webhost	MainLoop	1	{"prefixesToTry":{"Name":"prefixesToTry","Count":2,"LastSeen":"2026-02-09T23:42:45.7136791-06:00"},"dbRoles":{"Name":"dbRoles","Count":15,"LastSeen":"2026-02-09T23:42:45.7133547-06:00"},"args":{"Name":"args","Count":0,"LastSeen":"2026-02-09T23:42:45.7132215-06:00"},"systemUsers":{"Name":"systemUsers","Count":2,"LastSeen":"2026-02-09T23:42:45.7140311-06:00"},"fileInfo":{"Name":"fileInfo","Count":2,"LastSeen":"2026-02-09T23:42:45.7134202-06:00"},"configRoles":{"Name":"configRoles","Count":6,"LastSeen":"2026-02-09T23:42:45.7133000-06:00"},"ModulePathEnv":{"Name":"ModulePathEnv","Count":19,"LastSeen":"2026-02-09T23:42:45.7136023-06:00"}}
	Logging: 2026-02-10T05:43:36.2117396Z	2026-02-09T23:43:36.2117396-06:00	Info	MetricsData	Track_HashTables	WebHost.ps1	ProcessLogQueue		Webhost	MainLoop	1	{"prefixesToTry":{"Name":"prefixesToTry","Count":2,"LastSeen":"2026-02-09T23:43:36.2110936-06:00"},"dbRoles":{"Name":"dbRoles","Count":15,"LastSeen":"2026-02-09T23:43:35.9796602-06:00"},"ModulePathEnv":{"Name":"ModulePathEnv","Count":19,"LastSeen":"2026-02-09T23:43:36.2109272-06:00"},"args":{"Name":"args","Count":0,"LastSeen":"2026-02-09T23:43:35.9795302-06:00"},"systemUsers":{"Name":"systemUsers","Count":2,"LastSeen":"2026-02-09T23:43:36.2113808-06:00"},"fileInfo":{"Name":"fileInfo","Count":2,"LastSeen":"2026-02-09T23:43:35.9797221-06:00"},"logEntries":{"Name":"logEntries","Count":2,"LastSeen":"2026-02-09T23:43:35.9798396-06:00"},"configRoles":{"Name":"configRoles","Count":6,"LastSeen":"2026-02-09T23:43:35.9796060-06:00"}}

Command      : WebHost.ps1
ScriptName   : C:\SC\PsWebHost\WebHost.ps1
FunctionName : <ScriptBlock>
Line         : 878
Arguments    : {}

Command      : WebHost.ps1
ScriptName   : C:\SC\PsWebHost\WebHost.ps1
FunctionName : <ScriptBlock><End>
Line         : 875
Arguments    : {}


2026-02-10T05:43:48.1645056Z	2026-02-09T23:43:48.1645056-06:00	Error	ErrorArrayCheck	\[WebHost\.PS1]\ \$Error\[0]\ Exception\ calling\ "Write"\ with\ "3"\ argument\(s\):\ "The\ specified\ network\ name\ is\ no\ longer\ available\."\nAt\ C:\\SC\\PsWebHost\\modules\\PSWebHost_Support\\PSWebHost_Support\.psm1:586\ char:13\r\n\+\ \ \ \ \ \ \ \ \ \ \ \ \ \$Response\.OutputStream\.Write\(\$contentBytes,\ 0,\ \$contentBy\ .\r\n\+\ \ \ \ \ \ \ \ \ \ \ \ \ ~~~~~~~~~~~~~~~~~~~~~~~~~~~~~~~~~~~~~~~~~~~~~~~~~~~~~~~~~	WebHost.ps1	WebHost.ps1				1	{"Message":"Exception calling \"Write\" with \"3\" argument(s): \"The specified network name is no longer available.\"","PositionMessage":"At C:\\SC\\PsWebHost\\modules\\PSWebHost_Support\\PSWebHost_Support.psm1:586 char:13\r\n+             $Response.OutputStream.Write($contentBytes, 0, $contentBy .\r\n+             ~~~~~~~~~~~~~~~~~~~~~~~~~~~~~~~~~~~~~~~~~~~~~~~~~~~~~~~~~"}
	Logging: 2026-02-10T05:44:09.6164825Z	2026-02-09T23:44:09.6164825-06:00	Info	MetricsData	Track_HashTables	WebHost.ps1	ProcessLogQueue		Webhost	MainLoop	1	H4sIAAAAAAAACpWUT4vCMBDFv0vOuiRpkqa96mEXdBHq6nl0oyvUVpJ0QcTvviiaP8WF9NiX8stk5r25oEW1VptK6V+l5+13VyuDygv6hKNC5avDEZq0XWNRSfAIzcDYSqkGlYhiKsaYjnGxpFnJWImLN0G4FEyMsSgxRtcROoFWjZ2ADe7wmkPzFLLgmHmyOZsvo3TAfSqOmiVQBRYy89QtWLVv9TnAOslx85RqKSfUc4/3Zk7BQkAOxEE1cy4x92w4nXrgp+KoRQKVFYUMJme6TTy2h+CYNKXSQjLZZ/YbHKoDZ0dk7umBd187OqAnGU5mGEdt/mh2bdzmuzKozRzntPDUOdjtTxTBp+Jzl2QJxgLqopqqHXS1XYCGo7JKr6Duekn/5xd3b1Lcc0oCK87a/fvB2Hi+gTiMzZgMIrSoVkqbQ9ssYVOr6CXRwbBp5JKHMYXmsFMmtL2T/DzSMopFNJD1zYXmVuaLffvQ/T5MCxchQbi2UVpvX8MWFqEsXoRQt/uYeFeG+ZKSwrXh+geBOptgfQYAAA==
	Logging: 2026-02-10T05:44:09.6184258Z	2026-02-09T23:44:09.6184258-06:00	Info	MetricsData	Track_HashTables	WebHost.ps1	ProcessLogQueue		Webhost	MainLoop	1	{"prefixesToTry":{"Name":"prefixesToTry","Count":2,"LastSeen":"2026-02-09T23:44:09.6178592-06:00"},"dbRoles":{"Name":"dbRoles","Count":15,"LastSeen":"2026-02-09T23:44:09.6175400-06:00"},"args":{"Name":"args","Count":0,"LastSeen":"2026-02-09T23:44:09.6174092-06:00"},"systemUsers":{"Name":"systemUsers","Count":2,"LastSeen":"2026-02-09T23:44:09.6181051-06:00"},"fileInfo":{"Name":"fileInfo","Count":2,"LastSeen":"2026-02-09T23:44:09.6176042-06:00"},"configRoles":{"Name":"configRoles","Count":6,"LastSeen":"2026-02-09T23:44:09.6174859-06:00"},"ModulePathEnv":{"Name":"ModulePathEnv","Count":19,"LastSeen":"2026-02-09T23:44:09.6177824-06:00"}}
	Logging: 2026-02-10T05:44:40.8849552Z	2026-02-09T23:44:40.8849552-06:00	Verbose	EventViewer	Event\ log\ request:\ 466\ events\ returned	apps\WebhostRealtimeEvents\routes\api\v1\logs\get.ps1	get.ps1		6ec71a85-fb79-4ebc-aa1d-587c7f8b403c		1	{"ResultCount":466,"Filters":{"categories":null,"userID":null,"severities":null,"source":null,"activityName":null,"filter":null,"runspaceID":null,"sessionID":null},"TimeRange":15}
	Logging: 2026-02-10T05:44:40.8860663Z	2026-02-09T23:44:40.8860663-06:00	Debug	GlobalCache	Updated\ cache:\ 3\ jobs,\ 0\ runspaces,\ 0\ tasks\ \(0\.2055ms\)	WebHost.ps1::Update-GlobalCache	Update-GlobalCache				1	
	Logging: 2026-02-10T05:44:40.8882588Z	2026-02-09T23:44:40.8882588-06:00	Info	MetricsData	Track_HashTables	WebHost.ps1	ProcessLogQueue		Webhost	MainLoop	1	H4sIAAAAAAAACpWUT28CIRDFvwtnbVhgF9irHtpEGxOtPaNFa7J/DLBNjPG7NxqFYWsT9riPzY/hzZs5o8XyU2+W2vxoM2+/ukpbVJ7Ru6o1Kp8djtCk7RqHygyP0ExZt9S6QSUimBRjTMZYrggtGSsZfhGC81ywMS5KjNFlhI7K6MZNlAN3BM2j8xQyEzILZHuyH1YbwH0onkpTqJJlPFC3yul9a04A6yXP5SlczAUN3Ppm5lQ5BchAHFYzy3LAVsdjD/xQPFUmUAtBRQH87TZx2+6CZ5KUSkXBSZ/ZNxiqA3uHYe9Adp8nGtCTAsczHtv81uza2OabMtBmSWWgzpXbfkcj+FDC3KXUSrnA0Iqp3qmucgtlVK2dNmtVdb1J/+cXf2/SuOc5bPCs3b8erIv7C8RhbMJhIBfLtTb20DYrtal09JLoYFA3eEEoWCq1ag47bWHsvRT6kZRNSqX4k017LfPJvr3rYR8mDReXGFyxjab1+jVwYWER01TV7mPiTRmWS8yoH9HLLwU+y1x9BgAA
	Logging: 2026-02-10T05:44:40.8902084Z	2026-02-09T23:44:40.8902084-06:00	Info	MetricsData	Track_HashTables	WebHost.ps1	ProcessLogQueue		Webhost	MainLoop	1	{"prefixesToTry":{"Name":"prefixesToTry","Count":2,"LastSeen":"2026-02-09T23:44:40.8896993-06:00"},"dbRoles":{"Name":"dbRoles","Count":15,"LastSeen":"2026-02-09T23:44:40.8893797-06:00"},"args":{"Name":"args","Count":0,"LastSeen":"2026-02-09T23:44:40.8892467-06:00"},"systemUsers":{"Name":"systemUsers","Count":2,"LastSeen":"2026-02-09T23:44:40.8898643-06:00"},"fileInfo":{"Name":"fileInfo","Count":2,"LastSeen":"2026-02-09T23:44:40.8894431-06:00"},"configRoles":{"Name":"configRoles","Count":6,"LastSeen":"2026-02-09T23:44:40.8893260-06:00"},"ModulePathEnv":{"Name":"ModulePathEnv","Count":19,"LastSeen":"2026-02-09T23:44:40.8896231-06:00"}}
	Logging: 2026-02-10T05:44:56.4832838Z	2026-02-09T23:44:56.4832838-06:00	Verbose	EventViewer	Event\ log\ request:\ 470\ events\ returned	apps\WebhostRealtimeEvents\routes\api\v1\logs\get.ps1	get.ps1		6ec71a85-fb79-4ebc-aa1d-587c7f8b403c		1	{"ResultCount":470,"Filters":{"categories":null,"userID":null,"severities":null,"source":null,"activityName":null,"filter":null,"runspaceID":null,"sessionID":null},"TimeRange":15}
	Logging: 2026-02-10T05:44:56.4864509Z	2026-02-09T23:44:56.4864509-06:00	Info	MetricsData	Track_HashTables	WebHost.ps1	ProcessLogQueue		Webhost	MainLoop	1	H4sIAAAAAAAACpWUS2vCQBSF/8ustcw7mWx10YKWQGy7vtrRCjGRzKQg4n8vis4jWJgscxK+uTn3nDmjsvrS60p3v7pbtt99rQ0qzugdDhoVz15O0KztG4sKgidoAcZWWjeoQBRTOcV0itWKsoLzQsgXngvCcjbFssAYXSboCJ1u7AxscIbXHFokkLmiOfVkczIfRncB96E4KkuZlzPCPXUDVu/a7hRgneS4Wcq0XFHluYebmXOwEJADcdTMPBdZ5tlwPA7AD8VRVQqVsnBi06/jtd0Fx6Qp7jKc4yFzaHCojtsdk1x4epDd54kO6CmBEwSLPLL5rdm2sc03ZZzNjEjiqUuwm5+ogg/F9y4pEkQFkSirud5CX9sSOjhoq7tPqPtB0//5xJ2bUneuFJf+3EW7e90bG+83EMexpZKB/2X1qTuzb5sVrGsd/Un0YtQ2BJZXzdUUmv1WmzD2TvL7SOpoJrPAmHsKzXXMJ/ftXff3YVK5SIaDJG2itl6fxl1YTKqg/huwULe7mHhTxuWS88zt8PIHv8WE9H0GAAA=
	Logging: 2026-02-10T05:44:56.4883136Z	2026-02-09T23:44:56.4883136-06:00	Info	MetricsData	Track_HashTables	WebHost.ps1	ProcessLogQueue		Webhost	MainLoop	1	{"prefixesToTry":{"Name":"prefixesToTry","Count":2,"LastSeen":"2026-02-09T23:44:56.4879541-06:00"},"dbRoles":{"Name":"dbRoles","Count":15,"LastSeen":"2026-02-09T23:44:56.4875938-06:00"},"ModulePathEnv":{"Name":"ModulePathEnv","Count":19,"LastSeen":"2026-02-09T23:44:56.4878745-06:00"},"args":{"Name":"args","Count":0,"LastSeen":"2026-02-09T23:44:56.4874561-06:00"},"systemUsers":{"Name":"systemUsers","Count":2,"LastSeen":"2026-02-09T23:44:56.4881235-06:00"},"fileInfo":{"Name":"fileInfo","Count":2,"LastSeen":"2026-02-09T23:44:56.4876590-06:00"},"logEntries":{"Name":"logEntries","Count":4,"LastSeen":"2026-02-09T23:44:56.4877821-06:00"},"configRoles":{"Name":"configRoles","Count":6,"LastSeen":"2026-02-09T23:44:56.4875375-06:00"}}
	Logging: 2026-02-10T05:45:13.3640430Z	2026-02-09T23:45:13.3640430-06:00	Info	MetricsData	Track_HashTables	WebHost.ps1	ProcessLogQueue		Webhost	MainLoop	1	H4sIAAAAAAAACpWUXWvCMBSG/0uudeS7prd6sYGOQt12HV10Qj8kSQci/vdh0fREHKSXfVOenLznPeeMivLLbEpjf41dtd9dZRzKz+hd1wblzw4naN52jUc5wRO01M6XxjQoRxRTOcV0itWaspyLnLAXJhkXNJtimWOMLhN01NY0fq49uGPQAlqkkCnLyEB2J/fhjAXcuxKoLIUqGQfUrfZm39oTwAYpcLMELhWCAB/q3syF9hqQgTiuZiK5HNj6eHwA35VAVQlUkqmrHPztNnHbbkJg0pRKhcSwZz3i0WCojvNBKDYb6CC7zxMN6EmB40SpyOa3ZtfGNvfKOJuVUHSgrrTf/kQjeFeGuUuKBJWg1qJcmJ3uKl9oq2vjjf3UVfcw6f/8Eu5NGneGJQjNst2/HpyP+wvEUWyqlAIjVJSfxrpD26z1pjLRS6KDUd1gLIPrqtbNYWccjH2Qhn4kZRPPGDDmlkJ3LfPJvr3pwz5MGi4+4yD+22har1/jFhZhhEU0XbX7mNgro3JJOWbB38sfwlEA7X0GAAA=
	Logging: 2026-02-10T05:45:13.3676966Z	2026-02-09T23:45:13.3676966-06:00	Info	MetricsData	Track_HashTables	WebHost.ps1	ProcessLogQueue		Webhost	MainLoop	1	{"prefixesToTry":{"Name":"prefixesToTry","Count":2,"LastSeen":"2026-02-09T23:45:13.3666312-06:00"},"dbRoles":{"Name":"dbRoles","Count":15,"LastSeen":"2026-02-09T23:45:13.3661021-06:00"},"ModulePathEnv":{"Name":"ModulePathEnv","Count":19,"LastSeen":"2026-02-09T23:45:13.3665276-06:00"},"args":{"Name":"args","Count":0,"LastSeen":"2026-02-09T23:45:13.3658199-06:00"},"systemUsers":{"Name":"systemUsers","Count":2,"LastSeen":"2026-02-09T23:45:13.3671513-06:00"},"fileInfo":{"Name":"fileInfo","Count":2,"LastSeen":"2026-02-09T23:45:13.3661725-06:00"},"logEntries":{"Name":"logEntries","Count":3,"LastSeen":"2026-02-09T23:45:13.3663972-06:00"},"configRoles":{"Name":"configRoles","Count":6,"LastSeen":"2026-02-09T23:45:13.3660234-06:00"}}
	Logging: 2026-02-10T05:46:44.4695967Z	2026-02-09T23:46:44.4695967-06:00	Info	MetricsData	Track_HashTables	WebHost.ps1	ProcessLogQueue		Webhost	MainLoop	1	H4sIAAAAAAAACpWUW2sCMRCF/0uetWSzlyT7qg8taBHWts+jjVbYG0m2IOJ/L7WaTMRC9vVk+Wb2zJk5kVX1oTaV0t9KL7vPoVaGlCfyCo0i5aPHCZl1Q2tJmdAJWYCxlVItKQmjrJhSNqVyzdIyK8ose8oKIRnPprQoKSXnCelBq9bOwKIaXnPoPIacFlx4sjmaN6M04t4UR00jqDJJJaJuwap9p48I6yTH5RFcLnPGPbe5mDkHC4iMxFE9CyYZ6hn6/g58UxxVxnTM05whf4dNOLar4Jgsxl1aJCgNf4h7g7E6bnZUCuQDyu7jRCN6VOC4kKh56PuXdteFNl+UkTbLNPfUJdjtV7CCN8XvXVQkcpFgK+ZqB0NtV6ChUVbpd6iHu03/5xNXN2rdc0ZTX3fR7Z8PxobzReI4dpLjQK6qd6XNoWvXsKlV8CfBw6hpiCLjyLcG2sNOGRx7J/l5xO1owtGYryk0v20+uLdX3d/DmOUSkhcyOF3h1Rp5sARPkBNbsFB3+5B4UUblksvEr+j5B2ZqaLR9BgAA
	Logging: 2026-02-10T05:46:44.4713305Z	2026-02-09T23:46:44.4713305-06:00	Info	MetricsData	Track_HashTables	WebHost.ps1	ProcessLogQueue		Webhost	MainLoop	1	{"prefixesToTry":{"Name":"prefixesToTry","Count":2,"LastSeen":"2026-02-09T23:46:44.4708866-06:00"},"dbRoles":{"Name":"dbRoles","Count":15,"LastSeen":"2026-02-09T23:46:44.4705471-06:00"},"ModulePathEnv":{"Name":"ModulePathEnv","Count":19,"LastSeen":"2026-02-09T23:46:44.4708162-06:00"},"args":{"Name":"args","Count":0,"LastSeen":"2026-02-09T23:46:44.4704224-06:00"},"systemUsers":{"Name":"systemUsers","Count":2,"LastSeen":"2026-02-09T23:46:44.4710405-06:00"},"fileInfo":{"Name":"fileInfo","Count":2,"LastSeen":"2026-02-09T23:46:44.4706104-06:00"},"logEntries":{"Name":"logEntries","Count":2,"LastSeen":"2026-02-09T23:46:44.4707289-06:00"},"configRoles":{"Name":"configRoles","Count":6,"LastSeen":"2026-02-09T23:46:44.4704958-06:00"}}
	Logging: 2026-02-10T05:46:59.7460917Z	2026-02-09T23:46:59.7460917-06:00	Info	MetricsData	Track_HashTables	WebHost.ps1	ProcessLogQueue		Webhost	MainLoop	1	{"prefixesToTry":{"Name":"prefixesToTry","Count":2,"LastSeen":"2026-02-09T23:46:59.7455131-06:00"},"dbRoles":{"Name":"dbRoles","Count":15,"LastSeen":"2026-02-09T23:46:59.7451184-06:00"},"ModulePathEnv":{"Name":"ModulePathEnv","Count":19,"LastSeen":"2026-02-09T23:46:59.7454387-06:00"},"args":{"Name":"args","Count":0,"LastSeen":"2026-02-09T23:46:59.7449886-06:00"},"systemUsers":{"Name":"systemUsers","Count":2,"LastSeen":"2026-02-09T23:46:59.7457869-06:00"},"fileInfo":{"Name":"fileInfo","Count":2,"LastSeen":"2026-02-09T23:46:59.7451823-06:00"},"logEntries":{"Name":"logEntries","Count":2,"LastSeen":"2026-02-09T23:46:59.7453053-06:00"},"configRoles":{"Name":"configRoles","Count":6,"LastSeen":"2026-02-09T23:46:59.7450640-06:00"}}
	Logging: 2026-02-10T05:47:30.0182547Z	2026-02-09T23:47:30.0182547-06:00	Info	MetricsData	Track_HashTables	WebHost.ps1	ProcessLogQueue		Webhost	MainLoop	1	{"prefixesToTry":{"Name":"prefixesToTry","Count":2,"LastSeen":"2026-02-09T23:47:30.0177451-06:00"},"dbRoles":{"Name":"dbRoles","Count":15,"LastSeen":"2026-02-09T23:47:29.8688771-06:00"},"args":{"Name":"args","Count":0,"LastSeen":"2026-02-09T23:47:29.8687516-06:00"},"systemUsers":{"Name":"systemUsers","Count":2,"LastSeen":"2026-02-09T23:47:30.0179237-06:00"},"fileInfo":{"Name":"fileInfo","Count":2,"LastSeen":"2026-02-09T23:47:30.0174026-06:00"},"configRoles":{"Name":"configRoles","Count":6,"LastSeen":"2026-02-09T23:47:29.8688258-06:00"},"ModulePathEnv":{"Name":"ModulePathEnv","Count":19,"LastSeen":"2026-02-09T23:47:30.0176381-06:00"}}
	Logging: 2026-02-10T05:48:00.1326089Z	2026-02-09T23:48:00.1326089-06:00	Info	MetricsData	Track_HashTables	WebHost.ps1	ProcessLogQueue		Webhost	MainLoop	1	{"prefixesToTry":{"Name":"prefixesToTry","Count":2,"LastSeen":"2026-02-09T23:47:59.9822791-06:00"},"dbRoles":{"Name":"dbRoles","Count":15,"LastSeen":"2026-02-09T23:47:59.9819270-06:00"},"args":{"Name":"args","Count":0,"LastSeen":"2026-02-09T23:47:59.9818054-06:00"},"systemUsers":{"Name":"systemUsers","Count":2,"LastSeen":"2026-02-09T23:48:00.1321853-06:00"},"fileInfo":{"Name":"fileInfo","Count":2,"LastSeen":"2026-02-09T23:47:59.9819878-06:00"},"configRoles":{"Name":"configRoles","Count":6,"LastSeen":"2026-02-09T23:47:59.9818765-06:00"},"ModulePathEnv":{"Name":"ModulePathEnv","Count":19,"LastSeen":"2026-02-09T23:47:59.9821582-06:00"}}
	Logging: 2026-02-10T05:49:15.4507428Z	2026-02-09T23:49:15.4507428-06:00	Info	MetricsData	Track_HashTables	WebHost.ps1	ProcessLogQueue		Webhost	MainLoop	1	{"prefixesToTry":{"Name":"prefixesToTry","Count":2,"LastSeen":"2026-02-09T23:49:15.4502308-06:00"},"dbRoles":{"Name":"dbRoles","Count":15,"LastSeen":"2026-02-09T23:49:15.2909527-06:00"},"args":{"Name":"args","Count":0,"LastSeen":"2026-02-09T23:49:15.2908290-06:00"},"systemUsers":{"Name":"systemUsers","Count":2,"LastSeen":"2026-02-09T23:49:15.4504196-06:00"},"fileInfo":{"Name":"fileInfo","Count":2,"LastSeen":"2026-02-09T23:49:15.2910150-06:00"},"configRoles":{"Name":"configRoles","Count":6,"LastSeen":"2026-02-09T23:49:15.2909023-06:00"},"ModulePathEnv":{"Name":"ModulePathEnv","Count":19,"LastSeen":"2026-02-09T23:49:15.4500606-06:00"}}
	Logging: 2026-02-10T05:52:32.0548988Z	2026-02-09T23:52:32.0548988-06:00	Info	MetricsData	Track_HashTables	WebHost.ps1	ProcessLogQueue		Webhost	MainLoop	1	{"prefixesToTry":{"Name":"prefixesToTry","Count":2,"LastSeen":"2026-02-09T23:52:31.8174237-06:00"},"dbRoles":{"Name":"dbRoles","Count":15,"LastSeen":"2026-02-09T23:52:31.8170191-06:00"},"args":{"Name":"args","Count":0,"LastSeen":"2026-02-09T23:52:31.8168114-06:00"},"systemUsers":{"Name":"systemUsers","Count":2,"LastSeen":"2026-02-09T23:52:32.0545285-06:00"},"fileInfo":{"Name":"fileInfo","Count":2,"LastSeen":"2026-02-09T23:52:31.8170895-06:00"},"configRoles":{"Name":"configRoles","Count":6,"LastSeen":"2026-02-09T23:52:31.8168869-06:00"},"ModulePathEnv":{"Name":"ModulePathEnv","Count":19,"LastSeen":"2026-02-09T23:52:31.8173199-06:00"}}
	Logging: 2026-02-10T05:53:49.6536513Z	2026-02-09T23:53:49.6536513-06:00	Info	MetricsData	Track_HashTables	WebHost.ps1	ProcessLogQueue		Webhost	MainLoop	1	{"prefixesToTry":{"Name":"prefixesToTry","Count":2,"LastSeen":"2026-02-09T23:53:49.6532070-06:00"},"dbRoles":{"Name":"dbRoles","Count":15,"LastSeen":"2026-02-09T23:53:49.6528498-06:00"},"args":{"Name":"args","Count":0,"LastSeen":"2026-02-09T23:53:49.6527266-06:00"},"systemUsers":{"Name":"systemUsers","Count":2,"LastSeen":"2026-02-09T23:53:49.6533635-06:00"},"fileInfo":{"Name":"fileInfo","Count":2,"LastSeen":"2026-02-09T23:53:49.6529119-06:00"},"configRoles":{"Name":"configRoles","Count":6,"LastSeen":"2026-02-09T23:53:49.6527981-06:00"},"ModulePathEnv":{"Name":"ModulePathEnv","Count":19,"LastSeen":"2026-02-09T23:53:49.6530855-06:00"}}
	Logging: 2026-02-10T05:55:24.8928563Z	2026-02-09T23:55:24.8928563-06:00	Info	MetricsData	Track_HashTables	WebHost.ps1	ProcessLogQueue		Webhost	MainLoop	1	H4sIAAAAAAAACpWUy27CMBBF/8VrqGzHdh5bWLQSVJFC6XqghiLlpdiphBD/XkHBGSMqOctcR8fjO3fmRPLiU28K3f3obtl89aU2JDuRd6g0yZ4dTsis6WtLMkYnZAHGFlrXJCOccjWlfErTFY8yKTMuXpKUR5ImU6oySsl5QlrodG1nYNEdg+bQMoRMhRQD2RzNh9Ed4t4VR41CqJIrNVC3YPW+6Y4I6yTHjQO4TAmJuNXVzDlYQGQkjqqZpbGUAxva9gF8Vxw1DaEKLinyt9/4bbsJjslD3BVSoDT8IR4Nxuq43okkQR6j7D5PNKIHBS5iMQoctO1bvWt8m6/KOJslU/FAXYLdfnsjeFeGuQuKRJSiWvNirnfQlzaHDiptdbeGsn+Y9H9+cfcGjTuLFQrNotm/Hoz1+4vEUWyWCIFinhdr3ZlDU69gU2rvJd7BqG5wrhiqv4L6sNMGx95JQz/CZpRyr/jPSwrNpcwn+/amD/swKP5RIlCStt60Xr7GLSwZC+bRoGz2PvGqjMuloqmjnn8Ba8eBuH0GAAA=
	Logging: 2026-02-10T05:55:24.8947733Z	2026-02-09T23:55:24.8947733-06:00	Info	MetricsData	Track_HashTables	WebHost.ps1	ProcessLogQueue		Webhost	MainLoop	1	{"prefixesToTry":{"Name":"prefixesToTry","Count":2,"LastSeen":"2026-02-09T23:55:24.8942092-06:00"},"dbRoles":{"Name":"dbRoles","Count":15,"LastSeen":"2026-02-09T23:55:24.8937947-06:00"},"args":{"Name":"args","Count":0,"LastSeen":"2026-02-09T23:55:24.8936717-06:00"},"systemUsers":{"Name":"systemUsers","Count":2,"LastSeen":"2026-02-09T23:55:24.8944245-06:00"},"fileInfo":{"Name":"fileInfo","Count":2,"LastSeen":"2026-02-09T23:55:24.8939396-06:00"},"configRoles":{"Name":"configRoles","Count":6,"LastSeen":"2026-02-09T23:55:24.8937430-06:00"},"ModulePathEnv":{"Name":"ModulePathEnv","Count":19,"LastSeen":"2026-02-09T23:55:24.8941312-06:00"}}
	Logging: 2026-02-10T05:56:13.5827188Z	2026-02-09T23:56:13.5827188-06:00	Info	MetricsData	Track_HashTables	WebHost.ps1	ProcessLogQueue		Webhost	MainLoop	1	H4sIAAAAAAAACpWUwW7CMBBE/8VnqGwnNnGucGglqCKF0vNCDUUKSWQ7lRDi36tScNaUSs51Er1sZmf2RIryXa9Lbb60WTQfXaUtyU/kFQ6a5I8ejsi06WpHckZHZA7WlVrXJCeccjmmfEzVkie5kDlLnkTGlBBiTGVOKTmPSAtG124KDn2j1zxaxJAnVKqebI/2zWqDuDfFU5MIKueZynrqBpzeNeaIsF7y3EnMtEylSc89XMycgQNERuKgmZlIFPIY2vYOfFM8VUVQqeICTWy7dbi2q+CZPMZdljHk7i/i3mCsDtxdmk56Osru40QjelTgFE/Q8NC2L/W2CW2+KINsZpQKNPQC3OYzqOBN6XsXFQnK0axFOdNb6CpXgIGDdtqsoOrumv7PK/67UXXPqEClnDe757114X6ROIydUoYCWZQrbey+qZewrnTwJ8GDYdvIJhLXFOr9Vlscey/1+4jqaCpT+ieb9mfMB/f2qvf3MI3KZybD0xVeraEHiwsZ0KBqdiHxogzLJZOJt+H8DTjgXBx9BgAA
	Logging: 2026-02-10T05:56:13.5847656Z	2026-02-09T23:56:13.5847656-06:00	Info	MetricsData	Track_HashTables	WebHost.ps1	ProcessLogQueue		Webhost	MainLoop	1	{"prefixesToTry":{"Name":"prefixesToTry","Count":2,"LastSeen":"2026-02-09T23:56:13.5841689-06:00"},"dbRoles":{"Name":"dbRoles","Count":15,"LastSeen":"2026-02-09T23:56:13.5838508-06:00"},"args":{"Name":"args","Count":0,"LastSeen":"2026-02-09T23:56:13.5837233-06:00"},"systemUsers":{"Name":"systemUsers","Count":2,"LastSeen":"2026-02-09T23:56:13.5843525-06:00"},"fileInfo":{"Name":"fileInfo","Count":2,"LastSeen":"2026-02-09T23:56:13.5839144-06:00"},"configRoles":{"Name":"configRoles","Count":6,"LastSeen":"2026-02-09T23:56:13.5837978-06:00"},"ModulePathEnv":{"Name":"ModulePathEnv","Count":19,"LastSeen":"2026-02-09T23:56:13.5840940-06:00"}}
	Logging: 2026-02-10T05:57:01.2326778Z	2026-02-09T23:57:01.2326778-06:00	Info	MetricsData	Track_HashTables	WebHost.ps1	ProcessLogQueue		Webhost	MainLoop	1	H4sIAAAAAAAACpWUXWvCMBiF/0uudeSjaZve6sUGOgp17jq66IR+SJIORPzvQ9HkTecgvexpefL2vOfkjMrqU20qpX+UXnZffa0MKs7oXTYKFc9eTtCs61uLCoInaCGNrZRqUYEopukU0ykWK8oKnhWYvFBGcU7YFKcFxugyQUepVWtn0oIzvObQPIJM8pQLTzYn82GUBtyH4qgsZl6WYEDdSqv2nT4BrJMcN4uZluUJ4DY3M+fSSkAG4qiZSSYY9mx5PA7AD8VRRQyVEgo2Z/pNuLa74Jg0xl2a8nzIHBoM1ZG7w4R6Osju80QDekzgKE5EEtj81u660OabMtLmNAfBWEq7/Q4q+FB876IiwRMwa1nN1U72tS2llo2ySq9l3Q+a/s8n7tyYuhPBEu7PXXT714Ox4X6BOI7NBaxmWa2VNoeuXclNrYI/CV6M2gbFGIa+ke1hpwyMvZP8PqI6moo8+5NNcx3zyX171/19mMTMTvIMeL8N2np9GnlhURLSZN3tQ+JNGZdLxln6oF5+AcDGKxV9BgAA
	Logging: 2026-02-10T05:57:01.3899675Z	2026-02-09T23:57:01.3899675-06:00	Info	MetricsData	Track_HashTables	WebHost.ps1	ProcessLogQueue		Webhost	MainLoop	1	{"prefixesToTry":{"Name":"prefixesToTry","Count":2,"LastSeen":"2026-02-09T23:57:01.3894441-06:00"},"dbRoles":{"Name":"dbRoles","Count":15,"LastSeen":"2026-02-09T23:57:01.3891123-06:00"},"args":{"Name":"args","Count":0,"LastSeen":"2026-02-09T23:57:01.3889617-06:00"},"systemUsers":{"Name":"systemUsers","Count":2,"LastSeen":"2026-02-09T23:57:01.3896081-06:00"},"fileInfo":{"Name":"fileInfo","Count":2,"LastSeen":"2026-02-09T23:57:01.3891797-06:00"},"configRoles":{"Name":"configRoles","Count":6,"LastSeen":"2026-02-09T23:57:01.3890546-06:00"},"ModulePathEnv":{"Name":"ModulePathEnv","Count":19,"LastSeen":"2026-02-09T23:57:01.3893667-06:00"}}
	Logging: 2026-02-10T05:58:49.6864967Z	2026-02-09T23:58:49.6864967-06:00	Info	MetricsData	Track_HashTables	WebHost.ps1	ProcessLogQueue		Webhost	MainLoop	1	H4sIAAAAAAAACpWUX2vCMBTFv0uedaT517Sv+rCBDqHOPV9ddEJtpUkHIn73MbHNTXGQvp6EX27OPfdeyar4NNvCND+mWdZfbWksya/kHU6G5M8OJ2RWt5UjeUInZAHWFcZUJCeMMjWlbEqzNeO51LnIXpRWNMnklKqcUnKbkDM0pnIzcOgNr/VoGUGWqdTck+3FfljTIG6n9FQeUy+jTHvqDpw51M0FYXup56Yx1VLBM8893c2cgwNERuKomqVMGfNsOJ8H4E7pqVkEVaRMUORvuw3b9hB6JotxN2GpGjKHBmN1XO8SxZEPKLvPE43oUYHLtAptfqv2dWjzXRlps+appy7B7b6DEewUP3dRkWAMUVfF3OyhLd0KGjgZZ5oNlO1g0v+50r8bM+5SK4livqgPr0frwv4icRybUyHwnzamsce6WsO2NMFPgoNR3ZAZV3hMoTrujcWx7yXfj6gZFYwh8COF9q/MJ/v2oft9KKJWrUzC1RVurXELS2iuUIJ24KCsDyHxrozKpdApTTrq7Rc9RQmSfQYAAA==
	Logging: 2026-02-10T05:58:49.6890928Z	2026-02-09T23:58:49.6890928-06:00	Info	MetricsData	Track_HashTables	WebHost.ps1	ProcessLogQueue		Webhost	MainLoop	1	{"prefixesToTry":{"Name":"prefixesToTry","Count":2,"LastSeen":"2026-02-09T23:58:49.6886046-06:00"},"dbRoles":{"Name":"dbRoles","Count":15,"LastSeen":"2026-02-09T23:58:49.6882533-06:00"},"args":{"Name":"args","Count":0,"LastSeen":"2026-02-09T23:58:49.6875642-06:00"},"systemUsers":{"Name":"systemUsers","Count":2,"LastSeen":"2026-02-09T23:58:49.6887778-06:00"},"fileInfo":{"Name":"fileInfo","Count":2,"LastSeen":"2026-02-09T23:58:49.6883337-06:00"},"configRoles":{"Name":"configRoles","Count":6,"LastSeen":"2026-02-09T23:58:49.6881296-06:00"},"ModulePathEnv":{"Name":"ModulePathEnv","Count":19,"LastSeen":"2026-02-09T23:58:49.6885235-06:00"}}
	Logging: 2026-02-10T05:59:52.7969142Z	2026-02-09T23:59:52.7969142-06:00	Info	MetricsData	Track_HashTables	WebHost.ps1	ProcessLogQueue		Webhost	MainLoop	1	H4sIAAAAAAAACpWUQW/CMAyF/0vOMKVJ3ZBe4bBJMCGVsbNhgSGVFjXpJIT47xOItk7FtPTYl+qLY7/nC1tmn2aTmerHVIvyq86NZemFvePRsPTZ4YhNy7pwLI34iM3RusyYgqVMcJGMuRhzvRIyBZ2CeFE6kVHCxzxJOWfXETthZQo3RUfu6LQWDSFkrnnUke3ZflhTEW6jtFQZQgUZE+oWndmX1ZlgW6nlqn+5ABIgFh33eG/mDB0SMhGH1cwjiDs2nk49cKO0VB1QsdATnpD+1ht/bA+hZYqQSmMhVJ/ZbzBVh/UhBkVmR7z73NGEHmQ4MeHaa/NbsSv9Nt+VQW2WPBYkIAt0228vgo3S5S6gVtAqIXZbZjOzwzp3S6zwaJyp1pjXvaT/8Ut7b1Dco4SGcl7uXw/W+fMl4iA2KC0lfdPaVPZQFivc5MZ7iXcwYBq3GUsBJKZYHHbGUtu3UjePEG+CFoqAHy60tzKf7NuH3u3DOGjVxorMfOul9fY1bGFFkSLx36LDvNz7xLsywJcAUiqYNNTrL6JRPsZ9BgAA
	Logging: 2026-02-10T05:59:52.7988544Z	2026-02-09T23:59:52.7988544-06:00	Info	MetricsData	Track_HashTables	WebHost.ps1	ProcessLogQueue		Webhost	MainLoop	1	{"prefixesToTry":{"Name":"prefixesToTry","Count":2,"LastSeen":"2026-02-09T23:59:52.7983750-06:00"},"dbRoles":{"Name":"dbRoles","Count":15,"LastSeen":"2026-02-09T23:59:52.7979464-06:00"},"args":{"Name":"args","Count":0,"LastSeen":"2026-02-09T23:59:52.7978084-06:00"},"systemUsers":{"Name":"systemUsers","Count":2,"LastSeen":"2026-02-09T23:59:52.7985938-06:00"},"fileInfo":{"Name":"fileInfo","Count":2,"LastSeen":"2026-02-09T23:59:52.7980805-06:00"},"configRoles":{"Name":"configRoles","Count":6,"LastSeen":"2026-02-09T23:59:52.7978938-06:00"},"ModulePathEnv":{"Name":"ModulePathEnv","Count":19,"LastSeen":"2026-02-09T23:59:52.7982944-06:00"}}
	Logging: 2026-02-10T06:00:53.4955535Z	2026-02-10T00:00:53.4955535-06:00	Info	MetricsData	Track_HashTables	WebHost.ps1	ProcessLogQueue		Webhost	MainLoop	1	H4sIAAAAAAAACpWVX2vCMBTFv0uedeRvm/ZVHzbQIejc89VFJ9RWknQg4ncfE01vioP09aT8cnvuvScXslh+ms3S2B9j581XWxlHygt5h6Mh5bPDEZk0be1JyeiIzMD5pTE1KQmnPBtTPmZ0RWlJaanEiywUZVKPaVZSSq4jcgJraj8Bj+7otIBWCWSZF5J2ZHd2H85YxH0ogSpS6mWFLjrqFrzZN/aMsEEK3DylWpFz2XGPNzOn4AGRkTioZplzhthwOvXADyVQixQq09gJ127itt2FwORJ7nKh+sy+wVgd2DulER3N7vOJRvSkgSs0zSKb3+pdE9t8U4bZzBVHNs/Bb7+jFXwo3d6lUDOtGLZianbQVn4BFo7GG7uGqu1t+j+fhHtT1l3qTIju3lmzfz04H/cXicPYSrOovWtj3aGpV7CpTPQn0cGwbhSCo1A5Qn3YGYfHPkhdP5J2NJMK7eh9Ct1fmU/y9q53eSiTolbmPIquOLWGBhZVyO0teKiafUy8KcPmUogiPAfXX0cqq6h9BgAA
	Logging: 2026-02-10T06:00:53.4975945Z	2026-02-10T00:00:53.4975945-06:00	Info	MetricsData	Track_HashTables	WebHost.ps1	ProcessLogQueue		Webhost	MainLoop	1	{"prefixesToTry":{"Name":"prefixesToTry","Count":2,"LastSeen":"2026-02-10T00:00:53.4970565-06:00"},"dbRoles":{"Name":"dbRoles","Count":15,"LastSeen":"2026-02-10T00:00:53.4967243-06:00"},"args":{"Name":"args","Count":0,"LastSeen":"2026-02-10T00:00:53.4965908-06:00"},"systemUsers":{"Name":"systemUsers","Count":2,"LastSeen":"2026-02-10T00:00:53.4972715-06:00"},"fileInfo":{"Name":"fileInfo","Count":2,"LastSeen":"2026-02-10T00:00:53.4967897-06:00"},"configRoles":{"Name":"configRoles","Count":6,"LastSeen":"2026-02-10T00:00:53.4966692-06:00"},"ModulePathEnv":{"Name":"ModulePathEnv","Count":19,"LastSeen":"2026-02-10T00:00:53.4969755-06:00"}}
	Logging: 2026-02-10T06:01:54.1742314Z	2026-02-10T00:01:54.1742314-06:00	Debug	GlobalCache	Updated\ cache:\ 3\ jobs,\ 0\ runspaces,\ 0\ tasks\ \(0\.2863ms\)	WebHost.ps1::Update-GlobalCache	Update-GlobalCache				1	
	Logging: 2026-02-10T06:01:54.1767524Z	2026-02-10T00:01:54.1767524-06:00	Info	MetricsData	Track_HashTables	WebHost.ps1	ProcessLogQueue		Webhost	MainLoop	1	H4sIAAAAAAAACpWUzW7CMBCE38VnqNZ/Sci1PbQSVEhp6XmhhiKFBMVOJYT67hUU7DWiknPMJPq82Znxkc2rD7OsTPdtuln72dfGsvLIXnFnWHnv5Yg9tn3jWMlhxKZoXWVMw0omQGRjEGMObwAl8FKrB55nXKt8DFkJwH5GbI+dadwjOnJG0DxaJ5D1RAMEsj3Yd2s6wr0qnipT5lUgRKCu0JlN2x0I1kuem6dMq1UuA3d3XuYTOiRkIg6aWRcFV4GN+/0N+Kp46iSFKvOiIPvtl7FtF8EzRcp2pShIGv4Qtwum6jDvZCbJxCS79xNN6CmBy7iQOlrzS7Nu4zWflWFrVlIS82boVl9RBa9K6F1SJJQms86rJ7PGvnZz7HBnnOkWWPc3Tf/nE39uUt2ByyycO203z1vrYn+JOIitcw1kU/NqYTq7bZs3XNYm+pPoxSA3MsgLWlNstmtjaey9FPxI6yhMIkM+Tim0pzHv3LcXPdyHKmV2oQUp1ypq6+lp2IWlCkWu1xU6rNtNTDwrw3KpeeY9/PkF6a6zU30GAAA=
	Logging: 2026-02-10T06:01:54.1785796Z	2026-02-10T00:01:54.1785796-06:00	Info	MetricsData	Track_HashTables	WebHost.ps1	ProcessLogQueue		Webhost	MainLoop	1	{"prefixesToTry":{"Name":"prefixesToTry","Count":2,"LastSeen":"2026-02-10T00:01:54.1780845-06:00"},"dbRoles":{"Name":"dbRoles","Count":15,"LastSeen":"2026-02-10T00:01:54.1777596-06:00"},"args":{"Name":"args","Count":0,"LastSeen":"2026-02-10T00:01:54.1776277-06:00"},"systemUsers":{"Name":"systemUsers","Count":2,"LastSeen":"2026-02-10T00:01:54.1782512-06:00"},"fileInfo":{"Name":"fileInfo","Count":2,"LastSeen":"2026-02-10T00:01:54.1778246-06:00"},"configRoles":{"Name":"configRoles","Count":6,"LastSeen":"2026-02-10T00:01:54.1777062-06:00"},"ModulePathEnv":{"Name":"ModulePathEnv","Count":19,"LastSeen":"2026-02-10T00:01:54.1780078-06:00"}}
	Logging: 2026-02-10T06:02:09.7384032Z	2026-02-10T00:02:09.7384032-06:00	Info	MetricsData	Track_HashTables	WebHost.ps1	ProcessLogQueue		Webhost	MainLoop	1	H4sIAAAAAAAACpWUUW+CMBSF/0ufdSkFWsqrPmyJLiQ493x11ZkgkLYsMcb/vmi0vTCXlEcO5Ovl3HN6JkX5qTal0j9KL5uvrlKG5GfyDkdF8mcvJ2TWdLUleUQnZAHGlkrVJCeMMj6lbBrRFaU5ZTmVLyIWWcrolPKcUnKZkBa0qu0MLDrDaw6dhpB5nEpPNifzYZRG3IfiqHEANaNxnHnqFqzaN/qEsE5yXBEyLWM89tzjzcw5WEBkJI6aWaQ8TT0b2nYAfiiOKgOonDPOkL/dpr+2u+CYLGRSmcpkyBwajNVxPkgZC09H2X2eaEQPClwWSRRlaNu3etf0bb4p42yWNEGBW4Ldfvcq+FB874IiwTJkdFHO1Q66yhag4ais0muoukHT//nEnRtUd0ETFJpFs389GNvfLxLHsRMmUYWKcq20OTT1CjaV6v1J78WobQghIo5qCvVhpwyOvZP8PoKymUga/cmmuY755L696/4+TILymWHvt722Xp/GXVhRzJDbW7BQNfs+8aaMy2UkI9ehyy8S/1J1fQYAAA==
	Logging: 2026-02-10T06:02:09.7406021Z	2026-02-10T00:02:09.7406021-06:00	Info	MetricsData	Track_HashTables	WebHost.ps1	ProcessLogQueue		Webhost	MainLoop	1	{"prefixesToTry":{"Name":"prefixesToTry","Count":2,"LastSeen":"2026-02-10T00:02:09.7400873-06:00"},"dbRoles":{"Name":"dbRoles","Count":15,"LastSeen":"2026-02-10T00:02:09.7396837-06:00"},"ModulePathEnv":{"Name":"ModulePathEnv","Count":19,"LastSeen":"2026-02-10T00:02:09.7400038-06:00"},"args":{"Name":"args","Count":0,"LastSeen":"2026-02-10T00:02:09.7395386-06:00"},"systemUsers":{"Name":"systemUsers","Count":2,"LastSeen":"2026-02-10T00:02:09.7402561-06:00"},"fileInfo":{"Name":"fileInfo","Count":2,"LastSeen":"2026-02-10T00:02:09.7397503-06:00"},"logEntries":{"Name":"logEntries","Count":3,"LastSeen":"2026-02-10T00:02:09.7398768-06:00"},"configRoles":{"Name":"configRoles","Count":6,"LastSeen":"2026-02-10T00:02:09.7396207-06:00"}}
	Logging: 2026-02-10T06:02:55.4182085Z	2026-02-10T00:02:55.4182085-06:00	Info	MetricsData	Track_HashTables	WebHost.ps1	ProcessLogQueue		Webhost	MainLoop	1	H4sIAAAAAAAACpWUUWvCMBSF/0uedaRJk7R91YcNdAi67fnaRSfUtjTpQMT/PhRNboqD9LEn5cvNufeeM1mtv/R2rbtf3S2b777ShhRn8g5HTYpnhxMya/rakiKhE7IAY9da16QgjDI5pWya0A2lBWWFEC9poiTlakplQSm5TEgLna7tDCy6w2sOLWLIPMtyTzYn82F0h7gPxVF5DFVlMvPUEqzeN90JYZ3kuCqCK5WiwnOPNzPnYAGRkTiuZp4I5DG07QD8UBw1j6lYsJwif/tt2La74Jgsyl2aySFzaDBWR/Yu5chjNLvPJxrRowZOKIYMgbZ9q3dNaPNNGWezZHniqUuw5U+wgg/F711MrUypwIq53kFf2RV0cNRWd59Q9YNN/+cXd2/UuqciQ/cumv3rwdiwv0gcx6YqS/GbPnVnDk29gW2lg5cEB6O6oQQTDK0p1IedNnjsneT7ETWbjHOUK/cpNNcyn+TtXfd5mEZFLU9RDJTBtl6/RgYWTVG8lmChavYh8aaMmkupeO78vfwBY35mtH0GAAA=
	Logging: 2026-02-10T06:02:55.4201526Z	2026-02-10T00:02:55.4201526-06:00	Info	MetricsData	Track_HashTables	WebHost.ps1	ProcessLogQueue		Webhost	MainLoop	1	{"prefixesToTry":{"Name":"prefixesToTry","Count":2,"LastSeen":"2026-02-10T00:02:55.4196057-06:00"},"dbRoles":{"Name":"dbRoles","Count":15,"LastSeen":"2026-02-10T00:02:55.4192908-06:00"},"args":{"Name":"args","Count":0,"LastSeen":"2026-02-10T00:02:55.4191331-06:00"},"systemUsers":{"Name":"systemUsers","Count":2,"LastSeen":"2026-02-10T00:02:55.4197685-06:00"},"fileInfo":{"Name":"fileInfo","Count":2,"LastSeen":"2026-02-10T00:02:55.4193560-06:00"},"configRoles":{"Name":"configRoles","Count":6,"LastSeen":"2026-02-10T00:02:55.4192073-06:00"},"ModulePathEnv":{"Name":"ModulePathEnv","Count":19,"LastSeen":"2026-02-10T00:02:55.4195310-06:00"}}
	Logging: 2026-02-10T06:03:57.3652310Z	2026-02-10T00:03:57.3652310-06:00	Debug	GlobalCache	Updated\ cache:\ 3\ jobs,\ 0\ runspaces,\ 0\ tasks\ \(0\.2008ms\)	WebHost.ps1::Update-GlobalCache	Update-GlobalCache				1	
	Logging: 2026-02-10T06:03:57.3676307Z	2026-02-10T00:03:57.3676307-06:00	Info	MetricsData	Track_HashTables	WebHost.ps1	ProcessLogQueue		Webhost	MainLoop	1	H4sIAAAAAAAACpWUS2/CMBCE/4vPUPkVO+QKh1aCCikUzgs1FCkPFDuVEOK/VyBw1hGVnOsEfV5mZvdClvnGbHPT/JpmUX+3hbEku5BPKA3JXn0ckWndVo5kjI7IHKzLjalIRjjlakz5mNEVpRkVWaLfhNJMcT2mKqOUXEfkBI2p3BQceqPTPDqJIKtJwkRHtmf7ZU2DuE/FU0XMvEJK3lF34Myhbs4I6yXP1THTSsbSjlvezZyBA0RG4qCZVaoT5AScTj3wU/HUSQyVqYQhf9ttGNtD8Ewe4y7XVPaZfYOxOjA7mqDsUHdfNxrRYwqnmaBJYPNHta9Dm+/KMJu51mjoBbjdT7CCT6Xbuxiq1gJVYpnPzB7awi2hgdI406yhaHub/s9P/LtR605Zit6d14f3o3VhvkgcxFZKhfGuTWOPdbWCbWGCfxJ8GJSGpile/xKq495YXHsvdXlE7agWMghkc2uhvY354t4+9O4eyqh+TuQkOF3h1Rp4sIRkIQ2K+hAS78qwXgqtvQ3XP2AFVvx9BgAA
	Logging: 2026-02-10T06:03:57.3694864Z	2026-02-10T00:03:57.3694864-06:00	Info	MetricsData	Track_HashTables	WebHost.ps1	ProcessLogQueue		Webhost	MainLoop	1	{"prefixesToTry":{"Name":"prefixesToTry","Count":2,"LastSeen":"2026-02-10T00:03:57.3690107-06:00"},"dbRoles":{"Name":"dbRoles","Count":15,"LastSeen":"2026-02-10T00:03:57.3686118-06:00"},"args":{"Name":"args","Count":0,"LastSeen":"2026-02-10T00:03:57.3684865-06:00"},"systemUsers":{"Name":"systemUsers","Count":2,"LastSeen":"2026-02-10T00:03:57.3691822-06:00"},"fileInfo":{"Name":"fileInfo","Count":2,"LastSeen":"2026-02-10T00:03:57.3686765-06:00"},"configRoles":{"Name":"configRoles","Count":6,"LastSeen":"2026-02-10T00:03:57.3685595-06:00"},"ModulePathEnv":{"Name":"ModulePathEnv","Count":19,"LastSeen":"2026-02-10T00:03:57.3688549-06:00"}}
	Logging: 2026-02-10T06:04:12.4255912Z	2026-02-10T00:04:12.4255912-06:00	Info	MetricsData	Track_HashTables	WebHost.ps1	ProcessLogQueue		Webhost	MainLoop	1	H4sIAAAAAAAACpWUW2vCQBCF/8s+a5ndbK6v+tCCFiG2fR7T1Qq5SHZTEPG/F8VsZoOFzWNOwjeTM3Pmwjb5l9rlqv1V7br57kqlWXZh71gplj17OWOLpqsNyzjM2Aq1yZWqWcYEiGgOYs5hC5CBzLh4kSLkgodziDIAdp2xE7aqNgs0pMagWXToQZYpF3wg67P+0Kol3F6x1MCn3wCCZKAWaNShac8EayXLjX26FZEk3VZ3M5dokJCJOKlnmYiEeIyn0wjcK5aa+lAhFYL42+3csT0EyxQ+7goRR2Pm2GCqTpudiDihk919vtGE7rNwISRp6tj8Vu8b1+a7Ms1mHkI8UNdoih8ngr0y5M6HGsuYUDf5Uu2xK80GW6yUUe0nlt0o6f98Yuv6xF2mcUrqrprD61Ebd75EnMaOeOKM91O1+tjUW9yVyvkT58WkaYQgJalRYX3cK03X3krDPLwyGkNA8v/YQn1r88m9fejDPZRepzYMSGALJ623p4kHCziZZIEGy+bgEu/KtL0UQSB76vUPisCiU30GAAA=
	Logging: 2026-02-10T06:04:12.4275596Z	2026-02-10T00:04:12.4275596-06:00	Info	MetricsData	Track_HashTables	WebHost.ps1	ProcessLogQueue		Webhost	MainLoop	1	{"prefixesToTry":{"Name":"prefixesToTry","Count":2,"LastSeen":"2026-02-10T00:04:12.4269719-06:00"},"dbRoles":{"Name":"dbRoles","Count":15,"LastSeen":"2026-02-10T00:04:12.4266288-06:00"},"ModulePathEnv":{"Name":"ModulePathEnv","Count":19,"LastSeen":"2026-02-10T00:04:12.4268969-06:00"},"args":{"Name":"args","Count":0,"LastSeen":"2026-02-10T00:04:12.4264676-06:00"},"systemUsers":{"Name":"systemUsers","Count":2,"LastSeen":"2026-02-10T00:04:12.4271348-06:00"},"fileInfo":{"Name":"fileInfo","Count":2,"LastSeen":"2026-02-10T00:04:12.4266920-06:00"},"logEntries":{"Name":"logEntries","Count":3,"LastSeen":"2026-02-10T00:04:12.4268085-06:00"},"configRoles":{"Name":"configRoles","Count":6,"LastSeen":"2026-02-10T00:04:12.4265365-06:00"}}
