[33;1mVERBOSE: Starting init.ps1...[0m
[33;1mVERBOSE: Added 'C:\SC\PsWebHost\modules' to PSModulePath.[0m
[33;1mVERBOSE: [Import-TrackedModule] Path: C:\SC\PsWebHost\modules\Sanitization[0m
[33;1mVERBOSE: [Import-TrackedModule] moduleName: Sanitization[0m
[33;1mVERBOSE: Loading module from path 'C:\SC\PsWebHost\modules\Sanitization\Sanitization.psd1'.[0m
[33;1mVERBOSE: Loading module from path 'C:\SC\PsWebHost\modules\Sanitization\Sanitization.psm1'.[0m
[33;1mVERBOSE: Exporting function 'Sanitize-HtmlInput'.[0m
[33;1mVERBOSE: Exporting function 'Write-RequestSanitizationFail'.[0m
[33;1mVERBOSE: Exporting function 'Sanitize-FilePath'.[0m
[33;1mVERBOSE: The 'Sanitize-FilePath' command in the Sanitization' module was imported, but because its name does not include an approved verb, it might be difficult to find. For a list of approved verbs, type Get-Verb.[0m
[33;1mVERBOSE: Importing function 'Sanitize-FilePath'.[0m
[33;1mVERBOSE: The 'Sanitize-HtmlInput' command in the Sanitization' module was imported, but because its name does not include an approved verb, it might be difficult to find. For a list of approved verbs, type Get-Verb.[0m
[33;1mVERBOSE: Importing function 'Sanitize-HtmlInput'.[0m
[33;1mVERBOSE: Importing function 'Write-RequestSanitizationFail'.[0m
[33;1mVERBOSE: [Import-TrackedModule] Tracked module Sanitization from C:\SC\PsWebHost\modules\Sanitization[0m
[33;1mVERBOSE: [Import-TrackedModule] Path: C:\SC\PsWebHost\modules\PSWebHost_Support[0m
[33;1mVERBOSE: [Import-TrackedModule] moduleName: PSWebHost_Support[0m
[33;1mVERBOSE: Loading module from path 'C:\SC\PsWebHost\modules\PSWebHost_Support\PSWebHost_Support.psd1'.[0m
[33;1mVERBOSE: Loading module from path 'C:\SC\PsWebHost\modules\PSWebHost_Support\PSWebHost_Support.psm1'.[0m
[33;1mVERBOSE: Exporting function 'Get-RequestBody'.[0m
[33;1mVERBOSE: Exporting function 'ConvertTo-CompressedBase64'.[0m
[33;1mVERBOSE: Exporting function 'Backup-ConfigurationFile'.[0m
[33;1mVERBOSE: Exporting function 'Resolve-RouteScriptPath'.[0m
[33;1mVERBOSE: Exporting function 'Ensure-SessionCookie'.[0m
[33;1mVERBOSE: Exporting function 'Authorize-Request'.[0m
[33;1mVERBOSE: Exporting function 'Set-PSWebSession'.[0m
[33;1mVERBOSE: Exporting function 'Get-PSWebSessions'.[0m
[33;1mVERBOSE: Exporting function 'Remove-PSWebSession'.[0m
[33;1mVERBOSE: Exporting function 'Validate-UserSession'.[0m
[33;1mVERBOSE: Exporting function 'context_response'.[0m
[33;1mVERBOSE: Exporting function 'Process-HttpRequest'.[0m
[33;1mVERBOSE: Exporting function 'Write-PSWebHostLog'.[0m
[33;1mVERBOSE: Exporting function 'New-PSWebHostResult'.[0m
[33;1mVERBOSE: Exporting function 'Read-PSWebHostLog'.[0m
[33;1mVERBOSE: Exporting function 'Start-PSWebHostEvent'.[0m
[33;1mVERBOSE: Exporting function 'Complete-PSWebHostEvent'.[0m
[33;1mVERBOSE: Exporting function 'Get-PSWebHostEvents'.[0m
[33;1mVERBOSE: Exporting function 'Sync-SessionStateToDatabase'.[0m
[33;1mVERBOSE: Exporting function 'Set-WebHostRunSpaceInfo'.[0m
[33;1mVERBOSE: Importing function 'Backup-ConfigurationFile'.[0m
[33;1mVERBOSE: Importing function 'Complete-PSWebHostEvent'.[0m
[33;1mVERBOSE: Importing function 'context_response'.[0m
[33;1mVERBOSE: Importing function 'ConvertTo-CompressedBase64'.[0m
[33;1mVERBOSE: Importing function 'Get-PSWebHostEvents'.[0m
[33;1mVERBOSE: Importing function 'Get-PSWebSessions'.[0m
[33;1mVERBOSE: Importing function 'Get-RequestBody'.[0m
[33;1mVERBOSE: Importing function 'New-PSWebHostResult'.[0m
[33;1mVERBOSE: The 'Process-HttpRequest' command in the PSWebHost_Support' module was imported, but because its name does not include an approved verb, it might be difficult to find. For a list of approved verbs, type Get-Verb.[0m
[33;1mVERBOSE: Importing function 'Process-HttpRequest'.[0m
[33;1mVERBOSE: Importing function 'Read-PSWebHostLog'.[0m
[33;1mVERBOSE: Importing function 'Remove-PSWebSession'.[0m
[33;1mVERBOSE: Importing function 'Set-PSWebSession'.[0m
[33;1mVERBOSE: Importing function 'Set-WebHostRunSpaceInfo'.[0m
[33;1mVERBOSE: Importing function 'Start-PSWebHostEvent'.[0m
[33;1mVERBOSE: Importing function 'Sync-SessionStateToDatabase'.[0m
[33;1mVERBOSE: The 'Validate-UserSession' command in the PSWebHost_Support' module was imported, but because its name does not include an approved verb, it might be difficult to find. For a list of approved verbs, type Get-Verb.[0m
[33;1mVERBOSE: Importing function 'Validate-UserSession'.[0m
[33;1mVERBOSE: Importing function 'Write-PSWebHostLog'.[0m
[33;1mVERBOSE: [Import-TrackedModule] Tracked module PSWebHost_Support from C:\SC\PsWebHost\modules\PSWebHost_Support[0m
[33;1mVERBOSE: [Import-TrackedModule] Path: C:\SC\PsWebHost\modules\PSWebHost_Database[0m
[33;1mVERBOSE: [Import-TrackedModule] moduleName: PSWebHost_Database[0m
[33;1mVERBOSE: Loading module from path 'C:\SC\PsWebHost\modules\PSWebHost_Database\PSWebHost_Database.psd1'.[0m
[33;1mVERBOSE: Loading module from path 'C:\SC\PsWebHost\modules\PSWebHost_Database\PSWebHost_Database.psm1'.[0m
[33;1mVERBOSE: Exporting function 'Get-PSWebSQLiteData'.[0m
[33;1mVERBOSE: Exporting function 'Invoke-PSWebSQLiteNonQuery'.[0m
[33;1mVERBOSE: Exporting function 'New-PSWebSQLiteData'.[0m
[33;1mVERBOSE: Exporting function 'Sanitize-SqlQueryString'.[0m
[33;1mVERBOSE: Exporting function 'Invoke-TestToken'.[0m
[33;1mVERBOSE: Exporting function 'Get-PSWebUser'.[0m
[33;1mVERBOSE: Exporting function 'Set-PSWebUser'.[0m
[33;1mVERBOSE: Exporting function 'Set-PSWebHostRole'.[0m
[33;1mVERBOSE: Importing function 'Get-PSWebSQLiteData'.[0m
[33;1mVERBOSE: Importing function 'Get-PSWebUser'.[0m
[33;1mVERBOSE: Importing function 'Invoke-PSWebSQLiteNonQuery'.[0m
[33;1mVERBOSE: Importing function 'Invoke-TestToken'.[0m
[33;1mVERBOSE: Importing function 'New-PSWebSQLiteData'.[0m
[33;1mVERBOSE: The 'Sanitize-SqlQueryString' command in the PSWebHost_Database' module was imported, but because its name does not include an approved verb, it might be difficult to find. For a list of approved verbs, type Get-Verb.[0m
[33;1mVERBOSE: Importing function 'Sanitize-SqlQueryString'.[0m
[33;1mVERBOSE: Importing function 'Set-PSWebHostRole'.[0m
[33;1mVERBOSE: Importing function 'Set-PSWebUser'.[0m
[33;1mVERBOSE: [Import-TrackedModule] Tracked module PSWebHost_Database from C:\SC\PsWebHost\modules\PSWebHost_Database[0m
[33;1mVERBOSE: [Import-TrackedModule] Path: C:\SC\PsWebHost\modules\PSWebHost_Authentication[0m
[33;1mVERBOSE: [Import-TrackedModule] moduleName: PSWebHost_Authentication[0m
[33;1mVERBOSE: Loading module from path 'C:\SC\PsWebHost\modules\PSWebHost_Authentication\PSWebHost_Authentication.psd1'.[0m
[33;1mVERBOSE: Loading module from path 'C:\SC\PsWebHost\modules\PSWebHost_Authentication\PSWebHost_Authentication.psm1'.[0m
[33;1mVERBOSE: Exporting function 'Get-AuthenticationMethod'.[0m
[33;1mVERBOSE: Exporting function 'Get-AuthenticationMethodForm'.[0m
[33;1mVERBOSE: Exporting function 'Get-PSWebHostUser'.[0m
[33;1mVERBOSE: Exporting function 'Get-PSWebHostUsers'.[0m
[33;1mVERBOSE: Exporting function 'Get-UserAuthenticationMethods'.[0m
[33;1mVERBOSE: Exporting function 'Get-PSWebHostRole'.[0m
[33;1mVERBOSE: Exporting function 'Invoke-AuthenticationMethod'.[0m
[33;1mVERBOSE: Exporting function 'Test-IsValidEmailAddress'.[0m
[33;1mVERBOSE: Exporting function 'Test-StringForHighRiskUnicode'.[0m
[33;1mVERBOSE: Exporting function 'Test-IsValidPassword'.[0m
[33;1mVERBOSE: Exporting function 'Test-LoginLockout'.[0m
[33;1mVERBOSE: Exporting function 'Protect-String'.[0m
[33;1mVERBOSE: Exporting function 'Unprotect-String'.[0m
[33;1mVERBOSE: Exporting function 'Register-PSWebHostUser'.[0m
[33;1mVERBOSE: Exporting function 'New-PSWebHostUser'.[0m
[33;1mVERBOSE: Exporting function 'PSWebLogon'.[0m
[33;1mVERBOSE: Exporting function 'Add-PSWebHostRole'.[0m
[33;1mVERBOSE: Exporting function 'Remove-PSWebHostRole'.[0m
[33;1mVERBOSE: Exporting function 'Add-PSWebHostRoleAssignment'.[0m
[33;1mVERBOSE: Exporting function 'Remove-PSWebHostRoleAssignment'.[0m
[33;1mVERBOSE: Exporting function 'Get-PSWebHostRoleAssignment'.[0m
[33;1mVERBOSE: Exporting function 'Add-PSWebHostGroup'.[0m
[33;1mVERBOSE: Exporting function 'Remove-PSWebHostGroup'.[0m
[33;1mVERBOSE: Exporting function 'Add-PSWebHostGroupMember'.[0m
[33;1mVERBOSE: Exporting function 'Remove-PSWebHostGroupMember'.[0m
[33;1mVERBOSE: Exporting function 'Get-PSWebHostGroup'.[0m
[33;1mVERBOSE: Exporting function 'Get-LoginSession'.[0m
[33;1mVERBOSE: Exporting function 'Set-LoginSession'.[0m
[33;1mVERBOSE: Exporting function 'Get-LastLoginAttempt'.[0m
[33;1mVERBOSE: Exporting function 'Set-LastLoginAttempt'.[0m
[33;1mVERBOSE: Exporting function 'Get-CardSettings'.[0m
[33;1mVERBOSE: Exporting function 'Set-CardSettings'.[0m
[33;1mVERBOSE: Exporting function 'Set-CardSession'.[0m
[33;1mVERBOSE: Exporting function 'Remove-LoginSession'.[0m
[33;1mVERBOSE: Exporting function 'Test-Authentication_API_Key_Bearer'.[0m
[33;1mVERBOSE: Exporting function 'New-DatabaseApiKey'.[0m
[33;1mVERBOSE: Exporting function 'Remove-DatabaseApiKey'.[0m
[33;1mVERBOSE: Exporting function 'Get-DatabaseApiKeys'.[0m
[33;1mVERBOSE: Importing function 'Add-PSWebHostGroup'.[0m
[33;1mVERBOSE: Importing function 'Add-PSWebHostGroupMember'.[0m
[33;1mVERBOSE: Importing function 'Add-PSWebHostRole'.[0m
[33;1mVERBOSE: Importing function 'Add-PSWebHostRoleAssignment'.[0m
[33;1mVERBOSE: Importing function 'Get-AuthenticationMethod'.[0m
[33;1mVERBOSE: Importing function 'Get-AuthenticationMethodForm'.[0m
[33;1mVERBOSE: Importing function 'Get-CardSettings'.[0m
[33;1mVERBOSE: Importing function 'Get-DatabaseApiKeys'.[0m
[33;1mVERBOSE: Importing function 'Get-LastLoginAttempt'.[0m
[33;1mVERBOSE: Importing function 'Get-LoginSession'.[0m
[33;1mVERBOSE: Importing function 'Get-PSWebHostGroup'.[0m
[33;1mVERBOSE: Importing function 'Get-PSWebHostRole'.[0m
[33;1mVERBOSE: Importing function 'Get-PSWebHostUser'.[0m
[33;1mVERBOSE: Importing function 'Get-PSWebHostUsers'.[0m
[33;1mVERBOSE: Importing function 'Get-UserAuthenticationMethods'.[0m
[33;1mVERBOSE: Importing function 'Invoke-AuthenticationMethod'.[0m
[33;1mVERBOSE: Importing function 'New-DatabaseApiKey'.[0m
[33;1mVERBOSE: Importing function 'New-PSWebHostUser'.[0m
[33;1mVERBOSE: Importing function 'Protect-String'.[0m
[33;1mVERBOSE: Importing function 'PSWebLogon'.[0m
[33;1mVERBOSE: Importing function 'Register-PSWebHostUser'.[0m
[33;1mVERBOSE: Importing function 'Remove-DatabaseApiKey'.[0m
[33;1mVERBOSE: Importing function 'Remove-LoginSession'.[0m
[33;1mVERBOSE: Importing function 'Remove-PSWebHostGroup'.[0m
[33;1mVERBOSE: Importing function 'Remove-PSWebHostGroupMember'.[0m
[33;1mVERBOSE: Importing function 'Remove-PSWebHostRole'.[0m
[33;1mVERBOSE: Importing function 'Remove-PSWebHostRoleAssignment'.[0m
[33;1mVERBOSE: Importing function 'Set-CardSession'.[0m
[33;1mVERBOSE: Importing function 'Set-CardSettings'.[0m
[33;1mVERBOSE: Importing function 'Set-LastLoginAttempt'.[0m
[33;1mVERBOSE: Importing function 'Set-LoginSession'.[0m
[33;1mVERBOSE: Importing function 'Test-Authentication_API_Key_Bearer'.[0m
[33;1mVERBOSE: Importing function 'Test-IsValidEmailAddress'.[0m
[33;1mVERBOSE: Importing function 'Test-IsValidPassword'.[0m
[33;1mVERBOSE: Importing function 'Test-LoginLockout'.[0m
[33;1mVERBOSE: Importing function 'Test-StringForHighRiskUnicode'.[0m
[33;1mVERBOSE: Importing function 'Unprotect-String'.[0m
[33;1mVERBOSE: [Import-TrackedModule] Tracked module PSWebHost_Authentication from C:\SC\PsWebHost\modules\PSWebHost_Authentication[0m
[33;1mVERBOSE: [Import-TrackedModule] Path: C:\SC\PsWebHost\modules\smtp[0m
[33;1mVERBOSE: [Import-TrackedModule] moduleName: smtp[0m
[33;1mVERBOSE: Loading module from path 'C:\SC\PsWebHost\modules\smtp\smtp.psd1'.[0m
[33;1mVERBOSE: Loading module from path 'C:\SC\PsWebHost\modules\smtp\smtp.psm1'.[0m
[33;1mVERBOSE: Exporting function 'Send-SmtpEmail'.[0m
[33;1mVERBOSE: Importing function 'Send-SmtpEmail'.[0m
[33;1mVERBOSE: [Import-TrackedModule] Tracked module smtp from C:\SC\PsWebHost\modules\smtp[0m
[33;1mVERBOSE: [Import-TrackedModule] Path: C:\SC\PsWebHost\apps\DockerManager\modules\PSDockerManager[0m
[33;1mVERBOSE: [Import-TrackedModule] moduleName: PSDockerManager[0m
[33;1mVERBOSE: Loading module from path 'C:\SC\PsWebHost\apps\DockerManager\modules\PSDockerManager\PSDockerManager.psd1'.[0m
[33;1mVERBOSE: Loading module from path 'C:\SC\PsWebHost\apps\DockerManager\modules\PSDockerManager\PSDockerManager.psm1'.[0m
[33;1mVERBOSE: Exporting function 'Test-DockerAvailability'.[0m
[33;1mVERBOSE: Exporting function 'Get-DockerContainers'.[0m
[33;1mVERBOSE: Exporting function 'Start-DockerContainer'.[0m
[33;1mVERBOSE: Exporting function 'Stop-DockerContainer'.[0m
[33;1mVERBOSE: Exporting function 'Restart-DockerContainer'.[0m
[33;1mVERBOSE: Exporting function 'Remove-DockerContainer'.[0m
[33;1mVERBOSE: Exporting function 'Get-DockerContainerLogs'.[0m
[33;1mVERBOSE: Exporting function 'Test-DockerContainerId'.[0m
[33;1mVERBOSE: Importing function 'Get-DockerContainerLogs'.[0m
[33;1mVERBOSE: Importing function 'Get-DockerContainers'.[0m
[33;1mVERBOSE: Importing function 'Remove-DockerContainer'.[0m
[33;1mVERBOSE: Importing function 'Restart-DockerContainer'.[0m
[33;1mVERBOSE: Importing function 'Start-DockerContainer'.[0m
[33;1mVERBOSE: Importing function 'Stop-DockerContainer'.[0m
[33;1mVERBOSE: Importing function 'Test-DockerAvailability'.[0m
[33;1mVERBOSE: Importing function 'Test-DockerContainerId'.[0m
[33;1mVERBOSE: [Import-TrackedModule] Tracked module PSDockerManager from C:\SC\PsWebHost\apps\DockerManager\modules\PSDockerManager[0m
[33;1mVERBOSE: [Import-TrackedModule] Path: C:\SC\PsWebHost\apps\WebhostFileExplorer\modules\FileExplorerConfig[0m
[33;1mVERBOSE: [Import-TrackedModule] moduleName: FileExplorerConfig[0m
[33;1mVERBOSE: Loading module from path 'C:\SC\PsWebHost\apps\WebhostFileExplorer\modules\FileExplorerConfig\FileExplorerConfig.psd1'.[0m
[33;1mVERBOSE: Loading module from path 'C:\SC\PsWebHost\apps\WebhostFileExplorer\modules\FileExplorerConfig\FileExplorerConfig.psm1'.[0m
[33;1mVERBOSE: Exporting function 'Get-WebHostFileExplorerConfigPath'.[0m
[33;1mVERBOSE: Exporting function 'New-WebHostFileExplorerDefaultConfig'.[0m
[33;1mVERBOSE: Exporting function 'Resolve-WebHostFileExplorerConfigPath'.[0m
[33;1mVERBOSE: Exporting function 'Get-WebHostFileExplorerConfig'.[0m
[33;1mVERBOSE: Exporting function 'Clear-WebHostFileExplorerConfigCache'.[0m
[33;1mVERBOSE: Importing function 'Clear-WebHostFileExplorerConfigCache'.[0m
[33;1mVERBOSE: Importing function 'Get-WebHostFileExplorerConfig'.[0m
[33;1mVERBOSE: Importing function 'Get-WebHostFileExplorerConfigPath'.[0m
[33;1mVERBOSE: Importing function 'New-WebHostFileExplorerDefaultConfig'.[0m
[33;1mVERBOSE: Importing function 'Resolve-WebHostFileExplorerConfigPath'.[0m
[33;1mVERBOSE: [Import-TrackedModule] Tracked module FileExplorerConfig from C:\SC\PsWebHost\apps\WebhostFileExplorer\modules\FileExplorerConfig[0m
[33;1mVERBOSE: [Import-TrackedModule] Path: C:\SC\PsWebHost\apps\WebhostFileExplorer\modules\FileExplorerHelper[0m
[33;1mVERBOSE: [Import-TrackedModule] moduleName: FileExplorerHelper[0m
[33;1mVERBOSE: Loading module from path 'C:\SC\PsWebHost\apps\WebhostFileExplorer\modules\FileExplorerHelper\FileExplorerHelper.psd1'.[0m
[33;1mVERBOSE: Loading module from path 'C:\SC\PsWebHost\apps\WebhostFileExplorer\modules\FileExplorerHelper\FileExplorerHelper.psm1'.[0m
[33;1mVERBOSE: Exporting function 'New-WebHostFileExplorerResponse'.[0m
[33;1mVERBOSE: Exporting function 'Send-WebHostFileExplorerResponse'.[0m
[33;1mVERBOSE: Exporting function 'Test-WebHostFileExplorerSession'.[0m
[33;1mVERBOSE: Exporting function 'Resolve-WebHostFileExplorerPath'.[0m
[33;1mVERBOSE: Exporting function 'Get-WebHostFileExplorerTree'.[0m
[33;1mVERBOSE: Exporting function 'Get-WebHostFileExplorerMimeType'.[0m
[33;1mVERBOSE: Exporting function 'Get-WebHostFileExplorerCategory'.[0m
[33;1mVERBOSE: Exporting function 'Get-WebHostFileExplorerQueryParams'.[0m
[33;1mVERBOSE: Exporting function 'Send-WebHostFileExplorerError'.[0m
[33;1mVERBOSE: Exporting function 'Get-WebHostFileExplorerTrashPath'.[0m
[33;1mVERBOSE: Exporting function 'Save-WebHostFileExplorerUndoData'.[0m
[33;1mVERBOSE: Exporting function 'Get-WebHostFileExplorerUserInfo'.[0m
[33;1mVERBOSE: Exporting function 'Test-WebHostFileExplorerRemoteVolume'.[0m
[33;1mVERBOSE: Exporting function 'Get-WebHostFileExplorerRemoteTrashPath'.[0m
[33;1mVERBOSE: Exporting function 'Write-WebHostFileExplorerTrashMetadata'.[0m
[33;1mVERBOSE: Exporting function 'Move-WebHostFileExplorerToTrash'.[0m
[33;1mVERBOSE: Importing function 'Get-WebHostFileExplorerCategory'.[0m
[33;1mVERBOSE: Importing function 'Get-WebHostFileExplorerMimeType'.[0m
[33;1mVERBOSE: Importing function 'Get-WebHostFileExplorerQueryParams'.[0m
[33;1mVERBOSE: Importing function 'Get-WebHostFileExplorerRemoteTrashPath'.[0m
[33;1mVERBOSE: Importing function 'Get-WebHostFileExplorerTrashPath'.[0m
[33;1mVERBOSE: Importing function 'Get-WebHostFileExplorerTree'.[0m
[33;1mVERBOSE: Importing function 'Get-WebHostFileExplorerUserInfo'.[0m
[33;1mVERBOSE: Importing function 'Move-WebHostFileExplorerToTrash'.[0m
[33;1mVERBOSE: Importing function 'New-WebHostFileExplorerResponse'.[0m
[33;1mVERBOSE: Importing function 'Resolve-WebHostFileExplorerPath'.[0m
[33;1mVERBOSE: Importing function 'Save-WebHostFileExplorerUndoData'.[0m
[33;1mVERBOSE: Importing function 'Send-WebHostFileExplorerError'.[0m
[33;1mVERBOSE: Importing function 'Send-WebHostFileExplorerResponse'.[0m
[33;1mVERBOSE: Importing function 'Test-WebHostFileExplorerRemoteVolume'.[0m
[33;1mVERBOSE: Importing function 'Test-WebHostFileExplorerSession'.[0m
[33;1mVERBOSE: Importing function 'Write-WebHostFileExplorerTrashMetadata'.[0m
[33;1mVERBOSE: [Import-TrackedModule] Tracked module FileExplorerHelper from C:\SC\PsWebHost\apps\WebhostFileExplorer\modules\FileExplorerHelper[0m
[33;1mVERBOSE: [Import-TrackedModule] Path: C:\SC\PsWebHost\apps\WebHostMetrics\modules\PSWebHost_Metrics[0m
[33;1mVERBOSE: [Import-TrackedModule] moduleName: PSWebHost_Metrics[0m
[33;1mVERBOSE: Loading module from path 'C:\SC\PsWebHost\apps\WebHostMetrics\modules\PSWebHost_Metrics\PSWebHost_Metrics.psd1'.[0m
[33;1mVERBOSE: Loading module from path 'C:\SC\PsWebHost\apps\WebHostMetrics\modules\PSWebHost_Metrics\PSWebHost_Metrics.psm1'.[0m
[33;1mVERBOSE: Exporting function 'Initialize-PSWebMetrics'.[0m
[33;1mVERBOSE: Exporting function 'Get-SystemMetricsSnapshot'.[0m
[33;1mVERBOSE: Exporting function 'Update-CurrentMetrics'.[0m
[33;1mVERBOSE: Exporting function 'Add-MetricsSample'.[0m
[33;1mVERBOSE: Exporting function 'Invoke-MetricsAggregation'.[0m
[33;1mVERBOSE: Exporting function 'Write-MetricsToCsv'.[0m
[33;1mVERBOSE: Exporting function 'Remove-OldMetricsCsvFiles'.[0m
[33;1mVERBOSE: Exporting function 'Get-MetricsFromCsv'.[0m
[33;1mVERBOSE: Exporting function 'Invoke-MetricJobMaintenance'.[0m
[33;1mVERBOSE: Exporting function 'Get-CurrentMetrics'.[0m
[33;1mVERBOSE: Exporting function 'Get-MetricsHistory'.[0m
[33;1mVERBOSE: Exporting function 'Get-MetricsJobStatus'.[0m
[33;1mVERBOSE: Exporting function 'Stop-PSWebMetrics'.[0m
[33;1mVERBOSE: Importing function 'Add-MetricsSample'.[0m
[33;1mVERBOSE: Importing function 'Get-CurrentMetrics'.[0m
[33;1mVERBOSE: Importing function 'Get-MetricsFromCsv'.[0m
[33;1mVERBOSE: Importing function 'Get-MetricsHistory'.[0m
[33;1mVERBOSE: Importing function 'Get-MetricsJobStatus'.[0m
[33;1mVERBOSE: Importing function 'Get-SystemMetricsSnapshot'.[0m
[33;1mVERBOSE: Importing function 'Initialize-PSWebMetrics'.[0m
[33;1mVERBOSE: Importing function 'Invoke-MetricJobMaintenance'.[0m
[33;1mVERBOSE: Importing function 'Invoke-MetricsAggregation'.[0m
[33;1mVERBOSE: Importing function 'Remove-OldMetricsCsvFiles'.[0m
[33;1mVERBOSE: Importing function 'Stop-PSWebMetrics'.[0m
[33;1mVERBOSE: Importing function 'Update-CurrentMetrics'.[0m
[33;1mVERBOSE: Importing function 'Write-MetricsToCsv'.[0m
[33;1mVERBOSE: [Import-TrackedModule] Tracked module PSWebHost_Metrics from C:\SC\PsWebHost\apps\WebHostMetrics\modules\PSWebHost_Metrics[0m
[33;1mVERBOSE: [Import-TrackedModule] Path: C:\SC\PsWebHost\apps\WebHostTaskManagement\modules\PSWebHost_TaskManagement[0m
[33;1mVERBOSE: [Import-TrackedModule] moduleName: PSWebHost_TaskManagement[0m
[33;1mVERBOSE: Loading module from path 'C:\SC\PsWebHost\apps\WebHostTaskManagement\modules\PSWebHost_TaskManagement\PSWebHost_TaskManagement.psd1'.[0m
[33;1mVERBOSE: Loading module from path 'C:\SC\PsWebHost\apps\WebHostTaskManagement\modules\PSWebHost_TaskManagement\PSWebHost_TaskManagement.psm1'.[0m
[33;1mVERBOSE: Exporting function 'Submit-JobCommand'.[0m
[33;1mVERBOSE: Exporting function 'Get-JobCommandStatus'.[0m
[33;1mVERBOSE: Exporting function 'Get-JobStatus'.[0m
[33;1mVERBOSE: Importing function 'Get-JobCommandStatus'.[0m
[33;1mVERBOSE: Importing function 'Get-JobStatus'.[0m
[33;1mVERBOSE: Importing function 'Submit-JobCommand'.[0m
[33;1mVERBOSE: [Import-TrackedModule] Tracked module PSWebHost_TaskManagement from C:\SC\PsWebHost\apps\WebHostTaskManagement\modules\PSWebHost_TaskManagement[0m
[33;1mVERBOSE: Initializing variables.[0m
[33;1mVERBOSE: Detected OS: Windows=True, Linux=False, macOS=False[0m
[33;1mVERBOSE: Added 'C:\SC\PsWebHost\modules' to PSModulePath.[0m
[33;1mVERBOSE: Loading module from path 'C:\program files\powershell\7\Modules\PackageManagement\PackageManagement.psd1'.[0m
[33;1mVERBOSE: Loading 'FormatsToProcess' from path 'C:\program files\powershell\7\Modules\PackageManagement\PackageManagement.format.ps1xml'.[0m
[33;1mVERBOSE: Loading module from path 'C:\program files\powershell\7\Modules\PackageManagement\PackageManagement.psm1'.[0m
[33;1mVERBOSE: Loading module from path 'C:\program files\powershell\7\Modules\PackageManagement\coreclr\netstandard2.0\Microsoft.PackageManagement.dll'.[0m
[33;1mVERBOSE: Loading module from path 'C:\program files\powershell\7\Modules\PackageManagement\coreclr\netstandard2.0\Microsoft.PowerShell.PackageManagement.dll'.[0m
[33;1mVERBOSE: Importing cmdlet 'Find-Package'.[0m
[33;1mVERBOSE: Importing cmdlet 'Find-PackageProvider'.[0m
[33;1mVERBOSE: Importing cmdlet 'Get-Package'.[0m
[33;1mVERBOSE: Importing cmdlet 'Get-PackageProvider'.[0m
[33;1mVERBOSE: Importing cmdlet 'Get-PackageSource'.[0m
[33;1mVERBOSE: Importing cmdlet 'Import-PackageProvider'.[0m
[33;1mVERBOSE: Importing cmdlet 'Install-Package'.[0m
[33;1mVERBOSE: Importing cmdlet 'Install-PackageProvider'.[0m
[33;1mVERBOSE: Importing cmdlet 'Register-PackageSource'.[0m
[33;1mVERBOSE: Importing cmdlet 'Save-Package'.[0m
[33;1mVERBOSE: Importing cmdlet 'Set-PackageSource'.[0m
[33;1mVERBOSE: Importing cmdlet 'Uninstall-Package'.[0m
[33;1mVERBOSE: Importing cmdlet 'Unregister-PackageSource'.[0m
[33;1mVERBOSE: Exporting cmdlet 'Find-Package'.[0m
[33;1mVERBOSE: Exporting cmdlet 'Find-PackageProvider'.[0m
[33;1mVERBOSE: Exporting cmdlet 'Get-Package'.[0m
[33;1mVERBOSE: Exporting cmdlet 'Get-PackageProvider'.[0m
[33;1mVERBOSE: Exporting cmdlet 'Get-PackageSource'.[0m
[33;1mVERBOSE: Exporting cmdlet 'Import-PackageProvider'.[0m
[33;1mVERBOSE: Exporting cmdlet 'Install-Package'.[0m
[33;1mVERBOSE: Exporting cmdlet 'Install-PackageProvider'.[0m
[33;1mVERBOSE: Exporting cmdlet 'Register-PackageSource'.[0m
[33;1mVERBOSE: Exporting cmdlet 'Save-Package'.[0m
[33;1mVERBOSE: Exporting cmdlet 'Set-PackageSource'.[0m
[33;1mVERBOSE: Exporting cmdlet 'Uninstall-Package'.[0m
[33;1mVERBOSE: Exporting cmdlet 'Unregister-PackageSource'.[0m
[33;1mVERBOSE: Importing cmdlet 'Find-Package'.[0m
[33;1mVERBOSE: Importing cmdlet 'Find-PackageProvider'.[0m
[33;1mVERBOSE: Importing cmdlet 'Get-Package'.[0m
[33;1mVERBOSE: Importing cmdlet 'Get-PackageProvider'.[0m
[33;1mVERBOSE: Importing cmdlet 'Get-PackageSource'.[0m
[33;1mVERBOSE: Importing cmdlet 'Import-PackageProvider'.[0m
[33;1mVERBOSE: Importing cmdlet 'Install-Package'.[0m
[33;1mVERBOSE: Importing cmdlet 'Install-PackageProvider'.[0m
[33;1mVERBOSE: Importing cmdlet 'Register-PackageSource'.[0m
[33;1mVERBOSE: Importing cmdlet 'Save-Package'.[0m
[33;1mVERBOSE: Importing cmdlet 'Set-PackageSource'.[0m
[33;1mVERBOSE: Importing cmdlet 'Uninstall-Package'.[0m
[33;1mVERBOSE: Importing cmdlet 'Unregister-PackageSource'.[0m
[33;1mVERBOSE: Loading module from path 'C:\program files\powershell\7\Modules\PackageManagement\PackageManagement.psd1'.[0m
[33;1mVERBOSE: Importing cmdlet 'Find-Package'.[0m
[33;1mVERBOSE: Importing cmdlet 'Find-PackageProvider'.[0m
[33;1mVERBOSE: Importing cmdlet 'Get-Package'.[0m
[33;1mVERBOSE: Importing cmdlet 'Get-PackageProvider'.[0m
[33;1mVERBOSE: Importing cmdlet 'Get-PackageSource'.[0m
[33;1mVERBOSE: Importing cmdlet 'Import-PackageProvider'.[0m
[33;1mVERBOSE: Importing cmdlet 'Install-Package'.[0m
[33;1mVERBOSE: Importing cmdlet 'Install-PackageProvider'.[0m
[33;1mVERBOSE: Importing cmdlet 'Register-PackageSource'.[0m
[33;1mVERBOSE: Importing cmdlet 'Save-Package'.[0m
[33;1mVERBOSE: Importing cmdlet 'Set-PackageSource'.[0m
[33;1mVERBOSE: Importing cmdlet 'Uninstall-Package'.[0m
[33;1mVERBOSE: Importing cmdlet 'Unregister-PackageSource'.[0m
[33;1mVERBOSE: Acquiring providers for assembly: C:\program files\powershell\7\Modules\PackageManagement\coreclr\netstandard2.0\Microsoft.PackageManagement.ArchiverProviders.dll[0m
[33;1mVERBOSE: Acquiring providers for assembly: C:\program files\powershell\7\Modules\PackageManagement\coreclr\netstandard2.0\Microsoft.PackageManagement.NuGetProvider.dll[0m
[33;1mVERBOSE: Acquiring providers for assembly: C:\program files\powershell\7\Modules\PackageManagement\coreclr\netstandard2.0\Microsoft.PackageManagement.CoreProviders.dll[0m
[33;1mVERBOSE: Acquiring providers for assembly: C:\program files\powershell\7\Modules\PackageManagement\coreclr\netstandard2.0\Microsoft.PackageManagement.MetaProvider.PowerShell.dll[0m
[33;1mVERBOSE: Suppressed Warning Unknown category for 'NuGet'::'GetDynamicOptions': 'Provider'[0m
[33;1mVERBOSE: Validating third-party modules...[0m
[33;1mVERBOSE: Populating RepositorySourceLocation property for module powershell-yaml.[0m
[33;1mVERBOSE: Loading module from path 'C:\SC\PsWebHost\ModuleDownload\powershell-yaml\0.4.12\powershell-yaml.psm1'.[0m
[33;1mVERBOSE: Populating RepositorySourceLocation property for module powershell-yaml.[0m
[33;1mVERBOSE: Loading module from path 'C:\Users\test\Documents\PowerShell\Modules\powershell-yaml\0.4.12\powershell-yaml.psm1'.[0m
[33;1mVERBOSE: Exporting function 'ConvertFrom-Yaml'.[0m
[33;1mVERBOSE: Exporting function 'ConvertTo-Yaml'.[0m
[33;1mVERBOSE: Exporting alias 'cfy'.[0m
[33;1mVERBOSE: Exporting alias 'cty'.[0m
[33;1mVERBOSE: Module folder not found: C:\SC\PsWebHost\ModuleDownload\LogError. Will check if download is needed.[0m
[33;1mVERBOSE: Populating RepositorySourceLocation property for module LogError.[0m
[33;1mVERBOSE: Loading module from path 'C:\Users\test\Documents\PowerShell\Modules\LogError\1.0.0\LogError.psd1'.[0m
[33;1mVERBOSE: Populating RepositorySourceLocation property for module LogError.[0m
[33;1mVERBOSE: Loading module from path 'C:\Users\test\Documents\PowerShell\Modules\LogError\1.0.0\LogError.psm1'.[0m
[33;1mVERBOSE: Populating RepositorySourceLocation property for module LogError.[0m
[33;1mVERBOSE: Loading module from path 'C:\Program Files\WindowsPowerShell\Modules\LogError\1.0.0\LogError.psd1'.[0m
[33;1mVERBOSE: Populating RepositorySourceLocation property for module LogError.[0m
[33;1mVERBOSE: Loading module from path 'C:\Program Files\WindowsPowerShell\Modules\LogError\1.0.0\LogError.psm1'.[0m
[33;1mVERBOSE: Exporting function 'Write-logfile'.[0m
[33;1mVERBOSE: Exporting function 'Write-ErrortoLogfile'.[0m
[33;1mVERBOSE: Exporting function 'Write-ErrorLog'.[0m
[33;1mVERBOSE: 	Module 'LogError' is allowed to use version 1.0.0.0 in versions RequiredVersion '1.0.0.0' VersionMin '' VersionMax ''.[0m
[33;1mVERBOSE: 	Module 'LogError' is already up to date.[0m
[33;1mVERBOSE: Module folder not found: C:\SC\PsWebHost\ModuleDownload\PSSQLite. Will check if download is needed.[0m
[33;1mVERBOSE: Populating RepositorySourceLocation property for module PSSQLite.[0m
[33;1mVERBOSE: Loading module from path 'C:\Users\test\Documents\PowerShell\Modules\PSSQLite\1.1.0\PSSQLite.psm1'.[0m
[33;1mVERBOSE: Populating RepositorySourceLocation property for module PSSQLite.[0m
[33;1mVERBOSE: Loading module from path 'C:\Program Files\WindowsPowerShell\Modules\PSSQLite\1.1.0\PSSQLite.psm1'.[0m
[33;1mVERBOSE: loading win-x64 core[0m
[33;1mVERBOSE: is PS Core, loading dotnet core dll[0m
[33;1mVERBOSE: Exporting function 'Invoke-SQLiteBulkCopy'.[0m
[33;1mVERBOSE: Exporting function 'Invoke-SqliteQuery'.[0m
[33;1mVERBOSE: Exporting function 'New-SQLiteConnection'.[0m
[33;1mVERBOSE: Exporting function 'Out-DataTable'.[0m
[33;1mVERBOSE: Exporting function 'Update-Sqlite'.[0m
[33;1mVERBOSE: 	Module 'PSSQLite' is allowed to use version 1.1.0.0 in versions RequiredVersion '1.1.0.0' VersionMin '' VersionMax ''.[0m
[33;1mVERBOSE: 	Module 'PSSQLite' is already up to date.[0m
[33;1mVERBOSE: Populating RepositorySourceLocation property for module OTP.[0m
[33;1mVERBOSE: 	Module 'OTP' is allowed to use version 0.1.1.0 in versions RequiredVersion '0.1.1.0' VersionMin '' VersionMax ''.[0m
[33;1mVERBOSE: 	Module 'OTP' is already up to date.[0m
[33;1mVERBOSE: Removing the imported "ConvertFrom-Yaml" function.[0m
[33;1mVERBOSE: Removing the imported "ConvertTo-Yaml" function.[0m
[33;1mVERBOSE: Removing the imported "cfy" alias.[0m
[33;1mVERBOSE: Removing the imported "cty" alias.[0m
[33;1mVERBOSE: Populating RepositorySourceLocation property for module powershell-yaml.[0m
[33;1mVERBOSE: Loading module from path 'C:\SC\PsWebHost\ModuleDownload\powershell-yaml\0.4.12\powershell-yaml.psm1'.[0m
[33;1mVERBOSE: Populating RepositorySourceLocation property for module powershell-yaml.[0m
[33;1mVERBOSE: Loading module from path 'C:\Users\test\Documents\PowerShell\Modules\powershell-yaml\0.4.12\powershell-yaml.psm1'.[0m
[33;1mVERBOSE: 	Module 'powershell-yaml' is allowed to use version 0.4.12.0 in versions RequiredVersion '0.4.12.0' VersionMin '' VersionMax ''.[0m
[33;1mVERBOSE: 	Module 'powershell-yaml' is already up to date.[0m
[33;1mVERBOSE: Populating RepositorySourceLocation property for module QRCodeGenerator.[0m
[33;1mVERBOSE: Loading module from path 'C:\SC\PsWebHost\ModuleDownload\QRCodeGenerator\2.6.0\loader.psm1'.[0m
[33;1mVERBOSE: Populating RepositorySourceLocation property for module QRCodeGenerator.[0m
[33;1mVERBOSE: Loading module from path 'C:\SC\PsWebHost\ModuleDownload\QRCodeGenerator\2.0\loader.psm1'.[0m
[33;1mVERBOSE: 	Module 'QRCodeGenerator' is allowed to use version 2.6.0.0 in versions RequiredVersion '2.6.0.0' VersionMin '' VersionMax ''.[0m
[33;1mVERBOSE: 	Module 'QRCodeGenerator' is already up to date.[0m
[33;1mVERBOSE: Populating RepositorySourceLocation property for module PSScriptAnalyzer.[0m
[33;1mVERBOSE: 	Module 'PSScriptAnalyzer' is allowed to use version 1.24.0.0 in versions RequiredVersion '' VersionMin '0.0.0.0' VersionMax ''.[0m
[33;1mVERBOSE: 	Module 'PSScriptAnalyzer' is already up to date.[0m
[33;1mVERBOSE: Third-party module validation complete.[0m
[33;1mVERBOSE: Validating third-party modules - complete.[0m
[33;1mVERBOSE: Validating SQLite installation.[0m
[33;1mVERBOSE: SQLite found at: C:\Users\test\AppData\Local\Microsoft\WinGet\Links\sqlite3.exe[0m
[33;1mVERBOSE: Validating SQLite installation - complete.[0m
[33;1mVERBOSE: Validating database schema...[0m
[33;1mVERBOSE: Validating main database: C:\SC\PsWebHost\PsWebHost_Data\pswebhost.db[0m
[33;1mVERBOSE: Validating table: Users[0m
[33;1mVERBOSE: Table 'Users' exists. Verifying schema.[0m
[33;1mVERBOSE: Validating table: User_Data[0m
[33;1mVERBOSE: Table 'User_Data' exists. Verifying schema.[0m
[33;1mVERBOSE: Validating table: LoginSessions[0m
[33;1mVERBOSE: Table 'LoginSessions' exists. Verifying schema.[0m
[33;1mVERBOSE: Validating table: User_Groups[0m
[33;1mVERBOSE: Table 'User_Groups' exists. Verifying schema.[0m
[33;1mVERBOSE: Validating table: User_Groups_Map[0m
[33;1mVERBOSE: Table 'User_Groups_Map' exists. Verifying schema.[0m
[33;1mVERBOSE: Validating table: PSWeb_Roles[0m
[33;1mVERBOSE: Table 'PSWeb_Roles' exists. Verifying schema.[0m
[33;1mVERBOSE: Validating table: AuthenticationMethods[0m
[33;1mVERBOSE: Table 'AuthenticationMethods' exists. Verifying schema.[0m
[33;1mVERBOSE: Validating table: CardSessions[0m
[33;1mVERBOSE: Table 'CardSessions' exists. Verifying schema.[0m
[33;1mVERBOSE: Validating table: auth_user_provider[0m
[33;1mVERBOSE: Table 'auth_user_provider' exists. Verifying schema.[0m
[33;1mVERBOSE: Validating table: LastLoginAttempt[0m
[33;1mVERBOSE: Table 'LastLoginAttempt' exists. Verifying schema.[0m
[33;1mVERBOSE: Validating table: account_email_confirmation[0m
[33;1mVERBOSE: Table 'account_email_confirmation' exists. Verifying schema.[0m
[33;1mVERBOSE: Validating table: card_settings[0m
[33;1mVERBOSE: Table 'card_settings' exists. Verifying schema.[0m
[33;1mVERBOSE: Validating table: API_Keys[0m
[33;1mVERBOSE: Table 'API_Keys' exists. Verifying schema.[0m
[33;1mVERBOSE: Validating table: Shared_Buckets[0m
[33;1mVERBOSE: Table 'Shared_Buckets' exists. Verifying schema.[0m
[33;1mVERBOSE: Validating table: Bucket_Access_Log[0m
[33;1mVERBOSE: Table 'Bucket_Access_Log' exists. Verifying schema.[0m
[33;1mVERBOSE: Validating table: Upload_Sessions[0m
[33;1mVERBOSE: Table 'Upload_Sessions' exists. Verifying schema.[0m
[33;1mVERBOSE: Validating table: File_Shares[0m
[33;1mVERBOSE: Table 'File_Shares' exists. Verifying schema.[0m
[33;1mVERBOSE: Validating table: File_Share_Roles[0m
[33;1mVERBOSE: Table 'File_Share_Roles' exists. Verifying schema.[0m
[33;1mVERBOSE: Validating table: Storage_Paths[0m
[33;1mVERBOSE: Table 'Storage_Paths' exists. Verifying schema.[0m
[33;1mVERBOSE: Validating table: Storage_Path_Permissions[0m
[33;1mVERBOSE: Table 'Storage_Path_Permissions' exists. Verifying schema.[0m
[33;1mVERBOSE: Database schema validation complete.[0m
[33;1mVERBOSE: Validating performance database: C:\SC\PsWebHost\PsWebHost_Data\pswebhost_perf.db[0m
[33;1mVERBOSE: Validating table: WebRequestPerformance[0m
[33;1mVERBOSE: Table 'WebRequestPerformance' exists. Verifying schema.[0m
[33;1mVERBOSE: Validating table: SystemPerformance[0m
[33;1mVERBOSE: Table 'SystemPerformance' exists. Verifying schema.[0m
[33;1mVERBOSE: Validating table: Perf_MemoryUsage[0m
[33;1mVERBOSE: Table 'Perf_MemoryUsage' exists. Verifying schema.[0m
[33;1mVERBOSE: Validating table: Perf_DiskIO[0m
[33;1mVERBOSE: Table 'Perf_DiskIO' exists. Verifying schema.[0m
[33;1mVERBOSE: Validating table: Perf_CPUCore[0m
[33;1mVERBOSE: Table 'Perf_CPUCore' exists. Verifying schema.[0m
[33;1mVERBOSE: Validating table: Network[0m
[33;1mVERBOSE: Table 'Network' exists. Verifying schema.[0m
[33;1mVERBOSE: Validating view: vw_RequestPerformanceSummary[0m
[33;1mVERBOSE: View 'vw_RequestPerformanceSummary' exists. Recreating to ensure current definition.[0m
[33;1mVERBOSE: [Invoke-PSWebSQLiteNonQuery] 20260208 20:55:43 Started
	File: C:\SC\PsWebHost\PsWebHost_Data\pswebhost_perf.db
	Query: DROP VIEW "vw_RequestPerformanceSummary";[0m
[33;1mVERBOSE: [Invoke-PSWebSQLiteNonQuery] 20260208 20:55:43 Opening database connection: C:\SC\PsWebHost\PsWebHost_Data\pswebhost_perf.db[0m
[33;1mVERBOSE: [Invoke-PSWebSQLiteNonQuery] 20260208 20:55:43 Executing query: DROP VIEW "vw_RequestPerformanceSummary";[0m
[33;1mVERBOSE: [Invoke-PSWebSQLiteNonQuery] 20260208 20:55:44 Started
	File: C:\SC\PsWebHost\PsWebHost_Data\pswebhost_perf.db
	Query: CREATE VIEW "vw_RequestPerformanceSummary" AS SELECT FilePath, COUNT(*) as RequestCount, AVG(ExecutionTimeMicroseconds) as AvgExecutionMicroseconds, MIN(ExecutionTimeMicroseconds) as MinExecutionMicroseconds, MAX(ExecutionTimeMicroseconds) as MaxExecutionMicroseconds, SUM(LogFileSizeDelta) as TotalLogGrowth, COUNT(DISTINCT UserID) as UniqueUsers FROM WebRequestPerformance WHERE Completed = 1 GROUP BY FilePath;[0m
[33;1mVERBOSE: [Invoke-PSWebSQLiteNonQuery] 20260208 20:55:44 Opening database connection: C:\SC\PsWebHost\PsWebHost_Data\pswebhost_perf.db[0m
[33;1mVERBOSE: [Invoke-PSWebSQLiteNonQuery] 20260208 20:55:44 Executing query: CREATE VIEW "vw_RequestPerformanceSummary" AS SELECT FilePath, COUNT(*) as RequestCount, AVG(ExecutionTimeMicroseconds) as AvgExecutionMicroseconds, MIN(ExecutionTimeMicroseconds) as MinExecutionMicroseconds, MAX(ExecutionTimeMicroseconds) as MaxExecutionMicroseconds, SUM(LogFileSizeDelta) as TotalLogGrowth, COUNT(DISTINCT UserID) as UniqueUsers FROM WebRequestPerformance WHERE Completed = 1 GROUP BY FilePath;[0m
[33;1mVERBOSE: Validating view: vw_UserPerformance[0m
[33;1mVERBOSE: View 'vw_UserPerformance' exists. Recreating to ensure current definition.[0m
[33;1mVERBOSE: [Invoke-PSWebSQLiteNonQuery] 20260208 20:55:44 Started
	File: C:\SC\PsWebHost\PsWebHost_Data\pswebhost_perf.db
	Query: DROP VIEW "vw_UserPerformance";[0m
[33;1mVERBOSE: [Invoke-PSWebSQLiteNonQuery] 20260208 20:55:44 Opening database connection: C:\SC\PsWebHost\PsWebHost_Data\pswebhost_perf.db[0m
[33;1mVERBOSE: [Invoke-PSWebSQLiteNonQuery] 20260208 20:55:44 Executing query: DROP VIEW "vw_UserPerformance";[0m
[33;1mVERBOSE: [Invoke-PSWebSQLiteNonQuery] 20260208 20:55:44 Started
	File: C:\SC\PsWebHost\PsWebHost_Data\pswebhost_perf.db
	Query: CREATE VIEW "vw_UserPerformance" AS SELECT UserID, COUNT(*) as RequestCount, AVG(ExecutionTimeMicroseconds) as AvgExecutionMicroseconds, SUM(LogFileSizeDelta) as TotalLogGrowth FROM WebRequestPerformance WHERE Completed = 1 AND UserID IS NOT NULL GROUP BY UserID;[0m
[33;1mVERBOSE: [Invoke-PSWebSQLiteNonQuery] 20260208 20:55:44 Opening database connection: C:\SC\PsWebHost\PsWebHost_Data\pswebhost_perf.db[0m
[33;1mVERBOSE: [Invoke-PSWebSQLiteNonQuery] 20260208 20:55:44 Executing query: CREATE VIEW "vw_UserPerformance" AS SELECT UserID, COUNT(*) as RequestCount, AVG(ExecutionTimeMicroseconds) as AvgExecutionMicroseconds, SUM(LogFileSizeDelta) as TotalLogGrowth FROM WebRequestPerformance WHERE Completed = 1 AND UserID IS NOT NULL GROUP BY UserID;[0m
[33;1mVERBOSE: Validating view: vw_SlowRequests[0m
[33;1mVERBOSE: View 'vw_SlowRequests' exists. Recreating to ensure current definition.[0m
[33;1mVERBOSE: [Invoke-PSWebSQLiteNonQuery] 20260208 20:55:44 Started
	File: C:\SC\PsWebHost\PsWebHost_Data\pswebhost_perf.db
	Query: DROP VIEW "vw_SlowRequests";[0m
[33;1mVERBOSE: [Invoke-PSWebSQLiteNonQuery] 20260208 20:55:44 Opening database connection: C:\SC\PsWebHost\PsWebHost_Data\pswebhost_perf.db[0m
[33;1mVERBOSE: [Invoke-PSWebSQLiteNonQuery] 20260208 20:55:44 Executing query: DROP VIEW "vw_SlowRequests";[0m
[33;1mVERBOSE: [Invoke-PSWebSQLiteNonQuery] 20260208 20:55:44 Started
	File: C:\SC\PsWebHost\PsWebHost_Data\pswebhost_perf.db
	Query: CREATE VIEW "vw_SlowRequests" AS SELECT RequestID, StartTime, FilePath, UserID, ExecutionTimeMicroseconds, ExecutionTimeMicroseconds / 1000000.0 as ExecutionTimeSeconds FROM WebRequestPerformance WHERE Completed = 1 AND ExecutionTimeMicroseconds > 1000000 ORDER BY ExecutionTimeMicroseconds DESC;[0m
[33;1mVERBOSE: [Invoke-PSWebSQLiteNonQuery] 20260208 20:55:44 Opening database connection: C:\SC\PsWebHost\PsWebHost_Data\pswebhost_perf.db[0m
[33;1mVERBOSE: [Invoke-PSWebSQLiteNonQuery] 20260208 20:55:44 Executing query: CREATE VIEW "vw_SlowRequests" AS SELECT RequestID, StartTime, FilePath, UserID, ExecutionTimeMicroseconds, ExecutionTimeMicroseconds / 1000000.0 as ExecutionTimeSeconds FROM WebRequestPerformance WHERE Completed = 1 AND ExecutionTimeMicroseconds > 1000000 ORDER BY ExecutionTimeMicroseconds DESC;[0m
[33;1mVERBOSE: Database schema validation complete.[0m
[33;1mVERBOSE: Loading module from path 'C:\Users\test\Documents\PowerShell\Modules\PSSQLite\1.1.0\PSSQLite.psd1'.[0m
[33;1mVERBOSE: Importing function 'Invoke-SQLiteBulkCopy'.[0m
[33;1mVERBOSE: Importing function 'Invoke-SqliteQuery'.[0m
[33;1mVERBOSE: Importing function 'New-SQLiteConnection'.[0m
[33;1mVERBOSE: Importing function 'Out-DataTable'.[0m
[33;1mVERBOSE: Importing function 'Update-Sqlite'.[0m
[33;1mVERBOSE: Node GUID: 02a87580-b3c4-488c-bb6a-bf30a81553dc[0m
[33;1mVERBOSE: Loaded 2 API keys from config[0m
[33;1mVERBOSE: Started background logging job.[0m
[33;1mVERBOSE: Started log history collection job.[0m
[33;1mVERBOSE: [Get-PSWebHostRole] 20260208 20:55:44 Executing: Get-PSWebSQLiteData -File C:\SC\PsWebHost\PsWebHost_Data\pswebhost.db -Query 
	SELECT DISTINCT RoleName FROM PSWeb_Roles;[0m
[33;1mVERBOSE: [Get-PSWebHostRole] 20260208 20:55:44 Retrieved roles: 
	RoleName
	--------
	Debug
	system_admin
	debug
	site_admin
	admin
	authenticated
	api_access
	Admin
	server_admin
	servier_admin
	site-admin
	system-admin
	unauthenticated
	user
	vault_admin
	
	[0m
[33;1mVERBOSE: Exporting function 'ConvertFrom-Yaml'.[0m
[33;1mVERBOSE: Exporting function 'ConvertTo-Yaml'.[0m
[33;1mVERBOSE: Exporting alias 'cfy'.[0m
[33;1mVERBOSE: Exporting alias 'cty'.[0m
[33;1mVERBOSE: [DockerManager] Initializing Docker Manager app...[0m
[33;1mWARNING: Failed to execute app_init.ps1 for app 'DockerManager': Cannot bind argument to parameter 'Path' because it is null.[0m
[Init] Loaded app: DockerManager (v1.0.0)
[33;1mVERBOSE: [KubernetesManager] Initializing Kubernetes Manager app...[0m
[33;1mWARNING: Failed to execute app_init.ps1 for app 'KubernetesManager': Cannot bind argument to parameter 'Path' because it is null.[0m
[Init] Loaded app: KubernetesManager (v1.0.0)
[33;1mVERBOSE: [LinuxAdmin] Initializing Linux Administration app...[0m
[33;1mWARNING: Failed to execute app_init.ps1 for app 'LinuxAdmin': Cannot bind argument to parameter 'Path' because it is null.[0m
[Init] Loaded app: LinuxAdmin (v1.0.0)
[Init] Loaded app: Maps (v1.0.0)
[33;1mVERBOSE: [MySQLManager] Initializing MySQL Manager app...[0m
[33;1mWARNING: Failed to execute app_init.ps1 for app 'MySQLManager': Cannot bind argument to parameter 'Path' because it is null.[0m
[Init] Loaded app: MySQLManager (v1.0.0)
[33;1mVERBOSE: [RedisManager] Initializing Redis Manager app...[0m
[33;1mWARNING: Failed to execute app_init.ps1 for app 'RedisManager': Cannot bind argument to parameter 'Path' because it is null.[0m
[Init] Loaded app: RedisManager (v1.0.0)
[33;1mVERBOSE: [SQLiteManager] Initializing SQLite Manager app...[0m
[33;1mWARNING: Failed to execute app_init.ps1 for app 'SQLiteManager': Cannot bind argument to parameter 'Path' because it is null.[0m
[Init] Loaded app: SQLiteManager (v1.0.0)
[33;1mVERBOSE: [SQLServerManager] Initializing SQL Server Manager app...[0m
[33;1mWARNING: Failed to execute app_init.ps1 for app 'SQLServerManager': Cannot bind argument to parameter 'Path' because it is null.[0m
[Init] Loaded app: SQLServerManager (v1.0.0)
[33;1mWARNING: Failed to execute app_init.ps1 for app 'UI_Uplot': Cannot bind argument to parameter 'Path' because it is null.[0m
[33;1mVERBOSE:   Registered app 'UI_Uplot' also as 'uplot' (from routePrefix)[0m
[Init] Loaded app: UI_Uplot (v1.0.0)
[33;1mVERBOSE: [UnitTests:Init] Initializing UnitTests app...[0m
[33;1mWARNING: Failed to execute app_init.ps1 for app 'UnitTests': Cannot bind argument to parameter 'Path' because it is null.[0m
[Init] Loaded app: UnitTests (v1.0.0)
[33;1mVERBOSE: Loading module from path 'C:\SC\PsWebHost\apps\vault\modules\PSWebVault.psm1'.[0m
[33;1mVERBOSE: Exporting function 'Initialize-VaultDatabase'.[0m
[33;1mVERBOSE: Exporting function 'Get-VaultDatabasePath'.[0m
[33;1mVERBOSE: Exporting function 'Protect-VaultCredential'.[0m
[33;1mVERBOSE: Exporting function 'Unprotect-VaultCredential'.[0m
[33;1mVERBOSE: Exporting function 'Set-VaultCredential'.[0m
[33;1mVERBOSE: Exporting function 'Get-VaultCredential'.[0m
[33;1mVERBOSE: Exporting function 'Get-VaultCredentials'.[0m
[33;1mVERBOSE: Exporting function 'Remove-VaultCredential'.[0m
[33;1mVERBOSE: Exporting function 'Add-VaultAuditLog'.[0m
[33;1mVERBOSE: Exporting function 'Get-VaultAuditLog'.[0m
[33;1mVERBOSE: Importing function 'Add-VaultAuditLog'.[0m
[33;1mVERBOSE: Importing function 'Get-VaultAuditLog'.[0m
[33;1mVERBOSE: Importing function 'Get-VaultCredential'.[0m
[33;1mVERBOSE: Importing function 'Get-VaultCredentials'.[0m
[33;1mVERBOSE: Importing function 'Get-VaultDatabasePath'.[0m
[33;1mVERBOSE: Importing function 'Initialize-VaultDatabase'.[0m
[33;1mVERBOSE: Importing function 'Protect-VaultCredential'.[0m
[33;1mVERBOSE: Importing function 'Remove-VaultCredential'.[0m
[33;1mVERBOSE: Importing function 'Set-VaultCredential'.[0m
[33;1mVERBOSE: Importing function 'Unprotect-VaultCredential'.[0m
[33;1mVERBOSE: [Vault:Init] Loaded PSWebVault module[0m
[33;1mWARNING: Failed to execute app_init.ps1 for app 'vault': Cannot bind argument to parameter 'Path' because it is null.[0m
[Init] Loaded app: vault (v1.0.0)
[WebHostAppManager:Init] Initializing WebHost App Manager...
[WebHostAppManager:Init] WebHost App Manager initialized successfully
[33;1mVERBOSE: [WebHostAppManager:Init] App root: C:\SC\PsWebHost\apps\WebHostAppManager[0m
[33;1mVERBOSE: Executed app init script for: WebHostAppManager[0m
[Init] Loaded app: WebHostAppManager (v1.0.0)
[WebHostDebugExtensions:Init] Initializing debug extensions system...
[WebHostDebugExtensions:Init] Debug command queue initialized
[WebHostDebugExtensions:Init]   Max Queue Size: 100
[WebHostDebugExtensions:Init]   Max History Size: 500
[WebHostDebugExtensions:Init] Utility scripts available in system/utility/ (call externally)
[WebHostDebugExtensions:Init] Helper functions registered:
[WebHostDebugExtensions:Init]   - Get-DebugCommandHistory
[WebHostDebugExtensions:Init]   - Get-DebugCommandQueue
[WebHostDebugExtensions:Init]   - Get-DebugCommandResult
[WebHostDebugExtensions:Init]   - Get-AllDebugCommandResults
[WebHostDebugExtensions:Init] Initialization complete
[33;1mVERBOSE: Executed app init script for: WebHostDebugExtensions[0m
[Init] Loaded app: WebHostDebugExtensions (v1.0.0)
[WebHostDebugVariables:Init] Initializing Debug Variables browser...
[WebHostDebugVariables:Init] Debug Variables browser initialized successfully
[33;1mVERBOSE: Executed app init script for: WebHostDebugVariables[0m
[Init] Loaded app: WebHostDebugVariables (v1.0.0)
[WebhostFileExplorer:Init] Initializing WebHost File Explorer...
[33;1mVERBOSE: [Import-TrackedModule] Path: C:\SC\PsWebHost\apps\WebhostFileExplorer\modules\FileExplorerConfig\FileExplorerConfig.psd1[0m
[33;1mVERBOSE: [Import-TrackedModule] moduleName: FileExplorerConfig[0m
[WebhostFileExplorer:Init] Loaded FileExplorerConfig module with hot reload
[WebhostFileExplorer:Init] WebHost File Explorer initialized successfully
[WebhostFileExplorer:Init]   Max File Size: 10 MB
[WebhostFileExplorer:Init]   Max Depth: 10
[33;1mVERBOSE: Executed app init script for: WebhostFileExplorer[0m
[Init] Loaded app: WebhostFileExplorer (v1.0.0)
[WebHostHelpViewer:Init] Initializing Help Viewer app...
[WebHostHelpViewer:Init] Help Viewer initialized successfully
[33;1mVERBOSE: Executed app init script for: WebHostHelpViewer[0m
[Init] Loaded app: WebHostHelpViewer (v1.0.0)
[WebHostMetrics:Init] Initializing metrics system...
[33;1mVERBOSE: Importing function 'Add-MetricsSample'.[0m
[33;1mVERBOSE: Importing function 'Get-CurrentMetrics'.[0m
[33;1mVERBOSE: Importing function 'Get-MetricsFromCsv'.[0m
[33;1mVERBOSE: Importing function 'Get-MetricsHistory'.[0m
[33;1mVERBOSE: Importing function 'Get-MetricsJobStatus'.[0m
[33;1mVERBOSE: Importing function 'Get-SystemMetricsSnapshot'.[0m
[33;1mVERBOSE: Importing function 'Initialize-PSWebMetrics'.[0m
[33;1mVERBOSE: Importing function 'Invoke-MetricJobMaintenance'.[0m
[33;1mVERBOSE: Importing function 'Invoke-MetricsAggregation'.[0m
[33;1mVERBOSE: Importing function 'Remove-OldMetricsCsvFiles'.[0m
[33;1mVERBOSE: Importing function 'Stop-PSWebMetrics'.[0m
[33;1mVERBOSE: Importing function 'Update-CurrentMetrics'.[0m
[33;1mVERBOSE: Importing function 'Write-MetricsToCsv'.[0m
[Initialize-PSWebMetrics] Metrics system initialized
True
[WebHostMetrics:Init] Metrics collection started (5s intervals, job ID: 1)
[33;1mVERBOSE: Executed app init script for: WebHostMetrics[0m
[Init] Loaded app: WebHostMetrics (v1.0.0)
[33;1mWARNING: Failed to execute app_init.ps1 for app 'WebhostRealtimeEvents': Cannot bind argument to parameter 'Path' because it is null.[0m
[Init] Loaded app: WebhostRealtimeEvents (v1.0.0)
[33;1mVERBOSE: No app.yaml found in 'WebHostSMBClient', skipping.[0m
[33;1mVERBOSE: No app.yaml found in 'WebHostSSHFileAccess', skipping.[0m
[33;1mVERBOSE: [Import-TrackedModule] Path: C:\SC\PsWebHost\apps\WebHostTaskManagement\modules\PSWebHost_TaskManagement\PSWebHost_TaskManagement.psd1[0m
[33;1mVERBOSE: [Import-TrackedModule] moduleName: PSWebHost_TaskManagement[0m
[33;1mVERBOSE: Executed app init script for: WebHostTaskManagement[0m
[Init] Loaded app: WebHostTaskManagement (v1.0.0)
[33;1mVERBOSE: [WindowsAdmin] Initializing Windows Administration app...[0m
[33;1mWARNING: Failed to execute app_init.ps1 for app 'WindowsAdmin': Cannot bind argument to parameter 'Path' because it is null.[0m
[Init] Loaded app: WindowsAdmin (v1.0.0)
[33;1mVERBOSE: [WSLManager] Initializing WSL Manager app...[0m
[33;1mWARNING: Failed to execute app_init.ps1 for app 'WSLManager': Cannot bind argument to parameter 'Path' because it is null.[0m
[Init] Loaded app: WSLManager (v1.0.0)
[33;1mVERBOSE: Apps framework initialized. Loaded 22 app(s).[0m
[33;1mVERBOSE: [Init] Created category: Containers (id: containers)[0m
[33;1mVERBOSE: [Init]   Added subcategory: Docker (order: 2)[0m
[33;1mVERBOSE: [Init]   Added app 'DockerManager' to category 'Containers' > 'Docker'[0m
[33;1mVERBOSE: [Init]   Added subcategory: WSL (order: 1)[0m
[33;1mVERBOSE: [Init]   Added app 'WSLManager' to category 'Containers' > 'WSL'[0m
[33;1mVERBOSE: [Init] Created category: Data Visualization (id: visualization)[0m
[33;1mVERBOSE: [Init]   Added subcategory: Charts (order: 1)[0m
[33;1mVERBOSE: [Init]   Added app 'UI_Uplot' to category 'Data Visualization' > 'Charts'[0m
[33;1mVERBOSE: [Init] Created category: Databases (id: databases)[0m
[33;1mVERBOSE: [Init]   Added subcategory: MySQL (order: 1)[0m
[33;1mVERBOSE: [Init]   Added app 'MySQLManager' to category 'Databases' > 'MySQL'[0m
[33;1mVERBOSE: [Init] Created category: Operating Systems (id: operating-systems)[0m
[33;1mVERBOSE: [Init]   Added subcategory: Windows (order: 1)[0m
[33;1mVERBOSE: [Init]   Added app 'WindowsAdmin' to category 'Operating Systems' > 'Windows'[0m
[33;1mVERBOSE: [Init] Created category: Monitoring (id: monitoring)[0m
[33;1mVERBOSE: [Init]   Added subcategory: Logs (order: 1)[0m
[33;1mVERBOSE: [Init]   Added app 'WebhostRealtimeEvents' to category 'Monitoring' > 'Logs'[0m
[33;1mVERBOSE: [Init]   Added subcategory: Linux (order: 2)[0m
[33;1mVERBOSE: [Init]   Added app 'LinuxAdmin' to category 'Operating Systems' > 'Linux'[0m
[33;1mVERBOSE: [Init]   Added subcategory: SQL Server (order: 4)[0m
[33;1mVERBOSE: [Init]   Added app 'SQLServerManager' to category 'Databases' > 'SQL Server'[0m
[33;1mVERBOSE: [Init]   Added subcategory: Kubernetes (order: 3)[0m
[33;1mVERBOSE: [Init]   Added app 'KubernetesManager' to category 'Containers' > 'Kubernetes'[0m
[33;1mVERBOSE: [Init] Created category: Security (id: security)[0m
[33;1mVERBOSE: [Init]   Added subcategory: Credentials (order: 1)[0m
[33;1mVERBOSE: [Init]   Added app 'vault' to category 'Security' > 'Credentials'[0m
[33;1mVERBOSE: [Init]   Added subcategory: SQLite (order: 3)[0m
[33;1mVERBOSE: [Init]   Added app 'SQLiteManager' to category 'Databases' > 'SQLite'[0m
[33;1mVERBOSE: [Init]   Added app 'uplot' to category 'Data Visualization' > 'Charts'[0m
[33;1mVERBOSE: [Init]   Added subcategory: Redis (order: 2)[0m
[33;1mVERBOSE: [Init]   Added app 'RedisManager' to category 'Databases' > 'Redis'[0m
[Init] Built category structure: 6 parent categories
[33;1mVERBOSE: [Init]   - Containers: 3 subcategories, 3 apps[0m
[33;1mVERBOSE: [Init]   - Databases: 4 subcategories, 4 apps[0m
[33;1mVERBOSE: [Init]   - Monitoring: 1 subcategories, 1 apps[0m
[33;1mVERBOSE: [Init]   - Operating Systems: 2 subcategories, 2 apps[0m
[33;1mVERBOSE: [Init]   - Security: 1 subcategories, 1 apps[0m
[33;1mVERBOSE: [Init]   - Data Visualization: 1 subcategories, 2 apps[0m
Init.ps1 completed after 4142.5361 milliseconds
[33;1mVERBOSE: Loading PSWebHost_Jobs module...[0m
[33;1mVERBOSE: Loading module from path 'C:\SC\PsWebHost\modules\PSWebHost_Jobs\PSWebHost_Jobs.psd1'.[0m
[33;1mVERBOSE: Loading module from path 'C:\SC\PsWebHost\modules\PSWebHost_Jobs\PSWebHost_Jobs.psm1'.[0m
[33;1mVERBOSE: Exporting function 'Initialize-PSWebHostJobSystem'.[0m
[33;1mVERBOSE: Exporting function 'Get-PSWebHostJobCatalog'.[0m
[33;1mVERBOSE: Exporting function 'Initialize-PSWebHostJob'.[0m
[33;1mVERBOSE: Exporting function 'Test-PSWebHostJobPermission'.[0m
[33;1mVERBOSE: Exporting function 'Get-PSWebHostJobDefinition'.[0m
[33;1mVERBOSE: Exporting function 'Start-PSWebHostJob'.[0m
[33;1mVERBOSE: Exporting function 'Stop-PSWebHostJob'.[0m
[33;1mVERBOSE: Exporting function 'Restart-PSWebHostJob'.[0m
[33;1mVERBOSE: Exporting function 'Get-PSWebHostJobOutput'.[0m
[33;1mVERBOSE: Exporting function 'Get-PSWebHostJobStatus'.[0m
[33;1mVERBOSE: Exporting function 'Get-PSWebHostRunningJobs'.[0m
[33;1mVERBOSE: Exporting function 'Process-PSWebHostJobCommandQueue'.[0m
[33;1mVERBOSE: Importing function 'Get-PSWebHostJobCatalog'.[0m
[33;1mVERBOSE: Importing function 'Get-PSWebHostJobDefinition'.[0m
[33;1mVERBOSE: Importing function 'Get-PSWebHostJobOutput'.[0m
[33;1mVERBOSE: Importing function 'Get-PSWebHostJobStatus'.[0m
[33;1mVERBOSE: Importing function 'Get-PSWebHostRunningJobs'.[0m
[33;1mVERBOSE: Importing function 'Initialize-PSWebHostJobSystem'.[0m
[33;1mVERBOSE: The 'Process-PSWebHostJobCommandQueue' command in the PSWebHost_Jobs' module was imported, but because its name does not include an approved verb, it might be difficult to find. For a list of approved verbs, type Get-Verb.[0m
[33;1mVERBOSE: Importing function 'Process-PSWebHostJobCommandQueue'.[0m
[33;1mVERBOSE: Importing function 'Restart-PSWebHostJob'.[0m
[33;1mVERBOSE: Importing function 'Start-PSWebHostJob'.[0m
[33;1mVERBOSE: Importing function 'Stop-PSWebHostJob'.[0m
[33;1mVERBOSE: Importing function 'Test-PSWebHostJobPermission'.[0m
û PSWebHost_Jobs module imported
[33;1mVERBOSE: [JobSystem] Initialized global job structure[0m
û Job system initialized
[33;1mVERBOSE: [JobSystem] Discovered job: WebHostMetrics/CollectMetrics[0m
PSWebHost_Jobs module loaded (discovered 1 jobs)
[33;1mVERBOSE: Creating HttpListener object...[0m
[33;1mVERBOSE: HttpListener object created.[0m
[33;1mVERBOSE: Adding prefix: http://localhost:8080/[0m
[33;1mVERBOSE: Prefix 'http://localhost:8080/' added.[0m
[33;1mVERBOSE: Setting AuthenticationSchemes to: Anonymous[0m
[33;1mVERBOSE: AuthenticationSchemes set.[0m
[33;1mVERBOSE: Starting listener with prefix: http://localhost:8080/[0m
[33;1mVERBOSE: Listener started successfully on http://localhost:8080/[0m
Starting performance monitoring job...
[33;1mVERBOSE: Validating performance database schema...[0m
[33;1mVERBOSE: Validating table: WebRequestPerformance[0m
[33;1mVERBOSE: Table 'WebRequestPerformance' exists. Verifying schema.[0m
[33;1mVERBOSE: Validating table: SystemPerformance[0m
[33;1mVERBOSE: Table 'SystemPerformance' exists. Verifying schema.[0m
[33;1mVERBOSE: Validating table: Perf_MemoryUsage[0m
[33;1mVERBOSE: Table 'Perf_MemoryUsage' exists. Verifying schema.[0m
[33;1mVERBOSE: Validating table: Perf_DiskIO[0m
[33;1mVERBOSE: Table 'Perf_DiskIO' exists. Verifying schema.[0m
[33;1mVERBOSE: Validating table: Perf_CPUCore[0m
[33;1mVERBOSE: Table 'Perf_CPUCore' exists. Verifying schema.[0m
[33;1mVERBOSE: Validating table: Network[0m
[33;1mVERBOSE: Table 'Network' exists. Verifying schema.[0m
[33;1mVERBOSE: Validating view: vw_RequestPerformanceSummary[0m
[33;1mVERBOSE: View 'vw_RequestPerformanceSummary' exists. Recreating to ensure current definition.[0m
[33;1mVERBOSE: [Invoke-PSWebSQLiteNonQuery] 20260208 20:55:45 Started
	File: C:\SC\PsWebHost\PsWebHost_Data\pswebhost_perf.db
	Query: DROP VIEW "vw_RequestPerformanceSummary";[0m
[33;1mVERBOSE: [Invoke-PSWebSQLiteNonQuery] 20260208 20:55:45 Opening database connection: C:\SC\PsWebHost\PsWebHost_Data\pswebhost_perf.db[0m
[33;1mVERBOSE: [Invoke-PSWebSQLiteNonQuery] 20260208 20:55:45 Executing query: DROP VIEW "vw_RequestPerformanceSummary";[0m
[33;1mVERBOSE: [Invoke-PSWebSQLiteNonQuery] 20260208 20:55:45 Started
	File: C:\SC\PsWebHost\PsWebHost_Data\pswebhost_perf.db
	Query: CREATE VIEW "vw_RequestPerformanceSummary" AS SELECT FilePath, COUNT(*) as RequestCount, AVG(ExecutionTimeMicroseconds) as AvgExecutionMicroseconds, MIN(ExecutionTimeMicroseconds) as MinExecutionMicroseconds, MAX(ExecutionTimeMicroseconds) as MaxExecutionMicroseconds, SUM(LogFileSizeDelta) as TotalLogGrowth, COUNT(DISTINCT UserID) as UniqueUsers FROM WebRequestPerformance WHERE Completed = 1 GROUP BY FilePath;[0m
[33;1mVERBOSE: [Invoke-PSWebSQLiteNonQuery] 20260208 20:55:45 Opening database connection: C:\SC\PsWebHost\PsWebHost_Data\pswebhost_perf.db[0m
[33;1mVERBOSE: [Invoke-PSWebSQLiteNonQuery] 20260208 20:55:45 Executing query: CREATE VIEW "vw_RequestPerformanceSummary" AS SELECT FilePath, COUNT(*) as RequestCount, AVG(ExecutionTimeMicroseconds) as AvgExecutionMicroseconds, MIN(ExecutionTimeMicroseconds) as MinExecutionMicroseconds, MAX(ExecutionTimeMicroseconds) as MaxExecutionMicroseconds, SUM(LogFileSizeDelta) as TotalLogGrowth, COUNT(DISTINCT UserID) as UniqueUsers FROM WebRequestPerformance WHERE Completed = 1 GROUP BY FilePath;[0m
[33;1mVERBOSE: Validating view: vw_UserPerformance[0m
[33;1mVERBOSE: View 'vw_UserPerformance' exists. Recreating to ensure current definition.[0m
[33;1mVERBOSE: [Invoke-PSWebSQLiteNonQuery] 20260208 20:55:45 Started
	File: C:\SC\PsWebHost\PsWebHost_Data\pswebhost_perf.db
	Query: DROP VIEW "vw_UserPerformance";[0m
[33;1mVERBOSE: [Invoke-PSWebSQLiteNonQuery] 20260208 20:55:45 Opening database connection: C:\SC\PsWebHost\PsWebHost_Data\pswebhost_perf.db[0m
[33;1mVERBOSE: [Invoke-PSWebSQLiteNonQuery] 20260208 20:55:45 Executing query: DROP VIEW "vw_UserPerformance";[0m
[33;1mVERBOSE: [Invoke-PSWebSQLiteNonQuery] 20260208 20:55:45 Started
	File: C:\SC\PsWebHost\PsWebHost_Data\pswebhost_perf.db
	Query: CREATE VIEW "vw_UserPerformance" AS SELECT UserID, COUNT(*) as RequestCount, AVG(ExecutionTimeMicroseconds) as AvgExecutionMicroseconds, SUM(LogFileSizeDelta) as TotalLogGrowth FROM WebRequestPerformance WHERE Completed = 1 AND UserID IS NOT NULL GROUP BY UserID;[0m
[33;1mVERBOSE: [Invoke-PSWebSQLiteNonQuery] 20260208 20:55:45 Opening database connection: C:\SC\PsWebHost\PsWebHost_Data\pswebhost_perf.db[0m
[33;1mVERBOSE: [Invoke-PSWebSQLiteNonQuery] 20260208 20:55:45 Executing query: CREATE VIEW "vw_UserPerformance" AS SELECT UserID, COUNT(*) as RequestCount, AVG(ExecutionTimeMicroseconds) as AvgExecutionMicroseconds, SUM(LogFileSizeDelta) as TotalLogGrowth FROM WebRequestPerformance WHERE Completed = 1 AND UserID IS NOT NULL GROUP BY UserID;[0m
[33;1mVERBOSE: Validating view: vw_SlowRequests[0m
[33;1mVERBOSE: View 'vw_SlowRequests' exists. Recreating to ensure current definition.[0m
[33;1mVERBOSE: [Invoke-PSWebSQLiteNonQuery] 20260208 20:55:45 Started
	File: C:\SC\PsWebHost\PsWebHost_Data\pswebhost_perf.db
	Query: DROP VIEW "vw_SlowRequests";[0m
[33;1mVERBOSE: [Invoke-PSWebSQLiteNonQuery] 20260208 20:55:45 Opening database connection: C:\SC\PsWebHost\PsWebHost_Data\pswebhost_perf.db[0m
[33;1mVERBOSE: [Invoke-PSWebSQLiteNonQuery] 20260208 20:55:45 Executing query: DROP VIEW "vw_SlowRequests";[0m
[33;1mVERBOSE: [Invoke-PSWebSQLiteNonQuery] 20260208 20:55:45 Started
	File: C:\SC\PsWebHost\PsWebHost_Data\pswebhost_perf.db
	Query: CREATE VIEW "vw_SlowRequests" AS SELECT RequestID, StartTime, FilePath, UserID, ExecutionTimeMicroseconds, ExecutionTimeMicroseconds / 1000000.0 as ExecutionTimeSeconds FROM WebRequestPerformance WHERE Completed = 1 AND ExecutionTimeMicroseconds > 1000000 ORDER BY ExecutionTimeMicroseconds DESC;[0m
[33;1mVERBOSE: [Invoke-PSWebSQLiteNonQuery] 20260208 20:55:45 Opening database connection: C:\SC\PsWebHost\PsWebHost_Data\pswebhost_perf.db[0m
[33;1mVERBOSE: [Invoke-PSWebSQLiteNonQuery] 20260208 20:55:45 Executing query: CREATE VIEW "vw_SlowRequests" AS SELECT RequestID, StartTime, FilePath, UserID, ExecutionTimeMicroseconds, ExecutionTimeMicroseconds / 1000000.0 as ExecutionTimeSeconds FROM WebRequestPerformance WHERE Completed = 1 AND ExecutionTimeMicroseconds > 1000000 ORDER BY ExecutionTimeMicroseconds DESC;[0m
[33;1mVERBOSE: Database schema validation complete.[0m
[33;1mVERBOSE: Performance database schema validated.[0m
Performance monitoring job started (Job ID: 3)

[32;1mId    [0m[32;1m Name           [0m[32;1m PSJobTypeName  [0m[32;1m State        [0m[32;1m HasMoreData    [0m[32;1m Location            [0m[32;1m Command[0m
[32;1m--    [0m [32;1m----           [0m [32;1m-------------  [0m [32;1m-----        [0m [32;1m-----------    [0m [32;1m--------            [0m [32;1m-------[0m
3      Job3            BackgroundJob   Running       True            localhost            .
Performance monitoring job started.
Starting log tail job for event stream...
Selected log file: log_2026-02-08T205544_0751941-0600.tsv
Log tail job started: Log_Tail:C:\SC\PsWebHost\PsWebHost_Data\Logs\log_2026-02-08T205544_0751941-0600.tsv (Job ID: 5)
[33;1mVERBOSE: Entering listener loop.[0m
Adding missing fields row to log. 'utcTime','localTime','Severity','Category','escapedMessage','Source','ActivityName','percentString','UserID','SessionID','RunspaceID','dataString'
	Logging: 2026-02-09T02:55:45.7939616Z	2026-02-08T20:55:45.7939616-06:00	Info	MetricsData	Track_HashTables	WebHost.ps1	ProcessLogQueue		Webhost	MainLoop	1	H4sIAAAAAAAACpWUzW7CMBCE38XnUK0d/8S5wqGVoEIKpWdDDUUKCYqdSgjx7lUpOGuqiuQ6jr4dzc7mRObFxG5MW/q5aczeetssTdlaR/ITeTV7S/L/P0nIuG4rT3JIyNQ4X1hbkZwwYHIEbATZgkEuRM7Fk8oyoKBHIHMAck7IwTS28mPj0aBOC2TRgyyAK0ReR8w1pqnHNKVSzkRHc+0qNnkVApM9ZmomQUjEPLo3ZxsMvSqBmvahamCso86MX39Gi7spgUp7pJkykaYddV6821Vhm6/IL1Y7z32ioJzxrMPvTbXbWIcDDlJnu0+/UgqCduBpvX3eOV83R4RG4qDuskzg7q6Nt9uYHKRhXVNKcJz10jZuV1cLsyptFHf0EGboHoGDpjqacdmc+6HFR471IelomjEep2PKehuHc1GG9FApCRzdjDkcXqpNjag3JVCzHlShhUDt/j3m+2ViNRl0kUqmEHmeGG9izxdliGdJldKo2ej2ZvVHW979q/88DjojTaWCUJfzN10KxrggBgAA
	Logging: 2026-02-09T02:55:45.8356413Z	2026-02-08T20:55:45.8356413-06:00	Info	MetricsData	Track_HashTables	WebHost.ps1	ProcessLogQueue		Webhost	MainLoop	1	{"prefixesToTry":{"Name":"prefixesToTry","Count":2,"LastSeen":"2026-02-08T20:55:45.8334993-06:00"},"systemUsers":{"Name":"systemUsers","Count":2,"LastSeen":"2026-02-08T20:55:45.8348873-06:00"},"args":{"Name":"args","Count":0,"LastSeen":"2026-02-08T20:55:45.8203791-06:00"},"configRoles":{"Name":"configRoles","Count":6,"LastSeen":"2026-02-08T20:55:45.8321258-06:00"},"dbRoles":{"Name":"dbRoles","Count":15,"LastSeen":"2026-02-08T20:55:45.8323987-06:00"},"ModulePathEnv":{"Name":"ModulePathEnv","Count":19,"LastSeen":"2026-02-08T20:55:45.8331484-06:00"}}
[33;1mVERBOSE: Synchronous context received. Processing request /apps/WebhostRealtimeEvents/api/v1/logs?timeRange=15&sortBy=Date&sortOrder=desc&count=1000[0m
[33;1mVERBOSE: [Process-HttpRequest] Starting processing request:   from [0m
[33;1mVERBOSE: [Process-HttpRequest] 20260208 20:55:45 Request received: get /apps/WebhostRealtimeEvents/api/v1/logs from [::1]:62765[0m
[33;1mVERBOSE: [Process-HttpRequest] Incoming Cookie header: PSWebSessionID=6552a790-8769-4737-8c71-08cae865d496[0m
[33;1mVERBOSE: [Process-HttpRequest] Session cookie found: 6552a790-8769-4737-8c71-08cae865d496[0m
[33;1mVERBOSE: [Get-PSWebHostRole] 20260208 20:55:45 Executing: Get-PSWebSQLiteData -File C:\SC\PsWebHost\PsWebHost_Data\pswebhost.db -Query 
	SELECT RoleName FROM PSWeb_Roles WHERE PrincipalID COLLATE NOCASE = '6ec71a85-fb79-4ebc-aa1d-587c7f8b403c';[0m
[33;1mVERBOSE: [Get-PSWebHostRole] 20260208 20:55:45 Retrieved direct roles: 
	RoleName
	--------
	Admin
	Debug
	site_admin
	system_admin
	
	[0m
[33;1mVERBOSE: [Get-PSWebHostRole] 20260208 20:55:45 Executing: Get-PSWebSQLiteData -File C:\SC\PsWebHost\PsWebHost_Data\pswebhost.db -Query 
	SELECT r.RoleName FROM PSWeb_Roles r JOIN User_Groups_Map ugm ON r.PrincipalID COLLATE NOCASE = ugm.GroupID WHERE ugm.UserID COLLATE NOCASE = '6ec71a85-fb79-4ebc-aa1d-587c7f8b403c';[0m
[33;1mVERBOSE: [Get-PSWebHostRole] 20260208 20:55:45 Retrieved group roles: [0m
[33;1mVERBOSE: [Get-PSWebSessions] Returning session type: System.Collections.Hashtable+SyncHashtable IsArray: False[0m
[33;1mVERBOSE: 	[Process-HttpRequest] 20260208 20:55:46 Session: 6552a790-8769-4737-8c71-08cae865d496 UserID: 6ec71a85-fb79-4ebc-aa1d-587c7f8b403c[0m
[33;1mVERBOSE: [Process-HttpRequest] Apps route request: app=WebhostRealtimeEvents, route=api/v1/logs[0m
[33;1mVERBOSE: [Process-HttpRequest] Checking for route script: C:\SC\PsWebHost\apps\WebhostRealtimeEvents\routes\api\v1\logs\get.ps1[0m
[33;1mVERBOSE: [Process-HttpRequest] Route script found: C:\SC\PsWebHost\apps\WebhostRealtimeEvents\routes\api\v1\logs\get.ps1[0m
[33;1mVERBOSE: [Process-HttpRequest] Apps route script found: C:\SC\PsWebHost\apps\WebhostRealtimeEvents\routes\api\v1\logs\get.ps1[0m
[33;1mVERBOSE: [Process-HttpRequest] Executing app route script: C:\SC\PsWebHost\apps\WebhostRealtimeEvents\routes\api\v1\logs\get.ps1[0m
[33;1mVERBOSE: [Backup-ConfigurationFile] File unchanged since last backup: get.security.json[0m

Command      : WebHost.ps1
ScriptName   : C:\SC\PsWebHost\WebHost.ps1
FunctionName : <ScriptBlock>
Line         : 878
Arguments    : {Verbose=True}

Command      : WebHost.ps1
ScriptName   : C:\SC\PsWebHost\WebHost.ps1
FunctionName : <ScriptBlock><End>
Line         : 875
Arguments    : {Verbose=True}


2026-02-09T02:55:46.1388702Z	2026-02-08T20:55:46.1388702-06:00	Error	ErrorArrayCheck	\[WebHost\.PS1]\ \$Error\[0]\ Cannot\ bind\ argument\ to\ parameter\ 'Path'\ because\ it\ is\ null\.\nAt\ C:\\SC\\PsWebHost\\apps\\WSLManager\\app_init\.ps1:23\ char:26\r\n\+\ \ \ \ \ DataPath\ =\ Join-Path\ \$Global:PSWebServer\['DataRoot']\ "apps\\WSLMan\ .\r\n\+\ \ \ \ \ \ \ \ \ \ \ \ \ \ \ \ \ \ \ \ \ \ \ \ \ \ ~~~~~~~~~~~~~~~~~~~~~~~~~~~~~~~	WebHost.ps1	WebHost.ps1				1	{"PositionMessage":"At C:\\SC\\PsWebHost\\apps\\WSLManager\\app_init.ps1:23 char:26\r\n+     DataPath = Join-Path $Global:PSWebServer['DataRoot'] \"apps\\WSLMan .\r\n+                          ~~~~~~~~~~~~~~~~~~~~~~~~~~~~~~~","Message":"Cannot bind argument to parameter 'Path' because it is null."}

Command      : WebHost.ps1
ScriptName   : C:\SC\PsWebHost\WebHost.ps1
FunctionName : <ScriptBlock>
Line         : 878
Arguments    : {Verbose=True}

Command      : WebHost.ps1
ScriptName   : C:\SC\PsWebHost\WebHost.ps1
FunctionName : <ScriptBlock><End>
Line         : 875
Arguments    : {Verbose=True}


2026-02-09T02:55:46.1750930Z	2026-02-08T20:55:46.1750930-06:00	Error	ErrorArrayCheck	\[WebHost\.PS1]\ \$Error\[1]\ Cannot\ bind\ argument\ to\ parameter\ 'Path'\ because\ it\ is\ null\.\nAt\ C:\\SC\\PsWebHost\\apps\\WindowsAdmin\\app_init\.ps1:23\ char:26\r\n\+\ \ \ \ \ DataPath\ =\ Join-Path\ \$Global:PSWebServer\['DataRoot']\ "apps\\Window\ .\r\n\+\ \ \ \ \ \ \ \ \ \ \ \ \ \ \ \ \ \ \ \ \ \ \ \ \ \ ~~~~~~~~~~~~~~~~~~~~~~~~~~~~~~~	WebHost.ps1	WebHost.ps1				1	{"PositionMessage":"At C:\\SC\\PsWebHost\\apps\\WindowsAdmin\\app_init.ps1:23 char:26\r\n+     DataPath = Join-Path $Global:PSWebServer['DataRoot'] \"apps\\Window .\r\n+                          ~~~~~~~~~~~~~~~~~~~~~~~~~~~~~~~","Message":"Cannot bind argument to parameter 'Path' because it is null."}

Command      : WebHost.ps1
ScriptName   : C:\SC\PsWebHost\WebHost.ps1
FunctionName : <ScriptBlock>
Line         : 878
Arguments    : {Verbose=True}

Command      : WebHost.ps1
ScriptName   : C:\SC\PsWebHost\WebHost.ps1
FunctionName : <ScriptBlock><End>
Line         : 875
Arguments    : {Verbose=True}


2026-02-09T02:55:46.1812211Z	2026-02-08T20:55:46.1812211-06:00	Error	ErrorArrayCheck	\[WebHost\.PS1]\ \$Error\[2]\ The\ term\ 'Get-AllTasks'\ is\ not\ recognized\ as\ a\ name\ of\ a\ cmdlet,\ function,\ script\ file,\ or\ executable\ program\.\r\nCheck\ the\ spelling\ of\ the\ name,\ or\ if\ a\ path\ was\ included,\ verify\ that\ the\ path\ is\ correct\ and\ try\ again\.\nAt\ C:\\SC\\PsWebHost\\apps\\WebHostTaskManagement\\app_init\.ps1:432\ char:9\r\n\+\ \ \ \ \ if\ \(Get-Command\ Get-AllTasks\ -ErrorAction\ SilentlyContinue\)\ \{\r\n\+\ \ \ \ \ \ \ \ \ ~~~~~~~~~~~~~~~~~~~~~~~~~~~~~~~~~~~~~~~~~~~~~~~~~~~~~~	WebHost.ps1	WebHost.ps1				1	{"PositionMessage":"At C:\\SC\\PsWebHost\\apps\\WebHostTaskManagement\\app_init.ps1:432 char:9\r\n+     if (Get-Command Get-AllTasks -ErrorAction SilentlyContinue) {\r\n+         ~~~~~~~~~~~~~~~~~~~~~~~~~~~~~~~~~~~~~~~~~~~~~~~~~~~~~~","Message":"The term 'Get-AllTasks' is not recognized as a name of a cmdlet, function, script file, or executable program.\r\nCheck the spelling of the name, or if a path was included, verify that the path is correct and try again."}

Command      : WebHost.ps1
ScriptName   : C:\SC\PsWebHost\WebHost.ps1
FunctionName : <ScriptBlock>
Line         : 878
Arguments    : {Verbose=True}

Command      : WebHost.ps1
ScriptName   : C:\SC\PsWebHost\WebHost.ps1
FunctionName : <ScriptBlock><End>
Line         : 875
Arguments    : {Verbose=True}


2026-02-09T02:55:46.1851907Z	2026-02-08T20:55:46.1851907-06:00	Error	ErrorArrayCheck	\[WebHost\.PS1]\ \$Error\[3]\ Cannot\ bind\ argument\ to\ parameter\ 'Path'\ because\ it\ is\ null\.\nAt\ C:\\SC\\PsWebHost\\apps\\WebhostRealtimeEvents\\app_init\.ps1:16\ char:26\r\n\+\ \ \ \ \ DataPath\ =\ Join-Path\ \$Global:PSWebServer\['DataRoot']\ "apps\\Webhos\ .\r\n\+\ \ \ \ \ \ \ \ \ \ \ \ \ \ \ \ \ \ \ \ \ \ \ \ \ \ ~~~~~~~~~~~~~~~~~~~~~~~~~~~~~~~	WebHost.ps1	WebHost.ps1				1	{"PositionMessage":"At C:\\SC\\PsWebHost\\apps\\WebhostRealtimeEvents\\app_init.ps1:16 char:26\r\n+     DataPath = Join-Path $Global:PSWebServer['DataRoot'] \"apps\\Webhos .\r\n+                          ~~~~~~~~~~~~~~~~~~~~~~~~~~~~~~~","Message":"Cannot bind argument to parameter 'Path' because it is null."}

Command      : WebHost.ps1
ScriptName   : C:\SC\PsWebHost\WebHost.ps1
FunctionName : <ScriptBlock>
Line         : 878
Arguments    : {Verbose=True}

Command      : WebHost.ps1
ScriptName   : C:\SC\PsWebHost\WebHost.ps1
FunctionName : <ScriptBlock><End>
Line         : 875
Arguments    : {Verbose=True}


2026-02-09T02:55:46.1881234Z	2026-02-08T20:55:46.1881234-06:00	Error	ErrorArrayCheck	\[WebHost\.PS1]\ \$Error\[4]\ The\ term\ 'Get-AllDebugCommandResults'\ is\ not\ recognized\ as\ a\ name\ of\ a\ cmdlet,\ function,\ script\ file,\ or\ executable\ program\.\r\nCheck\ the\ spelling\ of\ the\ name,\ or\ if\ a\ path\ was\ included,\ verify\ that\ the\ path\ is\ correct\ and\ try\ again\.\nAt\ C:\\SC\\PsWebHost\\apps\\WebHostDebugExtensions\\app_init\.ps1:154\ char:15\r\n\+\ .\ \ \ if\ \(-not\ \(Get-Command\ Get-AllDebugCommandResults\ -ErrorAction\ Silen\ .\r\n\+\ \ \ \ \ \ \ \ \ \ \ \ \ \ \ ~~~~~~~~~~~~~~~~~~~~~~~~~~~~~~~~~~~~~~~~~~~~~~~~~~~~~~~~~	WebHost.ps1	WebHost.ps1				1	{"PositionMessage":"At C:\\SC\\PsWebHost\\apps\\WebHostDebugExtensions\\app_init.ps1:154 char:15\r\n+ .   if (-not (Get-Command Get-AllDebugCommandResults -ErrorAction Silen .\r\n+               ~~~~~~~~~~~~~~~~~~~~~~~~~~~~~~~~~~~~~~~~~~~~~~~~~~~~~~~~~","Message":"The term 'Get-AllDebugCommandResults' is not recognized as a name of a cmdlet, function, script file, or executable program.\r\nCheck the spelling of the name, or if a path was included, verify that the path is correct and try again."}

Command      : WebHost.ps1
ScriptName   : C:\SC\PsWebHost\WebHost.ps1
FunctionName : <ScriptBlock>
Line         : 878
Arguments    : {Verbose=True}

Command      : WebHost.ps1
ScriptName   : C:\SC\PsWebHost\WebHost.ps1
FunctionName : <ScriptBlock><End>
Line         : 875
Arguments    : {Verbose=True}


2026-02-09T02:55:46.1909069Z	2026-02-08T20:55:46.1909069-06:00	Error	ErrorArrayCheck	\[WebHost\.PS1]\ \$Error\[5]\ The\ term\ 'Get-DebugCommandResult'\ is\ not\ recognized\ as\ a\ name\ of\ a\ cmdlet,\ function,\ script\ file,\ or\ executable\ program\.\r\nCheck\ the\ spelling\ of\ the\ name,\ or\ if\ a\ path\ was\ included,\ verify\ that\ the\ path\ is\ correct\ and\ try\ again\.\nAt\ C:\\SC\\PsWebHost\\apps\\WebHostDebugExtensions\\app_init\.ps1:107\ char:15\r\n\+\ .\ \ \ if\ \(-not\ \(Get-Command\ Get-DebugCommandResult\ -ErrorAction\ SilentlyC\ .\r\n\+\ \ \ \ \ \ \ \ \ \ \ \ \ \ \ ~~~~~~~~~~~~~~~~~~~~~~~~~~~~~~~~~~~~~~~~~~~~~~~~~~~~~~~~~	WebHost.ps1	WebHost.ps1				1	{"PositionMessage":"At C:\\SC\\PsWebHost\\apps\\WebHostDebugExtensions\\app_init.ps1:107 char:15\r\n+ .   if (-not (Get-Command Get-DebugCommandResult -ErrorAction SilentlyC .\r\n+               ~~~~~~~~~~~~~~~~~~~~~~~~~~~~~~~~~~~~~~~~~~~~~~~~~~~~~~~~~","Message":"The term 'Get-DebugCommandResult' is not recognized as a name of a cmdlet, function, script file, or executable program.\r\nCheck the spelling of the name, or if a path was included, verify that the path is correct and try again."}

Command      : WebHost.ps1
ScriptName   : C:\SC\PsWebHost\WebHost.ps1
FunctionName : <ScriptBlock>
Line         : 878
Arguments    : {Verbose=True}

Command      : WebHost.ps1
ScriptName   : C:\SC\PsWebHost\WebHost.ps1
FunctionName : <ScriptBlock><End>
Line         : 875
Arguments    : {Verbose=True}


2026-02-09T02:55:46.2039744Z	2026-02-08T20:55:46.2039744-06:00	Error	ErrorArrayCheck	\[WebHost\.PS1]\ \$Error\[6]\ The\ term\ 'Get-DebugCommandQueue'\ is\ not\ recognized\ as\ a\ name\ of\ a\ cmdlet,\ function,\ script\ file,\ or\ executable\ program\.\r\nCheck\ the\ spelling\ of\ the\ name,\ or\ if\ a\ path\ was\ included,\ verify\ that\ the\ path\ is\ correct\ and\ try\ again\.\nAt\ C:\\SC\\PsWebHost\\apps\\WebHostDebugExtensions\\app_init\.ps1:90\ char:15\r\n\+\ .\ \ \ if\ \(-not\ \(Get-Command\ Get-DebugCommandQueue\ -ErrorAction\ SilentlyCo\ .\r\n\+\ \ \ \ \ \ \ \ \ \ \ \ \ \ \ ~~~~~~~~~~~~~~~~~~~~~~~~~~~~~~~~~~~~~~~~~~~~~~~~~~~~~~~~~	WebHost.ps1	WebHost.ps1				1	{"PositionMessage":"At C:\\SC\\PsWebHost\\apps\\WebHostDebugExtensions\\app_init.ps1:90 char:15\r\n+ .   if (-not (Get-Command Get-DebugCommandQueue -ErrorAction SilentlyCo .\r\n+               ~~~~~~~~~~~~~~~~~~~~~~~~~~~~~~~~~~~~~~~~~~~~~~~~~~~~~~~~~","Message":"The term 'Get-DebugCommandQueue' is not recognized as a name of a cmdlet, function, script file, or executable program.\r\nCheck the spelling of the name, or if a path was included, verify that the path is correct and try again."}

Command      : WebHost.ps1
ScriptName   : C:\SC\PsWebHost\WebHost.ps1
FunctionName : <ScriptBlock>
Line         : 878
Arguments    : {Verbose=True}

Command      : WebHost.ps1
ScriptName   : C:\SC\PsWebHost\WebHost.ps1
FunctionName : <ScriptBlock><End>
Line         : 875
Arguments    : {Verbose=True}


2026-02-09T02:55:46.2089316Z	2026-02-08T20:55:46.2089316-06:00	Error	ErrorArrayCheck	\[WebHost\.PS1]\ \$Error\[7]\ The\ term\ 'Get-DebugCommandHistory'\ is\ not\ recognized\ as\ a\ name\ of\ a\ cmdlet,\ function,\ script\ file,\ or\ executable\ program\.\r\nCheck\ the\ spelling\ of\ the\ name,\ or\ if\ a\ path\ was\ included,\ verify\ that\ the\ path\ is\ correct\ and\ try\ again\.\nAt\ C:\\SC\\PsWebHost\\apps\\WebHostDebugExtensions\\app_init\.ps1:42\ char:15\r\n\+\ .\ \ \ if\ \(-not\ \(Get-Command\ Get-DebugCommandHistory\ -ErrorAction\ Silently\ .\r\n\+\ \ \ \ \ \ \ \ \ \ \ \ \ \ \ ~~~~~~~~~~~~~~~~~~~~~~~~~~~~~~~~~~~~~~~~~~~~~~~~~~~~~~~~~	WebHost.ps1	WebHost.ps1				1	{"PositionMessage":"At C:\\SC\\PsWebHost\\apps\\WebHostDebugExtensions\\app_init.ps1:42 char:15\r\n+ .   if (-not (Get-Command Get-DebugCommandHistory -ErrorAction Silently .\r\n+               ~~~~~~~~~~~~~~~~~~~~~~~~~~~~~~~~~~~~~~~~~~~~~~~~~~~~~~~~~","Message":"The term 'Get-DebugCommandHistory' is not recognized as a name of a cmdlet, function, script file, or executable program.\r\nCheck the spelling of the name, or if a path was included, verify that the path is correct and try again."}

Command      : WebHost.ps1
ScriptName   : C:\SC\PsWebHost\WebHost.ps1
FunctionName : <ScriptBlock>
Line         : 878
Arguments    : {Verbose=True}

Command      : WebHost.ps1
ScriptName   : C:\SC\PsWebHost\WebHost.ps1
FunctionName : <ScriptBlock><End>
Line         : 875
Arguments    : {Verbose=True}


2026-02-09T02:55:46.2129591Z	2026-02-08T20:55:46.2129591-06:00	Error	ErrorArrayCheck	\[WebHost\.PS1]\ \$Error\[8]\ Cannot\ bind\ argument\ to\ parameter\ 'Path'\ because\ it\ is\ null\.\nAt\ C:\\SC\\PsWebHost\\apps\\vault\\app_init\.ps1:20\ char:22\r\n\+\ \$dataDir\ =\ Join-Path\ \$Global:PSWebServer\['DataRoot']\ "apps\\vault"\r\n\+\ \ \ \ \ \ \ \ \ \ \ \ \ \ \ \ \ \ \ \ \ \ ~~~~~~~~~~~~~~~~~~~~~~~~~~~~~~~	WebHost.ps1	WebHost.ps1				1	{"PositionMessage":"At C:\\SC\\PsWebHost\\apps\\vault\\app_init.ps1:20 char:22\r\n+ $dataDir = Join-Path $Global:PSWebServer['DataRoot'] \"apps\\vault\"\r\n+                      ~~~~~~~~~~~~~~~~~~~~~~~~~~~~~~~","Message":"Cannot bind argument to parameter 'Path' because it is null."}

Command      : WebHost.ps1
ScriptName   : C:\SC\PsWebHost\WebHost.ps1
FunctionName : <ScriptBlock>
Line         : 878
Arguments    : {Verbose=True}

Command      : WebHost.ps1
ScriptName   : C:\SC\PsWebHost\WebHost.ps1
FunctionName : <ScriptBlock><End>
Line         : 875
Arguments    : {Verbose=True}


2026-02-09T02:55:46.2171662Z	2026-02-08T20:55:46.2171662-06:00	Error	ErrorArrayCheck	\[WebHost\.PS1]\ \$Error\[9]\ Cannot\ bind\ argument\ to\ parameter\ 'Path'\ because\ it\ is\ null\.\nAt\ C:\\SC\\PsWebHost\\apps\\UnitTests\\app_init\.ps1:8\ char:26\r\n\+\ \ \ \ \ DataPath\ =\ Join-Path\ \$Global:PSWebServer\['DataRoot']\ "apps\\UnitTe\ .\r\n\+\ \ \ \ \ \ \ \ \ \ \ \ \ \ \ \ \ \ \ \ \ \ \ \ \ \ ~~~~~~~~~~~~~~~~~~~~~~~~~~~~~~~	WebHost.ps1	WebHost.ps1				1	{"PositionMessage":"At C:\\SC\\PsWebHost\\apps\\UnitTests\\app_init.ps1:8 char:26\r\n+     DataPath = Join-Path $Global:PSWebServer['DataRoot'] \"apps\\UnitTe .\r\n+                          ~~~~~~~~~~~~~~~~~~~~~~~~~~~~~~~","Message":"Cannot bind argument to parameter 'Path' because it is null."}

Command      : WebHost.ps1
ScriptName   : C:\SC\PsWebHost\WebHost.ps1
FunctionName : <ScriptBlock>
Line         : 878
Arguments    : {Verbose=True}

Command      : WebHost.ps1
ScriptName   : C:\SC\PsWebHost\WebHost.ps1
FunctionName : <ScriptBlock><End>
Line         : 875
Arguments    : {Verbose=True}


2026-02-09T02:55:46.2215124Z	2026-02-08T20:55:46.2215124-06:00	Error	ErrorArrayCheck	\[WebHost\.PS1]\ \$Error\[10]\ Cannot\ bind\ argument\ to\ parameter\ 'Path'\ because\ it\ is\ null\.\nAt\ C:\\SC\\PsWebHost\\apps\\UI_Uplot\\app_init\.ps1:11\ char:26\r\n\+\ \ \ \ \ DataPath\ =\ Join-Path\ \$Global:PSWebServer\['DataRoot']\ "apps\\UI_Upl\ .\r\n\+\ \ \ \ \ \ \ \ \ \ \ \ \ \ \ \ \ \ \ \ \ \ \ \ \ \ ~~~~~~~~~~~~~~~~~~~~~~~~~~~~~~~	WebHost.ps1	WebHost.ps1				1	{"PositionMessage":"At C:\\SC\\PsWebHost\\apps\\UI_Uplot\\app_init.ps1:11 char:26\r\n+     DataPath = Join-Path $Global:PSWebServer['DataRoot'] \"apps\\UI_Upl .\r\n+                          ~~~~~~~~~~~~~~~~~~~~~~~~~~~~~~~","Message":"Cannot bind argument to parameter 'Path' because it is null."}

Command      : WebHost.ps1
ScriptName   : C:\SC\PsWebHost\WebHost.ps1
FunctionName : <ScriptBlock>
Line         : 878
Arguments    : {Verbose=True}

Command      : WebHost.ps1
ScriptName   : C:\SC\PsWebHost\WebHost.ps1
FunctionName : <ScriptBlock><End>
Line         : 875
Arguments    : {Verbose=True}


2026-02-09T02:55:46.2247201Z	2026-02-08T20:55:46.2247201-06:00	Error	ErrorArrayCheck	\[WebHost\.PS1]\ \$Error\[11]\ Cannot\ bind\ argument\ to\ parameter\ 'Path'\ because\ it\ is\ null\.\nAt\ C:\\SC\\PsWebHost\\apps\\SQLServerManager\\app_init\.ps1:23\ char:26\r\n\+\ \ \ \ \ DataPath\ =\ Join-Path\ \$Global:PSWebServer\['DataRoot']\ "apps\\SQLSer\ .\r\n\+\ \ \ \ \ \ \ \ \ \ \ \ \ \ \ \ \ \ \ \ \ \ \ \ \ \ ~~~~~~~~~~~~~~~~~~~~~~~~~~~~~~~	WebHost.ps1	WebHost.ps1				1	{"PositionMessage":"At C:\\SC\\PsWebHost\\apps\\SQLServerManager\\app_init.ps1:23 char:26\r\n+     DataPath = Join-Path $Global:PSWebServer['DataRoot'] \"apps\\SQLSer .\r\n+                          ~~~~~~~~~~~~~~~~~~~~~~~~~~~~~~~","Message":"Cannot bind argument to parameter 'Path' because it is null."}

Command      : WebHost.ps1
ScriptName   : C:\SC\PsWebHost\WebHost.ps1
FunctionName : <ScriptBlock>
Line         : 878
Arguments    : {Verbose=True}

Command      : WebHost.ps1
ScriptName   : C:\SC\PsWebHost\WebHost.ps1
FunctionName : <ScriptBlock><End>
Line         : 875
Arguments    : {Verbose=True}


2026-02-09T02:55:46.2284213Z	2026-02-08T20:55:46.2284213-06:00	Error	ErrorArrayCheck	\[WebHost\.PS1]\ \$Error\[12]\ Cannot\ bind\ argument\ to\ parameter\ 'Path'\ because\ it\ is\ null\.\nAt\ C:\\SC\\PsWebHost\\apps\\SQLiteManager\\app_init\.ps1:23\ char:26\r\n\+\ \ \ \ \ DataPath\ =\ Join-Path\ \$Global:PSWebServer\['DataRoot']\ "apps\\SQLite\ .\r\n\+\ \ \ \ \ \ \ \ \ \ \ \ \ \ \ \ \ \ \ \ \ \ \ \ \ \ ~~~~~~~~~~~~~~~~~~~~~~~~~~~~~~~	WebHost.ps1	WebHost.ps1				1	{"PositionMessage":"At C:\\SC\\PsWebHost\\apps\\SQLiteManager\\app_init.ps1:23 char:26\r\n+     DataPath = Join-Path $Global:PSWebServer['DataRoot'] \"apps\\SQLite .\r\n+                          ~~~~~~~~~~~~~~~~~~~~~~~~~~~~~~~","Message":"Cannot bind argument to parameter 'Path' because it is null."}

Command      : WebHost.ps1
ScriptName   : C:\SC\PsWebHost\WebHost.ps1
FunctionName : <ScriptBlock>
Line         : 878
Arguments    : {Verbose=True}

Command      : WebHost.ps1
ScriptName   : C:\SC\PsWebHost\WebHost.ps1
FunctionName : <ScriptBlock><End>
Line         : 875
Arguments    : {Verbose=True}


2026-02-09T02:55:46.2318355Z	2026-02-08T20:55:46.2318355-06:00	Error	ErrorArrayCheck	\[WebHost\.PS1]\ \$Error\[13]\ Cannot\ bind\ argument\ to\ parameter\ 'Path'\ because\ it\ is\ null\.\nAt\ C:\\SC\\PsWebHost\\apps\\RedisManager\\app_init\.ps1:23\ char:26\r\n\+\ \ \ \ \ DataPath\ =\ Join-Path\ \$Global:PSWebServer\['DataRoot']\ "apps\\RedisM\ .\r\n\+\ \ \ \ \ \ \ \ \ \ \ \ \ \ \ \ \ \ \ \ \ \ \ \ \ \ ~~~~~~~~~~~~~~~~~~~~~~~~~~~~~~~	WebHost.ps1	WebHost.ps1				1	{"PositionMessage":"At C:\\SC\\PsWebHost\\apps\\RedisManager\\app_init.ps1:23 char:26\r\n+     DataPath = Join-Path $Global:PSWebServer['DataRoot'] \"apps\\RedisM .\r\n+                          ~~~~~~~~~~~~~~~~~~~~~~~~~~~~~~~","Message":"Cannot bind argument to parameter 'Path' because it is null."}

Command      : WebHost.ps1
ScriptName   : C:\SC\PsWebHost\WebHost.ps1
FunctionName : <ScriptBlock>
Line         : 878
Arguments    : {Verbose=True}

Command      : WebHost.ps1
ScriptName   : C:\SC\PsWebHost\WebHost.ps1
FunctionName : <ScriptBlock><End>
Line         : 875
Arguments    : {Verbose=True}


2026-02-09T02:55:46.2367826Z	2026-02-08T20:55:46.2367826-06:00	Error	ErrorArrayCheck	\[WebHost\.PS1]\ \$Error\[14]\ Cannot\ bind\ argument\ to\ parameter\ 'Path'\ because\ it\ is\ null\.\nAt\ C:\\SC\\PsWebHost\\apps\\MySQLManager\\app_init\.ps1:23\ char:26\r\n\+\ \ \ \ \ DataPath\ =\ Join-Path\ \$Global:PSWebServer\['DataRoot']\ "apps\\MySQLM\ .\r\n\+\ \ \ \ \ \ \ \ \ \ \ \ \ \ \ \ \ \ \ \ \ \ \ \ \ \ ~~~~~~~~~~~~~~~~~~~~~~~~~~~~~~~	WebHost.ps1	WebHost.ps1				1	{"PositionMessage":"At C:\\SC\\PsWebHost\\apps\\MySQLManager\\app_init.ps1:23 char:26\r\n+     DataPath = Join-Path $Global:PSWebServer['DataRoot'] \"apps\\MySQLM .\r\n+                          ~~~~~~~~~~~~~~~~~~~~~~~~~~~~~~~","Message":"Cannot bind argument to parameter 'Path' because it is null."}

Command      : WebHost.ps1
ScriptName   : C:\SC\PsWebHost\WebHost.ps1
FunctionName : <ScriptBlock>
Line         : 878
Arguments    : {Verbose=True}

Command      : WebHost.ps1
ScriptName   : C:\SC\PsWebHost\WebHost.ps1
FunctionName : <ScriptBlock><End>
Line         : 875
Arguments    : {Verbose=True}


2026-02-09T02:55:46.2403366Z	2026-02-08T20:55:46.2403366-06:00	Error	ErrorArrayCheck	\[WebHost\.PS1]\ \$Error\[15]\ Cannot\ bind\ argument\ to\ parameter\ 'Path'\ because\ it\ is\ null\.\nAt\ C:\\SC\\PsWebHost\\apps\\LinuxAdmin\\app_init\.ps1:23\ char:26\r\n\+\ \ \ \ \ DataPath\ =\ Join-Path\ \$Global:PSWebServer\['DataRoot']\ "apps\\LinuxA\ .\r\n\+\ \ \ \ \ \ \ \ \ \ \ \ \ \ \ \ \ \ \ \ \ \ \ \ \ \ ~~~~~~~~~~~~~~~~~~~~~~~~~~~~~~~	WebHost.ps1	WebHost.ps1				1	{"PositionMessage":"At C:\\SC\\PsWebHost\\apps\\LinuxAdmin\\app_init.ps1:23 char:26\r\n+     DataPath = Join-Path $Global:PSWebServer['DataRoot'] \"apps\\LinuxA .\r\n+                          ~~~~~~~~~~~~~~~~~~~~~~~~~~~~~~~","Message":"Cannot bind argument to parameter 'Path' because it is null."}

Command      : WebHost.ps1
ScriptName   : C:\SC\PsWebHost\WebHost.ps1
FunctionName : <ScriptBlock>
Line         : 878
Arguments    : {Verbose=True}

Command      : WebHost.ps1
ScriptName   : C:\SC\PsWebHost\WebHost.ps1
FunctionName : <ScriptBlock><End>
Line         : 875
Arguments    : {Verbose=True}


2026-02-09T02:55:46.2435564Z	2026-02-08T20:55:46.2435564-06:00	Error	ErrorArrayCheck	\[WebHost\.PS1]\ \$Error\[16]\ Cannot\ bind\ argument\ to\ parameter\ 'Path'\ because\ it\ is\ null\.\nAt\ C:\\SC\\PsWebHost\\apps\\KubernetesManager\\app_init\.ps1:23\ char:26\r\n\+\ \ \ \ \ DataPath\ =\ Join-Path\ \$Global:PSWebServer\['DataRoot']\ "apps\\Kubern\ .\r\n\+\ \ \ \ \ \ \ \ \ \ \ \ \ \ \ \ \ \ \ \ \ \ \ \ \ \ ~~~~~~~~~~~~~~~~~~~~~~~~~~~~~~~	WebHost.ps1	WebHost.ps1				1	{"PositionMessage":"At C:\\SC\\PsWebHost\\apps\\KubernetesManager\\app_init.ps1:23 char:26\r\n+     DataPath = Join-Path $Global:PSWebServer['DataRoot'] \"apps\\Kubern .\r\n+                          ~~~~~~~~~~~~~~~~~~~~~~~~~~~~~~~","Message":"Cannot bind argument to parameter 'Path' because it is null."}

Command      : WebHost.ps1
ScriptName   : C:\SC\PsWebHost\WebHost.ps1
FunctionName : <ScriptBlock>
Line         : 878
Arguments    : {Verbose=True}

Command      : WebHost.ps1
ScriptName   : C:\SC\PsWebHost\WebHost.ps1
FunctionName : <ScriptBlock><End>
Line         : 875
Arguments    : {Verbose=True}


2026-02-09T02:55:46.2468593Z	2026-02-08T20:55:46.2468593-06:00	Error	ErrorArrayCheck	\[WebHost\.PS1]\ \$Error\[17]\ Cannot\ bind\ argument\ to\ parameter\ 'Path'\ because\ it\ is\ null\.\nAt\ C:\\SC\\PsWebHost\\apps\\DockerManager\\app_init\.ps1:23\ char:26\r\n\+\ \ \ \ \ DataPath\ =\ Join-Path\ \$Global:PSWebServer\['DataRoot']\ "apps\\Docker\ .\r\n\+\ \ \ \ \ \ \ \ \ \ \ \ \ \ \ \ \ \ \ \ \ \ \ \ \ \ ~~~~~~~~~~~~~~~~~~~~~~~~~~~~~~~	WebHost.ps1	WebHost.ps1				1	{"PositionMessage":"At C:\\SC\\PsWebHost\\apps\\DockerManager\\app_init.ps1:23 char:26\r\n+     DataPath = Join-Path $Global:PSWebServer['DataRoot'] \"apps\\Docker .\r\n+                          ~~~~~~~~~~~~~~~~~~~~~~~~~~~~~~~","Message":"Cannot bind argument to parameter 'Path' because it is null."}
[33;1mVERBOSE: Synchronous context received. Processing request /apps/WebHostMetrics/cards/server-heatmap[0m
[33;1mVERBOSE: [Process-HttpRequest] Starting processing request:   from [0m
[33;1mVERBOSE: [Process-HttpRequest] 20260208 20:55:46 Request received: get /apps/WebHostMetrics/cards/server-heatmap from [::1]:62759[0m
[33;1mVERBOSE: [Process-HttpRequest] Incoming Cookie header: PSWebSessionID=6552a790-8769-4737-8c71-08cae865d496[0m
[33;1mVERBOSE: [Process-HttpRequest] Session cookie found: 6552a790-8769-4737-8c71-08cae865d496[0m
[33;1mVERBOSE: [Get-PSWebSessions] Returning session type: System.Collections.Hashtable+SyncHashtable IsArray: False[0m
[33;1mVERBOSE: 	[Process-HttpRequest] 20260208 20:55:46 Session: 6552a790-8769-4737-8c71-08cae865d496 UserID: 6ec71a85-fb79-4ebc-aa1d-587c7f8b403c[0m
[33;1mVERBOSE: [Process-HttpRequest] Apps route request: app=WebHostMetrics, route=cards/server-heatmap[0m
[33;1mVERBOSE: [Process-HttpRequest] Checking for route script: C:\SC\PsWebHost\apps\WebHostMetrics\routes\cards\server-heatmap\get.ps1[0m
[33;1mVERBOSE: [Process-HttpRequest] Route script found: C:\SC\PsWebHost\apps\WebHostMetrics\routes\cards\server-heatmap\get.ps1[0m
[33;1mVERBOSE: [Process-HttpRequest] Apps route script found: C:\SC\PsWebHost\apps\WebHostMetrics\routes\cards\server-heatmap\get.ps1[0m
[33;1mVERBOSE: [Process-HttpRequest] Executing app route script: C:\SC\PsWebHost\apps\WebHostMetrics\routes\cards\server-heatmap\get.ps1[0m
[33;1mVERBOSE: [Backup-ConfigurationFile] File unchanged since last backup: get.security.json[0m
[33;1mVERBOSE: Perform operation 'Enumerate CimInstances' with following parameters, ''namespaceName' = root/wmi,'className' = MSAcpi_ThermalZoneTemperature'.[0m
[33;1mVERBOSE: Operation 'Enumerate CimInstances' complete.[0m
[33;1mVERBOSE: Perform operation 'Enumerate CimInstances' with following parameters, ''namespaceName' = root\cimv2,'className' = Win32_OperatingSystem'.[0m
[33;1mVERBOSE: Operation 'Enumerate CimInstances' complete.[0m
[33;1mVERBOSE: Perform operation 'Query CimInstances' with following parameters, ''namespaceName' = root\cimv2,'queryDialect' = WQL,'queryExpression' = SELECT * FROM Win32_LogicalDisk WHERE DriveType=3'.[0m
[33;1mVERBOSE: Operation 'Query CimInstances' complete.[0m
[33;1mVERBOSE: Perform operation 'Enumerate CimInstances' with following parameters, ''namespaceName' = root\cimv2,'className' = Win32_NetworkAdapter'.[0m
[33;1mVERBOSE: Operation 'Enumerate CimInstances' complete.[0m
[33;1mVERBOSE: Perform operation 'Enumerate CimInstances' with following parameters, ''namespaceName' = root\cimv2,'className' = Win32_PerfFormattedData_PerfOS_System'.[0m
[33;1mVERBOSE: Operation 'Enumerate CimInstances' complete.[0m
[33;1mVERBOSE: Perform operation 'Enumerate CimInstances' with following parameters, ''namespaceName' = root\cimv2,'className' = Win32_OperatingSystem'.[0m
[33;1mVERBOSE: Operation 'Enumerate CimInstances' complete.[0m

Command      : WebHost.ps1
ScriptName   : C:\SC\PsWebHost\WebHost.ps1
FunctionName : <ScriptBlock>
Line         : 878
Arguments    : {Verbose=True}

Command      : WebHost.ps1
ScriptName   : C:\SC\PsWebHost\WebHost.ps1
FunctionName : <ScriptBlock><End>
Line         : 875
Arguments    : {Verbose=True}


2026-02-09T02:55:52.9956955Z	2026-02-08T20:55:52.9956955-06:00	Error	ErrorArrayCheck	\[WebHost\.PS1]\ \$Error\[0]\ Not\ supported\ \nAt\ C:\\SC\\PsWebHost\\apps\\WebHostMetrics\\modules\\PSWebHost_Metrics\\PSWebHost_Metrics\.psm1:401\ char:26\r\n\+\ .\ \ \ \ \$temps\ =\ Get-CimInstance\ -Namespace\ root/wmi\ -ClassName\ MSAcpi_The\ .\r\n\+\ \ \ \ \ \ \ \ \ \ \ \ \ \ \ ~~~~~~~~~~~~~~~~~~~~~~~~~~~~~~~~~~~~~~~~~~~~~~~~~~~~~~~~~	WebHost.ps1	WebHost.ps1				1	{"PositionMessage":"At C:\\SC\\PsWebHost\\apps\\WebHostMetrics\\modules\\PSWebHost_Metrics\\PSWebHost_Metrics.psm1:401 char:26\r\n+ .    $temps = Get-CimInstance -Namespace root/wmi -ClassName MSAcpi_The .\r\n+               ~~~~~~~~~~~~~~~~~~~~~~~~~~~~~~~~~~~~~~~~~~~~~~~~~~~~~~~~~","Message":"Not supported "}
[33;1mVERBOSE: Synchronous context received. Processing request /apps/WebhostRealtimeEvents/api/v1/logs?timeRange=15&sortBy=Date&sortOrder=desc&count=1000[0m
[33;1mVERBOSE: [Process-HttpRequest] Starting processing request:   from [0m
[33;1mVERBOSE: [Process-HttpRequest] 20260208 20:55:53 Request received: get /apps/WebhostRealtimeEvents/api/v1/logs from 127.0.0.1:62756[0m
[33;1mVERBOSE: [Process-HttpRequest] Incoming Cookie header: PSWebSessionID=6552a790-8769-4737-8c71-08cae865d496[0m
[33;1mVERBOSE: [Process-HttpRequest] Session cookie found: 6552a790-8769-4737-8c71-08cae865d496[0m
[33;1mVERBOSE: [Get-PSWebSessions] Returning session type: System.Collections.Hashtable+SyncHashtable IsArray: False[0m
[33;1mVERBOSE: 	[Process-HttpRequest] 20260208 20:55:53 Session: 6552a790-8769-4737-8c71-08cae865d496 UserID: 6ec71a85-fb79-4ebc-aa1d-587c7f8b403c[0m
[33;1mVERBOSE: [Process-HttpRequest] Apps route request: app=WebhostRealtimeEvents, route=api/v1/logs[0m
[33;1mVERBOSE: [Process-HttpRequest] Checking for route script: C:\SC\PsWebHost\apps\WebhostRealtimeEvents\routes\api\v1\logs\get.ps1[0m
[33;1mVERBOSE: [Process-HttpRequest] Route script found: C:\SC\PsWebHost\apps\WebhostRealtimeEvents\routes\api\v1\logs\get.ps1[0m
[33;1mVERBOSE: [Process-HttpRequest] Apps route script found: C:\SC\PsWebHost\apps\WebhostRealtimeEvents\routes\api\v1\logs\get.ps1[0m
[33;1mVERBOSE: [Process-HttpRequest] Executing app route script: C:\SC\PsWebHost\apps\WebhostRealtimeEvents\routes\api\v1\logs\get.ps1[0m
[33;1mVERBOSE: [Backup-ConfigurationFile] File unchanged since last backup: get.security.json[0m
[33;1mVERBOSE: Synchronous context received. Processing request /apps/WebHostDebugExtensions/api/v1/debug/commands/poll[0m
[33;1mVERBOSE: [Process-HttpRequest] Starting processing request:   from [0m
[33;1mVERBOSE: [Process-HttpRequest] 20260208 20:55:53 Request received: get /apps/WebHostDebugExtensions/api/v1/debug/commands/poll from [::1]:62764[0m
[33;1mVERBOSE: [Process-HttpRequest] Incoming Cookie header: PSWebSessionID=6552a790-8769-4737-8c71-08cae865d496[0m
[33;1mVERBOSE: [Process-HttpRequest] Session cookie found: 6552a790-8769-4737-8c71-08cae865d496[0m
[33;1mVERBOSE: [Get-PSWebSessions] Returning session type: System.Collections.Hashtable+SyncHashtable IsArray: False[0m
[33;1mVERBOSE: 	[Process-HttpRequest] 20260208 20:55:53 Session: 6552a790-8769-4737-8c71-08cae865d496 UserID: 6ec71a85-fb79-4ebc-aa1d-587c7f8b403c[0m
[33;1mVERBOSE: [Process-HttpRequest] Apps route request: app=WebHostDebugExtensions, route=api/v1/debug/commands/poll[0m
[33;1mVERBOSE: [Process-HttpRequest] Checking for route script: C:\SC\PsWebHost\apps\WebHostDebugExtensions\routes\api\v1\debug\commands\poll\get.ps1[0m
[33;1mVERBOSE: [Process-HttpRequest] Route script found: C:\SC\PsWebHost\apps\WebHostDebugExtensions\routes\api\v1\debug\commands\poll\get.ps1[0m
[33;1mVERBOSE: [Process-HttpRequest] Apps route script found: C:\SC\PsWebHost\apps\WebHostDebugExtensions\routes\api\v1\debug\commands\poll\get.ps1[0m
[33;1mVERBOSE: [Process-HttpRequest] Executing app route script: C:\SC\PsWebHost\apps\WebHostDebugExtensions\routes\api\v1\debug\commands\poll\get.ps1[0m
[33;1mVERBOSE: [Backup-ConfigurationFile] File unchanged since last backup: get.security.json[0m
[33;1mVERBOSE: Synchronous context received. Processing request /apps/WebHostDebugExtensions/api/v1/debug/commands/poll[0m
[33;1mVERBOSE: [Process-HttpRequest] Starting processing request:   from [0m
[33;1mVERBOSE: [Process-HttpRequest] 20260208 20:55:53 Request received: get /apps/WebHostDebugExtensions/api/v1/debug/commands/poll from 127.0.0.1:62760[0m
[33;1mVERBOSE: [Process-HttpRequest] Incoming Cookie header: PSWebSessionID=6552a790-8769-4737-8c71-08cae865d496[0m
[33;1mVERBOSE: [Process-HttpRequest] Session cookie found: 6552a790-8769-4737-8c71-08cae865d496[0m
[33;1mVERBOSE: [Get-PSWebSessions] Returning session type: System.Collections.Hashtable+SyncHashtable IsArray: False[0m
[33;1mVERBOSE: 	[Process-HttpRequest] 20260208 20:55:53 Session: 6552a790-8769-4737-8c71-08cae865d496 UserID: 6ec71a85-fb79-4ebc-aa1d-587c7f8b403c[0m
[33;1mVERBOSE: [Process-HttpRequest] Apps route request: app=WebHostDebugExtensions, route=api/v1/debug/commands/poll[0m
[33;1mVERBOSE: [Process-HttpRequest] Checking for route script: C:\SC\PsWebHost\apps\WebHostDebugExtensions\routes\api\v1\debug\commands\poll\get.ps1[0m
[33;1mVERBOSE: [Process-HttpRequest] Route script found: C:\SC\PsWebHost\apps\WebHostDebugExtensions\routes\api\v1\debug\commands\poll\get.ps1[0m
[33;1mVERBOSE: [Process-HttpRequest] Apps route script found: C:\SC\PsWebHost\apps\WebHostDebugExtensions\routes\api\v1\debug\commands\poll\get.ps1[0m
[33;1mVERBOSE: [Process-HttpRequest] Executing app route script: C:\SC\PsWebHost\apps\WebHostDebugExtensions\routes\api\v1\debug\commands\poll\get.ps1[0m
[33;1mVERBOSE: [Backup-ConfigurationFile] File unchanged since last backup: get.security.json[0m
[33;1mVERBOSE: Synchronous context received. Processing request /apps/WebHostDebugExtensions/api/v1/debug/commands/poll[0m
[33;1mVERBOSE: [Process-HttpRequest] Starting processing request:   from [0m
[33;1mVERBOSE: [Process-HttpRequest] 20260208 20:55:53 Request received: get /apps/WebHostDebugExtensions/api/v1/debug/commands/poll from [::1]:62765[0m
[33;1mVERBOSE: [Process-HttpRequest] Incoming Cookie header: PSWebSessionID=6552a790-8769-4737-8c71-08cae865d496[0m
[33;1mVERBOSE: [Process-HttpRequest] Session cookie found: 6552a790-8769-4737-8c71-08cae865d496[0m
[33;1mVERBOSE: [Get-PSWebSessions] Returning session type: System.Collections.Hashtable+SyncHashtable IsArray: False[0m
[33;1mVERBOSE: 	[Process-HttpRequest] 20260208 20:55:53 Session: 6552a790-8769-4737-8c71-08cae865d496 UserID: 6ec71a85-fb79-4ebc-aa1d-587c7f8b403c[0m
[33;1mVERBOSE: [Process-HttpRequest] Apps route request: app=WebHostDebugExtensions, route=api/v1/debug/commands/poll[0m
[33;1mVERBOSE: [Process-HttpRequest] Checking for route script: C:\SC\PsWebHost\apps\WebHostDebugExtensions\routes\api\v1\debug\commands\poll\get.ps1[0m
[33;1mVERBOSE: [Process-HttpRequest] Route script found: C:\SC\PsWebHost\apps\WebHostDebugExtensions\routes\api\v1\debug\commands\poll\get.ps1[0m
[33;1mVERBOSE: [Process-HttpRequest] Apps route script found: C:\SC\PsWebHost\apps\WebHostDebugExtensions\routes\api\v1\debug\commands\poll\get.ps1[0m
[33;1mVERBOSE: [Process-HttpRequest] Executing app route script: C:\SC\PsWebHost\apps\WebHostDebugExtensions\routes\api\v1\debug\commands\poll\get.ps1[0m
[33;1mVERBOSE: [Backup-ConfigurationFile] File unchanged since last backup: get.security.json[0m
[33;1mVERBOSE: Synchronous context received. Processing request /apps/WebhostRealtimeEvents/api/v1/logs?timeRange=15&sortBy=Date&sortOrder=desc&count=1000[0m
[33;1mVERBOSE: [Process-HttpRequest] Starting processing request:   from [0m
[33;1mVERBOSE: [Process-HttpRequest] 20260208 20:55:53 Request received: get /apps/WebhostRealtimeEvents/api/v1/logs from 127.0.0.1:62757[0m
[33;1mVERBOSE: [Process-HttpRequest] Incoming Cookie header: PSWebSessionID=6552a790-8769-4737-8c71-08cae865d496[0m
[33;1mVERBOSE: [Process-HttpRequest] Session cookie found: 6552a790-8769-4737-8c71-08cae865d496[0m
[33;1mVERBOSE: [Get-PSWebSessions] Returning session type: System.Collections.Hashtable+SyncHashtable IsArray: False[0m
[33;1mVERBOSE: 	[Process-HttpRequest] 20260208 20:55:53 Session: 6552a790-8769-4737-8c71-08cae865d496 UserID: 6ec71a85-fb79-4ebc-aa1d-587c7f8b403c[0m
[33;1mVERBOSE: [Process-HttpRequest] Apps route request: app=WebhostRealtimeEvents, route=api/v1/logs[0m
[33;1mVERBOSE: [Process-HttpRequest] Checking for route script: C:\SC\PsWebHost\apps\WebhostRealtimeEvents\routes\api\v1\logs\get.ps1[0m
[33;1mVERBOSE: [Process-HttpRequest] Route script found: C:\SC\PsWebHost\apps\WebhostRealtimeEvents\routes\api\v1\logs\get.ps1[0m
[33;1mVERBOSE: [Process-HttpRequest] Apps route script found: C:\SC\PsWebHost\apps\WebhostRealtimeEvents\routes\api\v1\logs\get.ps1[0m
[33;1mVERBOSE: [Process-HttpRequest] Executing app route script: C:\SC\PsWebHost\apps\WebhostRealtimeEvents\routes\api\v1\logs\get.ps1[0m
[33;1mVERBOSE: [Backup-ConfigurationFile] File unchanged since last backup: get.security.json[0m
[33;1mVERBOSE: Synchronous context received. Processing request /apps/WebHostMetrics/cards/server-heatmap[0m
[33;1mVERBOSE: [Process-HttpRequest] Starting processing request:   from [0m
[33;1mVERBOSE: [Process-HttpRequest] 20260208 20:55:53 Request received: get /apps/WebHostMetrics/cards/server-heatmap from 127.0.0.1:62758[0m
[33;1mVERBOSE: [Process-HttpRequest] Incoming Cookie header: PSWebSessionID=6552a790-8769-4737-8c71-08cae865d496[0m
[33;1mVERBOSE: [Process-HttpRequest] Session cookie found: 6552a790-8769-4737-8c71-08cae865d496[0m
[33;1mVERBOSE: [Get-PSWebSessions] Returning session type: System.Collections.Hashtable+SyncHashtable IsArray: False[0m
[33;1mVERBOSE: 	[Process-HttpRequest] 20260208 20:55:53 Session: 6552a790-8769-4737-8c71-08cae865d496 UserID: 6ec71a85-fb79-4ebc-aa1d-587c7f8b403c[0m
[33;1mVERBOSE: [Process-HttpRequest] Apps route request: app=WebHostMetrics, route=cards/server-heatmap[0m
[33;1mVERBOSE: [Process-HttpRequest] Checking for route script: C:\SC\PsWebHost\apps\WebHostMetrics\routes\cards\server-heatmap\get.ps1[0m
[33;1mVERBOSE: [Process-HttpRequest] Route script found: C:\SC\PsWebHost\apps\WebHostMetrics\routes\cards\server-heatmap\get.ps1[0m
[33;1mVERBOSE: [Process-HttpRequest] Apps route script found: C:\SC\PsWebHost\apps\WebHostMetrics\routes\cards\server-heatmap\get.ps1[0m
[33;1mVERBOSE: [Process-HttpRequest] Executing app route script: C:\SC\PsWebHost\apps\WebHostMetrics\routes\cards\server-heatmap\get.ps1[0m
[33;1mVERBOSE: [Backup-ConfigurationFile] File unchanged since last backup: get.security.json[0m
[33;1mVERBOSE: Synchronous context received. Processing request /apps/WebHostDebugExtensions/api/v1/debug/commands/poll[0m
[33;1mVERBOSE: [Process-HttpRequest] Starting processing request:   from [0m
[33;1mVERBOSE: [Process-HttpRequest] 20260208 20:55:53 Request received: get /apps/WebHostDebugExtensions/api/v1/debug/commands/poll from 127.0.0.1:62756[0m
[33;1mVERBOSE: [Process-HttpRequest] Incoming Cookie header: PSWebSessionID=6552a790-8769-4737-8c71-08cae865d496[0m
[33;1mVERBOSE: [Process-HttpRequest] Session cookie found: 6552a790-8769-4737-8c71-08cae865d496[0m
[33;1mVERBOSE: [Get-PSWebSessions] Returning session type: System.Collections.Hashtable+SyncHashtable IsArray: False[0m
[33;1mVERBOSE: 	[Process-HttpRequest] 20260208 20:55:53 Session: 6552a790-8769-4737-8c71-08cae865d496 UserID: 6ec71a85-fb79-4ebc-aa1d-587c7f8b403c[0m
[33;1mVERBOSE: [Process-HttpRequest] Apps route request: app=WebHostDebugExtensions, route=api/v1/debug/commands/poll[0m
[33;1mVERBOSE: [Process-HttpRequest] Checking for route script: C:\SC\PsWebHost\apps\WebHostDebugExtensions\routes\api\v1\debug\commands\poll\get.ps1[0m
[33;1mVERBOSE: [Process-HttpRequest] Route script found: C:\SC\PsWebHost\apps\WebHostDebugExtensions\routes\api\v1\debug\commands\poll\get.ps1[0m
[33;1mVERBOSE: [Process-HttpRequest] Apps route script found: C:\SC\PsWebHost\apps\WebHostDebugExtensions\routes\api\v1\debug\commands\poll\get.ps1[0m
[33;1mVERBOSE: [Process-HttpRequest] Executing app route script: C:\SC\PsWebHost\apps\WebHostDebugExtensions\routes\api\v1\debug\commands\poll\get.ps1[0m
[33;1mVERBOSE: [Backup-ConfigurationFile] File unchanged since last backup: get.security.json[0m
[33;1mVERBOSE: Synchronous context received. Processing request /apps/WebHostDebugExtensions/api/v1/debug/commands/poll[0m
[33;1mVERBOSE: [Process-HttpRequest] Starting processing request:   from [0m
[33;1mVERBOSE: [Process-HttpRequest] 20260208 20:55:53 Request received: get /apps/WebHostDebugExtensions/api/v1/debug/commands/poll from [::1]:62759[0m
[33;1mVERBOSE: [Process-HttpRequest] Incoming Cookie header: PSWebSessionID=6552a790-8769-4737-8c71-08cae865d496[0m
[33;1mVERBOSE: [Process-HttpRequest] Session cookie found: 6552a790-8769-4737-8c71-08cae865d496[0m
[33;1mVERBOSE: [Get-PSWebSessions] Returning session type: System.Collections.Hashtable+SyncHashtable IsArray: False[0m
[33;1mVERBOSE: 	[Process-HttpRequest] 20260208 20:55:53 Session: 6552a790-8769-4737-8c71-08cae865d496 UserID: 6ec71a85-fb79-4ebc-aa1d-587c7f8b403c[0m
[33;1mVERBOSE: [Process-HttpRequest] Apps route request: app=WebHostDebugExtensions, route=api/v1/debug/commands/poll[0m
[33;1mVERBOSE: [Process-HttpRequest] Checking for route script: C:\SC\PsWebHost\apps\WebHostDebugExtensions\routes\api\v1\debug\commands\poll\get.ps1[0m
[33;1mVERBOSE: [Process-HttpRequest] Route script found: C:\SC\PsWebHost\apps\WebHostDebugExtensions\routes\api\v1\debug\commands\poll\get.ps1[0m
[33;1mVERBOSE: [Process-HttpRequest] Apps route script found: C:\SC\PsWebHost\apps\WebHostDebugExtensions\routes\api\v1\debug\commands\poll\get.ps1[0m
[33;1mVERBOSE: [Process-HttpRequest] Executing app route script: C:\SC\PsWebHost\apps\WebHostDebugExtensions\routes\api\v1\debug\commands\poll\get.ps1[0m
[33;1mVERBOSE: [Backup-ConfigurationFile] File unchanged since last backup: get.security.json[0m
[33;1mVERBOSE: Synchronous context received. Processing request /apps/WebhostRealtimeEvents/api/v1/logs?timeRange=15&sortBy=Date&sortOrder=desc&count=1000[0m
[33;1mVERBOSE: [Process-HttpRequest] Starting processing request:   from [0m
[33;1mVERBOSE: [Process-HttpRequest] 20260208 20:55:53 Request received: get /apps/WebhostRealtimeEvents/api/v1/logs from 127.0.0.1:62757[0m
[33;1mVERBOSE: [Process-HttpRequest] Incoming Cookie header: PSWebSessionID=6552a790-8769-4737-8c71-08cae865d496[0m
[33;1mVERBOSE: [Process-HttpRequest] Session cookie found: 6552a790-8769-4737-8c71-08cae865d496[0m
[33;1mVERBOSE: [Get-PSWebSessions] Returning session type: System.Collections.Hashtable+SyncHashtable IsArray: False[0m
[33;1mVERBOSE: 	[Process-HttpRequest] 20260208 20:55:53 Session: 6552a790-8769-4737-8c71-08cae865d496 UserID: 6ec71a85-fb79-4ebc-aa1d-587c7f8b403c[0m
[33;1mVERBOSE: [Process-HttpRequest] Apps route request: app=WebhostRealtimeEvents, route=api/v1/logs[0m
[33;1mVERBOSE: [Process-HttpRequest] Checking for route script: C:\SC\PsWebHost\apps\WebhostRealtimeEvents\routes\api\v1\logs\get.ps1[0m
[33;1mVERBOSE: [Process-HttpRequest] Route script found: C:\SC\PsWebHost\apps\WebhostRealtimeEvents\routes\api\v1\logs\get.ps1[0m
[33;1mVERBOSE: [Process-HttpRequest] Apps route script found: C:\SC\PsWebHost\apps\WebhostRealtimeEvents\routes\api\v1\logs\get.ps1[0m
[33;1mVERBOSE: [Process-HttpRequest] Executing app route script: C:\SC\PsWebHost\apps\WebhostRealtimeEvents\routes\api\v1\logs\get.ps1[0m
[33;1mVERBOSE: [Backup-ConfigurationFile] File unchanged since last backup: get.security.json[0m
[33;1mVERBOSE: Synchronous context received. Processing request /apps/WebHostMetrics/cards/server-heatmap[0m
[33;1mVERBOSE: [Process-HttpRequest] Starting processing request:   from [0m
[33;1mVERBOSE: [Process-HttpRequest] 20260208 20:55:53 Request received: get /apps/WebHostMetrics/cards/server-heatmap from 127.0.0.1:62756[0m
[33;1mVERBOSE: [Process-HttpRequest] Incoming Cookie header: PSWebSessionID=6552a790-8769-4737-8c71-08cae865d496[0m
[33;1mVERBOSE: [Process-HttpRequest] Session cookie found: 6552a790-8769-4737-8c71-08cae865d496[0m
[33;1mVERBOSE: [Get-PSWebSessions] Returning session type: System.Collections.Hashtable+SyncHashtable IsArray: False[0m
[33;1mVERBOSE: 	[Process-HttpRequest] 20260208 20:55:53 Session: 6552a790-8769-4737-8c71-08cae865d496 UserID: 6ec71a85-fb79-4ebc-aa1d-587c7f8b403c[0m
[33;1mVERBOSE: [Process-HttpRequest] Apps route request: app=WebHostMetrics, route=cards/server-heatmap[0m
[33;1mVERBOSE: [Process-HttpRequest] Checking for route script: C:\SC\PsWebHost\apps\WebHostMetrics\routes\cards\server-heatmap\get.ps1[0m
[33;1mVERBOSE: [Process-HttpRequest] Route script found: C:\SC\PsWebHost\apps\WebHostMetrics\routes\cards\server-heatmap\get.ps1[0m
[33;1mVERBOSE: [Process-HttpRequest] Apps route script found: C:\SC\PsWebHost\apps\WebHostMetrics\routes\cards\server-heatmap\get.ps1[0m
[33;1mVERBOSE: [Process-HttpRequest] Executing app route script: C:\SC\PsWebHost\apps\WebHostMetrics\routes\cards\server-heatmap\get.ps1[0m
[33;1mVERBOSE: [Backup-ConfigurationFile] File unchanged since last backup: get.security.json[0m
[33;1mVERBOSE: Synchronous context received. Processing request /apps/WebHostDebugExtensions/api/v1/debug/commands/poll[0m
[33;1mVERBOSE: [Process-HttpRequest] Starting processing request:   from [0m
[33;1mVERBOSE: [Process-HttpRequest] 20260208 20:55:55 Request received: get /apps/WebHostDebugExtensions/api/v1/debug/commands/poll from 127.0.0.1:62757[0m
[33;1mVERBOSE: [Process-HttpRequest] Incoming Cookie header: PSWebSessionID=6552a790-8769-4737-8c71-08cae865d496[0m
[33;1mVERBOSE: [Process-HttpRequest] Session cookie found: 6552a790-8769-4737-8c71-08cae865d496[0m
[33;1mVERBOSE: [Get-PSWebSessions] Returning session type: System.Collections.Hashtable+SyncHashtable IsArray: False[0m
[33;1mVERBOSE: 	[Process-HttpRequest] 20260208 20:55:55 Session: 6552a790-8769-4737-8c71-08cae865d496 UserID: 6ec71a85-fb79-4ebc-aa1d-587c7f8b403c[0m
[33;1mVERBOSE: [Process-HttpRequest] Apps route request: app=WebHostDebugExtensions, route=api/v1/debug/commands/poll[0m
[33;1mVERBOSE: [Process-HttpRequest] Checking for route script: C:\SC\PsWebHost\apps\WebHostDebugExtensions\routes\api\v1\debug\commands\poll\get.ps1[0m
[33;1mVERBOSE: [Process-HttpRequest] Route script found: C:\SC\PsWebHost\apps\WebHostDebugExtensions\routes\api\v1\debug\commands\poll\get.ps1[0m
[33;1mVERBOSE: [Process-HttpRequest] Apps route script found: C:\SC\PsWebHost\apps\WebHostDebugExtensions\routes\api\v1\debug\commands\poll\get.ps1[0m
[33;1mVERBOSE: [Process-HttpRequest] Executing app route script: C:\SC\PsWebHost\apps\WebHostDebugExtensions\routes\api\v1\debug\commands\poll\get.ps1[0m
[33;1mVERBOSE: [Backup-ConfigurationFile] File unchanged since last backup: get.security.json[0m
[33;1mVERBOSE: Synchronous context received. Processing request /apps/WebHostDebugExtensions/api/v1/debug/commands/poll[0m
[33;1mVERBOSE: [Process-HttpRequest] Starting processing request:   from [0m
[33;1mVERBOSE: [Process-HttpRequest] 20260208 20:55:58 Request received: get /apps/WebHostDebugExtensions/api/v1/debug/commands/poll from 127.0.0.1:62757[0m
[33;1mVERBOSE: [Process-HttpRequest] Incoming Cookie header: PSWebSessionID=6552a790-8769-4737-8c71-08cae865d496[0m
[33;1mVERBOSE: [Process-HttpRequest] Session cookie found: 6552a790-8769-4737-8c71-08cae865d496[0m
[33;1mVERBOSE: [Get-PSWebSessions] Returning session type: System.Collections.Hashtable+SyncHashtable IsArray: False[0m
[33;1mVERBOSE: 	[Process-HttpRequest] 20260208 20:55:58 Session: 6552a790-8769-4737-8c71-08cae865d496 UserID: 6ec71a85-fb79-4ebc-aa1d-587c7f8b403c[0m
[33;1mVERBOSE: [Process-HttpRequest] Apps route request: app=WebHostDebugExtensions, route=api/v1/debug/commands/poll[0m
[33;1mVERBOSE: [Process-HttpRequest] Checking for route script: C:\SC\PsWebHost\apps\WebHostDebugExtensions\routes\api\v1\debug\commands\poll\get.ps1[0m
[33;1mVERBOSE: [Process-HttpRequest] Route script found: C:\SC\PsWebHost\apps\WebHostDebugExtensions\routes\api\v1\debug\commands\poll\get.ps1[0m
[33;1mVERBOSE: [Process-HttpRequest] Apps route script found: C:\SC\PsWebHost\apps\WebHostDebugExtensions\routes\api\v1\debug\commands\poll\get.ps1[0m
[33;1mVERBOSE: [Process-HttpRequest] Executing app route script: C:\SC\PsWebHost\apps\WebHostDebugExtensions\routes\api\v1\debug\commands\poll\get.ps1[0m
[33;1mVERBOSE: [Backup-ConfigurationFile] File unchanged since last backup: get.security.json[0m
[33;1mVERBOSE: Synchronous context received. Processing request /apps/WebhostRealtimeEvents/api/v1/logs?timeRange=15&sortBy=Date&sortOrder=desc&count=1000[0m
[33;1mVERBOSE: [Process-HttpRequest] Starting processing request:   from [0m
[33;1mVERBOSE: [Process-HttpRequest] 20260208 20:55:58 Request received: get /apps/WebhostRealtimeEvents/api/v1/logs from 127.0.0.1:62757[0m
[33;1mVERBOSE: [Process-HttpRequest] Incoming Cookie header: PSWebSessionID=6552a790-8769-4737-8c71-08cae865d496[0m
[33;1mVERBOSE: [Process-HttpRequest] Session cookie found: 6552a790-8769-4737-8c71-08cae865d496[0m
[33;1mVERBOSE: [Get-PSWebSessions] Returning session type: System.Collections.Hashtable+SyncHashtable IsArray: False[0m
[33;1mVERBOSE: 	[Process-HttpRequest] 20260208 20:55:58 Session: 6552a790-8769-4737-8c71-08cae865d496 UserID: 6ec71a85-fb79-4ebc-aa1d-587c7f8b403c[0m
[33;1mVERBOSE: [Process-HttpRequest] Apps route request: app=WebhostRealtimeEvents, route=api/v1/logs[0m
[33;1mVERBOSE: [Process-HttpRequest] Checking for route script: C:\SC\PsWebHost\apps\WebhostRealtimeEvents\routes\api\v1\logs\get.ps1[0m
[33;1mVERBOSE: [Process-HttpRequest] Route script found: C:\SC\PsWebHost\apps\WebhostRealtimeEvents\routes\api\v1\logs\get.ps1[0m
[33;1mVERBOSE: [Process-HttpRequest] Apps route script found: C:\SC\PsWebHost\apps\WebhostRealtimeEvents\routes\api\v1\logs\get.ps1[0m
[33;1mVERBOSE: [Process-HttpRequest] Executing app route script: C:\SC\PsWebHost\apps\WebhostRealtimeEvents\routes\api\v1\logs\get.ps1[0m
[33;1mVERBOSE: [Backup-ConfigurationFile] File unchanged since last backup: get.security.json[0m
[33;1mVERBOSE: Synchronous context received. Processing request /apps/WebHostMetrics/cards/server-heatmap[0m
[33;1mVERBOSE: [Process-HttpRequest] Starting processing request:   from [0m
[33;1mVERBOSE: [Process-HttpRequest] 20260208 20:55:58 Request received: get /apps/WebHostMetrics/cards/server-heatmap from 127.0.0.1:62756[0m
[33;1mVERBOSE: [Process-HttpRequest] Incoming Cookie header: PSWebSessionID=6552a790-8769-4737-8c71-08cae865d496[0m
[33;1mVERBOSE: [Process-HttpRequest] Session cookie found: 6552a790-8769-4737-8c71-08cae865d496[0m
[33;1mVERBOSE: [Get-PSWebSessions] Returning session type: System.Collections.Hashtable+SyncHashtable IsArray: False[0m
[33;1mVERBOSE: 	[Process-HttpRequest] 20260208 20:55:58 Session: 6552a790-8769-4737-8c71-08cae865d496 UserID: 6ec71a85-fb79-4ebc-aa1d-587c7f8b403c[0m
[33;1mVERBOSE: [Process-HttpRequest] Apps route request: app=WebHostMetrics, route=cards/server-heatmap[0m
[33;1mVERBOSE: [Process-HttpRequest] Checking for route script: C:\SC\PsWebHost\apps\WebHostMetrics\routes\cards\server-heatmap\get.ps1[0m
[33;1mVERBOSE: [Process-HttpRequest] Route script found: C:\SC\PsWebHost\apps\WebHostMetrics\routes\cards\server-heatmap\get.ps1[0m
[33;1mVERBOSE: [Process-HttpRequest] Apps route script found: C:\SC\PsWebHost\apps\WebHostMetrics\routes\cards\server-heatmap\get.ps1[0m
[33;1mVERBOSE: [Process-HttpRequest] Executing app route script: C:\SC\PsWebHost\apps\WebHostMetrics\routes\cards\server-heatmap\get.ps1[0m
[33;1mVERBOSE: [Backup-ConfigurationFile] File unchanged since last backup: get.security.json[0m
[33;1mVERBOSE: Synchronous context received. Processing request /apps/WebHostDebugExtensions/api/v1/debug/commands/poll[0m
[33;1mVERBOSE: [Process-HttpRequest] Starting processing request:   from [0m
[33;1mVERBOSE: [Process-HttpRequest] 20260208 20:56:01 Request received: get /apps/WebHostDebugExtensions/api/v1/debug/commands/poll from 127.0.0.1:62757[0m
[33;1mVERBOSE: [Process-HttpRequest] Incoming Cookie header: PSWebSessionID=6552a790-8769-4737-8c71-08cae865d496[0m
[33;1mVERBOSE: [Process-HttpRequest] Session cookie found: 6552a790-8769-4737-8c71-08cae865d496[0m
[33;1mVERBOSE: [Get-PSWebSessions] Returning session type: System.Collections.Hashtable+SyncHashtable IsArray: False[0m
[33;1mVERBOSE: 	[Process-HttpRequest] 20260208 20:56:01 Session: 6552a790-8769-4737-8c71-08cae865d496 UserID: 6ec71a85-fb79-4ebc-aa1d-587c7f8b403c[0m
[33;1mVERBOSE: [Process-HttpRequest] Apps route request: app=WebHostDebugExtensions, route=api/v1/debug/commands/poll[0m
[33;1mVERBOSE: [Process-HttpRequest] Checking for route script: C:\SC\PsWebHost\apps\WebHostDebugExtensions\routes\api\v1\debug\commands\poll\get.ps1[0m
[33;1mVERBOSE: [Process-HttpRequest] Route script found: C:\SC\PsWebHost\apps\WebHostDebugExtensions\routes\api\v1\debug\commands\poll\get.ps1[0m
[33;1mVERBOSE: [Process-HttpRequest] Apps route script found: C:\SC\PsWebHost\apps\WebHostDebugExtensions\routes\api\v1\debug\commands\poll\get.ps1[0m
[33;1mVERBOSE: [Process-HttpRequest] Executing app route script: C:\SC\PsWebHost\apps\WebHostDebugExtensions\routes\api\v1\debug\commands\poll\get.ps1[0m
[33;1mVERBOSE: [Backup-ConfigurationFile] File unchanged since last backup: get.security.json[0m
[33;1mVERBOSE: Synchronous context received. Processing request /apps/WebhostRealtimeEvents/api/v1/logs?timeRange=15&sortBy=Date&sortOrder=desc&count=1000[0m
[33;1mVERBOSE: [Process-HttpRequest] Starting processing request:   from [0m
[33;1mVERBOSE: [Process-HttpRequest] 20260208 20:56:03 Request received: get /apps/WebhostRealtimeEvents/api/v1/logs from 127.0.0.1:62757[0m
[33;1mVERBOSE: [Process-HttpRequest] Incoming Cookie header: PSWebSessionID=6552a790-8769-4737-8c71-08cae865d496[0m
[33;1mVERBOSE: [Process-HttpRequest] Session cookie found: 6552a790-8769-4737-8c71-08cae865d496[0m
[33;1mVERBOSE: [Get-PSWebSessions] Returning session type: System.Collections.Hashtable+SyncHashtable IsArray: False[0m
[33;1mVERBOSE: 	[Process-HttpRequest] 20260208 20:56:03 Session: 6552a790-8769-4737-8c71-08cae865d496 UserID: 6ec71a85-fb79-4ebc-aa1d-587c7f8b403c[0m
[33;1mVERBOSE: [Process-HttpRequest] Apps route request: app=WebhostRealtimeEvents, route=api/v1/logs[0m
[33;1mVERBOSE: [Process-HttpRequest] Checking for route script: C:\SC\PsWebHost\apps\WebhostRealtimeEvents\routes\api\v1\logs\get.ps1[0m
[33;1mVERBOSE: [Process-HttpRequest] Route script found: C:\SC\PsWebHost\apps\WebhostRealtimeEvents\routes\api\v1\logs\get.ps1[0m
[33;1mVERBOSE: [Process-HttpRequest] Apps route script found: C:\SC\PsWebHost\apps\WebhostRealtimeEvents\routes\api\v1\logs\get.ps1[0m
[33;1mVERBOSE: [Process-HttpRequest] Executing app route script: C:\SC\PsWebHost\apps\WebhostRealtimeEvents\routes\api\v1\logs\get.ps1[0m
[33;1mVERBOSE: [Backup-ConfigurationFile] File unchanged since last backup: get.security.json[0m
[33;1mVERBOSE: Synchronous context received. Processing request /apps/WebHostMetrics/cards/server-heatmap[0m
[33;1mVERBOSE: [Process-HttpRequest] Starting processing request:   from [0m
[33;1mVERBOSE: [Process-HttpRequest] 20260208 20:56:03 Request received: get /apps/WebHostMetrics/cards/server-heatmap from 127.0.0.1:62756[0m
[33;1mVERBOSE: [Process-HttpRequest] Incoming Cookie header: PSWebSessionID=6552a790-8769-4737-8c71-08cae865d496[0m
[33;1mVERBOSE: [Process-HttpRequest] Session cookie found: 6552a790-8769-4737-8c71-08cae865d496[0m
[33;1mVERBOSE: [Get-PSWebSessions] Returning session type: System.Collections.Hashtable+SyncHashtable IsArray: False[0m
[33;1mVERBOSE: 	[Process-HttpRequest] 20260208 20:56:03 Session: 6552a790-8769-4737-8c71-08cae865d496 UserID: 6ec71a85-fb79-4ebc-aa1d-587c7f8b403c[0m
[33;1mVERBOSE: [Process-HttpRequest] Apps route request: app=WebHostMetrics, route=cards/server-heatmap[0m
[33;1mVERBOSE: [Process-HttpRequest] Checking for route script: C:\SC\PsWebHost\apps\WebHostMetrics\routes\cards\server-heatmap\get.ps1[0m
[33;1mVERBOSE: [Process-HttpRequest] Route script found: C:\SC\PsWebHost\apps\WebHostMetrics\routes\cards\server-heatmap\get.ps1[0m
[33;1mVERBOSE: [Process-HttpRequest] Apps route script found: C:\SC\PsWebHost\apps\WebHostMetrics\routes\cards\server-heatmap\get.ps1[0m
[33;1mVERBOSE: [Process-HttpRequest] Executing app route script: C:\SC\PsWebHost\apps\WebHostMetrics\routes\cards\server-heatmap\get.ps1[0m
[33;1mVERBOSE: [Backup-ConfigurationFile] File unchanged since last backup: get.security.json[0m
[33;1mVERBOSE: Synchronous context received. Processing request /apps/WebHostDebugExtensions/api/v1/debug/commands/poll[0m
[33;1mVERBOSE: [Process-HttpRequest] Starting processing request:   from [0m
[33;1mVERBOSE: [Process-HttpRequest] 20260208 20:56:04 Request received: get /apps/WebHostDebugExtensions/api/v1/debug/commands/poll from 127.0.0.1:62757[0m
[33;1mVERBOSE: [Process-HttpRequest] Incoming Cookie header: PSWebSessionID=6552a790-8769-4737-8c71-08cae865d496[0m
[33;1mVERBOSE: [Process-HttpRequest] Session cookie found: 6552a790-8769-4737-8c71-08cae865d496[0m
[33;1mVERBOSE: [Get-PSWebSessions] Returning session type: System.Collections.Hashtable+SyncHashtable IsArray: False[0m
[33;1mVERBOSE: 	[Process-HttpRequest] 20260208 20:56:04 Session: 6552a790-8769-4737-8c71-08cae865d496 UserID: 6ec71a85-fb79-4ebc-aa1d-587c7f8b403c[0m
[33;1mVERBOSE: [Process-HttpRequest] Apps route request: app=WebHostDebugExtensions, route=api/v1/debug/commands/poll[0m
[33;1mVERBOSE: [Process-HttpRequest] Checking for route script: C:\SC\PsWebHost\apps\WebHostDebugExtensions\routes\api\v1\debug\commands\poll\get.ps1[0m
[33;1mVERBOSE: [Process-HttpRequest] Route script found: C:\SC\PsWebHost\apps\WebHostDebugExtensions\routes\api\v1\debug\commands\poll\get.ps1[0m
[33;1mVERBOSE: [Process-HttpRequest] Apps route script found: C:\SC\PsWebHost\apps\WebHostDebugExtensions\routes\api\v1\debug\commands\poll\get.ps1[0m
[33;1mVERBOSE: [Process-HttpRequest] Executing app route script: C:\SC\PsWebHost\apps\WebHostDebugExtensions\routes\api\v1\debug\commands\poll\get.ps1[0m
[33;1mVERBOSE: [Backup-ConfigurationFile] File unchanged since last backup: get.security.json[0m
[33;1mVERBOSE: Synchronous context received. Processing request /apps/WebHostDebugExtensions/api/v1/debug/commands/poll[0m
[33;1mVERBOSE: [Process-HttpRequest] Starting processing request:   from [0m
[33;1mVERBOSE: [Process-HttpRequest] 20260208 20:56:07 Request received: get /apps/WebHostDebugExtensions/api/v1/debug/commands/poll from 127.0.0.1:62757[0m
[33;1mVERBOSE: [Process-HttpRequest] Incoming Cookie header: PSWebSessionID=6552a790-8769-4737-8c71-08cae865d496[0m
[33;1mVERBOSE: [Process-HttpRequest] Session cookie found: 6552a790-8769-4737-8c71-08cae865d496[0m
[33;1mVERBOSE: [Get-PSWebSessions] Returning session type: System.Collections.Hashtable+SyncHashtable IsArray: False[0m
[33;1mVERBOSE: 	[Process-HttpRequest] 20260208 20:56:07 Session: 6552a790-8769-4737-8c71-08cae865d496 UserID: 6ec71a85-fb79-4ebc-aa1d-587c7f8b403c[0m
[33;1mVERBOSE: [Process-HttpRequest] Apps route request: app=WebHostDebugExtensions, route=api/v1/debug/commands/poll[0m
[33;1mVERBOSE: [Process-HttpRequest] Checking for route script: C:\SC\PsWebHost\apps\WebHostDebugExtensions\routes\api\v1\debug\commands\poll\get.ps1[0m
[33;1mVERBOSE: [Process-HttpRequest] Route script found: C:\SC\PsWebHost\apps\WebHostDebugExtensions\routes\api\v1\debug\commands\poll\get.ps1[0m
[33;1mVERBOSE: [Process-HttpRequest] Apps route script found: C:\SC\PsWebHost\apps\WebHostDebugExtensions\routes\api\v1\debug\commands\poll\get.ps1[0m
[33;1mVERBOSE: [Process-HttpRequest] Executing app route script: C:\SC\PsWebHost\apps\WebHostDebugExtensions\routes\api\v1\debug\commands\poll\get.ps1[0m
[33;1mVERBOSE: [Backup-ConfigurationFile] File unchanged since last backup: get.security.json[0m
[33;1mVERBOSE: Synchronous context received. Processing request /apps/WebhostRealtimeEvents/api/v1/logs?timeRange=15&sortBy=Date&sortOrder=desc&count=1000[0m
[33;1mVERBOSE: [Process-HttpRequest] Starting processing request:   from [0m
[33;1mVERBOSE: [Process-HttpRequest] 20260208 20:56:08 Request received: get /apps/WebhostRealtimeEvents/api/v1/logs from 127.0.0.1:62757[0m
[33;1mVERBOSE: [Process-HttpRequest] Incoming Cookie header: PSWebSessionID=6552a790-8769-4737-8c71-08cae865d496[0m
[33;1mVERBOSE: [Process-HttpRequest] Session cookie found: 6552a790-8769-4737-8c71-08cae865d496[0m
[33;1mVERBOSE: [Get-PSWebSessions] Returning session type: System.Collections.Hashtable+SyncHashtable IsArray: False[0m
[33;1mVERBOSE: 	[Process-HttpRequest] 20260208 20:56:08 Session: 6552a790-8769-4737-8c71-08cae865d496 UserID: 6ec71a85-fb79-4ebc-aa1d-587c7f8b403c[0m
[33;1mVERBOSE: [Process-HttpRequest] Apps route request: app=WebhostRealtimeEvents, route=api/v1/logs[0m
[33;1mVERBOSE: [Process-HttpRequest] Checking for route script: C:\SC\PsWebHost\apps\WebhostRealtimeEvents\routes\api\v1\logs\get.ps1[0m
[33;1mVERBOSE: [Process-HttpRequest] Route script found: C:\SC\PsWebHost\apps\WebhostRealtimeEvents\routes\api\v1\logs\get.ps1[0m
[33;1mVERBOSE: [Process-HttpRequest] Apps route script found: C:\SC\PsWebHost\apps\WebhostRealtimeEvents\routes\api\v1\logs\get.ps1[0m
[33;1mVERBOSE: [Process-HttpRequest] Executing app route script: C:\SC\PsWebHost\apps\WebhostRealtimeEvents\routes\api\v1\logs\get.ps1[0m
[33;1mVERBOSE: [Backup-ConfigurationFile] File unchanged since last backup: get.security.json[0m
[33;1mVERBOSE: Synchronous context received. Processing request /apps/WebHostMetrics/cards/server-heatmap[0m
[33;1mVERBOSE: [Process-HttpRequest] Starting processing request:   from [0m
[33;1mVERBOSE: [Process-HttpRequest] 20260208 20:56:08 Request received: get /apps/WebHostMetrics/cards/server-heatmap from 127.0.0.1:62756[0m
[33;1mVERBOSE: [Process-HttpRequest] Incoming Cookie header: PSWebSessionID=6552a790-8769-4737-8c71-08cae865d496[0m
[33;1mVERBOSE: [Process-HttpRequest] Session cookie found: 6552a790-8769-4737-8c71-08cae865d496[0m
[33;1mVERBOSE: [Get-PSWebSessions] Returning session type: System.Collections.Hashtable+SyncHashtable IsArray: False[0m
[33;1mVERBOSE: 	[Process-HttpRequest] 20260208 20:56:08 Session: 6552a790-8769-4737-8c71-08cae865d496 UserID: 6ec71a85-fb79-4ebc-aa1d-587c7f8b403c[0m
[33;1mVERBOSE: [Process-HttpRequest] Apps route request: app=WebHostMetrics, route=cards/server-heatmap[0m
[33;1mVERBOSE: [Process-HttpRequest] Checking for route script: C:\SC\PsWebHost\apps\WebHostMetrics\routes\cards\server-heatmap\get.ps1[0m
[33;1mVERBOSE: [Process-HttpRequest] Route script found: C:\SC\PsWebHost\apps\WebHostMetrics\routes\cards\server-heatmap\get.ps1[0m
[33;1mVERBOSE: [Process-HttpRequest] Apps route script found: C:\SC\PsWebHost\apps\WebHostMetrics\routes\cards\server-heatmap\get.ps1[0m
[33;1mVERBOSE: [Process-HttpRequest] Executing app route script: C:\SC\PsWebHost\apps\WebHostMetrics\routes\cards\server-heatmap\get.ps1[0m
[33;1mVERBOSE: [Backup-ConfigurationFile] File unchanged since last backup: get.security.json[0m
[33;1mVERBOSE: Synchronous context received. Processing request /apps/WebHostDebugExtensions/api/v1/debug/commands/poll[0m
[33;1mVERBOSE: [Process-HttpRequest] Starting processing request:   from [0m
[33;1mVERBOSE: [Process-HttpRequest] 20260208 20:56:10 Request received: get /apps/WebHostDebugExtensions/api/v1/debug/commands/poll from 127.0.0.1:62757[0m
[33;1mVERBOSE: [Process-HttpRequest] Incoming Cookie header: PSWebSessionID=6552a790-8769-4737-8c71-08cae865d496[0m
[33;1mVERBOSE: [Process-HttpRequest] Session cookie found: 6552a790-8769-4737-8c71-08cae865d496[0m
[33;1mVERBOSE: [Get-PSWebSessions] Returning session type: System.Collections.Hashtable+SyncHashtable IsArray: False[0m
[33;1mVERBOSE: 	[Process-HttpRequest] 20260208 20:56:10 Session: 6552a790-8769-4737-8c71-08cae865d496 UserID: 6ec71a85-fb79-4ebc-aa1d-587c7f8b403c[0m
[33;1mVERBOSE: [Process-HttpRequest] Apps route request: app=WebHostDebugExtensions, route=api/v1/debug/commands/poll[0m
[33;1mVERBOSE: [Process-HttpRequest] Checking for route script: C:\SC\PsWebHost\apps\WebHostDebugExtensions\routes\api\v1\debug\commands\poll\get.ps1[0m
[33;1mVERBOSE: [Process-HttpRequest] Route script found: C:\SC\PsWebHost\apps\WebHostDebugExtensions\routes\api\v1\debug\commands\poll\get.ps1[0m
[33;1mVERBOSE: [Process-HttpRequest] Apps route script found: C:\SC\PsWebHost\apps\WebHostDebugExtensions\routes\api\v1\debug\commands\poll\get.ps1[0m
[33;1mVERBOSE: [Process-HttpRequest] Executing app route script: C:\SC\PsWebHost\apps\WebHostDebugExtensions\routes\api\v1\debug\commands\poll\get.ps1[0m
[33;1mVERBOSE: [Backup-ConfigurationFile] File unchanged since last backup: get.security.json[0m
[33;1mVERBOSE: Synchronous context received. Processing request /apps/WebHostDebugExtensions/api/v1/debug/commands/poll[0m
[33;1mVERBOSE: [Process-HttpRequest] Starting processing request:   from [0m
[33;1mVERBOSE: [Process-HttpRequest] 20260208 20:56:14 Request received: get /apps/WebHostDebugExtensions/api/v1/debug/commands/poll from 127.0.0.1:62757[0m
[33;1mVERBOSE: [Process-HttpRequest] Incoming Cookie header: PSWebSessionID=6552a790-8769-4737-8c71-08cae865d496[0m
[33;1mVERBOSE: [Process-HttpRequest] Session cookie found: 6552a790-8769-4737-8c71-08cae865d496[0m
[33;1mVERBOSE: [Get-PSWebSessions] Returning session type: System.Collections.Hashtable+SyncHashtable IsArray: False[0m
[33;1mVERBOSE: 	[Process-HttpRequest] 20260208 20:56:14 Session: 6552a790-8769-4737-8c71-08cae865d496 UserID: 6ec71a85-fb79-4ebc-aa1d-587c7f8b403c[0m
[33;1mVERBOSE: [Process-HttpRequest] Apps route request: app=WebHostDebugExtensions, route=api/v1/debug/commands/poll[0m
[33;1mVERBOSE: [Process-HttpRequest] Checking for route script: C:\SC\PsWebHost\apps\WebHostDebugExtensions\routes\api\v1\debug\commands\poll\get.ps1[0m
[33;1mVERBOSE: [Process-HttpRequest] Route script found: C:\SC\PsWebHost\apps\WebHostDebugExtensions\routes\api\v1\debug\commands\poll\get.ps1[0m
[33;1mVERBOSE: [Process-HttpRequest] Apps route script found: C:\SC\PsWebHost\apps\WebHostDebugExtensions\routes\api\v1\debug\commands\poll\get.ps1[0m
[33;1mVERBOSE: [Process-HttpRequest] Executing app route script: C:\SC\PsWebHost\apps\WebHostDebugExtensions\routes\api\v1\debug\commands\poll\get.ps1[0m
[33;1mVERBOSE: [Backup-ConfigurationFile] File unchanged since last backup: get.security.json[0m
[33;1mVERBOSE: Synchronous context received. Processing request /apps/WebhostRealtimeEvents/api/v1/logs?timeRange=15&sortBy=Date&sortOrder=desc&count=1000[0m
[33;1mVERBOSE: [Process-HttpRequest] Starting processing request:   from [0m
[33;1mVERBOSE: [Process-HttpRequest] 20260208 20:56:14 Request received: get /apps/WebhostRealtimeEvents/api/v1/logs from 127.0.0.1:62756[0m
[33;1mVERBOSE: [Process-HttpRequest] Incoming Cookie header: PSWebSessionID=6552a790-8769-4737-8c71-08cae865d496[0m
[33;1mVERBOSE: [Process-HttpRequest] Session cookie found: 6552a790-8769-4737-8c71-08cae865d496[0m
[33;1mVERBOSE: [Get-PSWebSessions] Returning session type: System.Collections.Hashtable+SyncHashtable IsArray: False[0m
[33;1mVERBOSE: 	[Process-HttpRequest] 20260208 20:56:14 Session: 6552a790-8769-4737-8c71-08cae865d496 UserID: 6ec71a85-fb79-4ebc-aa1d-587c7f8b403c[0m
[33;1mVERBOSE: [Process-HttpRequest] Apps route request: app=WebhostRealtimeEvents, route=api/v1/logs[0m
[33;1mVERBOSE: [Process-HttpRequest] Checking for route script: C:\SC\PsWebHost\apps\WebhostRealtimeEvents\routes\api\v1\logs\get.ps1[0m
[33;1mVERBOSE: [Process-HttpRequest] Route script found: C:\SC\PsWebHost\apps\WebhostRealtimeEvents\routes\api\v1\logs\get.ps1[0m
[33;1mVERBOSE: [Process-HttpRequest] Apps route script found: C:\SC\PsWebHost\apps\WebhostRealtimeEvents\routes\api\v1\logs\get.ps1[0m
[33;1mVERBOSE: [Process-HttpRequest] Executing app route script: C:\SC\PsWebHost\apps\WebhostRealtimeEvents\routes\api\v1\logs\get.ps1[0m
[33;1mVERBOSE: [Backup-ConfigurationFile] File unchanged since last backup: get.security.json[0m
[33;1mVERBOSE: Synchronous context received. Processing request /apps/WebHostMetrics/cards/server-heatmap[0m
[33;1mVERBOSE: [Process-HttpRequest] Starting processing request:   from [0m
[33;1mVERBOSE: [Process-HttpRequest] 20260208 20:56:14 Request received: get /apps/WebHostMetrics/cards/server-heatmap from [::1]:62765[0m
[33;1mVERBOSE: [Process-HttpRequest] Incoming Cookie header: PSWebSessionID=6552a790-8769-4737-8c71-08cae865d496[0m
[33;1mVERBOSE: [Process-HttpRequest] Session cookie found: 6552a790-8769-4737-8c71-08cae865d496[0m
[33;1mVERBOSE: [Get-PSWebSessions] Returning session type: System.Collections.Hashtable+SyncHashtable IsArray: False[0m
[33;1mVERBOSE: 	[Process-HttpRequest] 20260208 20:56:14 Session: 6552a790-8769-4737-8c71-08cae865d496 UserID: 6ec71a85-fb79-4ebc-aa1d-587c7f8b403c[0m
[33;1mVERBOSE: [Process-HttpRequest] Apps route request: app=WebHostMetrics, route=cards/server-heatmap[0m
[33;1mVERBOSE: [Process-HttpRequest] Checking for route script: C:\SC\PsWebHost\apps\WebHostMetrics\routes\cards\server-heatmap\get.ps1[0m
[33;1mVERBOSE: [Process-HttpRequest] Route script found: C:\SC\PsWebHost\apps\WebHostMetrics\routes\cards\server-heatmap\get.ps1[0m
[33;1mVERBOSE: [Process-HttpRequest] Apps route script found: C:\SC\PsWebHost\apps\WebHostMetrics\routes\cards\server-heatmap\get.ps1[0m
[33;1mVERBOSE: [Process-HttpRequest] Executing app route script: C:\SC\PsWebHost\apps\WebHostMetrics\routes\cards\server-heatmap\get.ps1[0m
[33;1mVERBOSE: [Backup-ConfigurationFile] File unchanged since last backup: get.security.json[0m
[33;1mVERBOSE: Synchronous context received. Processing request /apps/WebHostDebugExtensions/api/v1/debug/commands/poll[0m
[33;1mVERBOSE: [Process-HttpRequest] Starting processing request:   from [0m
[33;1mVERBOSE: [Process-HttpRequest] 20260208 20:56:17 Request received: get /apps/WebHostDebugExtensions/api/v1/debug/commands/poll from 127.0.0.1:62756[0m
[33;1mVERBOSE: [Process-HttpRequest] Incoming Cookie header: PSWebSessionID=6552a790-8769-4737-8c71-08cae865d496[0m
[33;1mVERBOSE: [Process-HttpRequest] Session cookie found: 6552a790-8769-4737-8c71-08cae865d496[0m
[33;1mVERBOSE: [Get-PSWebSessions] Returning session type: System.Collections.Hashtable+SyncHashtable IsArray: False[0m
[33;1mVERBOSE: 	[Process-HttpRequest] 20260208 20:56:17 Session: 6552a790-8769-4737-8c71-08cae865d496 UserID: 6ec71a85-fb79-4ebc-aa1d-587c7f8b403c[0m
[33;1mVERBOSE: [Process-HttpRequest] Apps route request: app=WebHostDebugExtensions, route=api/v1/debug/commands/poll[0m
[33;1mVERBOSE: [Process-HttpRequest] Checking for route script: C:\SC\PsWebHost\apps\WebHostDebugExtensions\routes\api\v1\debug\commands\poll\get.ps1[0m
[33;1mVERBOSE: [Process-HttpRequest] Route script found: C:\SC\PsWebHost\apps\WebHostDebugExtensions\routes\api\v1\debug\commands\poll\get.ps1[0m
[33;1mVERBOSE: [Process-HttpRequest] Apps route script found: C:\SC\PsWebHost\apps\WebHostDebugExtensions\routes\api\v1\debug\commands\poll\get.ps1[0m
[33;1mVERBOSE: [Process-HttpRequest] Executing app route script: C:\SC\PsWebHost\apps\WebHostDebugExtensions\routes\api\v1\debug\commands\poll\get.ps1[0m
[33;1mVERBOSE: [Backup-ConfigurationFile] File unchanged since last backup: get.security.json[0m
[33;1mVERBOSE: Synchronous context received. Processing request /apps/WebhostRealtimeEvents/api/v1/logs?timeRange=15&sortBy=Date&sortOrder=desc&count=1000[0m
[33;1mVERBOSE: [Process-HttpRequest] Starting processing request:   from [0m
[33;1mVERBOSE: [Process-HttpRequest] 20260208 20:56:19 Request received: get /apps/WebhostRealtimeEvents/api/v1/logs from 127.0.0.1:62756[0m
[33;1mVERBOSE: [Process-HttpRequest] Incoming Cookie header: PSWebSessionID=6552a790-8769-4737-8c71-08cae865d496[0m
[33;1mVERBOSE: [Process-HttpRequest] Session cookie found: 6552a790-8769-4737-8c71-08cae865d496[0m
[33;1mVERBOSE: [Get-PSWebSessions] Returning session type: System.Collections.Hashtable+SyncHashtable IsArray: False[0m
[33;1mVERBOSE: 	[Process-HttpRequest] 20260208 20:56:19 Session: 6552a790-8769-4737-8c71-08cae865d496 UserID: 6ec71a85-fb79-4ebc-aa1d-587c7f8b403c[0m
[33;1mVERBOSE: [Process-HttpRequest] Apps route request: app=WebhostRealtimeEvents, route=api/v1/logs[0m
[33;1mVERBOSE: [Process-HttpRequest] Checking for route script: C:\SC\PsWebHost\apps\WebhostRealtimeEvents\routes\api\v1\logs\get.ps1[0m
[33;1mVERBOSE: [Process-HttpRequest] Route script found: C:\SC\PsWebHost\apps\WebhostRealtimeEvents\routes\api\v1\logs\get.ps1[0m
[33;1mVERBOSE: [Process-HttpRequest] Apps route script found: C:\SC\PsWebHost\apps\WebhostRealtimeEvents\routes\api\v1\logs\get.ps1[0m
[33;1mVERBOSE: [Process-HttpRequest] Executing app route script: C:\SC\PsWebHost\apps\WebhostRealtimeEvents\routes\api\v1\logs\get.ps1[0m
[33;1mVERBOSE: [Backup-ConfigurationFile] File unchanged since last backup: get.security.json[0m
[33;1mVERBOSE: Synchronous context received. Processing request /apps/WebHostMetrics/cards/server-heatmap[0m
[33;1mVERBOSE: [Process-HttpRequest] Starting processing request:   from [0m
[33;1mVERBOSE: [Process-HttpRequest] 20260208 20:56:19 Request received: get /apps/WebHostMetrics/cards/server-heatmap from 127.0.0.1:62757[0m
[33;1mVERBOSE: [Process-HttpRequest] Incoming Cookie header: PSWebSessionID=6552a790-8769-4737-8c71-08cae865d496[0m
[33;1mVERBOSE: [Process-HttpRequest] Session cookie found: 6552a790-8769-4737-8c71-08cae865d496[0m
[33;1mVERBOSE: [Get-PSWebSessions] Returning session type: System.Collections.Hashtable+SyncHashtable IsArray: False[0m
[33;1mVERBOSE: 	[Process-HttpRequest] 20260208 20:56:19 Session: 6552a790-8769-4737-8c71-08cae865d496 UserID: 6ec71a85-fb79-4ebc-aa1d-587c7f8b403c[0m
[33;1mVERBOSE: [Process-HttpRequest] Apps route request: app=WebHostMetrics, route=cards/server-heatmap[0m
[33;1mVERBOSE: [Process-HttpRequest] Checking for route script: C:\SC\PsWebHost\apps\WebHostMetrics\routes\cards\server-heatmap\get.ps1[0m
[33;1mVERBOSE: [Process-HttpRequest] Route script found: C:\SC\PsWebHost\apps\WebHostMetrics\routes\cards\server-heatmap\get.ps1[0m
[33;1mVERBOSE: [Process-HttpRequest] Apps route script found: C:\SC\PsWebHost\apps\WebHostMetrics\routes\cards\server-heatmap\get.ps1[0m
[33;1mVERBOSE: [Process-HttpRequest] Executing app route script: C:\SC\PsWebHost\apps\WebHostMetrics\routes\cards\server-heatmap\get.ps1[0m
[33;1mVERBOSE: [Backup-ConfigurationFile] File unchanged since last backup: get.security.json[0m
[33;1mVERBOSE: Synchronous context received. Processing request /apps/WebHostDebugExtensions/api/v1/debug/commands/poll[0m
[33;1mVERBOSE: [Process-HttpRequest] Starting processing request:   from [0m
[33;1mVERBOSE: [Process-HttpRequest] 20260208 20:56:20 Request received: get /apps/WebHostDebugExtensions/api/v1/debug/commands/poll from 127.0.0.1:62756[0m
[33;1mVERBOSE: [Process-HttpRequest] Incoming Cookie header: PSWebSessionID=6552a790-8769-4737-8c71-08cae865d496[0m
[33;1mVERBOSE: [Process-HttpRequest] Session cookie found: 6552a790-8769-4737-8c71-08cae865d496[0m
[33;1mVERBOSE: [Get-PSWebSessions] Returning session type: System.Collections.Hashtable+SyncHashtable IsArray: False[0m
[33;1mVERBOSE: 	[Process-HttpRequest] 20260208 20:56:20 Session: 6552a790-8769-4737-8c71-08cae865d496 UserID: 6ec71a85-fb79-4ebc-aa1d-587c7f8b403c[0m
[33;1mVERBOSE: [Process-HttpRequest] Apps route request: app=WebHostDebugExtensions, route=api/v1/debug/commands/poll[0m
[33;1mVERBOSE: [Process-HttpRequest] Checking for route script: C:\SC\PsWebHost\apps\WebHostDebugExtensions\routes\api\v1\debug\commands\poll\get.ps1[0m
[33;1mVERBOSE: [Process-HttpRequest] Route script found: C:\SC\PsWebHost\apps\WebHostDebugExtensions\routes\api\v1\debug\commands\poll\get.ps1[0m
[33;1mVERBOSE: [Process-HttpRequest] Apps route script found: C:\SC\PsWebHost\apps\WebHostDebugExtensions\routes\api\v1\debug\commands\poll\get.ps1[0m
[33;1mVERBOSE: [Process-HttpRequest] Executing app route script: C:\SC\PsWebHost\apps\WebHostDebugExtensions\routes\api\v1\debug\commands\poll\get.ps1[0m
[33;1mVERBOSE: [Backup-ConfigurationFile] File unchanged since last backup: get.security.json[0m
[33;1mVERBOSE: Synchronous context received. Processing request /apps/WebHostDebugExtensions/api/v1/debug/commands/poll[0m
[33;1mVERBOSE: [Process-HttpRequest] Starting processing request:   from [0m
[33;1mVERBOSE: [Process-HttpRequest] 20260208 20:56:23 Request received: get /apps/WebHostDebugExtensions/api/v1/debug/commands/poll from 127.0.0.1:62756[0m
[33;1mVERBOSE: [Process-HttpRequest] Incoming Cookie header: PSWebSessionID=6552a790-8769-4737-8c71-08cae865d496[0m
[33;1mVERBOSE: [Process-HttpRequest] Session cookie found: 6552a790-8769-4737-8c71-08cae865d496[0m
[33;1mVERBOSE: [Get-PSWebSessions] Returning session type: System.Collections.Hashtable+SyncHashtable IsArray: False[0m
[33;1mVERBOSE: 	[Process-HttpRequest] 20260208 20:56:23 Session: 6552a790-8769-4737-8c71-08cae865d496 UserID: 6ec71a85-fb79-4ebc-aa1d-587c7f8b403c[0m
[33;1mVERBOSE: [Process-HttpRequest] Apps route request: app=WebHostDebugExtensions, route=api/v1/debug/commands/poll[0m
[33;1mVERBOSE: [Process-HttpRequest] Checking for route script: C:\SC\PsWebHost\apps\WebHostDebugExtensions\routes\api\v1\debug\commands\poll\get.ps1[0m
[33;1mVERBOSE: [Process-HttpRequest] Route script found: C:\SC\PsWebHost\apps\WebHostDebugExtensions\routes\api\v1\debug\commands\poll\get.ps1[0m
[33;1mVERBOSE: [Process-HttpRequest] Apps route script found: C:\SC\PsWebHost\apps\WebHostDebugExtensions\routes\api\v1\debug\commands\poll\get.ps1[0m
[33;1mVERBOSE: [Process-HttpRequest] Executing app route script: C:\SC\PsWebHost\apps\WebHostDebugExtensions\routes\api\v1\debug\commands\poll\get.ps1[0m
[33;1mVERBOSE: [Backup-ConfigurationFile] File unchanged since last backup: get.security.json[0m
[33;1mVERBOSE: Synchronous context received. Processing request /apps/WebhostRealtimeEvents/api/v1/logs?timeRange=15&sortBy=Date&sortOrder=desc&count=1000[0m
[33;1mVERBOSE: [Process-HttpRequest] Starting processing request:   from [0m
[33;1mVERBOSE: [Process-HttpRequest] 20260208 20:56:24 Request received: get /apps/WebhostRealtimeEvents/api/v1/logs from 127.0.0.1:62756[0m
[33;1mVERBOSE: [Process-HttpRequest] Incoming Cookie header: PSWebSessionID=6552a790-8769-4737-8c71-08cae865d496[0m
[33;1mVERBOSE: [Process-HttpRequest] Session cookie found: 6552a790-8769-4737-8c71-08cae865d496[0m
[33;1mVERBOSE: [Get-PSWebSessions] Returning session type: System.Collections.Hashtable+SyncHashtable IsArray: False[0m
[33;1mVERBOSE: 	[Process-HttpRequest] 20260208 20:56:24 Session: 6552a790-8769-4737-8c71-08cae865d496 UserID: 6ec71a85-fb79-4ebc-aa1d-587c7f8b403c[0m
[33;1mVERBOSE: [Process-HttpRequest] Apps route request: app=WebhostRealtimeEvents, route=api/v1/logs[0m
[33;1mVERBOSE: [Process-HttpRequest] Checking for route script: C:\SC\PsWebHost\apps\WebhostRealtimeEvents\routes\api\v1\logs\get.ps1[0m
[33;1mVERBOSE: [Process-HttpRequest] Route script found: C:\SC\PsWebHost\apps\WebhostRealtimeEvents\routes\api\v1\logs\get.ps1[0m
[33;1mVERBOSE: [Process-HttpRequest] Apps route script found: C:\SC\PsWebHost\apps\WebhostRealtimeEvents\routes\api\v1\logs\get.ps1[0m
[33;1mVERBOSE: [Process-HttpRequest] Executing app route script: C:\SC\PsWebHost\apps\WebhostRealtimeEvents\routes\api\v1\logs\get.ps1[0m
[33;1mVERBOSE: [Backup-ConfigurationFile] File unchanged since last backup: get.security.json[0m
[33;1mVERBOSE: Synchronous context received. Processing request /apps/WebHostMetrics/cards/server-heatmap[0m
[33;1mVERBOSE: [Process-HttpRequest] Starting processing request:   from [0m
[33;1mVERBOSE: [Process-HttpRequest] 20260208 20:56:24 Request received: get /apps/WebHostMetrics/cards/server-heatmap from 127.0.0.1:62757[0m
[33;1mVERBOSE: [Process-HttpRequest] Incoming Cookie header: PSWebSessionID=6552a790-8769-4737-8c71-08cae865d496[0m
[33;1mVERBOSE: [Process-HttpRequest] Session cookie found: 6552a790-8769-4737-8c71-08cae865d496[0m
[33;1mVERBOSE: [Get-PSWebSessions] Returning session type: System.Collections.Hashtable+SyncHashtable IsArray: False[0m
[33;1mVERBOSE: 	[Process-HttpRequest] 20260208 20:56:24 Session: 6552a790-8769-4737-8c71-08cae865d496 UserID: 6ec71a85-fb79-4ebc-aa1d-587c7f8b403c[0m
[33;1mVERBOSE: [Process-HttpRequest] Apps route request: app=WebHostMetrics, route=cards/server-heatmap[0m
[33;1mVERBOSE: [Process-HttpRequest] Checking for route script: C:\SC\PsWebHost\apps\WebHostMetrics\routes\cards\server-heatmap\get.ps1[0m
[33;1mVERBOSE: [Process-HttpRequest] Route script found: C:\SC\PsWebHost\apps\WebHostMetrics\routes\cards\server-heatmap\get.ps1[0m
[33;1mVERBOSE: [Process-HttpRequest] Apps route script found: C:\SC\PsWebHost\apps\WebHostMetrics\routes\cards\server-heatmap\get.ps1[0m
[33;1mVERBOSE: [Process-HttpRequest] Executing app route script: C:\SC\PsWebHost\apps\WebHostMetrics\routes\cards\server-heatmap\get.ps1[0m
[33;1mVERBOSE: [Backup-ConfigurationFile] File unchanged since last backup: get.security.json[0m
[33;1mVERBOSE: Synchronous context received. Processing request /apps/WebHostDebugExtensions/api/v1/debug/commands/poll[0m
[33;1mVERBOSE: [Process-HttpRequest] Starting processing request:   from [0m
[33;1mVERBOSE: [Process-HttpRequest] 20260208 20:56:26 Request received: get /apps/WebHostDebugExtensions/api/v1/debug/commands/poll from 127.0.0.1:62756[0m
[33;1mVERBOSE: [Process-HttpRequest] Incoming Cookie header: PSWebSessionID=6552a790-8769-4737-8c71-08cae865d496[0m
[33;1mVERBOSE: [Process-HttpRequest] Session cookie found: 6552a790-8769-4737-8c71-08cae865d496[0m
[33;1mVERBOSE: [Get-PSWebSessions] Returning session type: System.Collections.Hashtable+SyncHashtable IsArray: False[0m
[33;1mVERBOSE: 	[Process-HttpRequest] 20260208 20:56:26 Session: 6552a790-8769-4737-8c71-08cae865d496 UserID: 6ec71a85-fb79-4ebc-aa1d-587c7f8b403c[0m
[33;1mVERBOSE: [Process-HttpRequest] Apps route request: app=WebHostDebugExtensions, route=api/v1/debug/commands/poll[0m
[33;1mVERBOSE: [Process-HttpRequest] Checking for route script: C:\SC\PsWebHost\apps\WebHostDebugExtensions\routes\api\v1\debug\commands\poll\get.ps1[0m
[33;1mVERBOSE: [Process-HttpRequest] Route script found: C:\SC\PsWebHost\apps\WebHostDebugExtensions\routes\api\v1\debug\commands\poll\get.ps1[0m
[33;1mVERBOSE: [Process-HttpRequest] Apps route script found: C:\SC\PsWebHost\apps\WebHostDebugExtensions\routes\api\v1\debug\commands\poll\get.ps1[0m
[33;1mVERBOSE: [Process-HttpRequest] Executing app route script: C:\SC\PsWebHost\apps\WebHostDebugExtensions\routes\api\v1\debug\commands\poll\get.ps1[0m
[33;1mVERBOSE: [Backup-ConfigurationFile] File unchanged since last backup: get.security.json[0m
[33;1mVERBOSE: Synchronous context received. Processing request /apps/WebhostRealtimeEvents/api/v1/logs?timeRange=15&sortBy=Date&sortOrder=desc&count=1000[0m
[33;1mVERBOSE: [Process-HttpRequest] Starting processing request:   from [0m
[33;1mVERBOSE: [Process-HttpRequest] 20260208 20:56:29 Request received: get /apps/WebhostRealtimeEvents/api/v1/logs from 127.0.0.1:62756[0m
[33;1mVERBOSE: [Process-HttpRequest] Incoming Cookie header: PSWebSessionID=6552a790-8769-4737-8c71-08cae865d496[0m
[33;1mVERBOSE: [Process-HttpRequest] Session cookie found: 6552a790-8769-4737-8c71-08cae865d496[0m
[33;1mVERBOSE: [Get-PSWebSessions] Returning session type: System.Collections.Hashtable+SyncHashtable IsArray: False[0m
[33;1mVERBOSE: 	[Process-HttpRequest] 20260208 20:56:29 Session: 6552a790-8769-4737-8c71-08cae865d496 UserID: 6ec71a85-fb79-4ebc-aa1d-587c7f8b403c[0m
[33;1mVERBOSE: [Process-HttpRequest] Apps route request: app=WebhostRealtimeEvents, route=api/v1/logs[0m
[33;1mVERBOSE: [Process-HttpRequest] Checking for route script: C:\SC\PsWebHost\apps\WebhostRealtimeEvents\routes\api\v1\logs\get.ps1[0m
[33;1mVERBOSE: [Process-HttpRequest] Route script found: C:\SC\PsWebHost\apps\WebhostRealtimeEvents\routes\api\v1\logs\get.ps1[0m
[33;1mVERBOSE: [Process-HttpRequest] Apps route script found: C:\SC\PsWebHost\apps\WebhostRealtimeEvents\routes\api\v1\logs\get.ps1[0m
[33;1mVERBOSE: [Process-HttpRequest] Executing app route script: C:\SC\PsWebHost\apps\WebhostRealtimeEvents\routes\api\v1\logs\get.ps1[0m
[33;1mVERBOSE: [Backup-ConfigurationFile] File unchanged since last backup: get.security.json[0m
[33;1mVERBOSE: Synchronous context received. Processing request /apps/WebHostMetrics/cards/server-heatmap[0m
[33;1mVERBOSE: [Process-HttpRequest] Starting processing request:   from [0m
[33;1mVERBOSE: [Process-HttpRequest] 20260208 20:56:29 Request received: get /apps/WebHostMetrics/cards/server-heatmap from 127.0.0.1:62757[0m
[33;1mVERBOSE: [Process-HttpRequest] Incoming Cookie header: PSWebSessionID=6552a790-8769-4737-8c71-08cae865d496[0m
[33;1mVERBOSE: [Process-HttpRequest] Session cookie found: 6552a790-8769-4737-8c71-08cae865d496[0m
[33;1mVERBOSE: [Get-PSWebSessions] Returning session type: System.Collections.Hashtable+SyncHashtable IsArray: False[0m
[33;1mVERBOSE: 	[Process-HttpRequest] 20260208 20:56:29 Session: 6552a790-8769-4737-8c71-08cae865d496 UserID: 6ec71a85-fb79-4ebc-aa1d-587c7f8b403c[0m
[33;1mVERBOSE: [Process-HttpRequest] Apps route request: app=WebHostMetrics, route=cards/server-heatmap[0m
[33;1mVERBOSE: [Process-HttpRequest] Checking for route script: C:\SC\PsWebHost\apps\WebHostMetrics\routes\cards\server-heatmap\get.ps1[0m
[33;1mVERBOSE: [Process-HttpRequest] Route script found: C:\SC\PsWebHost\apps\WebHostMetrics\routes\cards\server-heatmap\get.ps1[0m
[33;1mVERBOSE: [Process-HttpRequest] Apps route script found: C:\SC\PsWebHost\apps\WebHostMetrics\routes\cards\server-heatmap\get.ps1[0m
[33;1mVERBOSE: [Process-HttpRequest] Executing app route script: C:\SC\PsWebHost\apps\WebHostMetrics\routes\cards\server-heatmap\get.ps1[0m
[33;1mVERBOSE: [Backup-ConfigurationFile] File unchanged since last backup: get.security.json[0m
[33;1mVERBOSE: Synchronous context received. Processing request /apps/WebHostDebugExtensions/api/v1/debug/commands/poll[0m
[33;1mVERBOSE: [Process-HttpRequest] Starting processing request:   from [0m
[33;1mVERBOSE: [Process-HttpRequest] 20260208 20:56:29 Request received: get /apps/WebHostDebugExtensions/api/v1/debug/commands/poll from 127.0.0.1:62756[0m
[33;1mVERBOSE: [Process-HttpRequest] Incoming Cookie header: PSWebSessionID=6552a790-8769-4737-8c71-08cae865d496[0m
[33;1mVERBOSE: [Process-HttpRequest] Session cookie found: 6552a790-8769-4737-8c71-08cae865d496[0m
[33;1mVERBOSE: [Get-PSWebSessions] Returning session type: System.Collections.Hashtable+SyncHashtable IsArray: False[0m
[33;1mVERBOSE: 	[Process-HttpRequest] 20260208 20:56:29 Session: 6552a790-8769-4737-8c71-08cae865d496 UserID: 6ec71a85-fb79-4ebc-aa1d-587c7f8b403c[0m
[33;1mVERBOSE: [Process-HttpRequest] Apps route request: app=WebHostDebugExtensions, route=api/v1/debug/commands/poll[0m
[33;1mVERBOSE: [Process-HttpRequest] Checking for route script: C:\SC\PsWebHost\apps\WebHostDebugExtensions\routes\api\v1\debug\commands\poll\get.ps1[0m
[33;1mVERBOSE: [Process-HttpRequest] Route script found: C:\SC\PsWebHost\apps\WebHostDebugExtensions\routes\api\v1\debug\commands\poll\get.ps1[0m
[33;1mVERBOSE: [Process-HttpRequest] Apps route script found: C:\SC\PsWebHost\apps\WebHostDebugExtensions\routes\api\v1\debug\commands\poll\get.ps1[0m
[33;1mVERBOSE: [Process-HttpRequest] Executing app route script: C:\SC\PsWebHost\apps\WebHostDebugExtensions\routes\api\v1\debug\commands\poll\get.ps1[0m
[33;1mVERBOSE: [Backup-ConfigurationFile] File unchanged since last backup: get.security.json[0m
[33;1mVERBOSE: Synchronous context received. Processing request /apps/WebHostDebugExtensions/api/v1/debug/commands/poll[0m
[33;1mVERBOSE: [Process-HttpRequest] Starting processing request:   from [0m
[33;1mVERBOSE: [Process-HttpRequest] 20260208 20:56:32 Request received: get /apps/WebHostDebugExtensions/api/v1/debug/commands/poll from 127.0.0.1:62756[0m
[33;1mVERBOSE: [Process-HttpRequest] Incoming Cookie header: PSWebSessionID=6552a790-8769-4737-8c71-08cae865d496[0m
[33;1mVERBOSE: [Process-HttpRequest] Session cookie found: 6552a790-8769-4737-8c71-08cae865d496[0m
[33;1mVERBOSE: [Get-PSWebSessions] Returning session type: System.Collections.Hashtable+SyncHashtable IsArray: False[0m
[33;1mVERBOSE: 	[Process-HttpRequest] 20260208 20:56:32 Session: 6552a790-8769-4737-8c71-08cae865d496 UserID: 6ec71a85-fb79-4ebc-aa1d-587c7f8b403c[0m
[33;1mVERBOSE: [Process-HttpRequest] Apps route request: app=WebHostDebugExtensions, route=api/v1/debug/commands/poll[0m
[33;1mVERBOSE: [Process-HttpRequest] Checking for route script: C:\SC\PsWebHost\apps\WebHostDebugExtensions\routes\api\v1\debug\commands\poll\get.ps1[0m
[33;1mVERBOSE: [Process-HttpRequest] Route script found: C:\SC\PsWebHost\apps\WebHostDebugExtensions\routes\api\v1\debug\commands\poll\get.ps1[0m
[33;1mVERBOSE: [Process-HttpRequest] Apps route script found: C:\SC\PsWebHost\apps\WebHostDebugExtensions\routes\api\v1\debug\commands\poll\get.ps1[0m
[33;1mVERBOSE: [Process-HttpRequest] Executing app route script: C:\SC\PsWebHost\apps\WebHostDebugExtensions\routes\api\v1\debug\commands\poll\get.ps1[0m
[33;1mVERBOSE: [Backup-ConfigurationFile] File unchanged since last backup: get.security.json[0m
[33;1mVERBOSE: Synchronous context received. Processing request /apps/WebhostRealtimeEvents/api/v1/logs?timeRange=15&sortBy=Date&sortOrder=desc&count=1000[0m
[33;1mVERBOSE: [Process-HttpRequest] Starting processing request:   from [0m
[33;1mVERBOSE: [Process-HttpRequest] 20260208 20:56:34 Request received: get /apps/WebhostRealtimeEvents/api/v1/logs from 127.0.0.1:62756[0m
[33;1mVERBOSE: [Process-HttpRequest] Incoming Cookie header: PSWebSessionID=6552a790-8769-4737-8c71-08cae865d496[0m
[33;1mVERBOSE: [Process-HttpRequest] Session cookie found: 6552a790-8769-4737-8c71-08cae865d496[0m
[33;1mVERBOSE: [Get-PSWebSessions] Returning session type: System.Collections.Hashtable+SyncHashtable IsArray: False[0m
[33;1mVERBOSE: 	[Process-HttpRequest] 20260208 20:56:34 Session: 6552a790-8769-4737-8c71-08cae865d496 UserID: 6ec71a85-fb79-4ebc-aa1d-587c7f8b403c[0m
[33;1mVERBOSE: [Process-HttpRequest] Apps route request: app=WebhostRealtimeEvents, route=api/v1/logs[0m
[33;1mVERBOSE: [Process-HttpRequest] Checking for route script: C:\SC\PsWebHost\apps\WebhostRealtimeEvents\routes\api\v1\logs\get.ps1[0m
[33;1mVERBOSE: [Process-HttpRequest] Route script found: C:\SC\PsWebHost\apps\WebhostRealtimeEvents\routes\api\v1\logs\get.ps1[0m
[33;1mVERBOSE: [Process-HttpRequest] Apps route script found: C:\SC\PsWebHost\apps\WebhostRealtimeEvents\routes\api\v1\logs\get.ps1[0m
[33;1mVERBOSE: [Process-HttpRequest] Executing app route script: C:\SC\PsWebHost\apps\WebhostRealtimeEvents\routes\api\v1\logs\get.ps1[0m
[33;1mVERBOSE: [Backup-ConfigurationFile] File unchanged since last backup: get.security.json[0m
[33;1mVERBOSE: Synchronous context received. Processing request /apps/WebHostMetrics/cards/server-heatmap[0m
[33;1mVERBOSE: [Process-HttpRequest] Starting processing request:   from [0m
[33;1mVERBOSE: [Process-HttpRequest] 20260208 20:56:34 Request received: get /apps/WebHostMetrics/cards/server-heatmap from 127.0.0.1:62757[0m
[33;1mVERBOSE: [Process-HttpRequest] Incoming Cookie header: PSWebSessionID=6552a790-8769-4737-8c71-08cae865d496[0m
[33;1mVERBOSE: [Process-HttpRequest] Session cookie found: 6552a790-8769-4737-8c71-08cae865d496[0m
[33;1mVERBOSE: [Get-PSWebSessions] Returning session type: System.Collections.Hashtable+SyncHashtable IsArray: False[0m
[33;1mVERBOSE: 	[Process-HttpRequest] 20260208 20:56:34 Session: 6552a790-8769-4737-8c71-08cae865d496 UserID: 6ec71a85-fb79-4ebc-aa1d-587c7f8b403c[0m
[33;1mVERBOSE: [Process-HttpRequest] Apps route request: app=WebHostMetrics, route=cards/server-heatmap[0m
[33;1mVERBOSE: [Process-HttpRequest] Checking for route script: C:\SC\PsWebHost\apps\WebHostMetrics\routes\cards\server-heatmap\get.ps1[0m
[33;1mVERBOSE: [Process-HttpRequest] Route script found: C:\SC\PsWebHost\apps\WebHostMetrics\routes\cards\server-heatmap\get.ps1[0m
[33;1mVERBOSE: [Process-HttpRequest] Apps route script found: C:\SC\PsWebHost\apps\WebHostMetrics\routes\cards\server-heatmap\get.ps1[0m
[33;1mVERBOSE: [Process-HttpRequest] Executing app route script: C:\SC\PsWebHost\apps\WebHostMetrics\routes\cards\server-heatmap\get.ps1[0m
[33;1mVERBOSE: [Backup-ConfigurationFile] File unchanged since last backup: get.security.json[0m
[33;1mVERBOSE: Synchronous context received. Processing request /apps/WebHostDebugExtensions/api/v1/debug/commands/poll[0m
[33;1mVERBOSE: [Process-HttpRequest] Starting processing request:   from [0m
[33;1mVERBOSE: [Process-HttpRequest] 20260208 20:56:35 Request received: get /apps/WebHostDebugExtensions/api/v1/debug/commands/poll from 127.0.0.1:62756[0m
[33;1mVERBOSE: [Process-HttpRequest] Incoming Cookie header: PSWebSessionID=6552a790-8769-4737-8c71-08cae865d496[0m
[33;1mVERBOSE: [Process-HttpRequest] Session cookie found: 6552a790-8769-4737-8c71-08cae865d496[0m
[33;1mVERBOSE: [Get-PSWebSessions] Returning session type: System.Collections.Hashtable+SyncHashtable IsArray: False[0m
[33;1mVERBOSE: 	[Process-HttpRequest] 20260208 20:56:35 Session: 6552a790-8769-4737-8c71-08cae865d496 UserID: 6ec71a85-fb79-4ebc-aa1d-587c7f8b403c[0m
[33;1mVERBOSE: [Process-HttpRequest] Apps route request: app=WebHostDebugExtensions, route=api/v1/debug/commands/poll[0m
[33;1mVERBOSE: [Process-HttpRequest] Checking for route script: C:\SC\PsWebHost\apps\WebHostDebugExtensions\routes\api\v1\debug\commands\poll\get.ps1[0m
[33;1mVERBOSE: [Process-HttpRequest] Route script found: C:\SC\PsWebHost\apps\WebHostDebugExtensions\routes\api\v1\debug\commands\poll\get.ps1[0m
[33;1mVERBOSE: [Process-HttpRequest] Apps route script found: C:\SC\PsWebHost\apps\WebHostDebugExtensions\routes\api\v1\debug\commands\poll\get.ps1[0m
[33;1mVERBOSE: [Process-HttpRequest] Executing app route script: C:\SC\PsWebHost\apps\WebHostDebugExtensions\routes\api\v1\debug\commands\poll\get.ps1[0m
[33;1mVERBOSE: [Backup-ConfigurationFile] File unchanged since last backup: get.security.json[0m
[33;1mVERBOSE: Synchronous context received. Processing request /apps/WebHostDebugExtensions/api/v1/debug/commands/poll[0m
[33;1mVERBOSE: [Process-HttpRequest] Starting processing request:   from [0m
[33;1mVERBOSE: [Process-HttpRequest] 20260208 20:56:38 Request received: get /apps/WebHostDebugExtensions/api/v1/debug/commands/poll from 127.0.0.1:62756[0m
[33;1mVERBOSE: [Process-HttpRequest] Incoming Cookie header: PSWebSessionID=6552a790-8769-4737-8c71-08cae865d496[0m
[33;1mVERBOSE: [Process-HttpRequest] Session cookie found: 6552a790-8769-4737-8c71-08cae865d496[0m
[33;1mVERBOSE: [Get-PSWebSessions] Returning session type: System.Collections.Hashtable+SyncHashtable IsArray: False[0m
[33;1mVERBOSE: 	[Process-HttpRequest] 20260208 20:56:38 Session: 6552a790-8769-4737-8c71-08cae865d496 UserID: 6ec71a85-fb79-4ebc-aa1d-587c7f8b403c[0m
[33;1mVERBOSE: [Process-HttpRequest] Apps route request: app=WebHostDebugExtensions, route=api/v1/debug/commands/poll[0m
[33;1mVERBOSE: [Process-HttpRequest] Checking for route script: C:\SC\PsWebHost\apps\WebHostDebugExtensions\routes\api\v1\debug\commands\poll\get.ps1[0m
[33;1mVERBOSE: [Process-HttpRequest] Route script found: C:\SC\PsWebHost\apps\WebHostDebugExtensions\routes\api\v1\debug\commands\poll\get.ps1[0m
[33;1mVERBOSE: [Process-HttpRequest] Apps route script found: C:\SC\PsWebHost\apps\WebHostDebugExtensions\routes\api\v1\debug\commands\poll\get.ps1[0m
[33;1mVERBOSE: [Process-HttpRequest] Executing app route script: C:\SC\PsWebHost\apps\WebHostDebugExtensions\routes\api\v1\debug\commands\poll\get.ps1[0m
[33;1mVERBOSE: [Backup-ConfigurationFile] File unchanged since last backup: get.security.json[0m
[33;1mVERBOSE: Synchronous context received. Processing request /apps/WebhostRealtimeEvents/api/v1/logs?timeRange=15&sortBy=Date&sortOrder=desc&count=1000[0m
[33;1mVERBOSE: [Process-HttpRequest] Starting processing request:   from [0m
[33;1mVERBOSE: [Process-HttpRequest] 20260208 20:56:39 Request received: get /apps/WebhostRealtimeEvents/api/v1/logs from 127.0.0.1:62756[0m
[33;1mVERBOSE: [Process-HttpRequest] Incoming Cookie header: PSWebSessionID=6552a790-8769-4737-8c71-08cae865d496[0m
[33;1mVERBOSE: [Process-HttpRequest] Session cookie found: 6552a790-8769-4737-8c71-08cae865d496[0m
[33;1mVERBOSE: [Get-PSWebSessions] Returning session type: System.Collections.Hashtable+SyncHashtable IsArray: False[0m
[33;1mVERBOSE: 	[Process-HttpRequest] 20260208 20:56:39 Session: 6552a790-8769-4737-8c71-08cae865d496 UserID: 6ec71a85-fb79-4ebc-aa1d-587c7f8b403c[0m
[33;1mVERBOSE: [Process-HttpRequest] Apps route request: app=WebhostRealtimeEvents, route=api/v1/logs[0m
[33;1mVERBOSE: [Process-HttpRequest] Checking for route script: C:\SC\PsWebHost\apps\WebhostRealtimeEvents\routes\api\v1\logs\get.ps1[0m
[33;1mVERBOSE: [Process-HttpRequest] Route script found: C:\SC\PsWebHost\apps\WebhostRealtimeEvents\routes\api\v1\logs\get.ps1[0m
[33;1mVERBOSE: [Process-HttpRequest] Apps route script found: C:\SC\PsWebHost\apps\WebhostRealtimeEvents\routes\api\v1\logs\get.ps1[0m
[33;1mVERBOSE: [Process-HttpRequest] Executing app route script: C:\SC\PsWebHost\apps\WebhostRealtimeEvents\routes\api\v1\logs\get.ps1[0m
[33;1mVERBOSE: [Backup-ConfigurationFile] File unchanged since last backup: get.security.json[0m
[33;1mVERBOSE: Synchronous context received. Processing request /apps/WebHostMetrics/cards/server-heatmap[0m
[33;1mVERBOSE: [Process-HttpRequest] Starting processing request:   from [0m
[33;1mVERBOSE: [Process-HttpRequest] 20260208 20:56:39 Request received: get /apps/WebHostMetrics/cards/server-heatmap from 127.0.0.1:62757[0m
[33;1mVERBOSE: [Process-HttpRequest] Incoming Cookie header: PSWebSessionID=6552a790-8769-4737-8c71-08cae865d496[0m
[33;1mVERBOSE: [Process-HttpRequest] Session cookie found: 6552a790-8769-4737-8c71-08cae865d496[0m
[33;1mVERBOSE: [Get-PSWebSessions] Returning session type: System.Collections.Hashtable+SyncHashtable IsArray: False[0m
[33;1mVERBOSE: 	[Process-HttpRequest] 20260208 20:56:39 Session: 6552a790-8769-4737-8c71-08cae865d496 UserID: 6ec71a85-fb79-4ebc-aa1d-587c7f8b403c[0m
[33;1mVERBOSE: [Process-HttpRequest] Apps route request: app=WebHostMetrics, route=cards/server-heatmap[0m
[33;1mVERBOSE: [Process-HttpRequest] Checking for route script: C:\SC\PsWebHost\apps\WebHostMetrics\routes\cards\server-heatmap\get.ps1[0m
[33;1mVERBOSE: [Process-HttpRequest] Route script found: C:\SC\PsWebHost\apps\WebHostMetrics\routes\cards\server-heatmap\get.ps1[0m
[33;1mVERBOSE: [Process-HttpRequest] Apps route script found: C:\SC\PsWebHost\apps\WebHostMetrics\routes\cards\server-heatmap\get.ps1[0m
[33;1mVERBOSE: [Process-HttpRequest] Executing app route script: C:\SC\PsWebHost\apps\WebHostMetrics\routes\cards\server-heatmap\get.ps1[0m
[33;1mVERBOSE: [Backup-ConfigurationFile] File unchanged since last backup: get.security.json[0m
[33;1mVERBOSE: Synchronous context received. Processing request /apps/WebHostDebugExtensions/api/v1/debug/commands/poll[0m
[33;1mVERBOSE: [Process-HttpRequest] Starting processing request:   from [0m
[33;1mVERBOSE: [Process-HttpRequest] 20260208 20:56:41 Request received: get /apps/WebHostDebugExtensions/api/v1/debug/commands/poll from 127.0.0.1:62756[0m
[33;1mVERBOSE: [Process-HttpRequest] Incoming Cookie header: PSWebSessionID=6552a790-8769-4737-8c71-08cae865d496[0m
[33;1mVERBOSE: [Process-HttpRequest] Session cookie found: 6552a790-8769-4737-8c71-08cae865d496[0m
[33;1mVERBOSE: [Get-PSWebSessions] Returning session type: System.Collections.Hashtable+SyncHashtable IsArray: False[0m
[33;1mVERBOSE: 	[Process-HttpRequest] 20260208 20:56:41 Session: 6552a790-8769-4737-8c71-08cae865d496 UserID: 6ec71a85-fb79-4ebc-aa1d-587c7f8b403c[0m
[33;1mVERBOSE: [Process-HttpRequest] Apps route request: app=WebHostDebugExtensions, route=api/v1/debug/commands/poll[0m
[33;1mVERBOSE: [Process-HttpRequest] Checking for route script: C:\SC\PsWebHost\apps\WebHostDebugExtensions\routes\api\v1\debug\commands\poll\get.ps1[0m
[33;1mVERBOSE: [Process-HttpRequest] Route script found: C:\SC\PsWebHost\apps\WebHostDebugExtensions\routes\api\v1\debug\commands\poll\get.ps1[0m
[33;1mVERBOSE: [Process-HttpRequest] Apps route script found: C:\SC\PsWebHost\apps\WebHostDebugExtensions\routes\api\v1\debug\commands\poll\get.ps1[0m
[33;1mVERBOSE: [Process-HttpRequest] Executing app route script: C:\SC\PsWebHost\apps\WebHostDebugExtensions\routes\api\v1\debug\commands\poll\get.ps1[0m
[33;1mVERBOSE: [Backup-ConfigurationFile] File unchanged since last backup: get.security.json[0m
[33;1mVERBOSE: Synchronous context received. Processing request /apps/WebhostRealtimeEvents/api/v1/logs?timeRange=15&sortBy=Date&sortOrder=desc&count=1000[0m
[33;1mVERBOSE: [Process-HttpRequest] Starting processing request:   from [0m
[33;1mVERBOSE: [Process-HttpRequest] 20260208 20:56:44 Request received: get /apps/WebhostRealtimeEvents/api/v1/logs from 127.0.0.1:62756[0m
[33;1mVERBOSE: [Process-HttpRequest] Incoming Cookie header: PSWebSessionID=6552a790-8769-4737-8c71-08cae865d496[0m
[33;1mVERBOSE: [Process-HttpRequest] Session cookie found: 6552a790-8769-4737-8c71-08cae865d496[0m
[33;1mVERBOSE: [Get-PSWebSessions] Returning session type: System.Collections.Hashtable+SyncHashtable IsArray: False[0m
[33;1mVERBOSE: 	[Process-HttpRequest] 20260208 20:56:44 Session: 6552a790-8769-4737-8c71-08cae865d496 UserID: 6ec71a85-fb79-4ebc-aa1d-587c7f8b403c[0m
[33;1mVERBOSE: [Process-HttpRequest] Apps route request: app=WebhostRealtimeEvents, route=api/v1/logs[0m
[33;1mVERBOSE: [Process-HttpRequest] Checking for route script: C:\SC\PsWebHost\apps\WebhostRealtimeEvents\routes\api\v1\logs\get.ps1[0m
[33;1mVERBOSE: [Process-HttpRequest] Route script found: C:\SC\PsWebHost\apps\WebhostRealtimeEvents\routes\api\v1\logs\get.ps1[0m
[33;1mVERBOSE: [Process-HttpRequest] Apps route script found: C:\SC\PsWebHost\apps\WebhostRealtimeEvents\routes\api\v1\logs\get.ps1[0m
[33;1mVERBOSE: [Process-HttpRequest] Executing app route script: C:\SC\PsWebHost\apps\WebhostRealtimeEvents\routes\api\v1\logs\get.ps1[0m
[33;1mVERBOSE: [Backup-ConfigurationFile] File unchanged since last backup: get.security.json[0m
[33;1mVERBOSE: Synchronous context received. Processing request /apps/WebHostMetrics/cards/server-heatmap[0m
[33;1mVERBOSE: [Process-HttpRequest] Starting processing request:   from [0m
[33;1mVERBOSE: [Process-HttpRequest] 20260208 20:56:44 Request received: get /apps/WebHostMetrics/cards/server-heatmap from 127.0.0.1:62757[0m
[33;1mVERBOSE: [Process-HttpRequest] Incoming Cookie header: PSWebSessionID=6552a790-8769-4737-8c71-08cae865d496[0m
[33;1mVERBOSE: [Process-HttpRequest] Session cookie found: 6552a790-8769-4737-8c71-08cae865d496[0m
[33;1mVERBOSE: [Get-PSWebSessions] Returning session type: System.Collections.Hashtable+SyncHashtable IsArray: False[0m
[33;1mVERBOSE: 	[Process-HttpRequest] 20260208 20:56:44 Session: 6552a790-8769-4737-8c71-08cae865d496 UserID: 6ec71a85-fb79-4ebc-aa1d-587c7f8b403c[0m
[33;1mVERBOSE: [Process-HttpRequest] Apps route request: app=WebHostMetrics, route=cards/server-heatmap[0m
[33;1mVERBOSE: [Process-HttpRequest] Checking for route script: C:\SC\PsWebHost\apps\WebHostMetrics\routes\cards\server-heatmap\get.ps1[0m
[33;1mVERBOSE: [Process-HttpRequest] Route script found: C:\SC\PsWebHost\apps\WebHostMetrics\routes\cards\server-heatmap\get.ps1[0m
[33;1mVERBOSE: [Process-HttpRequest] Apps route script found: C:\SC\PsWebHost\apps\WebHostMetrics\routes\cards\server-heatmap\get.ps1[0m
[33;1mVERBOSE: [Process-HttpRequest] Executing app route script: C:\SC\PsWebHost\apps\WebHostMetrics\routes\cards\server-heatmap\get.ps1[0m
[33;1mVERBOSE: [Backup-ConfigurationFile] File unchanged since last backup: get.security.json[0m
[33;1mVERBOSE: Synchronous context received. Processing request /apps/WebHostDebugExtensions/api/v1/debug/commands/poll[0m
[33;1mVERBOSE: [Process-HttpRequest] Starting processing request:   from [0m
[33;1mVERBOSE: [Process-HttpRequest] 20260208 20:56:44 Request received: get /apps/WebHostDebugExtensions/api/v1/debug/commands/poll from 127.0.0.1:62756[0m
[33;1mVERBOSE: [Process-HttpRequest] Incoming Cookie header: PSWebSessionID=6552a790-8769-4737-8c71-08cae865d496[0m
[33;1mVERBOSE: [Process-HttpRequest] Session cookie found: 6552a790-8769-4737-8c71-08cae865d496[0m
[33;1mVERBOSE: [Get-PSWebSessions] Returning session type: System.Collections.Hashtable+SyncHashtable IsArray: False[0m
[33;1mVERBOSE: 	[Process-HttpRequest] 20260208 20:56:44 Session: 6552a790-8769-4737-8c71-08cae865d496 UserID: 6ec71a85-fb79-4ebc-aa1d-587c7f8b403c[0m
[33;1mVERBOSE: [Process-HttpRequest] Apps route request: app=WebHostDebugExtensions, route=api/v1/debug/commands/poll[0m
[33;1mVERBOSE: [Process-HttpRequest] Checking for route script: C:\SC\PsWebHost\apps\WebHostDebugExtensions\routes\api\v1\debug\commands\poll\get.ps1[0m
[33;1mVERBOSE: [Process-HttpRequest] Route script found: C:\SC\PsWebHost\apps\WebHostDebugExtensions\routes\api\v1\debug\commands\poll\get.ps1[0m
[33;1mVERBOSE: [Process-HttpRequest] Apps route script found: C:\SC\PsWebHost\apps\WebHostDebugExtensions\routes\api\v1\debug\commands\poll\get.ps1[0m
[33;1mVERBOSE: [Process-HttpRequest] Executing app route script: C:\SC\PsWebHost\apps\WebHostDebugExtensions\routes\api\v1\debug\commands\poll\get.ps1[0m
[33;1mVERBOSE: [Backup-ConfigurationFile] File unchanged since last backup: get.security.json[0m
[33;1mVERBOSE: Synchronous context received. Processing request /apps/WebHostDebugExtensions/api/v1/debug/commands/poll[0m
[33;1mVERBOSE: [Process-HttpRequest] Starting processing request:   from [0m
[33;1mVERBOSE: [Process-HttpRequest] 20260208 20:56:47 Request received: get /apps/WebHostDebugExtensions/api/v1/debug/commands/poll from 127.0.0.1:62756[0m
[33;1mVERBOSE: [Process-HttpRequest] Incoming Cookie header: PSWebSessionID=6552a790-8769-4737-8c71-08cae865d496[0m
[33;1mVERBOSE: [Process-HttpRequest] Session cookie found: 6552a790-8769-4737-8c71-08cae865d496[0m
[33;1mVERBOSE: [Get-PSWebSessions] Returning session type: System.Collections.Hashtable+SyncHashtable IsArray: False[0m
[33;1mVERBOSE: 	[Process-HttpRequest] 20260208 20:56:47 Session: 6552a790-8769-4737-8c71-08cae865d496 UserID: 6ec71a85-fb79-4ebc-aa1d-587c7f8b403c[0m
[33;1mVERBOSE: [Process-HttpRequest] Apps route request: app=WebHostDebugExtensions, route=api/v1/debug/commands/poll[0m
[33;1mVERBOSE: [Process-HttpRequest] Checking for route script: C:\SC\PsWebHost\apps\WebHostDebugExtensions\routes\api\v1\debug\commands\poll\get.ps1[0m
[33;1mVERBOSE: [Process-HttpRequest] Route script found: C:\SC\PsWebHost\apps\WebHostDebugExtensions\routes\api\v1\debug\commands\poll\get.ps1[0m
[33;1mVERBOSE: [Process-HttpRequest] Apps route script found: C:\SC\PsWebHost\apps\WebHostDebugExtensions\routes\api\v1\debug\commands\poll\get.ps1[0m
[33;1mVERBOSE: [Process-HttpRequest] Executing app route script: C:\SC\PsWebHost\apps\WebHostDebugExtensions\routes\api\v1\debug\commands\poll\get.ps1[0m
[33;1mVERBOSE: [Backup-ConfigurationFile] File unchanged since last backup: get.security.json[0m
[33;1mVERBOSE: Synchronous context received. Processing request /apps/WebhostRealtimeEvents/api/v1/logs?timeRange=15&sortBy=Date&sortOrder=desc&count=1000[0m
[33;1mVERBOSE: [Process-HttpRequest] Starting processing request:   from [0m
[33;1mVERBOSE: [Process-HttpRequest] 20260208 20:56:49 Request received: get /apps/WebhostRealtimeEvents/api/v1/logs from 127.0.0.1:62756[0m
[33;1mVERBOSE: [Process-HttpRequest] Incoming Cookie header: PSWebSessionID=6552a790-8769-4737-8c71-08cae865d496[0m
[33;1mVERBOSE: [Process-HttpRequest] Session cookie found: 6552a790-8769-4737-8c71-08cae865d496[0m
[33;1mVERBOSE: [Get-PSWebSessions] Returning session type: System.Collections.Hashtable+SyncHashtable IsArray: False[0m
[33;1mVERBOSE: 	[Process-HttpRequest] 20260208 20:56:49 Session: 6552a790-8769-4737-8c71-08cae865d496 UserID: 6ec71a85-fb79-4ebc-aa1d-587c7f8b403c[0m
[33;1mVERBOSE: [Process-HttpRequest] Apps route request: app=WebhostRealtimeEvents, route=api/v1/logs[0m
[33;1mVERBOSE: [Process-HttpRequest] Checking for route script: C:\SC\PsWebHost\apps\WebhostRealtimeEvents\routes\api\v1\logs\get.ps1[0m
[33;1mVERBOSE: [Process-HttpRequest] Route script found: C:\SC\PsWebHost\apps\WebhostRealtimeEvents\routes\api\v1\logs\get.ps1[0m
[33;1mVERBOSE: [Process-HttpRequest] Apps route script found: C:\SC\PsWebHost\apps\WebhostRealtimeEvents\routes\api\v1\logs\get.ps1[0m
[33;1mVERBOSE: [Process-HttpRequest] Executing app route script: C:\SC\PsWebHost\apps\WebhostRealtimeEvents\routes\api\v1\logs\get.ps1[0m
[33;1mVERBOSE: [Backup-ConfigurationFile] File unchanged since last backup: get.security.json[0m
[33;1mVERBOSE: Synchronous context received. Processing request /apps/WebHostMetrics/cards/server-heatmap[0m
[33;1mVERBOSE: [Process-HttpRequest] Starting processing request:   from [0m
[33;1mVERBOSE: [Process-HttpRequest] 20260208 20:56:49 Request received: get /apps/WebHostMetrics/cards/server-heatmap from 127.0.0.1:62757[0m
[33;1mVERBOSE: [Process-HttpRequest] Incoming Cookie header: PSWebSessionID=6552a790-8769-4737-8c71-08cae865d496[0m
[33;1mVERBOSE: [Process-HttpRequest] Session cookie found: 6552a790-8769-4737-8c71-08cae865d496[0m
[33;1mVERBOSE: [Get-PSWebSessions] Returning session type: System.Collections.Hashtable+SyncHashtable IsArray: False[0m
[33;1mVERBOSE: 	[Process-HttpRequest] 20260208 20:56:49 Session: 6552a790-8769-4737-8c71-08cae865d496 UserID: 6ec71a85-fb79-4ebc-aa1d-587c7f8b403c[0m
[33;1mVERBOSE: [Process-HttpRequest] Apps route request: app=WebHostMetrics, route=cards/server-heatmap[0m
[33;1mVERBOSE: [Process-HttpRequest] Checking for route script: C:\SC\PsWebHost\apps\WebHostMetrics\routes\cards\server-heatmap\get.ps1[0m
[33;1mVERBOSE: [Process-HttpRequest] Route script found: C:\SC\PsWebHost\apps\WebHostMetrics\routes\cards\server-heatmap\get.ps1[0m
[33;1mVERBOSE: [Process-HttpRequest] Apps route script found: C:\SC\PsWebHost\apps\WebHostMetrics\routes\cards\server-heatmap\get.ps1[0m
[33;1mVERBOSE: [Process-HttpRequest] Executing app route script: C:\SC\PsWebHost\apps\WebHostMetrics\routes\cards\server-heatmap\get.ps1[0m
[33;1mVERBOSE: [Backup-ConfigurationFile] File unchanged since last backup: get.security.json[0m
[33;1mVERBOSE: Synchronous context received. Processing request /apps/WebHostDebugExtensions/api/v1/debug/commands/poll[0m
[33;1mVERBOSE: [Process-HttpRequest] Starting processing request:   from [0m
[33;1mVERBOSE: [Process-HttpRequest] 20260208 20:56:50 Request received: get /apps/WebHostDebugExtensions/api/v1/debug/commands/poll from 127.0.0.1:62756[0m
[33;1mVERBOSE: [Process-HttpRequest] Incoming Cookie header: PSWebSessionID=6552a790-8769-4737-8c71-08cae865d496[0m
[33;1mVERBOSE: [Process-HttpRequest] Session cookie found: 6552a790-8769-4737-8c71-08cae865d496[0m
[33;1mVERBOSE: [Get-PSWebSessions] Returning session type: System.Collections.Hashtable+SyncHashtable IsArray: False[0m
[33;1mVERBOSE: 	[Process-HttpRequest] 20260208 20:56:50 Session: 6552a790-8769-4737-8c71-08cae865d496 UserID: 6ec71a85-fb79-4ebc-aa1d-587c7f8b403c[0m
[33;1mVERBOSE: [Process-HttpRequest] Apps route request: app=WebHostDebugExtensions, route=api/v1/debug/commands/poll[0m
[33;1mVERBOSE: [Process-HttpRequest] Checking for route script: C:\SC\PsWebHost\apps\WebHostDebugExtensions\routes\api\v1\debug\commands\poll\get.ps1[0m
[33;1mVERBOSE: [Process-HttpRequest] Route script found: C:\SC\PsWebHost\apps\WebHostDebugExtensions\routes\api\v1\debug\commands\poll\get.ps1[0m
[33;1mVERBOSE: [Process-HttpRequest] Apps route script found: C:\SC\PsWebHost\apps\WebHostDebugExtensions\routes\api\v1\debug\commands\poll\get.ps1[0m
[33;1mVERBOSE: [Process-HttpRequest] Executing app route script: C:\SC\PsWebHost\apps\WebHostDebugExtensions\routes\api\v1\debug\commands\poll\get.ps1[0m
[33;1mVERBOSE: [Backup-ConfigurationFile] File unchanged since last backup: get.security.json[0m
[33;1mVERBOSE: Synchronous context received. Processing request /apps/WebHostDebugExtensions/api/v1/debug/commands/poll[0m
[33;1mVERBOSE: [Process-HttpRequest] Starting processing request:   from [0m
[33;1mVERBOSE: [Process-HttpRequest] 20260208 20:56:53 Request received: get /apps/WebHostDebugExtensions/api/v1/debug/commands/poll from 127.0.0.1:62756[0m
[33;1mVERBOSE: [Process-HttpRequest] Incoming Cookie header: PSWebSessionID=6552a790-8769-4737-8c71-08cae865d496[0m
[33;1mVERBOSE: [Process-HttpRequest] Session cookie found: 6552a790-8769-4737-8c71-08cae865d496[0m
[33;1mVERBOSE: [Get-PSWebSessions] Returning session type: System.Collections.Hashtable+SyncHashtable IsArray: False[0m
[33;1mVERBOSE: 	[Process-HttpRequest] 20260208 20:56:53 Session: 6552a790-8769-4737-8c71-08cae865d496 UserID: 6ec71a85-fb79-4ebc-aa1d-587c7f8b403c[0m
[33;1mVERBOSE: [Process-HttpRequest] Apps route request: app=WebHostDebugExtensions, route=api/v1/debug/commands/poll[0m
[33;1mVERBOSE: [Process-HttpRequest] Checking for route script: C:\SC\PsWebHost\apps\WebHostDebugExtensions\routes\api\v1\debug\commands\poll\get.ps1[0m
[33;1mVERBOSE: [Process-HttpRequest] Route script found: C:\SC\PsWebHost\apps\WebHostDebugExtensions\routes\api\v1\debug\commands\poll\get.ps1[0m
[33;1mVERBOSE: [Process-HttpRequest] Apps route script found: C:\SC\PsWebHost\apps\WebHostDebugExtensions\routes\api\v1\debug\commands\poll\get.ps1[0m
[33;1mVERBOSE: [Process-HttpRequest] Executing app route script: C:\SC\PsWebHost\apps\WebHostDebugExtensions\routes\api\v1\debug\commands\poll\get.ps1[0m
[33;1mVERBOSE: [Backup-ConfigurationFile] File unchanged since last backup: get.security.json[0m
[33;1mVERBOSE: Synchronous context received. Processing request /apps/WebhostRealtimeEvents/api/v1/logs?timeRange=15&sortBy=Date&sortOrder=desc&count=1000[0m
[33;1mVERBOSE: [Process-HttpRequest] Starting processing request:   from [0m
[33;1mVERBOSE: [Process-HttpRequest] 20260208 20:56:54 Request received: get /apps/WebhostRealtimeEvents/api/v1/logs from 127.0.0.1:62756[0m
[33;1mVERBOSE: [Process-HttpRequest] Incoming Cookie header: PSWebSessionID=6552a790-8769-4737-8c71-08cae865d496[0m
[33;1mVERBOSE: [Process-HttpRequest] Session cookie found: 6552a790-8769-4737-8c71-08cae865d496[0m
[33;1mVERBOSE: [Get-PSWebSessions] Returning session type: System.Collections.Hashtable+SyncHashtable IsArray: False[0m
[33;1mVERBOSE: 	[Process-HttpRequest] 20260208 20:56:54 Session: 6552a790-8769-4737-8c71-08cae865d496 UserID: 6ec71a85-fb79-4ebc-aa1d-587c7f8b403c[0m
[33;1mVERBOSE: [Process-HttpRequest] Apps route request: app=WebhostRealtimeEvents, route=api/v1/logs[0m
[33;1mVERBOSE: [Process-HttpRequest] Checking for route script: C:\SC\PsWebHost\apps\WebhostRealtimeEvents\routes\api\v1\logs\get.ps1[0m
[33;1mVERBOSE: [Process-HttpRequest] Route script found: C:\SC\PsWebHost\apps\WebhostRealtimeEvents\routes\api\v1\logs\get.ps1[0m
[33;1mVERBOSE: [Process-HttpRequest] Apps route script found: C:\SC\PsWebHost\apps\WebhostRealtimeEvents\routes\api\v1\logs\get.ps1[0m
[33;1mVERBOSE: [Process-HttpRequest] Executing app route script: C:\SC\PsWebHost\apps\WebhostRealtimeEvents\routes\api\v1\logs\get.ps1[0m
[33;1mVERBOSE: [Backup-ConfigurationFile] File unchanged since last backup: get.security.json[0m
[33;1mVERBOSE: Synchronous context received. Processing request /apps/WebHostMetrics/cards/server-heatmap[0m
[33;1mVERBOSE: [Process-HttpRequest] Starting processing request:   from [0m
[33;1mVERBOSE: [Process-HttpRequest] 20260208 20:56:54 Request received: get /apps/WebHostMetrics/cards/server-heatmap from 127.0.0.1:62757[0m
[33;1mVERBOSE: [Process-HttpRequest] Incoming Cookie header: PSWebSessionID=6552a790-8769-4737-8c71-08cae865d496[0m
[33;1mVERBOSE: [Process-HttpRequest] Session cookie found: 6552a790-8769-4737-8c71-08cae865d496[0m
[33;1mVERBOSE: [Get-PSWebSessions] Returning session type: System.Collections.Hashtable+SyncHashtable IsArray: False[0m
[33;1mVERBOSE: 	[Process-HttpRequest] 20260208 20:56:54 Session: 6552a790-8769-4737-8c71-08cae865d496 UserID: 6ec71a85-fb79-4ebc-aa1d-587c7f8b403c[0m
[33;1mVERBOSE: [Process-HttpRequest] Apps route request: app=WebHostMetrics, route=cards/server-heatmap[0m
[33;1mVERBOSE: [Process-HttpRequest] Checking for route script: C:\SC\PsWebHost\apps\WebHostMetrics\routes\cards\server-heatmap\get.ps1[0m
[33;1mVERBOSE: [Process-HttpRequest] Route script found: C:\SC\PsWebHost\apps\WebHostMetrics\routes\cards\server-heatmap\get.ps1[0m
[33;1mVERBOSE: [Process-HttpRequest] Apps route script found: C:\SC\PsWebHost\apps\WebHostMetrics\routes\cards\server-heatmap\get.ps1[0m
[33;1mVERBOSE: [Process-HttpRequest] Executing app route script: C:\SC\PsWebHost\apps\WebHostMetrics\routes\cards\server-heatmap\get.ps1[0m
[33;1mVERBOSE: [Backup-ConfigurationFile] File unchanged since last backup: get.security.json[0m
[33;1mVERBOSE: Synchronous context received. Processing request /apps/WebHostDebugExtensions/api/v1/debug/commands/poll[0m
[33;1mVERBOSE: [Process-HttpRequest] Starting processing request:   from [0m
[33;1mVERBOSE: [Process-HttpRequest] 20260208 20:56:56 Request received: get /apps/WebHostDebugExtensions/api/v1/debug/commands/poll from 127.0.0.1:62756[0m
[33;1mVERBOSE: [Process-HttpRequest] Incoming Cookie header: PSWebSessionID=6552a790-8769-4737-8c71-08cae865d496[0m
[33;1mVERBOSE: [Process-HttpRequest] Session cookie found: 6552a790-8769-4737-8c71-08cae865d496[0m
[33;1mVERBOSE: [Get-PSWebSessions] Returning session type: System.Collections.Hashtable+SyncHashtable IsArray: False[0m
[33;1mVERBOSE: 	[Process-HttpRequest] 20260208 20:56:56 Session: 6552a790-8769-4737-8c71-08cae865d496 UserID: 6ec71a85-fb79-4ebc-aa1d-587c7f8b403c[0m
[33;1mVERBOSE: [Process-HttpRequest] Apps route request: app=WebHostDebugExtensions, route=api/v1/debug/commands/poll[0m
[33;1mVERBOSE: [Process-HttpRequest] Checking for route script: C:\SC\PsWebHost\apps\WebHostDebugExtensions\routes\api\v1\debug\commands\poll\get.ps1[0m
[33;1mVERBOSE: [Process-HttpRequest] Route script found: C:\SC\PsWebHost\apps\WebHostDebugExtensions\routes\api\v1\debug\commands\poll\get.ps1[0m
[33;1mVERBOSE: [Process-HttpRequest] Apps route script found: C:\SC\PsWebHost\apps\WebHostDebugExtensions\routes\api\v1\debug\commands\poll\get.ps1[0m
[33;1mVERBOSE: [Process-HttpRequest] Executing app route script: C:\SC\PsWebHost\apps\WebHostDebugExtensions\routes\api\v1\debug\commands\poll\get.ps1[0m
[33;1mVERBOSE: [Backup-ConfigurationFile] File unchanged since last backup: get.security.json[0m
[33;1mVERBOSE: Synchronous context received. Processing request /apps/WebhostRealtimeEvents/api/v1/logs?timeRange=15&sortBy=Date&sortOrder=desc&count=1000[0m
[33;1mVERBOSE: [Process-HttpRequest] Starting processing request:   from [0m
[33;1mVERBOSE: [Process-HttpRequest] 20260208 20:56:59 Request received: get /apps/WebhostRealtimeEvents/api/v1/logs from 127.0.0.1:62756[0m
[33;1mVERBOSE: [Process-HttpRequest] Incoming Cookie header: PSWebSessionID=6552a790-8769-4737-8c71-08cae865d496[0m
[33;1mVERBOSE: [Process-HttpRequest] Session cookie found: 6552a790-8769-4737-8c71-08cae865d496[0m
[33;1mVERBOSE: [Get-PSWebSessions] Returning session type: System.Collections.Hashtable+SyncHashtable IsArray: False[0m
[33;1mVERBOSE: 	[Process-HttpRequest] 20260208 20:56:59 Session: 6552a790-8769-4737-8c71-08cae865d496 UserID: 6ec71a85-fb79-4ebc-aa1d-587c7f8b403c[0m
[33;1mVERBOSE: [Process-HttpRequest] Apps route request: app=WebhostRealtimeEvents, route=api/v1/logs[0m
[33;1mVERBOSE: [Process-HttpRequest] Checking for route script: C:\SC\PsWebHost\apps\WebhostRealtimeEvents\routes\api\v1\logs\get.ps1[0m
[33;1mVERBOSE: [Process-HttpRequest] Route script found: C:\SC\PsWebHost\apps\WebhostRealtimeEvents\routes\api\v1\logs\get.ps1[0m
[33;1mVERBOSE: [Process-HttpRequest] Apps route script found: C:\SC\PsWebHost\apps\WebhostRealtimeEvents\routes\api\v1\logs\get.ps1[0m
[33;1mVERBOSE: [Process-HttpRequest] Executing app route script: C:\SC\PsWebHost\apps\WebhostRealtimeEvents\routes\api\v1\logs\get.ps1[0m
[33;1mVERBOSE: [Backup-ConfigurationFile] File unchanged since last backup: get.security.json[0m
[33;1mVERBOSE: Synchronous context received. Processing request /apps/WebHostMetrics/cards/server-heatmap[0m
[33;1mVERBOSE: [Process-HttpRequest] Starting processing request:   from [0m
[33;1mVERBOSE: [Process-HttpRequest] 20260208 20:56:59 Request received: get /apps/WebHostMetrics/cards/server-heatmap from 127.0.0.1:62757[0m
[33;1mVERBOSE: [Process-HttpRequest] Incoming Cookie header: PSWebSessionID=6552a790-8769-4737-8c71-08cae865d496[0m
[33;1mVERBOSE: [Process-HttpRequest] Session cookie found: 6552a790-8769-4737-8c71-08cae865d496[0m
[33;1mVERBOSE: [Get-PSWebSessions] Returning session type: System.Collections.Hashtable+SyncHashtable IsArray: False[0m
[33;1mVERBOSE: 	[Process-HttpRequest] 20260208 20:56:59 Session: 6552a790-8769-4737-8c71-08cae865d496 UserID: 6ec71a85-fb79-4ebc-aa1d-587c7f8b403c[0m
[33;1mVERBOSE: [Process-HttpRequest] Apps route request: app=WebHostMetrics, route=cards/server-heatmap[0m
[33;1mVERBOSE: [Process-HttpRequest] Checking for route script: C:\SC\PsWebHost\apps\WebHostMetrics\routes\cards\server-heatmap\get.ps1[0m
[33;1mVERBOSE: [Process-HttpRequest] Route script found: C:\SC\PsWebHost\apps\WebHostMetrics\routes\cards\server-heatmap\get.ps1[0m
[33;1mVERBOSE: [Process-HttpRequest] Apps route script found: C:\SC\PsWebHost\apps\WebHostMetrics\routes\cards\server-heatmap\get.ps1[0m
[33;1mVERBOSE: [Process-HttpRequest] Executing app route script: C:\SC\PsWebHost\apps\WebHostMetrics\routes\cards\server-heatmap\get.ps1[0m
[33;1mVERBOSE: [Backup-ConfigurationFile] File unchanged since last backup: get.security.json[0m
[33;1mVERBOSE: Synchronous context received. Processing request /apps/WebHostDebugExtensions/api/v1/debug/commands/poll[0m
[33;1mVERBOSE: [Process-HttpRequest] Starting processing request:   from [0m
[33;1mVERBOSE: [Process-HttpRequest] 20260208 20:56:59 Request received: get /apps/WebHostDebugExtensions/api/v1/debug/commands/poll from 127.0.0.1:62756[0m
[33;1mVERBOSE: [Process-HttpRequest] Incoming Cookie header: PSWebSessionID=6552a790-8769-4737-8c71-08cae865d496[0m
[33;1mVERBOSE: [Process-HttpRequest] Session cookie found: 6552a790-8769-4737-8c71-08cae865d496[0m
[33;1mVERBOSE: [Get-PSWebSessions] Returning session type: System.Collections.Hashtable+SyncHashtable IsArray: False[0m
[33;1mVERBOSE: 	[Process-HttpRequest] 20260208 20:56:59 Session: 6552a790-8769-4737-8c71-08cae865d496 UserID: 6ec71a85-fb79-4ebc-aa1d-587c7f8b403c[0m
[33;1mVERBOSE: [Process-HttpRequest] Apps route request: app=WebHostDebugExtensions, route=api/v1/debug/commands/poll[0m
[33;1mVERBOSE: [Process-HttpRequest] Checking for route script: C:\SC\PsWebHost\apps\WebHostDebugExtensions\routes\api\v1\debug\commands\poll\get.ps1[0m
[33;1mVERBOSE: [Process-HttpRequest] Route script found: C:\SC\PsWebHost\apps\WebHostDebugExtensions\routes\api\v1\debug\commands\poll\get.ps1[0m
[33;1mVERBOSE: [Process-HttpRequest] Apps route script found: C:\SC\PsWebHost\apps\WebHostDebugExtensions\routes\api\v1\debug\commands\poll\get.ps1[0m
[33;1mVERBOSE: [Process-HttpRequest] Executing app route script: C:\SC\PsWebHost\apps\WebHostDebugExtensions\routes\api\v1\debug\commands\poll\get.ps1[0m
[33;1mVERBOSE: [Backup-ConfigurationFile] File unchanged since last backup: get.security.json[0m
[33;1mVERBOSE: Synchronous context received. Processing request /apps/WebHostDebugExtensions/api/v1/debug/commands/poll[0m
[33;1mVERBOSE: [Process-HttpRequest] Starting processing request:   from [0m
[33;1mVERBOSE: [Process-HttpRequest] 20260208 20:57:02 Request received: get /apps/WebHostDebugExtensions/api/v1/debug/commands/poll from 127.0.0.1:62756[0m
[33;1mVERBOSE: [Process-HttpRequest] Incoming Cookie header: PSWebSessionID=6552a790-8769-4737-8c71-08cae865d496[0m
[33;1mVERBOSE: [Process-HttpRequest] Session cookie found: 6552a790-8769-4737-8c71-08cae865d496[0m
[33;1mVERBOSE: [Get-PSWebSessions] Returning session type: System.Collections.Hashtable+SyncHashtable IsArray: False[0m
[33;1mVERBOSE: 	[Process-HttpRequest] 20260208 20:57:02 Session: 6552a790-8769-4737-8c71-08cae865d496 UserID: 6ec71a85-fb79-4ebc-aa1d-587c7f8b403c[0m
[33;1mVERBOSE: [Process-HttpRequest] Apps route request: app=WebHostDebugExtensions, route=api/v1/debug/commands/poll[0m
[33;1mVERBOSE: [Process-HttpRequest] Checking for route script: C:\SC\PsWebHost\apps\WebHostDebugExtensions\routes\api\v1\debug\commands\poll\get.ps1[0m
[33;1mVERBOSE: [Process-HttpRequest] Route script found: C:\SC\PsWebHost\apps\WebHostDebugExtensions\routes\api\v1\debug\commands\poll\get.ps1[0m
[33;1mVERBOSE: [Process-HttpRequest] Apps route script found: C:\SC\PsWebHost\apps\WebHostDebugExtensions\routes\api\v1\debug\commands\poll\get.ps1[0m
[33;1mVERBOSE: [Process-HttpRequest] Executing app route script: C:\SC\PsWebHost\apps\WebHostDebugExtensions\routes\api\v1\debug\commands\poll\get.ps1[0m
[33;1mVERBOSE: [Backup-ConfigurationFile] File unchanged since last backup: get.security.json[0m
	Logging: 2026-02-09T02:57:02.9559292Z	2026-02-08T20:57:02.9559292-06:00	Info	MetricsData	Track_HashTables	WebHost.ps1	ProcessLogQueue		Webhost	MainLoop	1	H4sIAAAAAAAACpWT0WrCMBSG3yXXdaRpk7S91YsNdBTq3PWxi06obWnSgYjvPnQuOZEN0tsv4cvPyfnPpKwWagdjY0oY4KiMGjbQjEqT4kxe4ahI8f+ViMy7sTWkoBFZgjaVUi0pCKNMzCib0WzNaMFlQdlTznlCZT6joqCUXCLSw6BaMweDHnLMmnmImSWZcObac9bYJgNsqWQ8czY9bv2Qd2CdLCQh55lEzpN+02rA0jux1iTEKlKROOsKTP3pfdwvsdY4xBonPHbWsnpX20oNX15eTF3moNBpLLjTH6E97JTGA7bIxQ7aL5rL1ImX3f75oE03nJAawWm7S1mOZlKDUXvfbNHEXcvwXpTVRg360LVr2DbKG7d3YN/Ig3onr/jhP/XV5pcc82kbk0qBml2Dgabb+8O5kUnWVPIMLQr0/Uu765D1l1hrFmIVPEHT+Cnz42diOrGRlCM79P0CDPiZbySalJnnXmW6j7FRD2IEpyWOJfU20PZ6dTP+sSL4cGJF01TaGl2+AdjL2Md8BgAA
	Logging: 2026-02-09T02:57:02.9603959Z	2026-02-08T20:57:02.9603959-06:00	Info	MetricsData	Track_HashTables	WebHost.ps1	ProcessLogQueue		Webhost	MainLoop	1	{"fileInfo":{"Name":"fileInfo","Count":4,"LastSeen":"2026-02-08T20:57:02.9596452-06:00"},"prefixesToTry":{"Name":"prefixesToTry","Count":2,"LastSeen":"2026-02-08T20:57:02.9599010-06:00"},"systemUsers":{"Name":"systemUsers","Count":2,"LastSeen":"2026-02-08T20:57:02.9600571-06:00"},"args":{"Name":"args","Count":0,"LastSeen":"2026-02-08T20:57:02.9567695-06:00"},"configRoles":{"Name":"configRoles","Count":6,"LastSeen":"2026-02-08T20:57:02.9594463-06:00"},"dbRoles":{"Name":"dbRoles","Count":15,"LastSeen":"2026-02-08T20:57:02.9595524-06:00"},"ModulePathEnv":{"Name":"ModulePathEnv","Count":19,"LastSeen":"2026-02-08T20:57:02.9598237-06:00"}}
[33;1mVERBOSE: Synchronous context received. Processing request /apps/WebhostRealtimeEvents/api/v1/logs?timeRange=15&sortBy=Date&sortOrder=desc&count=1000[0m
[33;1mVERBOSE: [Process-HttpRequest] Starting processing request:   from [0m
[33;1mVERBOSE: [Process-HttpRequest] 20260208 20:57:04 Request received: get /apps/WebhostRealtimeEvents/api/v1/logs from 127.0.0.1:62756[0m
[33;1mVERBOSE: [Process-HttpRequest] Incoming Cookie header: PSWebSessionID=6552a790-8769-4737-8c71-08cae865d496[0m
[33;1mVERBOSE: [Process-HttpRequest] Session cookie found: 6552a790-8769-4737-8c71-08cae865d496[0m
[33;1mVERBOSE: [Get-PSWebSessions] Returning session type: System.Collections.Hashtable+SyncHashtable IsArray: False[0m
[33;1mVERBOSE: 	[Process-HttpRequest] 20260208 20:57:04 Session: 6552a790-8769-4737-8c71-08cae865d496 UserID: 6ec71a85-fb79-4ebc-aa1d-587c7f8b403c[0m
[33;1mVERBOSE: [Process-HttpRequest] Apps route request: app=WebhostRealtimeEvents, route=api/v1/logs[0m
[33;1mVERBOSE: [Process-HttpRequest] Checking for route script: C:\SC\PsWebHost\apps\WebhostRealtimeEvents\routes\api\v1\logs\get.ps1[0m
[33;1mVERBOSE: [Process-HttpRequest] Route script found: C:\SC\PsWebHost\apps\WebhostRealtimeEvents\routes\api\v1\logs\get.ps1[0m
[33;1mVERBOSE: [Process-HttpRequest] Apps route script found: C:\SC\PsWebHost\apps\WebhostRealtimeEvents\routes\api\v1\logs\get.ps1[0m
[33;1mVERBOSE: [Process-HttpRequest] Executing app route script: C:\SC\PsWebHost\apps\WebhostRealtimeEvents\routes\api\v1\logs\get.ps1[0m
[33;1mVERBOSE: [Backup-ConfigurationFile] File unchanged since last backup: get.security.json[0m
[33;1mVERBOSE: Synchronous context received. Processing request /apps/WebHostMetrics/cards/server-heatmap[0m
[33;1mVERBOSE: [Process-HttpRequest] Starting processing request:   from [0m
[33;1mVERBOSE: [Process-HttpRequest] 20260208 20:57:04 Request received: get /apps/WebHostMetrics/cards/server-heatmap from 127.0.0.1:62757[0m
[33;1mVERBOSE: [Process-HttpRequest] Incoming Cookie header: PSWebSessionID=6552a790-8769-4737-8c71-08cae865d496[0m
[33;1mVERBOSE: [Process-HttpRequest] Session cookie found: 6552a790-8769-4737-8c71-08cae865d496[0m
[33;1mVERBOSE: [Get-PSWebSessions] Returning session type: System.Collections.Hashtable+SyncHashtable IsArray: False[0m
[33;1mVERBOSE: 	[Process-HttpRequest] 20260208 20:57:04 Session: 6552a790-8769-4737-8c71-08cae865d496 UserID: 6ec71a85-fb79-4ebc-aa1d-587c7f8b403c[0m
[33;1mVERBOSE: [Process-HttpRequest] Apps route request: app=WebHostMetrics, route=cards/server-heatmap[0m
[33;1mVERBOSE: [Process-HttpRequest] Checking for route script: C:\SC\PsWebHost\apps\WebHostMetrics\routes\cards\server-heatmap\get.ps1[0m
[33;1mVERBOSE: [Process-HttpRequest] Route script found: C:\SC\PsWebHost\apps\WebHostMetrics\routes\cards\server-heatmap\get.ps1[0m
[33;1mVERBOSE: [Process-HttpRequest] Apps route script found: C:\SC\PsWebHost\apps\WebHostMetrics\routes\cards\server-heatmap\get.ps1[0m
[33;1mVERBOSE: [Process-HttpRequest] Executing app route script: C:\SC\PsWebHost\apps\WebHostMetrics\routes\cards\server-heatmap\get.ps1[0m
[33;1mVERBOSE: [Backup-ConfigurationFile] File unchanged since last backup: get.security.json[0m
[33;1mVERBOSE: Synchronous context received. Processing request /apps/WebHostDebugExtensions/api/v1/debug/commands/poll[0m
[33;1mVERBOSE: [Process-HttpRequest] Starting processing request:   from [0m
[33;1mVERBOSE: [Process-HttpRequest] 20260208 20:57:05 Request received: get /apps/WebHostDebugExtensions/api/v1/debug/commands/poll from 127.0.0.1:62756[0m
[33;1mVERBOSE: [Process-HttpRequest] Incoming Cookie header: PSWebSessionID=6552a790-8769-4737-8c71-08cae865d496[0m
[33;1mVERBOSE: [Process-HttpRequest] Session cookie found: 6552a790-8769-4737-8c71-08cae865d496[0m
[33;1mVERBOSE: [Get-PSWebSessions] Returning session type: System.Collections.Hashtable+SyncHashtable IsArray: False[0m
[33;1mVERBOSE: 	[Process-HttpRequest] 20260208 20:57:05 Session: 6552a790-8769-4737-8c71-08cae865d496 UserID: 6ec71a85-fb79-4ebc-aa1d-587c7f8b403c[0m
[33;1mVERBOSE: [Process-HttpRequest] Apps route request: app=WebHostDebugExtensions, route=api/v1/debug/commands/poll[0m
[33;1mVERBOSE: [Process-HttpRequest] Checking for route script: C:\SC\PsWebHost\apps\WebHostDebugExtensions\routes\api\v1\debug\commands\poll\get.ps1[0m
[33;1mVERBOSE: [Process-HttpRequest] Route script found: C:\SC\PsWebHost\apps\WebHostDebugExtensions\routes\api\v1\debug\commands\poll\get.ps1[0m
[33;1mVERBOSE: [Process-HttpRequest] Apps route script found: C:\SC\PsWebHost\apps\WebHostDebugExtensions\routes\api\v1\debug\commands\poll\get.ps1[0m
[33;1mVERBOSE: [Process-HttpRequest] Executing app route script: C:\SC\PsWebHost\apps\WebHostDebugExtensions\routes\api\v1\debug\commands\poll\get.ps1[0m
[33;1mVERBOSE: [Backup-ConfigurationFile] File unchanged since last backup: get.security.json[0m
[33;1mVERBOSE: Synchronous context received. Processing request /apps/WebHostDebugExtensions/api/v1/debug/commands/poll[0m
[33;1mVERBOSE: [Process-HttpRequest] Starting processing request:   from [0m
[33;1mVERBOSE: [Process-HttpRequest] 20260208 20:57:08 Request received: get /apps/WebHostDebugExtensions/api/v1/debug/commands/poll from 127.0.0.1:62756[0m
[33;1mVERBOSE: [Process-HttpRequest] Incoming Cookie header: PSWebSessionID=6552a790-8769-4737-8c71-08cae865d496[0m
[33;1mVERBOSE: [Process-HttpRequest] Session cookie found: 6552a790-8769-4737-8c71-08cae865d496[0m
[33;1mVERBOSE: [Get-PSWebSessions] Returning session type: System.Collections.Hashtable+SyncHashtable IsArray: False[0m
[33;1mVERBOSE: 	[Process-HttpRequest] 20260208 20:57:08 Session: 6552a790-8769-4737-8c71-08cae865d496 UserID: 6ec71a85-fb79-4ebc-aa1d-587c7f8b403c[0m
[33;1mVERBOSE: [Process-HttpRequest] Apps route request: app=WebHostDebugExtensions, route=api/v1/debug/commands/poll[0m
[33;1mVERBOSE: [Process-HttpRequest] Checking for route script: C:\SC\PsWebHost\apps\WebHostDebugExtensions\routes\api\v1\debug\commands\poll\get.ps1[0m
[33;1mVERBOSE: [Process-HttpRequest] Route script found: C:\SC\PsWebHost\apps\WebHostDebugExtensions\routes\api\v1\debug\commands\poll\get.ps1[0m
[33;1mVERBOSE: [Process-HttpRequest] Apps route script found: C:\SC\PsWebHost\apps\WebHostDebugExtensions\routes\api\v1\debug\commands\poll\get.ps1[0m
[33;1mVERBOSE: [Process-HttpRequest] Executing app route script: C:\SC\PsWebHost\apps\WebHostDebugExtensions\routes\api\v1\debug\commands\poll\get.ps1[0m
[33;1mVERBOSE: [Backup-ConfigurationFile] File unchanged since last backup: get.security.json[0m
[33;1mVERBOSE: Synchronous context received. Processing request /apps/WebhostRealtimeEvents/api/v1/logs?timeRange=15&sortBy=Date&sortOrder=desc&count=1000[0m
[33;1mVERBOSE: [Process-HttpRequest] Starting processing request:   from [0m
[33;1mVERBOSE: [Process-HttpRequest] 20260208 20:57:09 Request received: get /apps/WebhostRealtimeEvents/api/v1/logs from 127.0.0.1:62756[0m
[33;1mVERBOSE: [Process-HttpRequest] Incoming Cookie header: PSWebSessionID=6552a790-8769-4737-8c71-08cae865d496[0m
[33;1mVERBOSE: [Process-HttpRequest] Session cookie found: 6552a790-8769-4737-8c71-08cae865d496[0m
[33;1mVERBOSE: [Get-PSWebSessions] Returning session type: System.Collections.Hashtable+SyncHashtable IsArray: False[0m
[33;1mVERBOSE: 	[Process-HttpRequest] 20260208 20:57:09 Session: 6552a790-8769-4737-8c71-08cae865d496 UserID: 6ec71a85-fb79-4ebc-aa1d-587c7f8b403c[0m
[33;1mVERBOSE: [Process-HttpRequest] Apps route request: app=WebhostRealtimeEvents, route=api/v1/logs[0m
[33;1mVERBOSE: [Process-HttpRequest] Checking for route script: C:\SC\PsWebHost\apps\WebhostRealtimeEvents\routes\api\v1\logs\get.ps1[0m
[33;1mVERBOSE: [Process-HttpRequest] Route script found: C:\SC\PsWebHost\apps\WebhostRealtimeEvents\routes\api\v1\logs\get.ps1[0m
[33;1mVERBOSE: [Process-HttpRequest] Apps route script found: C:\SC\PsWebHost\apps\WebhostRealtimeEvents\routes\api\v1\logs\get.ps1[0m
[33;1mVERBOSE: [Process-HttpRequest] Executing app route script: C:\SC\PsWebHost\apps\WebhostRealtimeEvents\routes\api\v1\logs\get.ps1[0m
[33;1mVERBOSE: [Backup-ConfigurationFile] File unchanged since last backup: get.security.json[0m
[33;1mVERBOSE: Synchronous context received. Processing request /apps/WebHostMetrics/cards/server-heatmap[0m
[33;1mVERBOSE: [Process-HttpRequest] Starting processing request:   from [0m
[33;1mVERBOSE: [Process-HttpRequest] 20260208 20:57:09 Request received: get /apps/WebHostMetrics/cards/server-heatmap from 127.0.0.1:62757[0m
[33;1mVERBOSE: [Process-HttpRequest] Incoming Cookie header: PSWebSessionID=6552a790-8769-4737-8c71-08cae865d496[0m
[33;1mVERBOSE: [Process-HttpRequest] Session cookie found: 6552a790-8769-4737-8c71-08cae865d496[0m
[33;1mVERBOSE: [Get-PSWebSessions] Returning session type: System.Collections.Hashtable+SyncHashtable IsArray: False[0m
[33;1mVERBOSE: 	[Process-HttpRequest] 20260208 20:57:09 Session: 6552a790-8769-4737-8c71-08cae865d496 UserID: 6ec71a85-fb79-4ebc-aa1d-587c7f8b403c[0m
[33;1mVERBOSE: [Process-HttpRequest] Apps route request: app=WebHostMetrics, route=cards/server-heatmap[0m
[33;1mVERBOSE: [Process-HttpRequest] Checking for route script: C:\SC\PsWebHost\apps\WebHostMetrics\routes\cards\server-heatmap\get.ps1[0m
[33;1mVERBOSE: [Process-HttpRequest] Route script found: C:\SC\PsWebHost\apps\WebHostMetrics\routes\cards\server-heatmap\get.ps1[0m
[33;1mVERBOSE: [Process-HttpRequest] Apps route script found: C:\SC\PsWebHost\apps\WebHostMetrics\routes\cards\server-heatmap\get.ps1[0m
[33;1mVERBOSE: [Process-HttpRequest] Executing app route script: C:\SC\PsWebHost\apps\WebHostMetrics\routes\cards\server-heatmap\get.ps1[0m
[33;1mVERBOSE: [Backup-ConfigurationFile] File unchanged since last backup: get.security.json[0m
[33;1mVERBOSE: Synchronous context received. Processing request /apps/WebHostDebugExtensions/api/v1/debug/commands/poll[0m
[33;1mVERBOSE: [Process-HttpRequest] Starting processing request:   from [0m
[33;1mVERBOSE: [Process-HttpRequest] 20260208 20:57:11 Request received: get /apps/WebHostDebugExtensions/api/v1/debug/commands/poll from 127.0.0.1:62756[0m
[33;1mVERBOSE: [Process-HttpRequest] Incoming Cookie header: PSWebSessionID=6552a790-8769-4737-8c71-08cae865d496[0m
[33;1mVERBOSE: [Process-HttpRequest] Session cookie found: 6552a790-8769-4737-8c71-08cae865d496[0m
[33;1mVERBOSE: [Get-PSWebSessions] Returning session type: System.Collections.Hashtable+SyncHashtable IsArray: False[0m
[33;1mVERBOSE: 	[Process-HttpRequest] 20260208 20:57:11 Session: 6552a790-8769-4737-8c71-08cae865d496 UserID: 6ec71a85-fb79-4ebc-aa1d-587c7f8b403c[0m
[33;1mVERBOSE: [Process-HttpRequest] Apps route request: app=WebHostDebugExtensions, route=api/v1/debug/commands/poll[0m
[33;1mVERBOSE: [Process-HttpRequest] Checking for route script: C:\SC\PsWebHost\apps\WebHostDebugExtensions\routes\api\v1\debug\commands\poll\get.ps1[0m
[33;1mVERBOSE: [Process-HttpRequest] Route script found: C:\SC\PsWebHost\apps\WebHostDebugExtensions\routes\api\v1\debug\commands\poll\get.ps1[0m
[33;1mVERBOSE: [Process-HttpRequest] Apps route script found: C:\SC\PsWebHost\apps\WebHostDebugExtensions\routes\api\v1\debug\commands\poll\get.ps1[0m
[33;1mVERBOSE: [Process-HttpRequest] Executing app route script: C:\SC\PsWebHost\apps\WebHostDebugExtensions\routes\api\v1\debug\commands\poll\get.ps1[0m
[33;1mVERBOSE: [Backup-ConfigurationFile] File unchanged since last backup: get.security.json[0m
[33;1mVERBOSE: Synchronous context received. Processing request /apps/WebhostRealtimeEvents/api/v1/logs?timeRange=15&sortBy=Date&sortOrder=desc&count=1000[0m
[33;1mVERBOSE: [Process-HttpRequest] Starting processing request:   from [0m
[33;1mVERBOSE: [Process-HttpRequest] 20260208 20:57:14 Request received: get /apps/WebhostRealtimeEvents/api/v1/logs from 127.0.0.1:62756[0m
[33;1mVERBOSE: [Process-HttpRequest] Incoming Cookie header: PSWebSessionID=6552a790-8769-4737-8c71-08cae865d496[0m
[33;1mVERBOSE: [Process-HttpRequest] Session cookie found: 6552a790-8769-4737-8c71-08cae865d496[0m
[33;1mVERBOSE: [Get-PSWebSessions] Returning session type: System.Collections.Hashtable+SyncHashtable IsArray: False[0m
[33;1mVERBOSE: 	[Process-HttpRequest] 20260208 20:57:14 Session: 6552a790-8769-4737-8c71-08cae865d496 UserID: 6ec71a85-fb79-4ebc-aa1d-587c7f8b403c[0m
[33;1mVERBOSE: [Process-HttpRequest] Apps route request: app=WebhostRealtimeEvents, route=api/v1/logs[0m
[33;1mVERBOSE: [Process-HttpRequest] Checking for route script: C:\SC\PsWebHost\apps\WebhostRealtimeEvents\routes\api\v1\logs\get.ps1[0m
[33;1mVERBOSE: [Process-HttpRequest] Route script found: C:\SC\PsWebHost\apps\WebhostRealtimeEvents\routes\api\v1\logs\get.ps1[0m
[33;1mVERBOSE: [Process-HttpRequest] Apps route script found: C:\SC\PsWebHost\apps\WebhostRealtimeEvents\routes\api\v1\logs\get.ps1[0m
[33;1mVERBOSE: [Process-HttpRequest] Executing app route script: C:\SC\PsWebHost\apps\WebhostRealtimeEvents\routes\api\v1\logs\get.ps1[0m
[33;1mVERBOSE: [Backup-ConfigurationFile] File unchanged since last backup: get.security.json[0m
[33;1mVERBOSE: Synchronous context received. Processing request /apps/WebHostMetrics/cards/server-heatmap[0m
[33;1mVERBOSE: [Process-HttpRequest] Starting processing request:   from [0m
[33;1mVERBOSE: [Process-HttpRequest] 20260208 20:57:14 Request received: get /apps/WebHostMetrics/cards/server-heatmap from 127.0.0.1:62757[0m
[33;1mVERBOSE: [Process-HttpRequest] Incoming Cookie header: PSWebSessionID=6552a790-8769-4737-8c71-08cae865d496[0m
[33;1mVERBOSE: [Process-HttpRequest] Session cookie found: 6552a790-8769-4737-8c71-08cae865d496[0m
[33;1mVERBOSE: [Get-PSWebSessions] Returning session type: System.Collections.Hashtable+SyncHashtable IsArray: False[0m
[33;1mVERBOSE: 	[Process-HttpRequest] 20260208 20:57:14 Session: 6552a790-8769-4737-8c71-08cae865d496 UserID: 6ec71a85-fb79-4ebc-aa1d-587c7f8b403c[0m
[33;1mVERBOSE: [Process-HttpRequest] Apps route request: app=WebHostMetrics, route=cards/server-heatmap[0m
[33;1mVERBOSE: [Process-HttpRequest] Checking for route script: C:\SC\PsWebHost\apps\WebHostMetrics\routes\cards\server-heatmap\get.ps1[0m
[33;1mVERBOSE: [Process-HttpRequest] Route script found: C:\SC\PsWebHost\apps\WebHostMetrics\routes\cards\server-heatmap\get.ps1[0m
[33;1mVERBOSE: [Process-HttpRequest] Apps route script found: C:\SC\PsWebHost\apps\WebHostMetrics\routes\cards\server-heatmap\get.ps1[0m
[33;1mVERBOSE: [Process-HttpRequest] Executing app route script: C:\SC\PsWebHost\apps\WebHostMetrics\routes\cards\server-heatmap\get.ps1[0m
[33;1mVERBOSE: [Backup-ConfigurationFile] File unchanged since last backup: get.security.json[0m
[33;1mVERBOSE: Synchronous context received. Processing request /apps/WebHostDebugExtensions/api/v1/debug/commands/poll[0m
[33;1mVERBOSE: [Process-HttpRequest] Starting processing request:   from [0m
[33;1mVERBOSE: [Process-HttpRequest] 20260208 20:57:14 Request received: get /apps/WebHostDebugExtensions/api/v1/debug/commands/poll from 127.0.0.1:62756[0m
[33;1mVERBOSE: [Process-HttpRequest] Incoming Cookie header: PSWebSessionID=6552a790-8769-4737-8c71-08cae865d496[0m
[33;1mVERBOSE: [Process-HttpRequest] Session cookie found: 6552a790-8769-4737-8c71-08cae865d496[0m
[33;1mVERBOSE: [Get-PSWebSessions] Returning session type: System.Collections.Hashtable+SyncHashtable IsArray: False[0m
[33;1mVERBOSE: 	[Process-HttpRequest] 20260208 20:57:14 Session: 6552a790-8769-4737-8c71-08cae865d496 UserID: 6ec71a85-fb79-4ebc-aa1d-587c7f8b403c[0m
[33;1mVERBOSE: [Process-HttpRequest] Apps route request: app=WebHostDebugExtensions, route=api/v1/debug/commands/poll[0m
[33;1mVERBOSE: [Process-HttpRequest] Checking for route script: C:\SC\PsWebHost\apps\WebHostDebugExtensions\routes\api\v1\debug\commands\poll\get.ps1[0m
[33;1mVERBOSE: [Process-HttpRequest] Route script found: C:\SC\PsWebHost\apps\WebHostDebugExtensions\routes\api\v1\debug\commands\poll\get.ps1[0m
[33;1mVERBOSE: [Process-HttpRequest] Apps route script found: C:\SC\PsWebHost\apps\WebHostDebugExtensions\routes\api\v1\debug\commands\poll\get.ps1[0m
[33;1mVERBOSE: [Process-HttpRequest] Executing app route script: C:\SC\PsWebHost\apps\WebHostDebugExtensions\routes\api\v1\debug\commands\poll\get.ps1[0m
[33;1mVERBOSE: [Backup-ConfigurationFile] File unchanged since last backup: get.security.json[0m
[33;1mVERBOSE: Synchronous context received. Processing request /apps/WebHostDebugExtensions/api/v1/debug/commands/poll[0m
[33;1mVERBOSE: [Process-HttpRequest] Starting processing request:   from [0m
[33;1mVERBOSE: [Process-HttpRequest] 20260208 20:57:17 Request received: get /apps/WebHostDebugExtensions/api/v1/debug/commands/poll from 127.0.0.1:62756[0m
[33;1mVERBOSE: [Process-HttpRequest] Incoming Cookie header: PSWebSessionID=6552a790-8769-4737-8c71-08cae865d496[0m
[33;1mVERBOSE: [Process-HttpRequest] Session cookie found: 6552a790-8769-4737-8c71-08cae865d496[0m
[33;1mVERBOSE: [Get-PSWebSessions] Returning session type: System.Collections.Hashtable+SyncHashtable IsArray: False[0m
[33;1mVERBOSE: 	[Process-HttpRequest] 20260208 20:57:17 Session: 6552a790-8769-4737-8c71-08cae865d496 UserID: 6ec71a85-fb79-4ebc-aa1d-587c7f8b403c[0m
[33;1mVERBOSE: [Process-HttpRequest] Apps route request: app=WebHostDebugExtensions, route=api/v1/debug/commands/poll[0m
[33;1mVERBOSE: [Process-HttpRequest] Checking for route script: C:\SC\PsWebHost\apps\WebHostDebugExtensions\routes\api\v1\debug\commands\poll\get.ps1[0m
[33;1mVERBOSE: [Process-HttpRequest] Route script found: C:\SC\PsWebHost\apps\WebHostDebugExtensions\routes\api\v1\debug\commands\poll\get.ps1[0m
[33;1mVERBOSE: [Process-HttpRequest] Apps route script found: C:\SC\PsWebHost\apps\WebHostDebugExtensions\routes\api\v1\debug\commands\poll\get.ps1[0m
[33;1mVERBOSE: [Process-HttpRequest] Executing app route script: C:\SC\PsWebHost\apps\WebHostDebugExtensions\routes\api\v1\debug\commands\poll\get.ps1[0m
[33;1mVERBOSE: [Backup-ConfigurationFile] File unchanged since last backup: get.security.json[0m
[33;1mVERBOSE: Synchronous context received. Processing request /apps/WebhostRealtimeEvents/api/v1/logs?timeRange=15&sortBy=Date&sortOrder=desc&count=1000[0m
[33;1mVERBOSE: [Process-HttpRequest] Starting processing request:   from [0m
[33;1mVERBOSE: [Process-HttpRequest] 20260208 20:57:19 Request received: get /apps/WebhostRealtimeEvents/api/v1/logs from 127.0.0.1:62756[0m
[33;1mVERBOSE: [Process-HttpRequest] Incoming Cookie header: PSWebSessionID=6552a790-8769-4737-8c71-08cae865d496[0m
[33;1mVERBOSE: [Process-HttpRequest] Session cookie found: 6552a790-8769-4737-8c71-08cae865d496[0m
[33;1mVERBOSE: [Get-PSWebSessions] Returning session type: System.Collections.Hashtable+SyncHashtable IsArray: False[0m
[33;1mVERBOSE: 	[Process-HttpRequest] 20260208 20:57:19 Session: 6552a790-8769-4737-8c71-08cae865d496 UserID: 6ec71a85-fb79-4ebc-aa1d-587c7f8b403c[0m
[33;1mVERBOSE: [Process-HttpRequest] Apps route request: app=WebhostRealtimeEvents, route=api/v1/logs[0m
[33;1mVERBOSE: [Process-HttpRequest] Checking for route script: C:\SC\PsWebHost\apps\WebhostRealtimeEvents\routes\api\v1\logs\get.ps1[0m
[33;1mVERBOSE: [Process-HttpRequest] Route script found: C:\SC\PsWebHost\apps\WebhostRealtimeEvents\routes\api\v1\logs\get.ps1[0m
[33;1mVERBOSE: [Process-HttpRequest] Apps route script found: C:\SC\PsWebHost\apps\WebhostRealtimeEvents\routes\api\v1\logs\get.ps1[0m
[33;1mVERBOSE: [Process-HttpRequest] Executing app route script: C:\SC\PsWebHost\apps\WebhostRealtimeEvents\routes\api\v1\logs\get.ps1[0m
[33;1mVERBOSE: [Backup-ConfigurationFile] File unchanged since last backup: get.security.json[0m
[33;1mVERBOSE: Synchronous context received. Processing request /apps/WebHostMetrics/cards/server-heatmap[0m
[33;1mVERBOSE: [Process-HttpRequest] Starting processing request:   from [0m
[33;1mVERBOSE: [Process-HttpRequest] 20260208 20:57:19 Request received: get /apps/WebHostMetrics/cards/server-heatmap from 127.0.0.1:62757[0m
[33;1mVERBOSE: [Process-HttpRequest] Incoming Cookie header: PSWebSessionID=6552a790-8769-4737-8c71-08cae865d496[0m
[33;1mVERBOSE: [Process-HttpRequest] Session cookie found: 6552a790-8769-4737-8c71-08cae865d496[0m
[33;1mVERBOSE: [Get-PSWebSessions] Returning session type: System.Collections.Hashtable+SyncHashtable IsArray: False[0m
[33;1mVERBOSE: 	[Process-HttpRequest] 20260208 20:57:19 Session: 6552a790-8769-4737-8c71-08cae865d496 UserID: 6ec71a85-fb79-4ebc-aa1d-587c7f8b403c[0m
[33;1mVERBOSE: [Process-HttpRequest] Apps route request: app=WebHostMetrics, route=cards/server-heatmap[0m
[33;1mVERBOSE: [Process-HttpRequest] Checking for route script: C:\SC\PsWebHost\apps\WebHostMetrics\routes\cards\server-heatmap\get.ps1[0m
[33;1mVERBOSE: [Process-HttpRequest] Route script found: C:\SC\PsWebHost\apps\WebHostMetrics\routes\cards\server-heatmap\get.ps1[0m
[33;1mVERBOSE: [Process-HttpRequest] Apps route script found: C:\SC\PsWebHost\apps\WebHostMetrics\routes\cards\server-heatmap\get.ps1[0m
[33;1mVERBOSE: [Process-HttpRequest] Executing app route script: C:\SC\PsWebHost\apps\WebHostMetrics\routes\cards\server-heatmap\get.ps1[0m
[33;1mVERBOSE: [Backup-ConfigurationFile] File unchanged since last backup: get.security.json[0m
[33;1mVERBOSE: Synchronous context received. Processing request /apps/WebHostDebugExtensions/api/v1/debug/commands/poll[0m
[33;1mVERBOSE: [Process-HttpRequest] Starting processing request:   from [0m
[33;1mVERBOSE: [Process-HttpRequest] 20260208 20:57:21 Request received: get /apps/WebHostDebugExtensions/api/v1/debug/commands/poll from 127.0.0.1:62756[0m
[33;1mVERBOSE: [Process-HttpRequest] Incoming Cookie header: PSWebSessionID=6552a790-8769-4737-8c71-08cae865d496[0m
[33;1mVERBOSE: [Process-HttpRequest] Session cookie found: 6552a790-8769-4737-8c71-08cae865d496[0m
[33;1mVERBOSE: [Get-PSWebSessions] Returning session type: System.Collections.Hashtable+SyncHashtable IsArray: False[0m
[33;1mVERBOSE: 	[Process-HttpRequest] 20260208 20:57:21 Session: 6552a790-8769-4737-8c71-08cae865d496 UserID: 6ec71a85-fb79-4ebc-aa1d-587c7f8b403c[0m
[33;1mVERBOSE: [Process-HttpRequest] Apps route request: app=WebHostDebugExtensions, route=api/v1/debug/commands/poll[0m
[33;1mVERBOSE: [Process-HttpRequest] Checking for route script: C:\SC\PsWebHost\apps\WebHostDebugExtensions\routes\api\v1\debug\commands\poll\get.ps1[0m
[33;1mVERBOSE: [Process-HttpRequest] Route script found: C:\SC\PsWebHost\apps\WebHostDebugExtensions\routes\api\v1\debug\commands\poll\get.ps1[0m
[33;1mVERBOSE: [Process-HttpRequest] Apps route script found: C:\SC\PsWebHost\apps\WebHostDebugExtensions\routes\api\v1\debug\commands\poll\get.ps1[0m
[33;1mVERBOSE: [Process-HttpRequest] Executing app route script: C:\SC\PsWebHost\apps\WebHostDebugExtensions\routes\api\v1\debug\commands\poll\get.ps1[0m
[33;1mVERBOSE: [Backup-ConfigurationFile] File unchanged since last backup: get.security.json[0m
[33;1mVERBOSE: Synchronous context received. Processing request /apps/WebHostDebugExtensions/api/v1/debug/commands/poll[0m
[33;1mVERBOSE: [Process-HttpRequest] Starting processing request:   from [0m
[33;1mVERBOSE: [Process-HttpRequest] 20260208 20:57:24 Request received: get /apps/WebHostDebugExtensions/api/v1/debug/commands/poll from 127.0.0.1:62756[0m
[33;1mVERBOSE: [Process-HttpRequest] Incoming Cookie header: PSWebSessionID=6552a790-8769-4737-8c71-08cae865d496[0m
[33;1mVERBOSE: [Process-HttpRequest] Session cookie found: 6552a790-8769-4737-8c71-08cae865d496[0m
[33;1mVERBOSE: [Get-PSWebSessions] Returning session type: System.Collections.Hashtable+SyncHashtable IsArray: False[0m
[33;1mVERBOSE: 	[Process-HttpRequest] 20260208 20:57:24 Session: 6552a790-8769-4737-8c71-08cae865d496 UserID: 6ec71a85-fb79-4ebc-aa1d-587c7f8b403c[0m
[33;1mVERBOSE: [Process-HttpRequest] Apps route request: app=WebHostDebugExtensions, route=api/v1/debug/commands/poll[0m
[33;1mVERBOSE: [Process-HttpRequest] Checking for route script: C:\SC\PsWebHost\apps\WebHostDebugExtensions\routes\api\v1\debug\commands\poll\get.ps1[0m
[33;1mVERBOSE: [Process-HttpRequest] Route script found: C:\SC\PsWebHost\apps\WebHostDebugExtensions\routes\api\v1\debug\commands\poll\get.ps1[0m
[33;1mVERBOSE: [Process-HttpRequest] Apps route script found: C:\SC\PsWebHost\apps\WebHostDebugExtensions\routes\api\v1\debug\commands\poll\get.ps1[0m
[33;1mVERBOSE: [Process-HttpRequest] Executing app route script: C:\SC\PsWebHost\apps\WebHostDebugExtensions\routes\api\v1\debug\commands\poll\get.ps1[0m
[33;1mVERBOSE: [Backup-ConfigurationFile] File unchanged since last backup: get.security.json[0m
[33;1mVERBOSE: Synchronous context received. Processing request /apps/WebhostRealtimeEvents/api/v1/logs?timeRange=15&sortBy=Date&sortOrder=desc&count=1000[0m
[33;1mVERBOSE: [Process-HttpRequest] Starting processing request:   from [0m
[33;1mVERBOSE: [Process-HttpRequest] 20260208 20:57:24 Request received: get /apps/WebhostRealtimeEvents/api/v1/logs from 127.0.0.1:62756[0m
[33;1mVERBOSE: [Process-HttpRequest] Incoming Cookie header: PSWebSessionID=6552a790-8769-4737-8c71-08cae865d496[0m
[33;1mVERBOSE: [Process-HttpRequest] Session cookie found: 6552a790-8769-4737-8c71-08cae865d496[0m
[33;1mVERBOSE: [Get-PSWebSessions] Returning session type: System.Collections.Hashtable+SyncHashtable IsArray: False[0m
[33;1mVERBOSE: 	[Process-HttpRequest] 20260208 20:57:24 Session: 6552a790-8769-4737-8c71-08cae865d496 UserID: 6ec71a85-fb79-4ebc-aa1d-587c7f8b403c[0m
[33;1mVERBOSE: [Process-HttpRequest] Apps route request: app=WebhostRealtimeEvents, route=api/v1/logs[0m
[33;1mVERBOSE: [Process-HttpRequest] Checking for route script: C:\SC\PsWebHost\apps\WebhostRealtimeEvents\routes\api\v1\logs\get.ps1[0m
[33;1mVERBOSE: [Process-HttpRequest] Route script found: C:\SC\PsWebHost\apps\WebhostRealtimeEvents\routes\api\v1\logs\get.ps1[0m
[33;1mVERBOSE: [Process-HttpRequest] Apps route script found: C:\SC\PsWebHost\apps\WebhostRealtimeEvents\routes\api\v1\logs\get.ps1[0m
[33;1mVERBOSE: [Process-HttpRequest] Executing app route script: C:\SC\PsWebHost\apps\WebhostRealtimeEvents\routes\api\v1\logs\get.ps1[0m
[33;1mVERBOSE: [Backup-ConfigurationFile] File unchanged since last backup: get.security.json[0m
[33;1mVERBOSE: Synchronous context received. Processing request /apps/WebHostMetrics/cards/server-heatmap[0m
[33;1mVERBOSE: [Process-HttpRequest] Starting processing request:   from [0m
[33;1mVERBOSE: [Process-HttpRequest] 20260208 20:57:24 Request received: get /apps/WebHostMetrics/cards/server-heatmap from 127.0.0.1:62757[0m
[33;1mVERBOSE: [Process-HttpRequest] Incoming Cookie header: PSWebSessionID=6552a790-8769-4737-8c71-08cae865d496[0m
[33;1mVERBOSE: [Process-HttpRequest] Session cookie found: 6552a790-8769-4737-8c71-08cae865d496[0m
[33;1mVERBOSE: [Get-PSWebSessions] Returning session type: System.Collections.Hashtable+SyncHashtable IsArray: False[0m
[33;1mVERBOSE: 	[Process-HttpRequest] 20260208 20:57:24 Session: 6552a790-8769-4737-8c71-08cae865d496 UserID: 6ec71a85-fb79-4ebc-aa1d-587c7f8b403c[0m
[33;1mVERBOSE: [Process-HttpRequest] Apps route request: app=WebHostMetrics, route=cards/server-heatmap[0m
[33;1mVERBOSE: [Process-HttpRequest] Checking for route script: C:\SC\PsWebHost\apps\WebHostMetrics\routes\cards\server-heatmap\get.ps1[0m
[33;1mVERBOSE: [Process-HttpRequest] Route script found: C:\SC\PsWebHost\apps\WebHostMetrics\routes\cards\server-heatmap\get.ps1[0m
[33;1mVERBOSE: [Process-HttpRequest] Apps route script found: C:\SC\PsWebHost\apps\WebHostMetrics\routes\cards\server-heatmap\get.ps1[0m
[33;1mVERBOSE: [Process-HttpRequest] Executing app route script: C:\SC\PsWebHost\apps\WebHostMetrics\routes\cards\server-heatmap\get.ps1[0m
[33;1mVERBOSE: [Backup-ConfigurationFile] File unchanged since last backup: get.security.json[0m
[33;1mVERBOSE: Synchronous context received. Processing request /apps/WebHostDebugExtensions/api/v1/debug/commands/poll[0m
[33;1mVERBOSE: [Process-HttpRequest] Starting processing request:   from [0m
[33;1mVERBOSE: [Process-HttpRequest] 20260208 20:57:27 Request received: get /apps/WebHostDebugExtensions/api/v1/debug/commands/poll from 127.0.0.1:62756[0m
[33;1mVERBOSE: [Process-HttpRequest] Incoming Cookie header: PSWebSessionID=6552a790-8769-4737-8c71-08cae865d496[0m
[33;1mVERBOSE: [Process-HttpRequest] Session cookie found: 6552a790-8769-4737-8c71-08cae865d496[0m
[33;1mVERBOSE: [Get-PSWebSessions] Returning session type: System.Collections.Hashtable+SyncHashtable IsArray: False[0m
[33;1mVERBOSE: 	[Process-HttpRequest] 20260208 20:57:27 Session: 6552a790-8769-4737-8c71-08cae865d496 UserID: 6ec71a85-fb79-4ebc-aa1d-587c7f8b403c[0m
[33;1mVERBOSE: [Process-HttpRequest] Apps route request: app=WebHostDebugExtensions, route=api/v1/debug/commands/poll[0m
[33;1mVERBOSE: [Process-HttpRequest] Checking for route script: C:\SC\PsWebHost\apps\WebHostDebugExtensions\routes\api\v1\debug\commands\poll\get.ps1[0m
[33;1mVERBOSE: [Process-HttpRequest] Route script found: C:\SC\PsWebHost\apps\WebHostDebugExtensions\routes\api\v1\debug\commands\poll\get.ps1[0m
[33;1mVERBOSE: [Process-HttpRequest] Apps route script found: C:\SC\PsWebHost\apps\WebHostDebugExtensions\routes\api\v1\debug\commands\poll\get.ps1[0m
[33;1mVERBOSE: [Process-HttpRequest] Executing app route script: C:\SC\PsWebHost\apps\WebHostDebugExtensions\routes\api\v1\debug\commands\poll\get.ps1[0m
[33;1mVERBOSE: [Backup-ConfigurationFile] File unchanged since last backup: get.security.json[0m
[33;1mVERBOSE: Synchronous context received. Processing request /apps/WebhostRealtimeEvents/api/v1/logs?timeRange=15&sortBy=Date&sortOrder=desc&count=1000[0m
[33;1mVERBOSE: [Process-HttpRequest] Starting processing request:   from [0m
[33;1mVERBOSE: [Process-HttpRequest] 20260208 20:57:29 Request received: get /apps/WebhostRealtimeEvents/api/v1/logs from 127.0.0.1:62756[0m
[33;1mVERBOSE: [Process-HttpRequest] Incoming Cookie header: PSWebSessionID=6552a790-8769-4737-8c71-08cae865d496[0m
[33;1mVERBOSE: [Process-HttpRequest] Session cookie found: 6552a790-8769-4737-8c71-08cae865d496[0m
[33;1mVERBOSE: [Get-PSWebSessions] Returning session type: System.Collections.Hashtable+SyncHashtable IsArray: False[0m
[33;1mVERBOSE: 	[Process-HttpRequest] 20260208 20:57:29 Session: 6552a790-8769-4737-8c71-08cae865d496 UserID: 6ec71a85-fb79-4ebc-aa1d-587c7f8b403c[0m
[33;1mVERBOSE: [Process-HttpRequest] Apps route request: app=WebhostRealtimeEvents, route=api/v1/logs[0m
[33;1mVERBOSE: [Process-HttpRequest] Checking for route script: C:\SC\PsWebHost\apps\WebhostRealtimeEvents\routes\api\v1\logs\get.ps1[0m
[33;1mVERBOSE: [Process-HttpRequest] Route script found: C:\SC\PsWebHost\apps\WebhostRealtimeEvents\routes\api\v1\logs\get.ps1[0m
[33;1mVERBOSE: [Process-HttpRequest] Apps route script found: C:\SC\PsWebHost\apps\WebhostRealtimeEvents\routes\api\v1\logs\get.ps1[0m
[33;1mVERBOSE: [Process-HttpRequest] Executing app route script: C:\SC\PsWebHost\apps\WebhostRealtimeEvents\routes\api\v1\logs\get.ps1[0m
[33;1mVERBOSE: [Backup-ConfigurationFile] File unchanged since last backup: get.security.json[0m
[33;1mVERBOSE: Synchronous context received. Processing request /apps/WebHostMetrics/cards/server-heatmap[0m
[33;1mVERBOSE: [Process-HttpRequest] Starting processing request:   from [0m
[33;1mVERBOSE: [Process-HttpRequest] 20260208 20:57:29 Request received: get /apps/WebHostMetrics/cards/server-heatmap from 127.0.0.1:62757[0m
[33;1mVERBOSE: [Process-HttpRequest] Incoming Cookie header: PSWebSessionID=6552a790-8769-4737-8c71-08cae865d496[0m
[33;1mVERBOSE: [Process-HttpRequest] Session cookie found: 6552a790-8769-4737-8c71-08cae865d496[0m
[33;1mVERBOSE: [Get-PSWebSessions] Returning session type: System.Collections.Hashtable+SyncHashtable IsArray: False[0m
[33;1mVERBOSE: 	[Process-HttpRequest] 20260208 20:57:29 Session: 6552a790-8769-4737-8c71-08cae865d496 UserID: 6ec71a85-fb79-4ebc-aa1d-587c7f8b403c[0m
[33;1mVERBOSE: [Process-HttpRequest] Apps route request: app=WebHostMetrics, route=cards/server-heatmap[0m
[33;1mVERBOSE: [Process-HttpRequest] Checking for route script: C:\SC\PsWebHost\apps\WebHostMetrics\routes\cards\server-heatmap\get.ps1[0m
[33;1mVERBOSE: [Process-HttpRequest] Route script found: C:\SC\PsWebHost\apps\WebHostMetrics\routes\cards\server-heatmap\get.ps1[0m
[33;1mVERBOSE: [Process-HttpRequest] Apps route script found: C:\SC\PsWebHost\apps\WebHostMetrics\routes\cards\server-heatmap\get.ps1[0m
[33;1mVERBOSE: [Process-HttpRequest] Executing app route script: C:\SC\PsWebHost\apps\WebHostMetrics\routes\cards\server-heatmap\get.ps1[0m
[33;1mVERBOSE: [Backup-ConfigurationFile] File unchanged since last backup: get.security.json[0m
[33;1mVERBOSE: Synchronous context received. Processing request /apps/WebHostDebugExtensions/api/v1/debug/commands/poll[0m
[33;1mVERBOSE: [Process-HttpRequest] Starting processing request:   from [0m
[33;1mVERBOSE: [Process-HttpRequest] 20260208 20:57:30 Request received: get /apps/WebHostDebugExtensions/api/v1/debug/commands/poll from 127.0.0.1:62756[0m
[33;1mVERBOSE: [Process-HttpRequest] Incoming Cookie header: PSWebSessionID=6552a790-8769-4737-8c71-08cae865d496[0m
[33;1mVERBOSE: [Process-HttpRequest] Session cookie found: 6552a790-8769-4737-8c71-08cae865d496[0m
[33;1mVERBOSE: [Get-PSWebSessions] Returning session type: System.Collections.Hashtable+SyncHashtable IsArray: False[0m
[33;1mVERBOSE: 	[Process-HttpRequest] 20260208 20:57:30 Session: 6552a790-8769-4737-8c71-08cae865d496 UserID: 6ec71a85-fb79-4ebc-aa1d-587c7f8b403c[0m
[33;1mVERBOSE: [Process-HttpRequest] Apps route request: app=WebHostDebugExtensions, route=api/v1/debug/commands/poll[0m
[33;1mVERBOSE: [Process-HttpRequest] Checking for route script: C:\SC\PsWebHost\apps\WebHostDebugExtensions\routes\api\v1\debug\commands\poll\get.ps1[0m
[33;1mVERBOSE: [Process-HttpRequest] Route script found: C:\SC\PsWebHost\apps\WebHostDebugExtensions\routes\api\v1\debug\commands\poll\get.ps1[0m
[33;1mVERBOSE: [Process-HttpRequest] Apps route script found: C:\SC\PsWebHost\apps\WebHostDebugExtensions\routes\api\v1\debug\commands\poll\get.ps1[0m
[33;1mVERBOSE: [Process-HttpRequest] Executing app route script: C:\SC\PsWebHost\apps\WebHostDebugExtensions\routes\api\v1\debug\commands\poll\get.ps1[0m
[33;1mVERBOSE: [Backup-ConfigurationFile] File unchanged since last backup: get.security.json[0m
[33;1mVERBOSE: Synchronous context received. Processing request /apps/WebHostDebugExtensions/api/v1/debug/commands/poll[0m
[33;1mVERBOSE: [Process-HttpRequest] Starting processing request:   from [0m
[33;1mVERBOSE: [Process-HttpRequest] 20260208 20:57:33 Request received: get /apps/WebHostDebugExtensions/api/v1/debug/commands/poll from 127.0.0.1:62756[0m
[33;1mVERBOSE: [Process-HttpRequest] Incoming Cookie header: PSWebSessionID=6552a790-8769-4737-8c71-08cae865d496[0m
[33;1mVERBOSE: [Process-HttpRequest] Session cookie found: 6552a790-8769-4737-8c71-08cae865d496[0m
[33;1mVERBOSE: [Get-PSWebSessions] Returning session type: System.Collections.Hashtable+SyncHashtable IsArray: False[0m
[33;1mVERBOSE: 	[Process-HttpRequest] 20260208 20:57:33 Session: 6552a790-8769-4737-8c71-08cae865d496 UserID: 6ec71a85-fb79-4ebc-aa1d-587c7f8b403c[0m
[33;1mVERBOSE: [Process-HttpRequest] Apps route request: app=WebHostDebugExtensions, route=api/v1/debug/commands/poll[0m
[33;1mVERBOSE: [Process-HttpRequest] Checking for route script: C:\SC\PsWebHost\apps\WebHostDebugExtensions\routes\api\v1\debug\commands\poll\get.ps1[0m
[33;1mVERBOSE: [Process-HttpRequest] Route script found: C:\SC\PsWebHost\apps\WebHostDebugExtensions\routes\api\v1\debug\commands\poll\get.ps1[0m
[33;1mVERBOSE: [Process-HttpRequest] Apps route script found: C:\SC\PsWebHost\apps\WebHostDebugExtensions\routes\api\v1\debug\commands\poll\get.ps1[0m
[33;1mVERBOSE: [Process-HttpRequest] Executing app route script: C:\SC\PsWebHost\apps\WebHostDebugExtensions\routes\api\v1\debug\commands\poll\get.ps1[0m
[33;1mVERBOSE: [Backup-ConfigurationFile] File unchanged since last backup: get.security.json[0m
[33;1mVERBOSE: Synchronous context received. Processing request /apps/WebhostRealtimeEvents/api/v1/logs?timeRange=15&sortBy=Date&sortOrder=desc&count=1000[0m
[33;1mVERBOSE: [Process-HttpRequest] Starting processing request:   from [0m
[33;1mVERBOSE: [Process-HttpRequest] 20260208 20:57:34 Request received: get /apps/WebhostRealtimeEvents/api/v1/logs from 127.0.0.1:62756[0m
[33;1mVERBOSE: [Process-HttpRequest] Incoming Cookie header: PSWebSessionID=6552a790-8769-4737-8c71-08cae865d496[0m
[33;1mVERBOSE: [Process-HttpRequest] Session cookie found: 6552a790-8769-4737-8c71-08cae865d496[0m
[33;1mVERBOSE: [Get-PSWebSessions] Returning session type: System.Collections.Hashtable+SyncHashtable IsArray: False[0m
[33;1mVERBOSE: 	[Process-HttpRequest] 20260208 20:57:34 Session: 6552a790-8769-4737-8c71-08cae865d496 UserID: 6ec71a85-fb79-4ebc-aa1d-587c7f8b403c[0m
[33;1mVERBOSE: [Process-HttpRequest] Apps route request: app=WebhostRealtimeEvents, route=api/v1/logs[0m
[33;1mVERBOSE: [Process-HttpRequest] Checking for route script: C:\SC\PsWebHost\apps\WebhostRealtimeEvents\routes\api\v1\logs\get.ps1[0m
[33;1mVERBOSE: [Process-HttpRequest] Route script found: C:\SC\PsWebHost\apps\WebhostRealtimeEvents\routes\api\v1\logs\get.ps1[0m
[33;1mVERBOSE: [Process-HttpRequest] Apps route script found: C:\SC\PsWebHost\apps\WebhostRealtimeEvents\routes\api\v1\logs\get.ps1[0m
[33;1mVERBOSE: [Process-HttpRequest] Executing app route script: C:\SC\PsWebHost\apps\WebhostRealtimeEvents\routes\api\v1\logs\get.ps1[0m
[33;1mVERBOSE: [Backup-ConfigurationFile] File unchanged since last backup: get.security.json[0m
[33;1mVERBOSE: Synchronous context received. Processing request /apps/WebHostMetrics/cards/server-heatmap[0m
[33;1mVERBOSE: [Process-HttpRequest] Starting processing request:   from [0m
[33;1mVERBOSE: [Process-HttpRequest] 20260208 20:57:34 Request received: get /apps/WebHostMetrics/cards/server-heatmap from 127.0.0.1:62757[0m
[33;1mVERBOSE: [Process-HttpRequest] Incoming Cookie header: PSWebSessionID=6552a790-8769-4737-8c71-08cae865d496[0m
[33;1mVERBOSE: [Process-HttpRequest] Session cookie found: 6552a790-8769-4737-8c71-08cae865d496[0m
[33;1mVERBOSE: [Get-PSWebSessions] Returning session type: System.Collections.Hashtable+SyncHashtable IsArray: False[0m
[33;1mVERBOSE: 	[Process-HttpRequest] 20260208 20:57:34 Session: 6552a790-8769-4737-8c71-08cae865d496 UserID: 6ec71a85-fb79-4ebc-aa1d-587c7f8b403c[0m
[33;1mVERBOSE: [Process-HttpRequest] Apps route request: app=WebHostMetrics, route=cards/server-heatmap[0m
[33;1mVERBOSE: [Process-HttpRequest] Checking for route script: C:\SC\PsWebHost\apps\WebHostMetrics\routes\cards\server-heatmap\get.ps1[0m
[33;1mVERBOSE: [Process-HttpRequest] Route script found: C:\SC\PsWebHost\apps\WebHostMetrics\routes\cards\server-heatmap\get.ps1[0m
[33;1mVERBOSE: [Process-HttpRequest] Apps route script found: C:\SC\PsWebHost\apps\WebHostMetrics\routes\cards\server-heatmap\get.ps1[0m
[33;1mVERBOSE: [Process-HttpRequest] Executing app route script: C:\SC\PsWebHost\apps\WebHostMetrics\routes\cards\server-heatmap\get.ps1[0m
[33;1mVERBOSE: [Backup-ConfigurationFile] File unchanged since last backup: get.security.json[0m
[33;1mVERBOSE: Synchronous context received. Processing request /apps/WebHostDebugExtensions/api/v1/debug/commands/poll[0m
[33;1mVERBOSE: [Process-HttpRequest] Starting processing request:   from [0m
[33;1mVERBOSE: [Process-HttpRequest] 20260208 20:57:36 Request received: get /apps/WebHostDebugExtensions/api/v1/debug/commands/poll from 127.0.0.1:62756[0m
[33;1mVERBOSE: [Process-HttpRequest] Incoming Cookie header: PSWebSessionID=6552a790-8769-4737-8c71-08cae865d496[0m
[33;1mVERBOSE: [Process-HttpRequest] Session cookie found: 6552a790-8769-4737-8c71-08cae865d496[0m
[33;1mVERBOSE: [Get-PSWebSessions] Returning session type: System.Collections.Hashtable+SyncHashtable IsArray: False[0m
[33;1mVERBOSE: 	[Process-HttpRequest] 20260208 20:57:36 Session: 6552a790-8769-4737-8c71-08cae865d496 UserID: 6ec71a85-fb79-4ebc-aa1d-587c7f8b403c[0m
[33;1mVERBOSE: [Process-HttpRequest] Apps route request: app=WebHostDebugExtensions, route=api/v1/debug/commands/poll[0m
[33;1mVERBOSE: [Process-HttpRequest] Checking for route script: C:\SC\PsWebHost\apps\WebHostDebugExtensions\routes\api\v1\debug\commands\poll\get.ps1[0m
[33;1mVERBOSE: [Process-HttpRequest] Route script found: C:\SC\PsWebHost\apps\WebHostDebugExtensions\routes\api\v1\debug\commands\poll\get.ps1[0m
[33;1mVERBOSE: [Process-HttpRequest] Apps route script found: C:\SC\PsWebHost\apps\WebHostDebugExtensions\routes\api\v1\debug\commands\poll\get.ps1[0m
[33;1mVERBOSE: [Process-HttpRequest] Executing app route script: C:\SC\PsWebHost\apps\WebHostDebugExtensions\routes\api\v1\debug\commands\poll\get.ps1[0m
[33;1mVERBOSE: [Backup-ConfigurationFile] File unchanged since last backup: get.security.json[0m
[33;1mVERBOSE: Synchronous context received. Processing request /apps/WebhostRealtimeEvents/api/v1/logs?timeRange=15&sortBy=Date&sortOrder=desc&count=1000[0m
[33;1mVERBOSE: [Process-HttpRequest] Starting processing request:   from [0m
[33;1mVERBOSE: [Process-HttpRequest] 20260208 20:57:39 Request received: get /apps/WebhostRealtimeEvents/api/v1/logs from 127.0.0.1:62756[0m
[33;1mVERBOSE: [Process-HttpRequest] Incoming Cookie header: PSWebSessionID=6552a790-8769-4737-8c71-08cae865d496[0m
[33;1mVERBOSE: [Process-HttpRequest] Session cookie found: 6552a790-8769-4737-8c71-08cae865d496[0m
[33;1mVERBOSE: [Get-PSWebSessions] Returning session type: System.Collections.Hashtable+SyncHashtable IsArray: False[0m
[33;1mVERBOSE: 	[Process-HttpRequest] 20260208 20:57:39 Session: 6552a790-8769-4737-8c71-08cae865d496 UserID: 6ec71a85-fb79-4ebc-aa1d-587c7f8b403c[0m
[33;1mVERBOSE: [Process-HttpRequest] Apps route request: app=WebhostRealtimeEvents, route=api/v1/logs[0m
[33;1mVERBOSE: [Process-HttpRequest] Checking for route script: C:\SC\PsWebHost\apps\WebhostRealtimeEvents\routes\api\v1\logs\get.ps1[0m
[33;1mVERBOSE: [Process-HttpRequest] Route script found: C:\SC\PsWebHost\apps\WebhostRealtimeEvents\routes\api\v1\logs\get.ps1[0m
[33;1mVERBOSE: [Process-HttpRequest] Apps route script found: C:\SC\PsWebHost\apps\WebhostRealtimeEvents\routes\api\v1\logs\get.ps1[0m
[33;1mVERBOSE: [Process-HttpRequest] Executing app route script: C:\SC\PsWebHost\apps\WebhostRealtimeEvents\routes\api\v1\logs\get.ps1[0m
[33;1mVERBOSE: [Backup-ConfigurationFile] File unchanged since last backup: get.security.json[0m
[33;1mVERBOSE: Synchronous context received. Processing request /apps/WebHostDebugExtensions/api/v1/debug/commands/poll[0m
[33;1mVERBOSE: [Process-HttpRequest] Starting processing request:   from [0m
[33;1mVERBOSE: [Process-HttpRequest] 20260208 20:57:39 Request received: get /apps/WebHostDebugExtensions/api/v1/debug/commands/poll from 127.0.0.1:62757[0m
[33;1mVERBOSE: [Process-HttpRequest] Incoming Cookie header: PSWebSessionID=6552a790-8769-4737-8c71-08cae865d496[0m
[33;1mVERBOSE: [Process-HttpRequest] Session cookie found: 6552a790-8769-4737-8c71-08cae865d496[0m
[33;1mVERBOSE: [Get-PSWebSessions] Returning session type: System.Collections.Hashtable+SyncHashtable IsArray: False[0m
[33;1mVERBOSE: 	[Process-HttpRequest] 20260208 20:57:39 Session: 6552a790-8769-4737-8c71-08cae865d496 UserID: 6ec71a85-fb79-4ebc-aa1d-587c7f8b403c[0m
[33;1mVERBOSE: [Process-HttpRequest] Apps route request: app=WebHostDebugExtensions, route=api/v1/debug/commands/poll[0m
[33;1mVERBOSE: [Process-HttpRequest] Checking for route script: C:\SC\PsWebHost\apps\WebHostDebugExtensions\routes\api\v1\debug\commands\poll\get.ps1[0m
[33;1mVERBOSE: [Process-HttpRequest] Route script found: C:\SC\PsWebHost\apps\WebHostDebugExtensions\routes\api\v1\debug\commands\poll\get.ps1[0m
[33;1mVERBOSE: [Process-HttpRequest] Apps route script found: C:\SC\PsWebHost\apps\WebHostDebugExtensions\routes\api\v1\debug\commands\poll\get.ps1[0m
[33;1mVERBOSE: [Process-HttpRequest] Executing app route script: C:\SC\PsWebHost\apps\WebHostDebugExtensions\routes\api\v1\debug\commands\poll\get.ps1[0m
[33;1mVERBOSE: [Backup-ConfigurationFile] File unchanged since last backup: get.security.json[0m
[33;1mVERBOSE: Synchronous context received. Processing request /apps/WebHostMetrics/cards/server-heatmap[0m
[33;1mVERBOSE: [Process-HttpRequest] Starting processing request:   from [0m
[33;1mVERBOSE: [Process-HttpRequest] 20260208 20:57:39 Request received: get /apps/WebHostMetrics/cards/server-heatmap from [::1]:62765[0m
[33;1mVERBOSE: [Process-HttpRequest] Incoming Cookie header: PSWebSessionID=6552a790-8769-4737-8c71-08cae865d496[0m
[33;1mVERBOSE: [Process-HttpRequest] Session cookie found: 6552a790-8769-4737-8c71-08cae865d496[0m
[33;1mVERBOSE: [Get-PSWebSessions] Returning session type: System.Collections.Hashtable+SyncHashtable IsArray: False[0m
[33;1mVERBOSE: 	[Process-HttpRequest] 20260208 20:57:39 Session: 6552a790-8769-4737-8c71-08cae865d496 UserID: 6ec71a85-fb79-4ebc-aa1d-587c7f8b403c[0m
[33;1mVERBOSE: [Process-HttpRequest] Apps route request: app=WebHostMetrics, route=cards/server-heatmap[0m
[33;1mVERBOSE: [Process-HttpRequest] Checking for route script: C:\SC\PsWebHost\apps\WebHostMetrics\routes\cards\server-heatmap\get.ps1[0m
[33;1mVERBOSE: [Process-HttpRequest] Route script found: C:\SC\PsWebHost\apps\WebHostMetrics\routes\cards\server-heatmap\get.ps1[0m
[33;1mVERBOSE: [Process-HttpRequest] Apps route script found: C:\SC\PsWebHost\apps\WebHostMetrics\routes\cards\server-heatmap\get.ps1[0m
[33;1mVERBOSE: [Process-HttpRequest] Executing app route script: C:\SC\PsWebHost\apps\WebHostMetrics\routes\cards\server-heatmap\get.ps1[0m
[33;1mVERBOSE: [Backup-ConfigurationFile] File unchanged since last backup: get.security.json[0m
[33;1mVERBOSE: Synchronous context received. Processing request /apps/WebHostDebugExtensions/api/v1/debug/commands/poll[0m
[33;1mVERBOSE: [Process-HttpRequest] Starting processing request:   from [0m
[33;1mVERBOSE: [Process-HttpRequest] 20260208 20:57:42 Request received: get /apps/WebHostDebugExtensions/api/v1/debug/commands/poll from 127.0.0.1:62756[0m
[33;1mVERBOSE: [Process-HttpRequest] Incoming Cookie header: PSWebSessionID=6552a790-8769-4737-8c71-08cae865d496[0m
[33;1mVERBOSE: [Process-HttpRequest] Session cookie found: 6552a790-8769-4737-8c71-08cae865d496[0m
[33;1mVERBOSE: [Get-PSWebSessions] Returning session type: System.Collections.Hashtable+SyncHashtable IsArray: False[0m
[33;1mVERBOSE: 	[Process-HttpRequest] 20260208 20:57:42 Session: 6552a790-8769-4737-8c71-08cae865d496 UserID: 6ec71a85-fb79-4ebc-aa1d-587c7f8b403c[0m
[33;1mVERBOSE: [Process-HttpRequest] Apps route request: app=WebHostDebugExtensions, route=api/v1/debug/commands/poll[0m
[33;1mVERBOSE: [Process-HttpRequest] Checking for route script: C:\SC\PsWebHost\apps\WebHostDebugExtensions\routes\api\v1\debug\commands\poll\get.ps1[0m
[33;1mVERBOSE: [Process-HttpRequest] Route script found: C:\SC\PsWebHost\apps\WebHostDebugExtensions\routes\api\v1\debug\commands\poll\get.ps1[0m
[33;1mVERBOSE: [Process-HttpRequest] Apps route script found: C:\SC\PsWebHost\apps\WebHostDebugExtensions\routes\api\v1\debug\commands\poll\get.ps1[0m
[33;1mVERBOSE: [Process-HttpRequest] Executing app route script: C:\SC\PsWebHost\apps\WebHostDebugExtensions\routes\api\v1\debug\commands\poll\get.ps1[0m
[33;1mVERBOSE: [Backup-ConfigurationFile] File unchanged since last backup: get.security.json[0m
[33;1mVERBOSE: Synchronous context received. Processing request /apps/WebhostRealtimeEvents/api/v1/logs?timeRange=15&sortBy=Date&sortOrder=desc&count=1000[0m
[33;1mVERBOSE: [Process-HttpRequest] Starting processing request:   from [0m
[33;1mVERBOSE: [Process-HttpRequest] 20260208 20:57:44 Request received: get /apps/WebhostRealtimeEvents/api/v1/logs from 127.0.0.1:62756[0m
[33;1mVERBOSE: [Process-HttpRequest] Incoming Cookie header: PSWebSessionID=6552a790-8769-4737-8c71-08cae865d496[0m
[33;1mVERBOSE: [Process-HttpRequest] Session cookie found: 6552a790-8769-4737-8c71-08cae865d496[0m
[33;1mVERBOSE: [Get-PSWebSessions] Returning session type: System.Collections.Hashtable+SyncHashtable IsArray: False[0m
[33;1mVERBOSE: 	[Process-HttpRequest] 20260208 20:57:44 Session: 6552a790-8769-4737-8c71-08cae865d496 UserID: 6ec71a85-fb79-4ebc-aa1d-587c7f8b403c[0m
[33;1mVERBOSE: [Process-HttpRequest] Apps route request: app=WebhostRealtimeEvents, route=api/v1/logs[0m
[33;1mVERBOSE: [Process-HttpRequest] Checking for route script: C:\SC\PsWebHost\apps\WebhostRealtimeEvents\routes\api\v1\logs\get.ps1[0m
[33;1mVERBOSE: [Process-HttpRequest] Route script found: C:\SC\PsWebHost\apps\WebhostRealtimeEvents\routes\api\v1\logs\get.ps1[0m
[33;1mVERBOSE: [Process-HttpRequest] Apps route script found: C:\SC\PsWebHost\apps\WebhostRealtimeEvents\routes\api\v1\logs\get.ps1[0m
[33;1mVERBOSE: [Process-HttpRequest] Executing app route script: C:\SC\PsWebHost\apps\WebhostRealtimeEvents\routes\api\v1\logs\get.ps1[0m
[33;1mVERBOSE: [Backup-ConfigurationFile] File unchanged since last backup: get.security.json[0m
[33;1mVERBOSE: Synchronous context received. Processing request /apps/WebHostMetrics/cards/server-heatmap[0m
[33;1mVERBOSE: [Process-HttpRequest] Starting processing request:   from [0m
[33;1mVERBOSE: [Process-HttpRequest] 20260208 20:57:44 Request received: get /apps/WebHostMetrics/cards/server-heatmap from 127.0.0.1:62757[0m
[33;1mVERBOSE: [Process-HttpRequest] Incoming Cookie header: PSWebSessionID=6552a790-8769-4737-8c71-08cae865d496[0m
[33;1mVERBOSE: [Process-HttpRequest] Session cookie found: 6552a790-8769-4737-8c71-08cae865d496[0m
[33;1mVERBOSE: [Get-PSWebSessions] Returning session type: System.Collections.Hashtable+SyncHashtable IsArray: False[0m
[33;1mVERBOSE: 	[Process-HttpRequest] 20260208 20:57:44 Session: 6552a790-8769-4737-8c71-08cae865d496 UserID: 6ec71a85-fb79-4ebc-aa1d-587c7f8b403c[0m
[33;1mVERBOSE: [Process-HttpRequest] Apps route request: app=WebHostMetrics, route=cards/server-heatmap[0m
[33;1mVERBOSE: [Process-HttpRequest] Checking for route script: C:\SC\PsWebHost\apps\WebHostMetrics\routes\cards\server-heatmap\get.ps1[0m
[33;1mVERBOSE: [Process-HttpRequest] Route script found: C:\SC\PsWebHost\apps\WebHostMetrics\routes\cards\server-heatmap\get.ps1[0m
[33;1mVERBOSE: [Process-HttpRequest] Apps route script found: C:\SC\PsWebHost\apps\WebHostMetrics\routes\cards\server-heatmap\get.ps1[0m
[33;1mVERBOSE: [Process-HttpRequest] Executing app route script: C:\SC\PsWebHost\apps\WebHostMetrics\routes\cards\server-heatmap\get.ps1[0m
[33;1mVERBOSE: [Backup-ConfigurationFile] File unchanged since last backup: get.security.json[0m
[33;1mVERBOSE: Synchronous context received. Processing request /apps/WebHostDebugExtensions/api/v1/debug/commands/poll[0m
[33;1mVERBOSE: [Process-HttpRequest] Starting processing request:   from [0m
[33;1mVERBOSE: [Process-HttpRequest] 20260208 20:57:45 Request received: get /apps/WebHostDebugExtensions/api/v1/debug/commands/poll from 127.0.0.1:62756[0m
[33;1mVERBOSE: [Process-HttpRequest] Incoming Cookie header: PSWebSessionID=6552a790-8769-4737-8c71-08cae865d496[0m
[33;1mVERBOSE: [Process-HttpRequest] Session cookie found: 6552a790-8769-4737-8c71-08cae865d496[0m
[33;1mVERBOSE: [Get-PSWebSessions] Returning session type: System.Collections.Hashtable+SyncHashtable IsArray: False[0m
[33;1mVERBOSE: 	[Process-HttpRequest] 20260208 20:57:45 Session: 6552a790-8769-4737-8c71-08cae865d496 UserID: 6ec71a85-fb79-4ebc-aa1d-587c7f8b403c[0m
[33;1mVERBOSE: [Process-HttpRequest] Apps route request: app=WebHostDebugExtensions, route=api/v1/debug/commands/poll[0m
[33;1mVERBOSE: [Process-HttpRequest] Checking for route script: C:\SC\PsWebHost\apps\WebHostDebugExtensions\routes\api\v1\debug\commands\poll\get.ps1[0m
[33;1mVERBOSE: [Process-HttpRequest] Route script found: C:\SC\PsWebHost\apps\WebHostDebugExtensions\routes\api\v1\debug\commands\poll\get.ps1[0m
[33;1mVERBOSE: [Process-HttpRequest] Apps route script found: C:\SC\PsWebHost\apps\WebHostDebugExtensions\routes\api\v1\debug\commands\poll\get.ps1[0m
[33;1mVERBOSE: [Process-HttpRequest] Executing app route script: C:\SC\PsWebHost\apps\WebHostDebugExtensions\routes\api\v1\debug\commands\poll\get.ps1[0m
[33;1mVERBOSE: [Backup-ConfigurationFile] File unchanged since last backup: get.security.json[0m
[33;1mVERBOSE: Synchronous context received. Processing request /apps/WebHostDebugExtensions/api/v1/debug/commands/poll[0m
[33;1mVERBOSE: [Process-HttpRequest] Starting processing request:   from [0m
[33;1mVERBOSE: [Process-HttpRequest] 20260208 20:57:48 Request received: get /apps/WebHostDebugExtensions/api/v1/debug/commands/poll from 127.0.0.1:62756[0m
[33;1mVERBOSE: [Process-HttpRequest] Incoming Cookie header: PSWebSessionID=6552a790-8769-4737-8c71-08cae865d496[0m
[33;1mVERBOSE: [Process-HttpRequest] Session cookie found: 6552a790-8769-4737-8c71-08cae865d496[0m
[33;1mVERBOSE: [Get-PSWebSessions] Returning session type: System.Collections.Hashtable+SyncHashtable IsArray: False[0m
[33;1mVERBOSE: 	[Process-HttpRequest] 20260208 20:57:48 Session: 6552a790-8769-4737-8c71-08cae865d496 UserID: 6ec71a85-fb79-4ebc-aa1d-587c7f8b403c[0m
[33;1mVERBOSE: [Process-HttpRequest] Apps route request: app=WebHostDebugExtensions, route=api/v1/debug/commands/poll[0m
[33;1mVERBOSE: [Process-HttpRequest] Checking for route script: C:\SC\PsWebHost\apps\WebHostDebugExtensions\routes\api\v1\debug\commands\poll\get.ps1[0m
[33;1mVERBOSE: [Process-HttpRequest] Route script found: C:\SC\PsWebHost\apps\WebHostDebugExtensions\routes\api\v1\debug\commands\poll\get.ps1[0m
[33;1mVERBOSE: [Process-HttpRequest] Apps route script found: C:\SC\PsWebHost\apps\WebHostDebugExtensions\routes\api\v1\debug\commands\poll\get.ps1[0m
[33;1mVERBOSE: [Process-HttpRequest] Executing app route script: C:\SC\PsWebHost\apps\WebHostDebugExtensions\routes\api\v1\debug\commands\poll\get.ps1[0m
[33;1mVERBOSE: [Backup-ConfigurationFile] File unchanged since last backup: get.security.json[0m
[33;1mVERBOSE: Synchronous context received. Processing request /apps/WebhostRealtimeEvents/api/v1/logs?timeRange=15&sortBy=Date&sortOrder=desc&count=1000[0m
[33;1mVERBOSE: [Process-HttpRequest] Starting processing request:   from [0m
[33;1mVERBOSE: [Process-HttpRequest] 20260208 20:57:49 Request received: get /apps/WebhostRealtimeEvents/api/v1/logs from 127.0.0.1:62756[0m
[33;1mVERBOSE: [Process-HttpRequest] Incoming Cookie header: PSWebSessionID=6552a790-8769-4737-8c71-08cae865d496[0m
[33;1mVERBOSE: [Process-HttpRequest] Session cookie found: 6552a790-8769-4737-8c71-08cae865d496[0m
[33;1mVERBOSE: [Get-PSWebSessions] Returning session type: System.Collections.Hashtable+SyncHashtable IsArray: False[0m
[33;1mVERBOSE: 	[Process-HttpRequest] 20260208 20:57:49 Session: 6552a790-8769-4737-8c71-08cae865d496 UserID: 6ec71a85-fb79-4ebc-aa1d-587c7f8b403c[0m
[33;1mVERBOSE: [Process-HttpRequest] Apps route request: app=WebhostRealtimeEvents, route=api/v1/logs[0m
[33;1mVERBOSE: [Process-HttpRequest] Checking for route script: C:\SC\PsWebHost\apps\WebhostRealtimeEvents\routes\api\v1\logs\get.ps1[0m
[33;1mVERBOSE: [Process-HttpRequest] Route script found: C:\SC\PsWebHost\apps\WebhostRealtimeEvents\routes\api\v1\logs\get.ps1[0m
[33;1mVERBOSE: [Process-HttpRequest] Apps route script found: C:\SC\PsWebHost\apps\WebhostRealtimeEvents\routes\api\v1\logs\get.ps1[0m
[33;1mVERBOSE: [Process-HttpRequest] Executing app route script: C:\SC\PsWebHost\apps\WebhostRealtimeEvents\routes\api\v1\logs\get.ps1[0m
[33;1mVERBOSE: [Backup-ConfigurationFile] File unchanged since last backup: get.security.json[0m
[33;1mVERBOSE: Synchronous context received. Processing request /apps/WebHostMetrics/cards/server-heatmap[0m
[33;1mVERBOSE: [Process-HttpRequest] Starting processing request:   from [0m
[33;1mVERBOSE: [Process-HttpRequest] 20260208 20:57:49 Request received: get /apps/WebHostMetrics/cards/server-heatmap from 127.0.0.1:62757[0m
[33;1mVERBOSE: [Process-HttpRequest] Incoming Cookie header: PSWebSessionID=6552a790-8769-4737-8c71-08cae865d496[0m
[33;1mVERBOSE: [Process-HttpRequest] Session cookie found: 6552a790-8769-4737-8c71-08cae865d496[0m
[33;1mVERBOSE: [Get-PSWebSessions] Returning session type: System.Collections.Hashtable+SyncHashtable IsArray: False[0m
[33;1mVERBOSE: 	[Process-HttpRequest] 20260208 20:57:49 Session: 6552a790-8769-4737-8c71-08cae865d496 UserID: 6ec71a85-fb79-4ebc-aa1d-587c7f8b403c[0m
[33;1mVERBOSE: [Process-HttpRequest] Apps route request: app=WebHostMetrics, route=cards/server-heatmap[0m
[33;1mVERBOSE: [Process-HttpRequest] Checking for route script: C:\SC\PsWebHost\apps\WebHostMetrics\routes\cards\server-heatmap\get.ps1[0m
[33;1mVERBOSE: [Process-HttpRequest] Route script found: C:\SC\PsWebHost\apps\WebHostMetrics\routes\cards\server-heatmap\get.ps1[0m
[33;1mVERBOSE: [Process-HttpRequest] Apps route script found: C:\SC\PsWebHost\apps\WebHostMetrics\routes\cards\server-heatmap\get.ps1[0m
[33;1mVERBOSE: [Process-HttpRequest] Executing app route script: C:\SC\PsWebHost\apps\WebHostMetrics\routes\cards\server-heatmap\get.ps1[0m
[33;1mVERBOSE: [Backup-ConfigurationFile] File unchanged since last backup: get.security.json[0m
[33;1mVERBOSE: Synchronous context received. Processing request /apps/WebHostDebugExtensions/api/v1/debug/commands/poll[0m
[33;1mVERBOSE: [Process-HttpRequest] Starting processing request:   from [0m
[33;1mVERBOSE: [Process-HttpRequest] 20260208 20:57:51 Request received: get /apps/WebHostDebugExtensions/api/v1/debug/commands/poll from 127.0.0.1:62756[0m
[33;1mVERBOSE: [Process-HttpRequest] Incoming Cookie header: PSWebSessionID=6552a790-8769-4737-8c71-08cae865d496[0m
[33;1mVERBOSE: [Process-HttpRequest] Session cookie found: 6552a790-8769-4737-8c71-08cae865d496[0m
[33;1mVERBOSE: [Get-PSWebSessions] Returning session type: System.Collections.Hashtable+SyncHashtable IsArray: False[0m
[33;1mVERBOSE: 	[Process-HttpRequest] 20260208 20:57:51 Session: 6552a790-8769-4737-8c71-08cae865d496 UserID: 6ec71a85-fb79-4ebc-aa1d-587c7f8b403c[0m
[33;1mVERBOSE: [Process-HttpRequest] Apps route request: app=WebHostDebugExtensions, route=api/v1/debug/commands/poll[0m
[33;1mVERBOSE: [Process-HttpRequest] Checking for route script: C:\SC\PsWebHost\apps\WebHostDebugExtensions\routes\api\v1\debug\commands\poll\get.ps1[0m
[33;1mVERBOSE: [Process-HttpRequest] Route script found: C:\SC\PsWebHost\apps\WebHostDebugExtensions\routes\api\v1\debug\commands\poll\get.ps1[0m
[33;1mVERBOSE: [Process-HttpRequest] Apps route script found: C:\SC\PsWebHost\apps\WebHostDebugExtensions\routes\api\v1\debug\commands\poll\get.ps1[0m
[33;1mVERBOSE: [Process-HttpRequest] Executing app route script: C:\SC\PsWebHost\apps\WebHostDebugExtensions\routes\api\v1\debug\commands\poll\get.ps1[0m
[33;1mVERBOSE: [Backup-ConfigurationFile] File unchanged since last backup: get.security.json[0m
[33;1mVERBOSE: Synchronous context received. Processing request /apps/WebHostDebugExtensions/api/v1/debug/commands/poll[0m
[33;1mVERBOSE: [Process-HttpRequest] Starting processing request:   from [0m
[33;1mVERBOSE: [Process-HttpRequest] 20260208 20:57:54 Request received: get /apps/WebHostDebugExtensions/api/v1/debug/commands/poll from 127.0.0.1:62756[0m
[33;1mVERBOSE: [Process-HttpRequest] Incoming Cookie header: PSWebSessionID=6552a790-8769-4737-8c71-08cae865d496[0m
[33;1mVERBOSE: [Process-HttpRequest] Session cookie found: 6552a790-8769-4737-8c71-08cae865d496[0m
[33;1mVERBOSE: [Get-PSWebSessions] Returning session type: System.Collections.Hashtable+SyncHashtable IsArray: False[0m
[33;1mVERBOSE: 	[Process-HttpRequest] 20260208 20:57:54 Session: 6552a790-8769-4737-8c71-08cae865d496 UserID: 6ec71a85-fb79-4ebc-aa1d-587c7f8b403c[0m
[33;1mVERBOSE: [Process-HttpRequest] Apps route request: app=WebHostDebugExtensions, route=api/v1/debug/commands/poll[0m
[33;1mVERBOSE: [Process-HttpRequest] Checking for route script: C:\SC\PsWebHost\apps\WebHostDebugExtensions\routes\api\v1\debug\commands\poll\get.ps1[0m
[33;1mVERBOSE: [Process-HttpRequest] Route script found: C:\SC\PsWebHost\apps\WebHostDebugExtensions\routes\api\v1\debug\commands\poll\get.ps1[0m
[33;1mVERBOSE: [Process-HttpRequest] Apps route script found: C:\SC\PsWebHost\apps\WebHostDebugExtensions\routes\api\v1\debug\commands\poll\get.ps1[0m
[33;1mVERBOSE: [Process-HttpRequest] Executing app route script: C:\SC\PsWebHost\apps\WebHostDebugExtensions\routes\api\v1\debug\commands\poll\get.ps1[0m
[33;1mVERBOSE: [Backup-ConfigurationFile] File unchanged since last backup: get.security.json[0m
[33;1mVERBOSE: Synchronous context received. Processing request /apps/WebhostRealtimeEvents/api/v1/logs?timeRange=15&sortBy=Date&sortOrder=desc&count=1000[0m
[33;1mVERBOSE: [Process-HttpRequest] Starting processing request:   from [0m
[33;1mVERBOSE: [Process-HttpRequest] 20260208 20:57:54 Request received: get /apps/WebhostRealtimeEvents/api/v1/logs from 127.0.0.1:62756[0m
[33;1mVERBOSE: [Process-HttpRequest] Incoming Cookie header: PSWebSessionID=6552a790-8769-4737-8c71-08cae865d496[0m
[33;1mVERBOSE: [Process-HttpRequest] Session cookie found: 6552a790-8769-4737-8c71-08cae865d496[0m
[33;1mVERBOSE: [Get-PSWebSessions] Returning session type: System.Collections.Hashtable+SyncHashtable IsArray: False[0m
[33;1mVERBOSE: 	[Process-HttpRequest] 20260208 20:57:54 Session: 6552a790-8769-4737-8c71-08cae865d496 UserID: 6ec71a85-fb79-4ebc-aa1d-587c7f8b403c[0m
[33;1mVERBOSE: [Process-HttpRequest] Apps route request: app=WebhostRealtimeEvents, route=api/v1/logs[0m
[33;1mVERBOSE: [Process-HttpRequest] Checking for route script: C:\SC\PsWebHost\apps\WebhostRealtimeEvents\routes\api\v1\logs\get.ps1[0m
[33;1mVERBOSE: [Process-HttpRequest] Route script found: C:\SC\PsWebHost\apps\WebhostRealtimeEvents\routes\api\v1\logs\get.ps1[0m
[33;1mVERBOSE: [Process-HttpRequest] Apps route script found: C:\SC\PsWebHost\apps\WebhostRealtimeEvents\routes\api\v1\logs\get.ps1[0m
[33;1mVERBOSE: [Process-HttpRequest] Executing app route script: C:\SC\PsWebHost\apps\WebhostRealtimeEvents\routes\api\v1\logs\get.ps1[0m
[33;1mVERBOSE: [Backup-ConfigurationFile] File unchanged since last backup: get.security.json[0m
[33;1mVERBOSE: Synchronous context received. Processing request /apps/WebHostMetrics/cards/server-heatmap[0m
[33;1mVERBOSE: [Process-HttpRequest] Starting processing request:   from [0m
[33;1mVERBOSE: [Process-HttpRequest] 20260208 20:57:54 Request received: get /apps/WebHostMetrics/cards/server-heatmap from 127.0.0.1:62756[0m
[33;1mVERBOSE: [Process-HttpRequest] Incoming Cookie header: PSWebSessionID=6552a790-8769-4737-8c71-08cae865d496[0m
[33;1mVERBOSE: [Process-HttpRequest] Session cookie found: 6552a790-8769-4737-8c71-08cae865d496[0m
[33;1mVERBOSE: [Get-PSWebSessions] Returning session type: System.Collections.Hashtable+SyncHashtable IsArray: False[0m
[33;1mVERBOSE: 	[Process-HttpRequest] 20260208 20:57:54 Session: 6552a790-8769-4737-8c71-08cae865d496 UserID: 6ec71a85-fb79-4ebc-aa1d-587c7f8b403c[0m
[33;1mVERBOSE: [Process-HttpRequest] Apps route request: app=WebHostMetrics, route=cards/server-heatmap[0m
[33;1mVERBOSE: [Process-HttpRequest] Checking for route script: C:\SC\PsWebHost\apps\WebHostMetrics\routes\cards\server-heatmap\get.ps1[0m
[33;1mVERBOSE: [Process-HttpRequest] Route script found: C:\SC\PsWebHost\apps\WebHostMetrics\routes\cards\server-heatmap\get.ps1[0m
[33;1mVERBOSE: [Process-HttpRequest] Apps route script found: C:\SC\PsWebHost\apps\WebHostMetrics\routes\cards\server-heatmap\get.ps1[0m
[33;1mVERBOSE: [Process-HttpRequest] Executing app route script: C:\SC\PsWebHost\apps\WebHostMetrics\routes\cards\server-heatmap\get.ps1[0m
[33;1mVERBOSE: [Backup-ConfigurationFile] File unchanged since last backup: get.security.json[0m
[33;1mVERBOSE: Synchronous context received. Processing request /apps/WebHostDebugExtensions/api/v1/debug/commands/poll[0m
[33;1mVERBOSE: [Process-HttpRequest] Starting processing request:   from [0m
[33;1mVERBOSE: [Process-HttpRequest] 20260208 20:57:57 Request received: get /apps/WebHostDebugExtensions/api/v1/debug/commands/poll from 127.0.0.1:62756[0m
[33;1mVERBOSE: [Process-HttpRequest] Incoming Cookie header: PSWebSessionID=6552a790-8769-4737-8c71-08cae865d496[0m
[33;1mVERBOSE: [Process-HttpRequest] Session cookie found: 6552a790-8769-4737-8c71-08cae865d496[0m
[33;1mVERBOSE: [Get-PSWebSessions] Returning session type: System.Collections.Hashtable+SyncHashtable IsArray: False[0m
[33;1mVERBOSE: 	[Process-HttpRequest] 20260208 20:57:57 Session: 6552a790-8769-4737-8c71-08cae865d496 UserID: 6ec71a85-fb79-4ebc-aa1d-587c7f8b403c[0m
[33;1mVERBOSE: [Process-HttpRequest] Apps route request: app=WebHostDebugExtensions, route=api/v1/debug/commands/poll[0m
[33;1mVERBOSE: [Process-HttpRequest] Checking for route script: C:\SC\PsWebHost\apps\WebHostDebugExtensions\routes\api\v1\debug\commands\poll\get.ps1[0m
[33;1mVERBOSE: [Process-HttpRequest] Route script found: C:\SC\PsWebHost\apps\WebHostDebugExtensions\routes\api\v1\debug\commands\poll\get.ps1[0m
[33;1mVERBOSE: [Process-HttpRequest] Apps route script found: C:\SC\PsWebHost\apps\WebHostDebugExtensions\routes\api\v1\debug\commands\poll\get.ps1[0m
[33;1mVERBOSE: [Process-HttpRequest] Executing app route script: C:\SC\PsWebHost\apps\WebHostDebugExtensions\routes\api\v1\debug\commands\poll\get.ps1[0m
[33;1mVERBOSE: [Backup-ConfigurationFile] File unchanged since last backup: get.security.json[0m
[33;1mVERBOSE: Synchronous context received. Processing request /apps/WebhostRealtimeEvents/api/v1/logs?timeRange=15&sortBy=Date&sortOrder=desc&count=1000[0m
[33;1mVERBOSE: [Process-HttpRequest] Starting processing request:   from [0m
[33;1mVERBOSE: [Process-HttpRequest] 20260208 20:57:59 Request received: get /apps/WebhostRealtimeEvents/api/v1/logs from 127.0.0.1:62756[0m
[33;1mVERBOSE: [Process-HttpRequest] Incoming Cookie header: PSWebSessionID=6552a790-8769-4737-8c71-08cae865d496[0m
[33;1mVERBOSE: [Process-HttpRequest] Session cookie found: 6552a790-8769-4737-8c71-08cae865d496[0m
[33;1mVERBOSE: [Get-PSWebSessions] Returning session type: System.Collections.Hashtable+SyncHashtable IsArray: False[0m
[33;1mVERBOSE: 	[Process-HttpRequest] 20260208 20:57:59 Session: 6552a790-8769-4737-8c71-08cae865d496 UserID: 6ec71a85-fb79-4ebc-aa1d-587c7f8b403c[0m
[33;1mVERBOSE: [Process-HttpRequest] Apps route request: app=WebhostRealtimeEvents, route=api/v1/logs[0m
[33;1mVERBOSE: [Process-HttpRequest] Checking for route script: C:\SC\PsWebHost\apps\WebhostRealtimeEvents\routes\api\v1\logs\get.ps1[0m
[33;1mVERBOSE: [Process-HttpRequest] Route script found: C:\SC\PsWebHost\apps\WebhostRealtimeEvents\routes\api\v1\logs\get.ps1[0m
[33;1mVERBOSE: [Process-HttpRequest] Apps route script found: C:\SC\PsWebHost\apps\WebhostRealtimeEvents\routes\api\v1\logs\get.ps1[0m
[33;1mVERBOSE: [Process-HttpRequest] Executing app route script: C:\SC\PsWebHost\apps\WebhostRealtimeEvents\routes\api\v1\logs\get.ps1[0m
[33;1mVERBOSE: [Backup-ConfigurationFile] File unchanged since last backup: get.security.json[0m
[33;1mVERBOSE: Synchronous context received. Processing request /apps/WebHostMetrics/cards/server-heatmap[0m
[33;1mVERBOSE: [Process-HttpRequest] Starting processing request:   from [0m
[33;1mVERBOSE: [Process-HttpRequest] 20260208 20:57:59 Request received: get /apps/WebHostMetrics/cards/server-heatmap from 127.0.0.1:62757[0m
[33;1mVERBOSE: [Process-HttpRequest] Incoming Cookie header: PSWebSessionID=6552a790-8769-4737-8c71-08cae865d496[0m
[33;1mVERBOSE: [Process-HttpRequest] Session cookie found: 6552a790-8769-4737-8c71-08cae865d496[0m
[33;1mVERBOSE: [Get-PSWebSessions] Returning session type: System.Collections.Hashtable+SyncHashtable IsArray: False[0m
[33;1mVERBOSE: 	[Process-HttpRequest] 20260208 20:57:59 Session: 6552a790-8769-4737-8c71-08cae865d496 UserID: 6ec71a85-fb79-4ebc-aa1d-587c7f8b403c[0m
[33;1mVERBOSE: [Process-HttpRequest] Apps route request: app=WebHostMetrics, route=cards/server-heatmap[0m
[33;1mVERBOSE: [Process-HttpRequest] Checking for route script: C:\SC\PsWebHost\apps\WebHostMetrics\routes\cards\server-heatmap\get.ps1[0m
[33;1mVERBOSE: [Process-HttpRequest] Route script found: C:\SC\PsWebHost\apps\WebHostMetrics\routes\cards\server-heatmap\get.ps1[0m
[33;1mVERBOSE: [Process-HttpRequest] Apps route script found: C:\SC\PsWebHost\apps\WebHostMetrics\routes\cards\server-heatmap\get.ps1[0m
[33;1mVERBOSE: [Process-HttpRequest] Executing app route script: C:\SC\PsWebHost\apps\WebHostMetrics\routes\cards\server-heatmap\get.ps1[0m
[33;1mVERBOSE: [Backup-ConfigurationFile] File unchanged since last backup: get.security.json[0m
[33;1mVERBOSE: Synchronous context received. Processing request /apps/WebHostDebugExtensions/api/v1/debug/commands/poll[0m
[33;1mVERBOSE: [Process-HttpRequest] Starting processing request:   from [0m
[33;1mVERBOSE: [Process-HttpRequest] 20260208 20:58:00 Request received: get /apps/WebHostDebugExtensions/api/v1/debug/commands/poll from 127.0.0.1:62756[0m
[33;1mVERBOSE: [Process-HttpRequest] Incoming Cookie header: PSWebSessionID=6552a790-8769-4737-8c71-08cae865d496[0m
[33;1mVERBOSE: [Process-HttpRequest] Session cookie found: 6552a790-8769-4737-8c71-08cae865d496[0m
[33;1mVERBOSE: [Get-PSWebSessions] Returning session type: System.Collections.Hashtable+SyncHashtable IsArray: False[0m
[33;1mVERBOSE: 	[Process-HttpRequest] 20260208 20:58:00 Session: 6552a790-8769-4737-8c71-08cae865d496 UserID: 6ec71a85-fb79-4ebc-aa1d-587c7f8b403c[0m
[33;1mVERBOSE: [Process-HttpRequest] Apps route request: app=WebHostDebugExtensions, route=api/v1/debug/commands/poll[0m
[33;1mVERBOSE: [Process-HttpRequest] Checking for route script: C:\SC\PsWebHost\apps\WebHostDebugExtensions\routes\api\v1\debug\commands\poll\get.ps1[0m
[33;1mVERBOSE: [Process-HttpRequest] Route script found: C:\SC\PsWebHost\apps\WebHostDebugExtensions\routes\api\v1\debug\commands\poll\get.ps1[0m
[33;1mVERBOSE: [Process-HttpRequest] Apps route script found: C:\SC\PsWebHost\apps\WebHostDebugExtensions\routes\api\v1\debug\commands\poll\get.ps1[0m
[33;1mVERBOSE: [Process-HttpRequest] Executing app route script: C:\SC\PsWebHost\apps\WebHostDebugExtensions\routes\api\v1\debug\commands\poll\get.ps1[0m
[33;1mVERBOSE: [Backup-ConfigurationFile] File unchanged since last backup: get.security.json[0m
[33;1mVERBOSE: Synchronous context received. Processing request /apps/WebHostDebugExtensions/api/v1/debug/commands/poll[0m
[33;1mVERBOSE: [Process-HttpRequest] Starting processing request:   from [0m
[33;1mVERBOSE: [Process-HttpRequest] 20260208 20:58:03 Request received: get /apps/WebHostDebugExtensions/api/v1/debug/commands/poll from 127.0.0.1:62756[0m
[33;1mVERBOSE: [Process-HttpRequest] Incoming Cookie header: PSWebSessionID=6552a790-8769-4737-8c71-08cae865d496[0m
[33;1mVERBOSE: [Process-HttpRequest] Session cookie found: 6552a790-8769-4737-8c71-08cae865d496[0m
[33;1mVERBOSE: [Get-PSWebSessions] Returning session type: System.Collections.Hashtable+SyncHashtable IsArray: False[0m
[33;1mVERBOSE: 	[Process-HttpRequest] 20260208 20:58:03 Session: 6552a790-8769-4737-8c71-08cae865d496 UserID: 6ec71a85-fb79-4ebc-aa1d-587c7f8b403c[0m
[33;1mVERBOSE: [Process-HttpRequest] Apps route request: app=WebHostDebugExtensions, route=api/v1/debug/commands/poll[0m
[33;1mVERBOSE: [Process-HttpRequest] Checking for route script: C:\SC\PsWebHost\apps\WebHostDebugExtensions\routes\api\v1\debug\commands\poll\get.ps1[0m
[33;1mVERBOSE: [Process-HttpRequest] Route script found: C:\SC\PsWebHost\apps\WebHostDebugExtensions\routes\api\v1\debug\commands\poll\get.ps1[0m
[33;1mVERBOSE: [Process-HttpRequest] Apps route script found: C:\SC\PsWebHost\apps\WebHostDebugExtensions\routes\api\v1\debug\commands\poll\get.ps1[0m
[33;1mVERBOSE: [Process-HttpRequest] Executing app route script: C:\SC\PsWebHost\apps\WebHostDebugExtensions\routes\api\v1\debug\commands\poll\get.ps1[0m
[33;1mVERBOSE: [Backup-ConfigurationFile] File unchanged since last backup: get.security.json[0m
[33;1mVERBOSE: Synchronous context received. Processing request /apps/WebhostRealtimeEvents/api/v1/logs?timeRange=15&sortBy=Date&sortOrder=desc&count=1000[0m
[33;1mVERBOSE: [Process-HttpRequest] Starting processing request:   from [0m
[33;1mVERBOSE: [Process-HttpRequest] 20260208 20:58:04 Request received: get /apps/WebhostRealtimeEvents/api/v1/logs from 127.0.0.1:62756[0m
[33;1mVERBOSE: [Process-HttpRequest] Incoming Cookie header: PSWebSessionID=6552a790-8769-4737-8c71-08cae865d496[0m
[33;1mVERBOSE: [Process-HttpRequest] Session cookie found: 6552a790-8769-4737-8c71-08cae865d496[0m
[33;1mVERBOSE: [Get-PSWebSessions] Returning session type: System.Collections.Hashtable+SyncHashtable IsArray: False[0m
[33;1mVERBOSE: 	[Process-HttpRequest] 20260208 20:58:04 Session: 6552a790-8769-4737-8c71-08cae865d496 UserID: 6ec71a85-fb79-4ebc-aa1d-587c7f8b403c[0m
[33;1mVERBOSE: [Process-HttpRequest] Apps route request: app=WebhostRealtimeEvents, route=api/v1/logs[0m
[33;1mVERBOSE: [Process-HttpRequest] Checking for route script: C:\SC\PsWebHost\apps\WebhostRealtimeEvents\routes\api\v1\logs\get.ps1[0m
[33;1mVERBOSE: [Process-HttpRequest] Route script found: C:\SC\PsWebHost\apps\WebhostRealtimeEvents\routes\api\v1\logs\get.ps1[0m
[33;1mVERBOSE: [Process-HttpRequest] Apps route script found: C:\SC\PsWebHost\apps\WebhostRealtimeEvents\routes\api\v1\logs\get.ps1[0m
[33;1mVERBOSE: [Process-HttpRequest] Executing app route script: C:\SC\PsWebHost\apps\WebhostRealtimeEvents\routes\api\v1\logs\get.ps1[0m
[33;1mVERBOSE: [Backup-ConfigurationFile] File unchanged since last backup: get.security.json[0m
[33;1mVERBOSE: Synchronous context received. Processing request /apps/WebHostMetrics/cards/server-heatmap[0m
[33;1mVERBOSE: [Process-HttpRequest] Starting processing request:   from [0m
[33;1mVERBOSE: [Process-HttpRequest] 20260208 20:58:04 Request received: get /apps/WebHostMetrics/cards/server-heatmap from 127.0.0.1:62757[0m
[33;1mVERBOSE: [Process-HttpRequest] Incoming Cookie header: PSWebSessionID=6552a790-8769-4737-8c71-08cae865d496[0m
[33;1mVERBOSE: [Process-HttpRequest] Session cookie found: 6552a790-8769-4737-8c71-08cae865d496[0m
[33;1mVERBOSE: [Get-PSWebSessions] Returning session type: System.Collections.Hashtable+SyncHashtable IsArray: False[0m
[33;1mVERBOSE: 	[Process-HttpRequest] 20260208 20:58:04 Session: 6552a790-8769-4737-8c71-08cae865d496 UserID: 6ec71a85-fb79-4ebc-aa1d-587c7f8b403c[0m
[33;1mVERBOSE: [Process-HttpRequest] Apps route request: app=WebHostMetrics, route=cards/server-heatmap[0m
[33;1mVERBOSE: [Process-HttpRequest] Checking for route script: C:\SC\PsWebHost\apps\WebHostMetrics\routes\cards\server-heatmap\get.ps1[0m
[33;1mVERBOSE: [Process-HttpRequest] Route script found: C:\SC\PsWebHost\apps\WebHostMetrics\routes\cards\server-heatmap\get.ps1[0m
[33;1mVERBOSE: [Process-HttpRequest] Apps route script found: C:\SC\PsWebHost\apps\WebHostMetrics\routes\cards\server-heatmap\get.ps1[0m
[33;1mVERBOSE: [Process-HttpRequest] Executing app route script: C:\SC\PsWebHost\apps\WebHostMetrics\routes\cards\server-heatmap\get.ps1[0m
[33;1mVERBOSE: [Backup-ConfigurationFile] File unchanged since last backup: get.security.json[0m
[33;1mVERBOSE: Synchronous context received. Processing request /apps/WebHostDebugExtensions/api/v1/debug/commands/poll[0m
[33;1mVERBOSE: [Process-HttpRequest] Starting processing request:   from [0m
[33;1mVERBOSE: [Process-HttpRequest] 20260208 20:58:06 Request received: get /apps/WebHostDebugExtensions/api/v1/debug/commands/poll from 127.0.0.1:62756[0m
[33;1mVERBOSE: [Process-HttpRequest] Incoming Cookie header: PSWebSessionID=6552a790-8769-4737-8c71-08cae865d496[0m
[33;1mVERBOSE: [Process-HttpRequest] Session cookie found: 6552a790-8769-4737-8c71-08cae865d496[0m
[33;1mVERBOSE: [Get-PSWebSessions] Returning session type: System.Collections.Hashtable+SyncHashtable IsArray: False[0m
[33;1mVERBOSE: 	[Process-HttpRequest] 20260208 20:58:06 Session: 6552a790-8769-4737-8c71-08cae865d496 UserID: 6ec71a85-fb79-4ebc-aa1d-587c7f8b403c[0m
[33;1mVERBOSE: [Process-HttpRequest] Apps route request: app=WebHostDebugExtensions, route=api/v1/debug/commands/poll[0m
[33;1mVERBOSE: [Process-HttpRequest] Checking for route script: C:\SC\PsWebHost\apps\WebHostDebugExtensions\routes\api\v1\debug\commands\poll\get.ps1[0m
[33;1mVERBOSE: [Process-HttpRequest] Route script found: C:\SC\PsWebHost\apps\WebHostDebugExtensions\routes\api\v1\debug\commands\poll\get.ps1[0m
[33;1mVERBOSE: [Process-HttpRequest] Apps route script found: C:\SC\PsWebHost\apps\WebHostDebugExtensions\routes\api\v1\debug\commands\poll\get.ps1[0m
[33;1mVERBOSE: [Process-HttpRequest] Executing app route script: C:\SC\PsWebHost\apps\WebHostDebugExtensions\routes\api\v1\debug\commands\poll\get.ps1[0m
[33;1mVERBOSE: [Backup-ConfigurationFile] File unchanged since last backup: get.security.json[0m
[33;1mVERBOSE: Synchronous context received. Processing request /apps/WebhostRealtimeEvents/api/v1/logs?timeRange=15&sortBy=Date&sortOrder=desc&count=1000[0m
[33;1mVERBOSE: [Process-HttpRequest] Starting processing request:   from [0m
[33;1mVERBOSE: [Process-HttpRequest] 20260208 20:58:09 Request received: get /apps/WebhostRealtimeEvents/api/v1/logs from 127.0.0.1:62756[0m
[33;1mVERBOSE: [Process-HttpRequest] Incoming Cookie header: PSWebSessionID=6552a790-8769-4737-8c71-08cae865d496[0m
[33;1mVERBOSE: [Process-HttpRequest] Session cookie found: 6552a790-8769-4737-8c71-08cae865d496[0m
[33;1mVERBOSE: [Get-PSWebSessions] Returning session type: System.Collections.Hashtable+SyncHashtable IsArray: False[0m
[33;1mVERBOSE: 	[Process-HttpRequest] 20260208 20:58:09 Session: 6552a790-8769-4737-8c71-08cae865d496 UserID: 6ec71a85-fb79-4ebc-aa1d-587c7f8b403c[0m
[33;1mVERBOSE: [Process-HttpRequest] Apps route request: app=WebhostRealtimeEvents, route=api/v1/logs[0m
[33;1mVERBOSE: [Process-HttpRequest] Checking for route script: C:\SC\PsWebHost\apps\WebhostRealtimeEvents\routes\api\v1\logs\get.ps1[0m
[33;1mVERBOSE: [Process-HttpRequest] Route script found: C:\SC\PsWebHost\apps\WebhostRealtimeEvents\routes\api\v1\logs\get.ps1[0m
[33;1mVERBOSE: [Process-HttpRequest] Apps route script found: C:\SC\PsWebHost\apps\WebhostRealtimeEvents\routes\api\v1\logs\get.ps1[0m
[33;1mVERBOSE: [Process-HttpRequest] Executing app route script: C:\SC\PsWebHost\apps\WebhostRealtimeEvents\routes\api\v1\logs\get.ps1[0m
[33;1mVERBOSE: [Backup-ConfigurationFile] File unchanged since last backup: get.security.json[0m
[33;1mVERBOSE: Synchronous context received. Processing request /apps/WebHostMetrics/cards/server-heatmap[0m
[33;1mVERBOSE: [Process-HttpRequest] Starting processing request:   from [0m
[33;1mVERBOSE: [Process-HttpRequest] 20260208 20:58:09 Request received: get /apps/WebHostMetrics/cards/server-heatmap from 127.0.0.1:62757[0m
[33;1mVERBOSE: [Process-HttpRequest] Incoming Cookie header: PSWebSessionID=6552a790-8769-4737-8c71-08cae865d496[0m
[33;1mVERBOSE: [Process-HttpRequest] Session cookie found: 6552a790-8769-4737-8c71-08cae865d496[0m
[33;1mVERBOSE: [Get-PSWebSessions] Returning session type: System.Collections.Hashtable+SyncHashtable IsArray: False[0m
[33;1mVERBOSE: 	[Process-HttpRequest] 20260208 20:58:09 Session: 6552a790-8769-4737-8c71-08cae865d496 UserID: 6ec71a85-fb79-4ebc-aa1d-587c7f8b403c[0m
[33;1mVERBOSE: [Process-HttpRequest] Apps route request: app=WebHostMetrics, route=cards/server-heatmap[0m
[33;1mVERBOSE: [Process-HttpRequest] Checking for route script: C:\SC\PsWebHost\apps\WebHostMetrics\routes\cards\server-heatmap\get.ps1[0m
[33;1mVERBOSE: [Process-HttpRequest] Route script found: C:\SC\PsWebHost\apps\WebHostMetrics\routes\cards\server-heatmap\get.ps1[0m
[33;1mVERBOSE: [Process-HttpRequest] Apps route script found: C:\SC\PsWebHost\apps\WebHostMetrics\routes\cards\server-heatmap\get.ps1[0m
[33;1mVERBOSE: [Process-HttpRequest] Executing app route script: C:\SC\PsWebHost\apps\WebHostMetrics\routes\cards\server-heatmap\get.ps1[0m
[33;1mVERBOSE: [Backup-ConfigurationFile] File unchanged since last backup: get.security.json[0m
[33;1mVERBOSE: Synchronous context received. Processing request /apps/WebHostDebugExtensions/api/v1/debug/commands/poll[0m
[33;1mVERBOSE: [Process-HttpRequest] Starting processing request:   from [0m
[33;1mVERBOSE: [Process-HttpRequest] 20260208 20:58:09 Request received: get /apps/WebHostDebugExtensions/api/v1/debug/commands/poll from [::1]:62765[0m
[33;1mVERBOSE: [Process-HttpRequest] Incoming Cookie header: PSWebSessionID=6552a790-8769-4737-8c71-08cae865d496[0m
[33;1mVERBOSE: [Process-HttpRequest] Session cookie found: 6552a790-8769-4737-8c71-08cae865d496[0m
[33;1mVERBOSE: [Get-PSWebSessions] Returning session type: System.Collections.Hashtable+SyncHashtable IsArray: False[0m
[33;1mVERBOSE: 	[Process-HttpRequest] 20260208 20:58:09 Session: 6552a790-8769-4737-8c71-08cae865d496 UserID: 6ec71a85-fb79-4ebc-aa1d-587c7f8b403c[0m
[33;1mVERBOSE: [Process-HttpRequest] Apps route request: app=WebHostDebugExtensions, route=api/v1/debug/commands/poll[0m
[33;1mVERBOSE: [Process-HttpRequest] Checking for route script: C:\SC\PsWebHost\apps\WebHostDebugExtensions\routes\api\v1\debug\commands\poll\get.ps1[0m
[33;1mVERBOSE: [Process-HttpRequest] Route script found: C:\SC\PsWebHost\apps\WebHostDebugExtensions\routes\api\v1\debug\commands\poll\get.ps1[0m
[33;1mVERBOSE: [Process-HttpRequest] Apps route script found: C:\SC\PsWebHost\apps\WebHostDebugExtensions\routes\api\v1\debug\commands\poll\get.ps1[0m
[33;1mVERBOSE: [Process-HttpRequest] Executing app route script: C:\SC\PsWebHost\apps\WebHostDebugExtensions\routes\api\v1\debug\commands\poll\get.ps1[0m
[33;1mVERBOSE: [Backup-ConfigurationFile] File unchanged since last backup: get.security.json[0m
[33;1mVERBOSE: Synchronous context received. Processing request /apps/WebHostDebugExtensions/api/v1/debug/commands/poll[0m
[33;1mVERBOSE: [Process-HttpRequest] Starting processing request:   from [0m
[33;1mVERBOSE: [Process-HttpRequest] 20260208 20:58:12 Request received: get /apps/WebHostDebugExtensions/api/v1/debug/commands/poll from 127.0.0.1:62756[0m
[33;1mVERBOSE: [Process-HttpRequest] Incoming Cookie header: PSWebSessionID=6552a790-8769-4737-8c71-08cae865d496[0m
[33;1mVERBOSE: [Process-HttpRequest] Session cookie found: 6552a790-8769-4737-8c71-08cae865d496[0m
[33;1mVERBOSE: [Get-PSWebSessions] Returning session type: System.Collections.Hashtable+SyncHashtable IsArray: False[0m
[33;1mVERBOSE: 	[Process-HttpRequest] 20260208 20:58:12 Session: 6552a790-8769-4737-8c71-08cae865d496 UserID: 6ec71a85-fb79-4ebc-aa1d-587c7f8b403c[0m
[33;1mVERBOSE: [Process-HttpRequest] Apps route request: app=WebHostDebugExtensions, route=api/v1/debug/commands/poll[0m
[33;1mVERBOSE: [Process-HttpRequest] Checking for route script: C:\SC\PsWebHost\apps\WebHostDebugExtensions\routes\api\v1\debug\commands\poll\get.ps1[0m
[33;1mVERBOSE: [Process-HttpRequest] Route script found: C:\SC\PsWebHost\apps\WebHostDebugExtensions\routes\api\v1\debug\commands\poll\get.ps1[0m
[33;1mVERBOSE: [Process-HttpRequest] Apps route script found: C:\SC\PsWebHost\apps\WebHostDebugExtensions\routes\api\v1\debug\commands\poll\get.ps1[0m
[33;1mVERBOSE: [Process-HttpRequest] Executing app route script: C:\SC\PsWebHost\apps\WebHostDebugExtensions\routes\api\v1\debug\commands\poll\get.ps1[0m
[33;1mVERBOSE: [Backup-ConfigurationFile] File unchanged since last backup: get.security.json[0m
[33;1mVERBOSE: Synchronous context received. Processing request /apps/WebhostRealtimeEvents/api/v1/logs?timeRange=15&sortBy=Date&sortOrder=desc&count=1000[0m
[33;1mVERBOSE: [Process-HttpRequest] Starting processing request:   from [0m
[33;1mVERBOSE: [Process-HttpRequest] 20260208 20:58:14 Request received: get /apps/WebhostRealtimeEvents/api/v1/logs from 127.0.0.1:62756[0m
[33;1mVERBOSE: [Process-HttpRequest] Incoming Cookie header: PSWebSessionID=6552a790-8769-4737-8c71-08cae865d496[0m
[33;1mVERBOSE: [Process-HttpRequest] Session cookie found: 6552a790-8769-4737-8c71-08cae865d496[0m
[33;1mVERBOSE: [Get-PSWebSessions] Returning session type: System.Collections.Hashtable+SyncHashtable IsArray: False[0m
[33;1mVERBOSE: 	[Process-HttpRequest] 20260208 20:58:14 Session: 6552a790-8769-4737-8c71-08cae865d496 UserID: 6ec71a85-fb79-4ebc-aa1d-587c7f8b403c[0m
[33;1mVERBOSE: [Process-HttpRequest] Apps route request: app=WebhostRealtimeEvents, route=api/v1/logs[0m
[33;1mVERBOSE: [Process-HttpRequest] Checking for route script: C:\SC\PsWebHost\apps\WebhostRealtimeEvents\routes\api\v1\logs\get.ps1[0m
[33;1mVERBOSE: [Process-HttpRequest] Route script found: C:\SC\PsWebHost\apps\WebhostRealtimeEvents\routes\api\v1\logs\get.ps1[0m
[33;1mVERBOSE: [Process-HttpRequest] Apps route script found: C:\SC\PsWebHost\apps\WebhostRealtimeEvents\routes\api\v1\logs\get.ps1[0m
[33;1mVERBOSE: [Process-HttpRequest] Executing app route script: C:\SC\PsWebHost\apps\WebhostRealtimeEvents\routes\api\v1\logs\get.ps1[0m
[33;1mVERBOSE: [Backup-ConfigurationFile] File unchanged since last backup: get.security.json[0m
[33;1mVERBOSE: Synchronous context received. Processing request /apps/WebHostMetrics/cards/server-heatmap[0m
[33;1mVERBOSE: [Process-HttpRequest] Starting processing request:   from [0m
[33;1mVERBOSE: [Process-HttpRequest] 20260208 20:58:14 Request received: get /apps/WebHostMetrics/cards/server-heatmap from 127.0.0.1:62757[0m
[33;1mVERBOSE: [Process-HttpRequest] Incoming Cookie header: PSWebSessionID=6552a790-8769-4737-8c71-08cae865d496[0m
[33;1mVERBOSE: [Process-HttpRequest] Session cookie found: 6552a790-8769-4737-8c71-08cae865d496[0m
[33;1mVERBOSE: [Get-PSWebSessions] Returning session type: System.Collections.Hashtable+SyncHashtable IsArray: False[0m
[33;1mVERBOSE: 	[Process-HttpRequest] 20260208 20:58:14 Session: 6552a790-8769-4737-8c71-08cae865d496 UserID: 6ec71a85-fb79-4ebc-aa1d-587c7f8b403c[0m
[33;1mVERBOSE: [Process-HttpRequest] Apps route request: app=WebHostMetrics, route=cards/server-heatmap[0m
[33;1mVERBOSE: [Process-HttpRequest] Checking for route script: C:\SC\PsWebHost\apps\WebHostMetrics\routes\cards\server-heatmap\get.ps1[0m
[33;1mVERBOSE: [Process-HttpRequest] Route script found: C:\SC\PsWebHost\apps\WebHostMetrics\routes\cards\server-heatmap\get.ps1[0m
[33;1mVERBOSE: [Process-HttpRequest] Apps route script found: C:\SC\PsWebHost\apps\WebHostMetrics\routes\cards\server-heatmap\get.ps1[0m
[33;1mVERBOSE: [Process-HttpRequest] Executing app route script: C:\SC\PsWebHost\apps\WebHostMetrics\routes\cards\server-heatmap\get.ps1[0m
[33;1mVERBOSE: [Backup-ConfigurationFile] File unchanged since last backup: get.security.json[0m
[33;1mVERBOSE: Synchronous context received. Processing request /apps/WebHostDebugExtensions/api/v1/debug/commands/poll[0m
[33;1mVERBOSE: [Process-HttpRequest] Starting processing request:   from [0m
[33;1mVERBOSE: [Process-HttpRequest] 20260208 20:58:15 Request received: get /apps/WebHostDebugExtensions/api/v1/debug/commands/poll from 127.0.0.1:62756[0m
[33;1mVERBOSE: [Process-HttpRequest] Incoming Cookie header: PSWebSessionID=6552a790-8769-4737-8c71-08cae865d496[0m
[33;1mVERBOSE: [Process-HttpRequest] Session cookie found: 6552a790-8769-4737-8c71-08cae865d496[0m
[33;1mVERBOSE: [Get-PSWebSessions] Returning session type: System.Collections.Hashtable+SyncHashtable IsArray: False[0m
[33;1mVERBOSE: 	[Process-HttpRequest] 20260208 20:58:15 Session: 6552a790-8769-4737-8c71-08cae865d496 UserID: 6ec71a85-fb79-4ebc-aa1d-587c7f8b403c[0m
[33;1mVERBOSE: [Process-HttpRequest] Apps route request: app=WebHostDebugExtensions, route=api/v1/debug/commands/poll[0m
[33;1mVERBOSE: [Process-HttpRequest] Checking for route script: C:\SC\PsWebHost\apps\WebHostDebugExtensions\routes\api\v1\debug\commands\poll\get.ps1[0m
[33;1mVERBOSE: [Process-HttpRequest] Route script found: C:\SC\PsWebHost\apps\WebHostDebugExtensions\routes\api\v1\debug\commands\poll\get.ps1[0m
[33;1mVERBOSE: [Process-HttpRequest] Apps route script found: C:\SC\PsWebHost\apps\WebHostDebugExtensions\routes\api\v1\debug\commands\poll\get.ps1[0m
[33;1mVERBOSE: [Process-HttpRequest] Executing app route script: C:\SC\PsWebHost\apps\WebHostDebugExtensions\routes\api\v1\debug\commands\poll\get.ps1[0m
[33;1mVERBOSE: [Backup-ConfigurationFile] File unchanged since last backup: get.security.json[0m
[33;1mVERBOSE: Synchronous context received. Processing request /apps/WebHostDebugExtensions/api/v1/debug/commands/poll[0m
[33;1mVERBOSE: [Process-HttpRequest] Starting processing request:   from [0m
[33;1mVERBOSE: [Process-HttpRequest] 20260208 20:58:18 Request received: get /apps/WebHostDebugExtensions/api/v1/debug/commands/poll from 127.0.0.1:62756[0m
[33;1mVERBOSE: [Process-HttpRequest] Incoming Cookie header: PSWebSessionID=6552a790-8769-4737-8c71-08cae865d496[0m
[33;1mVERBOSE: [Process-HttpRequest] Session cookie found: 6552a790-8769-4737-8c71-08cae865d496[0m
[33;1mVERBOSE: [Get-PSWebSessions] Returning session type: System.Collections.Hashtable+SyncHashtable IsArray: False[0m
[33;1mVERBOSE: 	[Process-HttpRequest] 20260208 20:58:18 Session: 6552a790-8769-4737-8c71-08cae865d496 UserID: 6ec71a85-fb79-4ebc-aa1d-587c7f8b403c[0m
[33;1mVERBOSE: [Process-HttpRequest] Apps route request: app=WebHostDebugExtensions, route=api/v1/debug/commands/poll[0m
[33;1mVERBOSE: [Process-HttpRequest] Checking for route script: C:\SC\PsWebHost\apps\WebHostDebugExtensions\routes\api\v1\debug\commands\poll\get.ps1[0m
[33;1mVERBOSE: [Process-HttpRequest] Route script found: C:\SC\PsWebHost\apps\WebHostDebugExtensions\routes\api\v1\debug\commands\poll\get.ps1[0m
[33;1mVERBOSE: [Process-HttpRequest] Apps route script found: C:\SC\PsWebHost\apps\WebHostDebugExtensions\routes\api\v1\debug\commands\poll\get.ps1[0m
[33;1mVERBOSE: [Process-HttpRequest] Executing app route script: C:\SC\PsWebHost\apps\WebHostDebugExtensions\routes\api\v1\debug\commands\poll\get.ps1[0m
[33;1mVERBOSE: [Backup-ConfigurationFile] File unchanged since last backup: get.security.json[0m
[33;1mVERBOSE: Synchronous context received. Processing request /apps/WebhostRealtimeEvents/api/v1/logs?timeRange=15&sortBy=Date&sortOrder=desc&count=1000[0m
[33;1mVERBOSE: [Process-HttpRequest] Starting processing request:   from [0m
[33;1mVERBOSE: [Process-HttpRequest] 20260208 20:58:19 Request received: get /apps/WebhostRealtimeEvents/api/v1/logs from 127.0.0.1:62756[0m
[33;1mVERBOSE: [Process-HttpRequest] Incoming Cookie header: PSWebSessionID=6552a790-8769-4737-8c71-08cae865d496[0m
[33;1mVERBOSE: [Process-HttpRequest] Session cookie found: 6552a790-8769-4737-8c71-08cae865d496[0m
[33;1mVERBOSE: [Get-PSWebSessions] Returning session type: System.Collections.Hashtable+SyncHashtable IsArray: False[0m
[33;1mVERBOSE: 	[Process-HttpRequest] 20260208 20:58:19 Session: 6552a790-8769-4737-8c71-08cae865d496 UserID: 6ec71a85-fb79-4ebc-aa1d-587c7f8b403c[0m
[33;1mVERBOSE: [Process-HttpRequest] Apps route request: app=WebhostRealtimeEvents, route=api/v1/logs[0m
[33;1mVERBOSE: [Process-HttpRequest] Checking for route script: C:\SC\PsWebHost\apps\WebhostRealtimeEvents\routes\api\v1\logs\get.ps1[0m
[33;1mVERBOSE: [Process-HttpRequest] Route script found: C:\SC\PsWebHost\apps\WebhostRealtimeEvents\routes\api\v1\logs\get.ps1[0m
[33;1mVERBOSE: [Process-HttpRequest] Apps route script found: C:\SC\PsWebHost\apps\WebhostRealtimeEvents\routes\api\v1\logs\get.ps1[0m
[33;1mVERBOSE: [Process-HttpRequest] Executing app route script: C:\SC\PsWebHost\apps\WebhostRealtimeEvents\routes\api\v1\logs\get.ps1[0m
[33;1mVERBOSE: [Backup-ConfigurationFile] File unchanged since last backup: get.security.json[0m
[33;1mVERBOSE: Synchronous context received. Processing request /apps/WebHostMetrics/cards/server-heatmap[0m
[33;1mVERBOSE: [Process-HttpRequest] Starting processing request:   from [0m
[33;1mVERBOSE: [Process-HttpRequest] 20260208 20:58:19 Request received: get /apps/WebHostMetrics/cards/server-heatmap from 127.0.0.1:62757[0m
[33;1mVERBOSE: [Process-HttpRequest] Incoming Cookie header: PSWebSessionID=6552a790-8769-4737-8c71-08cae865d496[0m
[33;1mVERBOSE: [Process-HttpRequest] Session cookie found: 6552a790-8769-4737-8c71-08cae865d496[0m
[33;1mVERBOSE: [Get-PSWebSessions] Returning session type: System.Collections.Hashtable+SyncHashtable IsArray: False[0m
[33;1mVERBOSE: 	[Process-HttpRequest] 20260208 20:58:19 Session: 6552a790-8769-4737-8c71-08cae865d496 UserID: 6ec71a85-fb79-4ebc-aa1d-587c7f8b403c[0m
[33;1mVERBOSE: [Process-HttpRequest] Apps route request: app=WebHostMetrics, route=cards/server-heatmap[0m
[33;1mVERBOSE: [Process-HttpRequest] Checking for route script: C:\SC\PsWebHost\apps\WebHostMetrics\routes\cards\server-heatmap\get.ps1[0m
[33;1mVERBOSE: [Process-HttpRequest] Route script found: C:\SC\PsWebHost\apps\WebHostMetrics\routes\cards\server-heatmap\get.ps1[0m
[33;1mVERBOSE: [Process-HttpRequest] Apps route script found: C:\SC\PsWebHost\apps\WebHostMetrics\routes\cards\server-heatmap\get.ps1[0m
[33;1mVERBOSE: [Process-HttpRequest] Executing app route script: C:\SC\PsWebHost\apps\WebHostMetrics\routes\cards\server-heatmap\get.ps1[0m
[33;1mVERBOSE: [Backup-ConfigurationFile] File unchanged since last backup: get.security.json[0m
[33;1mVERBOSE: Synchronous context received. Processing request /apps/WebHostDebugExtensions/api/v1/debug/commands/poll[0m
[33;1mVERBOSE: [Process-HttpRequest] Starting processing request:   from [0m
[33;1mVERBOSE: [Process-HttpRequest] 20260208 20:58:21 Request received: get /apps/WebHostDebugExtensions/api/v1/debug/commands/poll from 127.0.0.1:62756[0m
[33;1mVERBOSE: [Process-HttpRequest] Incoming Cookie header: PSWebSessionID=6552a790-8769-4737-8c71-08cae865d496[0m
[33;1mVERBOSE: [Process-HttpRequest] Session cookie found: 6552a790-8769-4737-8c71-08cae865d496[0m
[33;1mVERBOSE: [Get-PSWebSessions] Returning session type: System.Collections.Hashtable+SyncHashtable IsArray: False[0m
[33;1mVERBOSE: 	[Process-HttpRequest] 20260208 20:58:21 Session: 6552a790-8769-4737-8c71-08cae865d496 UserID: 6ec71a85-fb79-4ebc-aa1d-587c7f8b403c[0m
[33;1mVERBOSE: [Process-HttpRequest] Apps route request: app=WebHostDebugExtensions, route=api/v1/debug/commands/poll[0m
[33;1mVERBOSE: [Process-HttpRequest] Checking for route script: C:\SC\PsWebHost\apps\WebHostDebugExtensions\routes\api\v1\debug\commands\poll\get.ps1[0m
[33;1mVERBOSE: [Process-HttpRequest] Route script found: C:\SC\PsWebHost\apps\WebHostDebugExtensions\routes\api\v1\debug\commands\poll\get.ps1[0m
[33;1mVERBOSE: [Process-HttpRequest] Apps route script found: C:\SC\PsWebHost\apps\WebHostDebugExtensions\routes\api\v1\debug\commands\poll\get.ps1[0m
[33;1mVERBOSE: [Process-HttpRequest] Executing app route script: C:\SC\PsWebHost\apps\WebHostDebugExtensions\routes\api\v1\debug\commands\poll\get.ps1[0m
[33;1mVERBOSE: [Backup-ConfigurationFile] File unchanged since last backup: get.security.json[0m
[33;1mVERBOSE: Synchronous context received. Processing request /apps/WebhostRealtimeEvents/api/v1/logs?timeRange=15&sortBy=Date&sortOrder=desc&count=1000[0m
[33;1mVERBOSE: [Process-HttpRequest] Starting processing request:   from [0m
[33;1mVERBOSE: [Process-HttpRequest] 20260208 20:58:24 Request received: get /apps/WebhostRealtimeEvents/api/v1/logs from 127.0.0.1:62756[0m
[33;1mVERBOSE: [Process-HttpRequest] Incoming Cookie header: PSWebSessionID=6552a790-8769-4737-8c71-08cae865d496[0m
[33;1mVERBOSE: [Process-HttpRequest] Session cookie found: 6552a790-8769-4737-8c71-08cae865d496[0m
[33;1mVERBOSE: [Get-PSWebSessions] Returning session type: System.Collections.Hashtable+SyncHashtable IsArray: False[0m
[33;1mVERBOSE: 	[Process-HttpRequest] 20260208 20:58:24 Session: 6552a790-8769-4737-8c71-08cae865d496 UserID: 6ec71a85-fb79-4ebc-aa1d-587c7f8b403c[0m
[33;1mVERBOSE: [Process-HttpRequest] Apps route request: app=WebhostRealtimeEvents, route=api/v1/logs[0m
[33;1mVERBOSE: [Process-HttpRequest] Checking for route script: C:\SC\PsWebHost\apps\WebhostRealtimeEvents\routes\api\v1\logs\get.ps1[0m
[33;1mVERBOSE: [Process-HttpRequest] Route script found: C:\SC\PsWebHost\apps\WebhostRealtimeEvents\routes\api\v1\logs\get.ps1[0m
[33;1mVERBOSE: [Process-HttpRequest] Apps route script found: C:\SC\PsWebHost\apps\WebhostRealtimeEvents\routes\api\v1\logs\get.ps1[0m
[33;1mVERBOSE: [Process-HttpRequest] Executing app route script: C:\SC\PsWebHost\apps\WebhostRealtimeEvents\routes\api\v1\logs\get.ps1[0m
[33;1mVERBOSE: [Backup-ConfigurationFile] File unchanged since last backup: get.security.json[0m
[33;1mVERBOSE: Synchronous context received. Processing request /apps/WebHostMetrics/cards/server-heatmap[0m
[33;1mVERBOSE: [Process-HttpRequest] Starting processing request:   from [0m
[33;1mVERBOSE: [Process-HttpRequest] 20260208 20:58:24 Request received: get /apps/WebHostMetrics/cards/server-heatmap from 127.0.0.1:62757[0m
[33;1mVERBOSE: [Process-HttpRequest] Incoming Cookie header: PSWebSessionID=6552a790-8769-4737-8c71-08cae865d496[0m
[33;1mVERBOSE: [Process-HttpRequest] Session cookie found: 6552a790-8769-4737-8c71-08cae865d496[0m
[33;1mVERBOSE: [Get-PSWebSessions] Returning session type: System.Collections.Hashtable+SyncHashtable IsArray: False[0m
[33;1mVERBOSE: 	[Process-HttpRequest] 20260208 20:58:24 Session: 6552a790-8769-4737-8c71-08cae865d496 UserID: 6ec71a85-fb79-4ebc-aa1d-587c7f8b403c[0m
[33;1mVERBOSE: [Process-HttpRequest] Apps route request: app=WebHostMetrics, route=cards/server-heatmap[0m
[33;1mVERBOSE: [Process-HttpRequest] Checking for route script: C:\SC\PsWebHost\apps\WebHostMetrics\routes\cards\server-heatmap\get.ps1[0m
[33;1mVERBOSE: [Process-HttpRequest] Route script found: C:\SC\PsWebHost\apps\WebHostMetrics\routes\cards\server-heatmap\get.ps1[0m
[33;1mVERBOSE: [Process-HttpRequest] Apps route script found: C:\SC\PsWebHost\apps\WebHostMetrics\routes\cards\server-heatmap\get.ps1[0m
[33;1mVERBOSE: [Process-HttpRequest] Executing app route script: C:\SC\PsWebHost\apps\WebHostMetrics\routes\cards\server-heatmap\get.ps1[0m
[33;1mVERBOSE: [Backup-ConfigurationFile] File unchanged since last backup: get.security.json[0m
[33;1mVERBOSE: Synchronous context received. Processing request /apps/WebHostDebugExtensions/api/v1/debug/commands/poll[0m
[33;1mVERBOSE: [Process-HttpRequest] Starting processing request:   from [0m
[33;1mVERBOSE: [Process-HttpRequest] 20260208 20:58:24 Request received: get /apps/WebHostDebugExtensions/api/v1/debug/commands/poll from 127.0.0.1:62756[0m
[33;1mVERBOSE: [Process-HttpRequest] Incoming Cookie header: PSWebSessionID=6552a790-8769-4737-8c71-08cae865d496[0m
[33;1mVERBOSE: [Process-HttpRequest] Session cookie found: 6552a790-8769-4737-8c71-08cae865d496[0m
[33;1mVERBOSE: [Get-PSWebSessions] Returning session type: System.Collections.Hashtable+SyncHashtable IsArray: False[0m
[33;1mVERBOSE: 	[Process-HttpRequest] 20260208 20:58:24 Session: 6552a790-8769-4737-8c71-08cae865d496 UserID: 6ec71a85-fb79-4ebc-aa1d-587c7f8b403c[0m
[33;1mVERBOSE: [Process-HttpRequest] Apps route request: app=WebHostDebugExtensions, route=api/v1/debug/commands/poll[0m
[33;1mVERBOSE: [Process-HttpRequest] Checking for route script: C:\SC\PsWebHost\apps\WebHostDebugExtensions\routes\api\v1\debug\commands\poll\get.ps1[0m
[33;1mVERBOSE: [Process-HttpRequest] Route script found: C:\SC\PsWebHost\apps\WebHostDebugExtensions\routes\api\v1\debug\commands\poll\get.ps1[0m
[33;1mVERBOSE: [Process-HttpRequest] Apps route script found: C:\SC\PsWebHost\apps\WebHostDebugExtensions\routes\api\v1\debug\commands\poll\get.ps1[0m
[33;1mVERBOSE: [Process-HttpRequest] Executing app route script: C:\SC\PsWebHost\apps\WebHostDebugExtensions\routes\api\v1\debug\commands\poll\get.ps1[0m
[33;1mVERBOSE: [Backup-ConfigurationFile] File unchanged since last backup: get.security.json[0m
[33;1mVERBOSE: Synchronous context received. Processing request /apps/WebHostDebugExtensions/api/v1/debug/commands/poll[0m
[33;1mVERBOSE: [Process-HttpRequest] Starting processing request:   from [0m
[33;1mVERBOSE: [Process-HttpRequest] 20260208 20:58:27 Request received: get /apps/WebHostDebugExtensions/api/v1/debug/commands/poll from 127.0.0.1:62756[0m
[33;1mVERBOSE: [Process-HttpRequest] Incoming Cookie header: PSWebSessionID=6552a790-8769-4737-8c71-08cae865d496[0m
[33;1mVERBOSE: [Process-HttpRequest] Session cookie found: 6552a790-8769-4737-8c71-08cae865d496[0m
[33;1mVERBOSE: [Get-PSWebSessions] Returning session type: System.Collections.Hashtable+SyncHashtable IsArray: False[0m
[33;1mVERBOSE: 	[Process-HttpRequest] 20260208 20:58:27 Session: 6552a790-8769-4737-8c71-08cae865d496 UserID: 6ec71a85-fb79-4ebc-aa1d-587c7f8b403c[0m
[33;1mVERBOSE: [Process-HttpRequest] Apps route request: app=WebHostDebugExtensions, route=api/v1/debug/commands/poll[0m
[33;1mVERBOSE: [Process-HttpRequest] Checking for route script: C:\SC\PsWebHost\apps\WebHostDebugExtensions\routes\api\v1\debug\commands\poll\get.ps1[0m
[33;1mVERBOSE: [Process-HttpRequest] Route script found: C:\SC\PsWebHost\apps\WebHostDebugExtensions\routes\api\v1\debug\commands\poll\get.ps1[0m
[33;1mVERBOSE: [Process-HttpRequest] Apps route script found: C:\SC\PsWebHost\apps\WebHostDebugExtensions\routes\api\v1\debug\commands\poll\get.ps1[0m
[33;1mVERBOSE: [Process-HttpRequest] Executing app route script: C:\SC\PsWebHost\apps\WebHostDebugExtensions\routes\api\v1\debug\commands\poll\get.ps1[0m
[33;1mVERBOSE: [Backup-ConfigurationFile] File unchanged since last backup: get.security.json[0m
[33;1mVERBOSE: Synchronous context received. Processing request /apps/WebhostRealtimeEvents/api/v1/logs?timeRange=15&sortBy=Date&sortOrder=desc&count=1000[0m
[33;1mVERBOSE: [Process-HttpRequest] Starting processing request:   from [0m
[33;1mVERBOSE: [Process-HttpRequest] 20260208 20:58:29 Request received: get /apps/WebhostRealtimeEvents/api/v1/logs from 127.0.0.1:62756[0m
[33;1mVERBOSE: [Process-HttpRequest] Incoming Cookie header: PSWebSessionID=6552a790-8769-4737-8c71-08cae865d496[0m
[33;1mVERBOSE: [Process-HttpRequest] Session cookie found: 6552a790-8769-4737-8c71-08cae865d496[0m
[33;1mVERBOSE: [Get-PSWebSessions] Returning session type: System.Collections.Hashtable+SyncHashtable IsArray: False[0m
[33;1mVERBOSE: 	[Process-HttpRequest] 20260208 20:58:29 Session: 6552a790-8769-4737-8c71-08cae865d496 UserID: 6ec71a85-fb79-4ebc-aa1d-587c7f8b403c[0m
[33;1mVERBOSE: [Process-HttpRequest] Apps route request: app=WebhostRealtimeEvents, route=api/v1/logs[0m
[33;1mVERBOSE: [Process-HttpRequest] Checking for route script: C:\SC\PsWebHost\apps\WebhostRealtimeEvents\routes\api\v1\logs\get.ps1[0m
[33;1mVERBOSE: [Process-HttpRequest] Route script found: C:\SC\PsWebHost\apps\WebhostRealtimeEvents\routes\api\v1\logs\get.ps1[0m
[33;1mVERBOSE: [Process-HttpRequest] Apps route script found: C:\SC\PsWebHost\apps\WebhostRealtimeEvents\routes\api\v1\logs\get.ps1[0m
[33;1mVERBOSE: [Process-HttpRequest] Executing app route script: C:\SC\PsWebHost\apps\WebhostRealtimeEvents\routes\api\v1\logs\get.ps1[0m
[33;1mVERBOSE: [Backup-ConfigurationFile] File unchanged since last backup: get.security.json[0m
[33;1mVERBOSE: Synchronous context received. Processing request /apps/WebHostMetrics/cards/server-heatmap[0m
[33;1mVERBOSE: [Process-HttpRequest] Starting processing request:   from [0m
[33;1mVERBOSE: [Process-HttpRequest] 20260208 20:58:29 Request received: get /apps/WebHostMetrics/cards/server-heatmap from 127.0.0.1:62757[0m
[33;1mVERBOSE: [Process-HttpRequest] Incoming Cookie header: PSWebSessionID=6552a790-8769-4737-8c71-08cae865d496[0m
[33;1mVERBOSE: [Process-HttpRequest] Session cookie found: 6552a790-8769-4737-8c71-08cae865d496[0m
[33;1mVERBOSE: [Get-PSWebSessions] Returning session type: System.Collections.Hashtable+SyncHashtable IsArray: False[0m
[33;1mVERBOSE: 	[Process-HttpRequest] 20260208 20:58:29 Session: 6552a790-8769-4737-8c71-08cae865d496 UserID: 6ec71a85-fb79-4ebc-aa1d-587c7f8b403c[0m
[33;1mVERBOSE: [Process-HttpRequest] Apps route request: app=WebHostMetrics, route=cards/server-heatmap[0m
[33;1mVERBOSE: [Process-HttpRequest] Checking for route script: C:\SC\PsWebHost\apps\WebHostMetrics\routes\cards\server-heatmap\get.ps1[0m
[33;1mVERBOSE: [Process-HttpRequest] Route script found: C:\SC\PsWebHost\apps\WebHostMetrics\routes\cards\server-heatmap\get.ps1[0m
[33;1mVERBOSE: [Process-HttpRequest] Apps route script found: C:\SC\PsWebHost\apps\WebHostMetrics\routes\cards\server-heatmap\get.ps1[0m
[33;1mVERBOSE: [Process-HttpRequest] Executing app route script: C:\SC\PsWebHost\apps\WebHostMetrics\routes\cards\server-heatmap\get.ps1[0m
[33;1mVERBOSE: [Backup-ConfigurationFile] File unchanged since last backup: get.security.json[0m
[33;1mVERBOSE: Synchronous context received. Processing request /apps/WebHostDebugExtensions/api/v1/debug/commands/poll[0m
[33;1mVERBOSE: [Process-HttpRequest] Starting processing request:   from [0m
[33;1mVERBOSE: [Process-HttpRequest] 20260208 20:58:30 Request received: get /apps/WebHostDebugExtensions/api/v1/debug/commands/poll from 127.0.0.1:62756[0m
[33;1mVERBOSE: [Process-HttpRequest] Incoming Cookie header: PSWebSessionID=6552a790-8769-4737-8c71-08cae865d496[0m
[33;1mVERBOSE: [Process-HttpRequest] Session cookie found: 6552a790-8769-4737-8c71-08cae865d496[0m
[33;1mVERBOSE: [Get-PSWebSessions] Returning session type: System.Collections.Hashtable+SyncHashtable IsArray: False[0m
[33;1mVERBOSE: 	[Process-HttpRequest] 20260208 20:58:30 Session: 6552a790-8769-4737-8c71-08cae865d496 UserID: 6ec71a85-fb79-4ebc-aa1d-587c7f8b403c[0m
[33;1mVERBOSE: [Process-HttpRequest] Apps route request: app=WebHostDebugExtensions, route=api/v1/debug/commands/poll[0m
[33;1mVERBOSE: [Process-HttpRequest] Checking for route script: C:\SC\PsWebHost\apps\WebHostDebugExtensions\routes\api\v1\debug\commands\poll\get.ps1[0m
[33;1mVERBOSE: [Process-HttpRequest] Route script found: C:\SC\PsWebHost\apps\WebHostDebugExtensions\routes\api\v1\debug\commands\poll\get.ps1[0m
[33;1mVERBOSE: [Process-HttpRequest] Apps route script found: C:\SC\PsWebHost\apps\WebHostDebugExtensions\routes\api\v1\debug\commands\poll\get.ps1[0m
[33;1mVERBOSE: [Process-HttpRequest] Executing app route script: C:\SC\PsWebHost\apps\WebHostDebugExtensions\routes\api\v1\debug\commands\poll\get.ps1[0m
[33;1mVERBOSE: [Backup-ConfigurationFile] File unchanged since last backup: get.security.json[0m
[33;1mVERBOSE: Synchronous context received. Processing request /apps/WebHostDebugExtensions/api/v1/debug/commands/poll[0m
[33;1mVERBOSE: [Process-HttpRequest] Starting processing request:   from [0m
[33;1mVERBOSE: [Process-HttpRequest] 20260208 20:58:34 Request received: get /apps/WebHostDebugExtensions/api/v1/debug/commands/poll from 127.0.0.1:62756[0m
[33;1mVERBOSE: [Process-HttpRequest] Incoming Cookie header: PSWebSessionID=6552a790-8769-4737-8c71-08cae865d496[0m
[33;1mVERBOSE: [Process-HttpRequest] Session cookie found: 6552a790-8769-4737-8c71-08cae865d496[0m
[33;1mVERBOSE: [Get-PSWebSessions] Returning session type: System.Collections.Hashtable+SyncHashtable IsArray: False[0m
[33;1mVERBOSE: 	[Process-HttpRequest] 20260208 20:58:34 Session: 6552a790-8769-4737-8c71-08cae865d496 UserID: 6ec71a85-fb79-4ebc-aa1d-587c7f8b403c[0m
[33;1mVERBOSE: [Process-HttpRequest] Apps route request: app=WebHostDebugExtensions, route=api/v1/debug/commands/poll[0m
[33;1mVERBOSE: [Process-HttpRequest] Checking for route script: C:\SC\PsWebHost\apps\WebHostDebugExtensions\routes\api\v1\debug\commands\poll\get.ps1[0m
[33;1mVERBOSE: [Process-HttpRequest] Route script found: C:\SC\PsWebHost\apps\WebHostDebugExtensions\routes\api\v1\debug\commands\poll\get.ps1[0m
[33;1mVERBOSE: [Process-HttpRequest] Apps route script found: C:\SC\PsWebHost\apps\WebHostDebugExtensions\routes\api\v1\debug\commands\poll\get.ps1[0m
[33;1mVERBOSE: [Process-HttpRequest] Executing app route script: C:\SC\PsWebHost\apps\WebHostDebugExtensions\routes\api\v1\debug\commands\poll\get.ps1[0m
[33;1mVERBOSE: [Backup-ConfigurationFile] File unchanged since last backup: get.security.json[0m
[33;1mVERBOSE: Synchronous context received. Processing request /apps/WebhostRealtimeEvents/api/v1/logs?timeRange=15&sortBy=Date&sortOrder=desc&count=1000[0m
[33;1mVERBOSE: [Process-HttpRequest] Starting processing request:   from [0m
[33;1mVERBOSE: [Process-HttpRequest] 20260208 20:58:34 Request received: get /apps/WebhostRealtimeEvents/api/v1/logs from 127.0.0.1:62756[0m
[33;1mVERBOSE: [Process-HttpRequest] Incoming Cookie header: PSWebSessionID=6552a790-8769-4737-8c71-08cae865d496[0m
[33;1mVERBOSE: [Process-HttpRequest] Session cookie found: 6552a790-8769-4737-8c71-08cae865d496[0m
[33;1mVERBOSE: [Get-PSWebSessions] Returning session type: System.Collections.Hashtable+SyncHashtable IsArray: False[0m
[33;1mVERBOSE: 	[Process-HttpRequest] 20260208 20:58:34 Session: 6552a790-8769-4737-8c71-08cae865d496 UserID: 6ec71a85-fb79-4ebc-aa1d-587c7f8b403c[0m
[33;1mVERBOSE: [Process-HttpRequest] Apps route request: app=WebhostRealtimeEvents, route=api/v1/logs[0m
[33;1mVERBOSE: [Process-HttpRequest] Checking for route script: C:\SC\PsWebHost\apps\WebhostRealtimeEvents\routes\api\v1\logs\get.ps1[0m
[33;1mVERBOSE: [Process-HttpRequest] Route script found: C:\SC\PsWebHost\apps\WebhostRealtimeEvents\routes\api\v1\logs\get.ps1[0m
[33;1mVERBOSE: [Process-HttpRequest] Apps route script found: C:\SC\PsWebHost\apps\WebhostRealtimeEvents\routes\api\v1\logs\get.ps1[0m
[33;1mVERBOSE: [Process-HttpRequest] Executing app route script: C:\SC\PsWebHost\apps\WebhostRealtimeEvents\routes\api\v1\logs\get.ps1[0m
[33;1mVERBOSE: [Backup-ConfigurationFile] File unchanged since last backup: get.security.json[0m
[33;1mVERBOSE: Synchronous context received. Processing request /apps/WebHostMetrics/cards/server-heatmap[0m
[33;1mVERBOSE: [Process-HttpRequest] Starting processing request:   from [0m
[33;1mVERBOSE: [Process-HttpRequest] 20260208 20:58:34 Request received: get /apps/WebHostMetrics/cards/server-heatmap from 127.0.0.1:62757[0m
[33;1mVERBOSE: [Process-HttpRequest] Incoming Cookie header: PSWebSessionID=6552a790-8769-4737-8c71-08cae865d496[0m
[33;1mVERBOSE: [Process-HttpRequest] Session cookie found: 6552a790-8769-4737-8c71-08cae865d496[0m
[33;1mVERBOSE: [Get-PSWebSessions] Returning session type: System.Collections.Hashtable+SyncHashtable IsArray: False[0m
[33;1mVERBOSE: 	[Process-HttpRequest] 20260208 20:58:34 Session: 6552a790-8769-4737-8c71-08cae865d496 UserID: 6ec71a85-fb79-4ebc-aa1d-587c7f8b403c[0m
[33;1mVERBOSE: [Process-HttpRequest] Apps route request: app=WebHostMetrics, route=cards/server-heatmap[0m
[33;1mVERBOSE: [Process-HttpRequest] Checking for route script: C:\SC\PsWebHost\apps\WebHostMetrics\routes\cards\server-heatmap\get.ps1[0m
[33;1mVERBOSE: [Process-HttpRequest] Route script found: C:\SC\PsWebHost\apps\WebHostMetrics\routes\cards\server-heatmap\get.ps1[0m
[33;1mVERBOSE: [Process-HttpRequest] Apps route script found: C:\SC\PsWebHost\apps\WebHostMetrics\routes\cards\server-heatmap\get.ps1[0m
[33;1mVERBOSE: [Process-HttpRequest] Executing app route script: C:\SC\PsWebHost\apps\WebHostMetrics\routes\cards\server-heatmap\get.ps1[0m
[33;1mVERBOSE: [Backup-ConfigurationFile] File unchanged since last backup: get.security.json[0m
[33;1mVERBOSE: Synchronous context received. Processing request /apps/WebHostDebugExtensions/api/v1/debug/commands/poll[0m
[33;1mVERBOSE: [Process-HttpRequest] Starting processing request:   from [0m
[33;1mVERBOSE: [Process-HttpRequest] 20260208 20:58:37 Request received: get /apps/WebHostDebugExtensions/api/v1/debug/commands/poll from 127.0.0.1:62756[0m
[33;1mVERBOSE: [Process-HttpRequest] Incoming Cookie header: PSWebSessionID=6552a790-8769-4737-8c71-08cae865d496[0m
[33;1mVERBOSE: [Process-HttpRequest] Session cookie found: 6552a790-8769-4737-8c71-08cae865d496[0m
[33;1mVERBOSE: [Get-PSWebSessions] Returning session type: System.Collections.Hashtable+SyncHashtable IsArray: False[0m
[33;1mVERBOSE: 	[Process-HttpRequest] 20260208 20:58:37 Session: 6552a790-8769-4737-8c71-08cae865d496 UserID: 6ec71a85-fb79-4ebc-aa1d-587c7f8b403c[0m
[33;1mVERBOSE: [Process-HttpRequest] Apps route request: app=WebHostDebugExtensions, route=api/v1/debug/commands/poll[0m
[33;1mVERBOSE: [Process-HttpRequest] Checking for route script: C:\SC\PsWebHost\apps\WebHostDebugExtensions\routes\api\v1\debug\commands\poll\get.ps1[0m
[33;1mVERBOSE: [Process-HttpRequest] Route script found: C:\SC\PsWebHost\apps\WebHostDebugExtensions\routes\api\v1\debug\commands\poll\get.ps1[0m
[33;1mVERBOSE: [Process-HttpRequest] Apps route script found: C:\SC\PsWebHost\apps\WebHostDebugExtensions\routes\api\v1\debug\commands\poll\get.ps1[0m
[33;1mVERBOSE: [Process-HttpRequest] Executing app route script: C:\SC\PsWebHost\apps\WebHostDebugExtensions\routes\api\v1\debug\commands\poll\get.ps1[0m
[33;1mVERBOSE: [Backup-ConfigurationFile] File unchanged since last backup: get.security.json[0m
[33;1mVERBOSE: Synchronous context received. Processing request /apps/WebhostRealtimeEvents/api/v1/logs?timeRange=15&sortBy=Date&sortOrder=desc&count=1000[0m
[33;1mVERBOSE: [Process-HttpRequest] Starting processing request:   from [0m
[33;1mVERBOSE: [Process-HttpRequest] 20260208 20:58:39 Request received: get /apps/WebhostRealtimeEvents/api/v1/logs from 127.0.0.1:62756[0m
[33;1mVERBOSE: [Process-HttpRequest] Incoming Cookie header: PSWebSessionID=6552a790-8769-4737-8c71-08cae865d496[0m
[33;1mVERBOSE: [Process-HttpRequest] Session cookie found: 6552a790-8769-4737-8c71-08cae865d496[0m
[33;1mVERBOSE: [Get-PSWebSessions] Returning session type: System.Collections.Hashtable+SyncHashtable IsArray: False[0m
[33;1mVERBOSE: 	[Process-HttpRequest] 20260208 20:58:39 Session: 6552a790-8769-4737-8c71-08cae865d496 UserID: 6ec71a85-fb79-4ebc-aa1d-587c7f8b403c[0m
[33;1mVERBOSE: [Process-HttpRequest] Apps route request: app=WebhostRealtimeEvents, route=api/v1/logs[0m
[33;1mVERBOSE: [Process-HttpRequest] Checking for route script: C:\SC\PsWebHost\apps\WebhostRealtimeEvents\routes\api\v1\logs\get.ps1[0m
[33;1mVERBOSE: [Process-HttpRequest] Route script found: C:\SC\PsWebHost\apps\WebhostRealtimeEvents\routes\api\v1\logs\get.ps1[0m
[33;1mVERBOSE: [Process-HttpRequest] Apps route script found: C:\SC\PsWebHost\apps\WebhostRealtimeEvents\routes\api\v1\logs\get.ps1[0m
[33;1mVERBOSE: [Process-HttpRequest] Executing app route script: C:\SC\PsWebHost\apps\WebhostRealtimeEvents\routes\api\v1\logs\get.ps1[0m
[33;1mVERBOSE: [Backup-ConfigurationFile] File unchanged since last backup: get.security.json[0m
[33;1mVERBOSE: Synchronous context received. Processing request /apps/WebHostMetrics/cards/server-heatmap[0m
[33;1mVERBOSE: [Process-HttpRequest] Starting processing request:   from [0m
[33;1mVERBOSE: [Process-HttpRequest] 20260208 20:58:39 Request received: get /apps/WebHostMetrics/cards/server-heatmap from 127.0.0.1:62757[0m
[33;1mVERBOSE: [Process-HttpRequest] Incoming Cookie header: PSWebSessionID=6552a790-8769-4737-8c71-08cae865d496[0m
[33;1mVERBOSE: [Process-HttpRequest] Session cookie found: 6552a790-8769-4737-8c71-08cae865d496[0m
[33;1mVERBOSE: [Get-PSWebSessions] Returning session type: System.Collections.Hashtable+SyncHashtable IsArray: False[0m
[33;1mVERBOSE: 	[Process-HttpRequest] 20260208 20:58:39 Session: 6552a790-8769-4737-8c71-08cae865d496 UserID: 6ec71a85-fb79-4ebc-aa1d-587c7f8b403c[0m
[33;1mVERBOSE: [Process-HttpRequest] Apps route request: app=WebHostMetrics, route=cards/server-heatmap[0m
[33;1mVERBOSE: [Process-HttpRequest] Checking for route script: C:\SC\PsWebHost\apps\WebHostMetrics\routes\cards\server-heatmap\get.ps1[0m
[33;1mVERBOSE: [Process-HttpRequest] Route script found: C:\SC\PsWebHost\apps\WebHostMetrics\routes\cards\server-heatmap\get.ps1[0m
[33;1mVERBOSE: [Process-HttpRequest] Apps route script found: C:\SC\PsWebHost\apps\WebHostMetrics\routes\cards\server-heatmap\get.ps1[0m
[33;1mVERBOSE: [Process-HttpRequest] Executing app route script: C:\SC\PsWebHost\apps\WebHostMetrics\routes\cards\server-heatmap\get.ps1[0m
[33;1mVERBOSE: [Backup-ConfigurationFile] File unchanged since last backup: get.security.json[0m
[33;1mVERBOSE: Synchronous context received. Processing request /apps/WebHostDebugExtensions/api/v1/debug/commands/poll[0m
[33;1mVERBOSE: [Process-HttpRequest] Starting processing request:   from [0m
[33;1mVERBOSE: [Process-HttpRequest] 20260208 20:58:40 Request received: get /apps/WebHostDebugExtensions/api/v1/debug/commands/poll from 127.0.0.1:62756[0m
[33;1mVERBOSE: [Process-HttpRequest] Incoming Cookie header: PSWebSessionID=6552a790-8769-4737-8c71-08cae865d496[0m
[33;1mVERBOSE: [Process-HttpRequest] Session cookie found: 6552a790-8769-4737-8c71-08cae865d496[0m
[33;1mVERBOSE: [Get-PSWebSessions] Returning session type: System.Collections.Hashtable+SyncHashtable IsArray: False[0m
[33;1mVERBOSE: 	[Process-HttpRequest] 20260208 20:58:40 Session: 6552a790-8769-4737-8c71-08cae865d496 UserID: 6ec71a85-fb79-4ebc-aa1d-587c7f8b403c[0m
[33;1mVERBOSE: [Process-HttpRequest] Apps route request: app=WebHostDebugExtensions, route=api/v1/debug/commands/poll[0m
[33;1mVERBOSE: [Process-HttpRequest] Checking for route script: C:\SC\PsWebHost\apps\WebHostDebugExtensions\routes\api\v1\debug\commands\poll\get.ps1[0m
[33;1mVERBOSE: [Process-HttpRequest] Route script found: C:\SC\PsWebHost\apps\WebHostDebugExtensions\routes\api\v1\debug\commands\poll\get.ps1[0m
[33;1mVERBOSE: [Process-HttpRequest] Apps route script found: C:\SC\PsWebHost\apps\WebHostDebugExtensions\routes\api\v1\debug\commands\poll\get.ps1[0m
[33;1mVERBOSE: [Process-HttpRequest] Executing app route script: C:\SC\PsWebHost\apps\WebHostDebugExtensions\routes\api\v1\debug\commands\poll\get.ps1[0m
[33;1mVERBOSE: [Backup-ConfigurationFile] File unchanged since last backup: get.security.json[0m
[33;1mVERBOSE: Synchronous context received. Processing request /cards/main-menu[0m
[33;1mVERBOSE: [Process-HttpRequest] Starting processing request:   from [0m
[33;1mVERBOSE: [Process-HttpRequest] 20260208 20:58:41 Request received: get /cards/main-menu from [::1]:61298[0m
[33;1mVERBOSE: [Process-HttpRequest] Incoming Cookie header: PSWebSessionID=test[0m
[33;1mVERBOSE: [Process-HttpRequest] Session cookie found: test[0m
[33;1mVERBOSE: [Get-PSWebSessions] Returning session type: System.Collections.Hashtable+SyncHashtable IsArray: False[0m
[33;1mVERBOSE: 	[Process-HttpRequest] 20260208 20:58:41 Session: test UserID: [0m
[33;1mVERBOSE: [Process-HttpRequest] Card route request: /cards/main-menu[0m
[33;1mVERBOSE: [Process-HttpRequest] Checking for route script: C:\SC\PsWebHost\routes\cards\main-menu\get.ps1[0m
[33;1mVERBOSE: [Process-HttpRequest] Route script found: C:\SC\PsWebHost\routes\cards\main-menu\get.ps1[0m
[33;1mVERBOSE: [Process-HttpRequest] Card route found in main routes: C:\SC\PsWebHost\routes\cards\main-menu\get.ps1[0m
[33;1mVERBOSE: [Process-HttpRequest] No route handler matched, checking for default handlers[0m
[33;1mVERBOSE: [Process-HttpRequest] No handler found for request, returning 404: /cards/main-menu[0m
[33;1mVERBOSE: Synchronous context received. Processing request /apps/WebHostDebugExtensions/api/v1/debug/commands/poll[0m
[33;1mVERBOSE: [Process-HttpRequest] Starting processing request:   from [0m
[33;1mVERBOSE: [Process-HttpRequest] 20260208 20:58:43 Request received: get /apps/WebHostDebugExtensions/api/v1/debug/commands/poll from 127.0.0.1:62756[0m
[33;1mVERBOSE: [Process-HttpRequest] Incoming Cookie header: PSWebSessionID=6552a790-8769-4737-8c71-08cae865d496[0m
[33;1mVERBOSE: [Process-HttpRequest] Session cookie found: 6552a790-8769-4737-8c71-08cae865d496[0m
[33;1mVERBOSE: [Get-PSWebSessions] Returning session type: System.Collections.Hashtable+SyncHashtable IsArray: False[0m
[33;1mVERBOSE: 	[Process-HttpRequest] 20260208 20:58:43 Session: 6552a790-8769-4737-8c71-08cae865d496 UserID: 6ec71a85-fb79-4ebc-aa1d-587c7f8b403c[0m
[33;1mVERBOSE: [Process-HttpRequest] Apps route request: app=WebHostDebugExtensions, route=api/v1/debug/commands/poll[0m
[33;1mVERBOSE: [Process-HttpRequest] Checking for route script: C:\SC\PsWebHost\apps\WebHostDebugExtensions\routes\api\v1\debug\commands\poll\get.ps1[0m
[33;1mVERBOSE: [Process-HttpRequest] Route script found: C:\SC\PsWebHost\apps\WebHostDebugExtensions\routes\api\v1\debug\commands\poll\get.ps1[0m
[33;1mVERBOSE: [Process-HttpRequest] Apps route script found: C:\SC\PsWebHost\apps\WebHostDebugExtensions\routes\api\v1\debug\commands\poll\get.ps1[0m
[33;1mVERBOSE: [Process-HttpRequest] Executing app route script: C:\SC\PsWebHost\apps\WebHostDebugExtensions\routes\api\v1\debug\commands\poll\get.ps1[0m
[33;1mVERBOSE: [Backup-ConfigurationFile] File unchanged since last backup: get.security.json[0m
[33;1mVERBOSE: Synchronous context received. Processing request /apps/WebhostRealtimeEvents/api/v1/logs?timeRange=15&sortBy=Date&sortOrder=desc&count=1000[0m
[33;1mVERBOSE: [Process-HttpRequest] Starting processing request:   from [0m
[33;1mVERBOSE: [Process-HttpRequest] 20260208 20:58:44 Request received: get /apps/WebhostRealtimeEvents/api/v1/logs from 127.0.0.1:62756[0m
[33;1mVERBOSE: [Process-HttpRequest] Incoming Cookie header: PSWebSessionID=6552a790-8769-4737-8c71-08cae865d496[0m
[33;1mVERBOSE: [Process-HttpRequest] Session cookie found: 6552a790-8769-4737-8c71-08cae865d496[0m
[33;1mVERBOSE: [Get-PSWebSessions] Returning session type: System.Collections.Hashtable+SyncHashtable IsArray: False[0m
[33;1mVERBOSE: 	[Process-HttpRequest] 20260208 20:58:44 Session: 6552a790-8769-4737-8c71-08cae865d496 UserID: 6ec71a85-fb79-4ebc-aa1d-587c7f8b403c[0m
[33;1mVERBOSE: [Process-HttpRequest] Apps route request: app=WebhostRealtimeEvents, route=api/v1/logs[0m
[33;1mVERBOSE: [Process-HttpRequest] Checking for route script: C:\SC\PsWebHost\apps\WebhostRealtimeEvents\routes\api\v1\logs\get.ps1[0m
[33;1mVERBOSE: [Process-HttpRequest] Route script found: C:\SC\PsWebHost\apps\WebhostRealtimeEvents\routes\api\v1\logs\get.ps1[0m
[33;1mVERBOSE: [Process-HttpRequest] Apps route script found: C:\SC\PsWebHost\apps\WebhostRealtimeEvents\routes\api\v1\logs\get.ps1[0m
[33;1mVERBOSE: [Process-HttpRequest] Executing app route script: C:\SC\PsWebHost\apps\WebhostRealtimeEvents\routes\api\v1\logs\get.ps1[0m
[33;1mVERBOSE: [Backup-ConfigurationFile] File unchanged since last backup: get.security.json[0m
[33;1mVERBOSE: Synchronous context received. Processing request /apps/WebHostMetrics/cards/server-heatmap[0m
[33;1mVERBOSE: [Process-HttpRequest] Starting processing request:   from [0m
[33;1mVERBOSE: [Process-HttpRequest] 20260208 20:58:44 Request received: get /apps/WebHostMetrics/cards/server-heatmap from 127.0.0.1:62757[0m
[33;1mVERBOSE: [Process-HttpRequest] Incoming Cookie header: PSWebSessionID=6552a790-8769-4737-8c71-08cae865d496[0m
[33;1mVERBOSE: [Process-HttpRequest] Session cookie found: 6552a790-8769-4737-8c71-08cae865d496[0m
[33;1mVERBOSE: [Get-PSWebSessions] Returning session type: System.Collections.Hashtable+SyncHashtable IsArray: False[0m
[33;1mVERBOSE: 	[Process-HttpRequest] 20260208 20:58:44 Session: 6552a790-8769-4737-8c71-08cae865d496 UserID: 6ec71a85-fb79-4ebc-aa1d-587c7f8b403c[0m
[33;1mVERBOSE: [Process-HttpRequest] Apps route request: app=WebHostMetrics, route=cards/server-heatmap[0m
[33;1mVERBOSE: [Process-HttpRequest] Checking for route script: C:\SC\PsWebHost\apps\WebHostMetrics\routes\cards\server-heatmap\get.ps1[0m
[33;1mVERBOSE: [Process-HttpRequest] Route script found: C:\SC\PsWebHost\apps\WebHostMetrics\routes\cards\server-heatmap\get.ps1[0m
[33;1mVERBOSE: [Process-HttpRequest] Apps route script found: C:\SC\PsWebHost\apps\WebHostMetrics\routes\cards\server-heatmap\get.ps1[0m
[33;1mVERBOSE: [Process-HttpRequest] Executing app route script: C:\SC\PsWebHost\apps\WebHostMetrics\routes\cards\server-heatmap\get.ps1[0m
[33;1mVERBOSE: [Backup-ConfigurationFile] File unchanged since last backup: get.security.json[0m
[33;1mVERBOSE: Synchronous context received. Processing request /apps/WebHostDebugExtensions/api/v1/debug/commands/poll[0m
[33;1mVERBOSE: [Process-HttpRequest] Starting processing request:   from [0m
[33;1mVERBOSE: [Process-HttpRequest] 20260208 20:58:46 Request received: get /apps/WebHostDebugExtensions/api/v1/debug/commands/poll from 127.0.0.1:62756[0m
[33;1mVERBOSE: [Process-HttpRequest] Incoming Cookie header: PSWebSessionID=6552a790-8769-4737-8c71-08cae865d496[0m
[33;1mVERBOSE: [Process-HttpRequest] Session cookie found: 6552a790-8769-4737-8c71-08cae865d496[0m
[33;1mVERBOSE: [Get-PSWebSessions] Returning session type: System.Collections.Hashtable+SyncHashtable IsArray: False[0m
[33;1mVERBOSE: 	[Process-HttpRequest] 20260208 20:58:46 Session: 6552a790-8769-4737-8c71-08cae865d496 UserID: 6ec71a85-fb79-4ebc-aa1d-587c7f8b403c[0m
[33;1mVERBOSE: [Process-HttpRequest] Apps route request: app=WebHostDebugExtensions, route=api/v1/debug/commands/poll[0m
[33;1mVERBOSE: [Process-HttpRequest] Checking for route script: C:\SC\PsWebHost\apps\WebHostDebugExtensions\routes\api\v1\debug\commands\poll\get.ps1[0m
[33;1mVERBOSE: [Process-HttpRequest] Route script found: C:\SC\PsWebHost\apps\WebHostDebugExtensions\routes\api\v1\debug\commands\poll\get.ps1[0m
[33;1mVERBOSE: [Process-HttpRequest] Apps route script found: C:\SC\PsWebHost\apps\WebHostDebugExtensions\routes\api\v1\debug\commands\poll\get.ps1[0m
[33;1mVERBOSE: [Process-HttpRequest] Executing app route script: C:\SC\PsWebHost\apps\WebHostDebugExtensions\routes\api\v1\debug\commands\poll\get.ps1[0m
[33;1mVERBOSE: [Backup-ConfigurationFile] File unchanged since last backup: get.security.json[0m
[33;1mVERBOSE: Synchronous context received. Processing request /cards/main-menu[0m
[33;1mVERBOSE: [Process-HttpRequest] Starting processing request:   from [0m
[33;1mVERBOSE: [Process-HttpRequest] 20260208 20:58:47 Request received: get /cards/main-menu from [::1]:61329[0m
[33;1mVERBOSE: [Process-HttpRequest] Incoming Cookie header: PSWebSessionID=test[0m
[33;1mVERBOSE: [Process-HttpRequest] Session cookie found: test[0m
[33;1mVERBOSE: [Get-PSWebSessions] Returning session type: System.Collections.Hashtable+SyncHashtable IsArray: False[0m
[33;1mVERBOSE: 	[Process-HttpRequest] 20260208 20:58:47 Session: test UserID: [0m
[33;1mVERBOSE: [Process-HttpRequest] Card route request: /cards/main-menu[0m
[33;1mVERBOSE: [Process-HttpRequest] Checking for route script: C:\SC\PsWebHost\routes\cards\main-menu\get.ps1[0m
[33;1mVERBOSE: [Process-HttpRequest] Route script found: C:\SC\PsWebHost\routes\cards\main-menu\get.ps1[0m
[33;1mVERBOSE: [Process-HttpRequest] Card route found in main routes: C:\SC\PsWebHost\routes\cards\main-menu\get.ps1[0m
[33;1mVERBOSE: [Process-HttpRequest] No route handler matched, checking for default handlers[0m
[33;1mVERBOSE: [Process-HttpRequest] No handler found for request, returning 404: /cards/main-menu[0m
[33;1mVERBOSE: Synchronous context received. Processing request /apps/WebHostDebugExtensions/api/v1/debug/commands/poll[0m
[33;1mVERBOSE: [Process-HttpRequest] Starting processing request:   from [0m
[33;1mVERBOSE: [Process-HttpRequest] 20260208 20:58:49 Request received: get /apps/WebHostDebugExtensions/api/v1/debug/commands/poll from 127.0.0.1:62756[0m
[33;1mVERBOSE: [Process-HttpRequest] Incoming Cookie header: PSWebSessionID=6552a790-8769-4737-8c71-08cae865d496[0m
[33;1mVERBOSE: [Process-HttpRequest] Session cookie found: 6552a790-8769-4737-8c71-08cae865d496[0m
[33;1mVERBOSE: [Get-PSWebSessions] Returning session type: System.Collections.Hashtable+SyncHashtable IsArray: False[0m
[33;1mVERBOSE: 	[Process-HttpRequest] 20260208 20:58:49 Session: 6552a790-8769-4737-8c71-08cae865d496 UserID: 6ec71a85-fb79-4ebc-aa1d-587c7f8b403c[0m
[33;1mVERBOSE: [Process-HttpRequest] Apps route request: app=WebHostDebugExtensions, route=api/v1/debug/commands/poll[0m
[33;1mVERBOSE: [Process-HttpRequest] Checking for route script: C:\SC\PsWebHost\apps\WebHostDebugExtensions\routes\api\v1\debug\commands\poll\get.ps1[0m
[33;1mVERBOSE: [Process-HttpRequest] Route script found: C:\SC\PsWebHost\apps\WebHostDebugExtensions\routes\api\v1\debug\commands\poll\get.ps1[0m
[33;1mVERBOSE: [Process-HttpRequest] Apps route script found: C:\SC\PsWebHost\apps\WebHostDebugExtensions\routes\api\v1\debug\commands\poll\get.ps1[0m
[33;1mVERBOSE: [Process-HttpRequest] Executing app route script: C:\SC\PsWebHost\apps\WebHostDebugExtensions\routes\api\v1\debug\commands\poll\get.ps1[0m
[33;1mVERBOSE: [Backup-ConfigurationFile] File unchanged since last backup: get.security.json[0m
[33;1mVERBOSE: Synchronous context received. Processing request /apps/WebhostRealtimeEvents/api/v1/logs?timeRange=15&sortBy=Date&sortOrder=desc&count=1000[0m
[33;1mVERBOSE: [Process-HttpRequest] Starting processing request:   from [0m
[33;1mVERBOSE: [Process-HttpRequest] 20260208 20:58:49 Request received: get /apps/WebhostRealtimeEvents/api/v1/logs from 127.0.0.1:62756[0m
[33;1mVERBOSE: [Process-HttpRequest] Incoming Cookie header: PSWebSessionID=6552a790-8769-4737-8c71-08cae865d496[0m
[33;1mVERBOSE: [Process-HttpRequest] Session cookie found: 6552a790-8769-4737-8c71-08cae865d496[0m
[33;1mVERBOSE: [Get-PSWebSessions] Returning session type: System.Collections.Hashtable+SyncHashtable IsArray: False[0m
[33;1mVERBOSE: 	[Process-HttpRequest] 20260208 20:58:49 Session: 6552a790-8769-4737-8c71-08cae865d496 UserID: 6ec71a85-fb79-4ebc-aa1d-587c7f8b403c[0m
[33;1mVERBOSE: [Process-HttpRequest] Apps route request: app=WebhostRealtimeEvents, route=api/v1/logs[0m
[33;1mVERBOSE: [Process-HttpRequest] Checking for route script: C:\SC\PsWebHost\apps\WebhostRealtimeEvents\routes\api\v1\logs\get.ps1[0m
[33;1mVERBOSE: [Process-HttpRequest] Route script found: C:\SC\PsWebHost\apps\WebhostRealtimeEvents\routes\api\v1\logs\get.ps1[0m
[33;1mVERBOSE: [Process-HttpRequest] Apps route script found: C:\SC\PsWebHost\apps\WebhostRealtimeEvents\routes\api\v1\logs\get.ps1[0m
[33;1mVERBOSE: [Process-HttpRequest] Executing app route script: C:\SC\PsWebHost\apps\WebhostRealtimeEvents\routes\api\v1\logs\get.ps1[0m
[33;1mVERBOSE: [Backup-ConfigurationFile] File unchanged since last backup: get.security.json[0m
[33;1mVERBOSE: Synchronous context received. Processing request /apps/WebHostMetrics/cards/server-heatmap[0m
[33;1mVERBOSE: [Process-HttpRequest] Starting processing request:   from [0m
[33;1mVERBOSE: [Process-HttpRequest] 20260208 20:58:49 Request received: get /apps/WebHostMetrics/cards/server-heatmap from 127.0.0.1:62756[0m
[33;1mVERBOSE: [Process-HttpRequest] Incoming Cookie header: PSWebSessionID=6552a790-8769-4737-8c71-08cae865d496[0m
[33;1mVERBOSE: [Process-HttpRequest] Session cookie found: 6552a790-8769-4737-8c71-08cae865d496[0m
[33;1mVERBOSE: [Get-PSWebSessions] Returning session type: System.Collections.Hashtable+SyncHashtable IsArray: False[0m
[33;1mVERBOSE: 	[Process-HttpRequest] 20260208 20:58:49 Session: 6552a790-8769-4737-8c71-08cae865d496 UserID: 6ec71a85-fb79-4ebc-aa1d-587c7f8b403c[0m
[33;1mVERBOSE: [Process-HttpRequest] Apps route request: app=WebHostMetrics, route=cards/server-heatmap[0m
[33;1mVERBOSE: [Process-HttpRequest] Checking for route script: C:\SC\PsWebHost\apps\WebHostMetrics\routes\cards\server-heatmap\get.ps1[0m
[33;1mVERBOSE: [Process-HttpRequest] Route script found: C:\SC\PsWebHost\apps\WebHostMetrics\routes\cards\server-heatmap\get.ps1[0m
[33;1mVERBOSE: [Process-HttpRequest] Apps route script found: C:\SC\PsWebHost\apps\WebHostMetrics\routes\cards\server-heatmap\get.ps1[0m
[33;1mVERBOSE: [Process-HttpRequest] Executing app route script: C:\SC\PsWebHost\apps\WebHostMetrics\routes\cards\server-heatmap\get.ps1[0m
[33;1mVERBOSE: [Backup-ConfigurationFile] File unchanged since last backup: get.security.json[0m
[33;1mVERBOSE: Synchronous context received. Processing request /apps/WebHostDebugExtensions/api/v1/debug/commands/poll[0m
[33;1mVERBOSE: [Process-HttpRequest] Starting processing request:   from [0m
[33;1mVERBOSE: [Process-HttpRequest] 20260208 20:58:52 Request received: get /apps/WebHostDebugExtensions/api/v1/debug/commands/poll from 127.0.0.1:62756[0m
[33;1mVERBOSE: [Process-HttpRequest] Incoming Cookie header: PSWebSessionID=6552a790-8769-4737-8c71-08cae865d496[0m
[33;1mVERBOSE: [Process-HttpRequest] Session cookie found: 6552a790-8769-4737-8c71-08cae865d496[0m
[33;1mVERBOSE: [Get-PSWebSessions] Returning session type: System.Collections.Hashtable+SyncHashtable IsArray: False[0m
[33;1mVERBOSE: 	[Process-HttpRequest] 20260208 20:58:52 Session: 6552a790-8769-4737-8c71-08cae865d496 UserID: 6ec71a85-fb79-4ebc-aa1d-587c7f8b403c[0m
[33;1mVERBOSE: [Process-HttpRequest] Apps route request: app=WebHostDebugExtensions, route=api/v1/debug/commands/poll[0m
[33;1mVERBOSE: [Process-HttpRequest] Checking for route script: C:\SC\PsWebHost\apps\WebHostDebugExtensions\routes\api\v1\debug\commands\poll\get.ps1[0m
[33;1mVERBOSE: [Process-HttpRequest] Route script found: C:\SC\PsWebHost\apps\WebHostDebugExtensions\routes\api\v1\debug\commands\poll\get.ps1[0m
[33;1mVERBOSE: [Process-HttpRequest] Apps route script found: C:\SC\PsWebHost\apps\WebHostDebugExtensions\routes\api\v1\debug\commands\poll\get.ps1[0m
[33;1mVERBOSE: [Process-HttpRequest] Executing app route script: C:\SC\PsWebHost\apps\WebHostDebugExtensions\routes\api\v1\debug\commands\poll\get.ps1[0m
[33;1mVERBOSE: [Backup-ConfigurationFile] File unchanged since last backup: get.security.json[0m
[33;1mVERBOSE: Synchronous context received. Processing request /apps/WebhostRealtimeEvents/api/v1/logs?timeRange=15&sortBy=Date&sortOrder=desc&count=1000[0m
[33;1mVERBOSE: [Process-HttpRequest] Starting processing request:   from [0m
[33;1mVERBOSE: [Process-HttpRequest] 20260208 20:58:54 Request received: get /apps/WebhostRealtimeEvents/api/v1/logs from 127.0.0.1:62756[0m
[33;1mVERBOSE: [Process-HttpRequest] Incoming Cookie header: PSWebSessionID=6552a790-8769-4737-8c71-08cae865d496[0m
[33;1mVERBOSE: [Process-HttpRequest] Session cookie found: 6552a790-8769-4737-8c71-08cae865d496[0m
[33;1mVERBOSE: [Get-PSWebSessions] Returning session type: System.Collections.Hashtable+SyncHashtable IsArray: False[0m
[33;1mVERBOSE: 	[Process-HttpRequest] 20260208 20:58:54 Session: 6552a790-8769-4737-8c71-08cae865d496 UserID: 6ec71a85-fb79-4ebc-aa1d-587c7f8b403c[0m
[33;1mVERBOSE: [Process-HttpRequest] Apps route request: app=WebhostRealtimeEvents, route=api/v1/logs[0m
[33;1mVERBOSE: [Process-HttpRequest] Checking for route script: C:\SC\PsWebHost\apps\WebhostRealtimeEvents\routes\api\v1\logs\get.ps1[0m
[33;1mVERBOSE: [Process-HttpRequest] Route script found: C:\SC\PsWebHost\apps\WebhostRealtimeEvents\routes\api\v1\logs\get.ps1[0m
[33;1mVERBOSE: [Process-HttpRequest] Apps route script found: C:\SC\PsWebHost\apps\WebhostRealtimeEvents\routes\api\v1\logs\get.ps1[0m
[33;1mVERBOSE: [Process-HttpRequest] Executing app route script: C:\SC\PsWebHost\apps\WebhostRealtimeEvents\routes\api\v1\logs\get.ps1[0m
[33;1mVERBOSE: [Backup-ConfigurationFile] File unchanged since last backup: get.security.json[0m
[33;1mVERBOSE: Synchronous context received. Processing request /apps/WebHostMetrics/cards/server-heatmap[0m
[33;1mVERBOSE: [Process-HttpRequest] Starting processing request:   from [0m
[33;1mVERBOSE: [Process-HttpRequest] 20260208 20:58:54 Request received: get /apps/WebHostMetrics/cards/server-heatmap from 127.0.0.1:62756[0m
[33;1mVERBOSE: [Process-HttpRequest] Incoming Cookie header: PSWebSessionID=6552a790-8769-4737-8c71-08cae865d496[0m
[33;1mVERBOSE: [Process-HttpRequest] Session cookie found: 6552a790-8769-4737-8c71-08cae865d496[0m
[33;1mVERBOSE: [Get-PSWebSessions] Returning session type: System.Collections.Hashtable+SyncHashtable IsArray: False[0m
[33;1mVERBOSE: 	[Process-HttpRequest] 20260208 20:58:54 Session: 6552a790-8769-4737-8c71-08cae865d496 UserID: 6ec71a85-fb79-4ebc-aa1d-587c7f8b403c[0m
[33;1mVERBOSE: [Process-HttpRequest] Apps route request: app=WebHostMetrics, route=cards/server-heatmap[0m
[33;1mVERBOSE: [Process-HttpRequest] Checking for route script: C:\SC\PsWebHost\apps\WebHostMetrics\routes\cards\server-heatmap\get.ps1[0m
[33;1mVERBOSE: [Process-HttpRequest] Route script found: C:\SC\PsWebHost\apps\WebHostMetrics\routes\cards\server-heatmap\get.ps1[0m
[33;1mVERBOSE: [Process-HttpRequest] Apps route script found: C:\SC\PsWebHost\apps\WebHostMetrics\routes\cards\server-heatmap\get.ps1[0m
[33;1mVERBOSE: [Process-HttpRequest] Executing app route script: C:\SC\PsWebHost\apps\WebHostMetrics\routes\cards\server-heatmap\get.ps1[0m
[33;1mVERBOSE: [Backup-ConfigurationFile] File unchanged since last backup: get.security.json[0m
[33;1mVERBOSE: Synchronous context received. Processing request /apps/WebHostDebugExtensions/api/v1/debug/commands/poll[0m
[33;1mVERBOSE: [Process-HttpRequest] Starting processing request:   from [0m
[33;1mVERBOSE: [Process-HttpRequest] 20260208 20:58:55 Request received: get /apps/WebHostDebugExtensions/api/v1/debug/commands/poll from 127.0.0.1:62756[0m
[33;1mVERBOSE: [Process-HttpRequest] Incoming Cookie header: PSWebSessionID=6552a790-8769-4737-8c71-08cae865d496[0m
[33;1mVERBOSE: [Process-HttpRequest] Session cookie found: 6552a790-8769-4737-8c71-08cae865d496[0m
[33;1mVERBOSE: [Get-PSWebSessions] Returning session type: System.Collections.Hashtable+SyncHashtable IsArray: False[0m
[33;1mVERBOSE: 	[Process-HttpRequest] 20260208 20:58:55 Session: 6552a790-8769-4737-8c71-08cae865d496 UserID: 6ec71a85-fb79-4ebc-aa1d-587c7f8b403c[0m
[33;1mVERBOSE: [Process-HttpRequest] Apps route request: app=WebHostDebugExtensions, route=api/v1/debug/commands/poll[0m
[33;1mVERBOSE: [Process-HttpRequest] Checking for route script: C:\SC\PsWebHost\apps\WebHostDebugExtensions\routes\api\v1\debug\commands\poll\get.ps1[0m
[33;1mVERBOSE: [Process-HttpRequest] Route script found: C:\SC\PsWebHost\apps\WebHostDebugExtensions\routes\api\v1\debug\commands\poll\get.ps1[0m
[33;1mVERBOSE: [Process-HttpRequest] Apps route script found: C:\SC\PsWebHost\apps\WebHostDebugExtensions\routes\api\v1\debug\commands\poll\get.ps1[0m
[33;1mVERBOSE: [Process-HttpRequest] Executing app route script: C:\SC\PsWebHost\apps\WebHostDebugExtensions\routes\api\v1\debug\commands\poll\get.ps1[0m
[33;1mVERBOSE: [Backup-ConfigurationFile] File unchanged since last backup: get.security.json[0m
[33;1mVERBOSE: Synchronous context received. Processing request /cards/main-menu[0m
[33;1mVERBOSE: [Process-HttpRequest] Starting processing request:   from [0m
[33;1mVERBOSE: [Process-HttpRequest] 20260208 20:58:55 Request received: get /cards/main-menu from [::1]:61378[0m
[33;1mVERBOSE: [Process-HttpRequest] Incoming Cookie header: PSWebSessionID=test[0m
[33;1mVERBOSE: [Process-HttpRequest] Session cookie found: test[0m
[33;1mVERBOSE: [Get-PSWebSessions] Returning session type: System.Collections.Hashtable+SyncHashtable IsArray: False[0m
[33;1mVERBOSE: 	[Process-HttpRequest] 20260208 20:58:55 Session: test UserID: [0m
[33;1mVERBOSE: [Process-HttpRequest] Card route request: /cards/main-menu[0m
[33;1mVERBOSE: [Process-HttpRequest] Checking for route script: C:\SC\PsWebHost\routes\cards\main-menu\get.ps1[0m
[33;1mVERBOSE: [Process-HttpRequest] Route script found: C:\SC\PsWebHost\routes\cards\main-menu\get.ps1[0m
[33;1mVERBOSE: [Process-HttpRequest] Card route found in main routes: C:\SC\PsWebHost\routes\cards\main-menu\get.ps1[0m
[33;1mVERBOSE: [Process-HttpRequest] No route handler matched, checking for default handlers[0m
[33;1mVERBOSE: [Process-HttpRequest] No handler found for request, returning 404: /cards/main-menu[0m
[33;1mVERBOSE: Synchronous context received. Processing request /apps/WebHostDebugExtensions/api/v1/debug/commands/poll[0m
[33;1mVERBOSE: [Process-HttpRequest] Starting processing request:   from [0m
[33;1mVERBOSE: [Process-HttpRequest] 20260208 20:58:58 Request received: get /apps/WebHostDebugExtensions/api/v1/debug/commands/poll from 127.0.0.1:62756[0m
[33;1mVERBOSE: [Process-HttpRequest] Incoming Cookie header: PSWebSessionID=6552a790-8769-4737-8c71-08cae865d496[0m
[33;1mVERBOSE: [Process-HttpRequest] Session cookie found: 6552a790-8769-4737-8c71-08cae865d496[0m
[33;1mVERBOSE: [Get-PSWebSessions] Returning session type: System.Collections.Hashtable+SyncHashtable IsArray: False[0m
[33;1mVERBOSE: 	[Process-HttpRequest] 20260208 20:58:58 Session: 6552a790-8769-4737-8c71-08cae865d496 UserID: 6ec71a85-fb79-4ebc-aa1d-587c7f8b403c[0m
[33;1mVERBOSE: [Process-HttpRequest] Apps route request: app=WebHostDebugExtensions, route=api/v1/debug/commands/poll[0m
[33;1mVERBOSE: [Process-HttpRequest] Checking for route script: C:\SC\PsWebHost\apps\WebHostDebugExtensions\routes\api\v1\debug\commands\poll\get.ps1[0m
[33;1mVERBOSE: [Process-HttpRequest] Route script found: C:\SC\PsWebHost\apps\WebHostDebugExtensions\routes\api\v1\debug\commands\poll\get.ps1[0m
[33;1mVERBOSE: [Process-HttpRequest] Apps route script found: C:\SC\PsWebHost\apps\WebHostDebugExtensions\routes\api\v1\debug\commands\poll\get.ps1[0m
[33;1mVERBOSE: [Process-HttpRequest] Executing app route script: C:\SC\PsWebHost\apps\WebHostDebugExtensions\routes\api\v1\debug\commands\poll\get.ps1[0m
[33;1mVERBOSE: [Backup-ConfigurationFile] File unchanged since last backup: get.security.json[0m
[33;1mVERBOSE: Synchronous context received. Processing request /apps/WebhostRealtimeEvents/api/v1/logs?timeRange=15&sortBy=Date&sortOrder=desc&count=1000[0m
[33;1mVERBOSE: [Process-HttpRequest] Starting processing request:   from [0m
[33;1mVERBOSE: [Process-HttpRequest] 20260208 20:58:59 Request received: get /apps/WebhostRealtimeEvents/api/v1/logs from 127.0.0.1:62756[0m
[33;1mVERBOSE: [Process-HttpRequest] Incoming Cookie header: PSWebSessionID=6552a790-8769-4737-8c71-08cae865d496[0m
[33;1mVERBOSE: [Process-HttpRequest] Session cookie found: 6552a790-8769-4737-8c71-08cae865d496[0m
[33;1mVERBOSE: [Get-PSWebSessions] Returning session type: System.Collections.Hashtable+SyncHashtable IsArray: False[0m
[33;1mVERBOSE: 	[Process-HttpRequest] 20260208 20:58:59 Session: 6552a790-8769-4737-8c71-08cae865d496 UserID: 6ec71a85-fb79-4ebc-aa1d-587c7f8b403c[0m
[33;1mVERBOSE: [Process-HttpRequest] Apps route request: app=WebhostRealtimeEvents, route=api/v1/logs[0m
[33;1mVERBOSE: [Process-HttpRequest] Checking for route script: C:\SC\PsWebHost\apps\WebhostRealtimeEvents\routes\api\v1\logs\get.ps1[0m
[33;1mVERBOSE: [Process-HttpRequest] Route script found: C:\SC\PsWebHost\apps\WebhostRealtimeEvents\routes\api\v1\logs\get.ps1[0m
[33;1mVERBOSE: [Process-HttpRequest] Apps route script found: C:\SC\PsWebHost\apps\WebhostRealtimeEvents\routes\api\v1\logs\get.ps1[0m
[33;1mVERBOSE: [Process-HttpRequest] Executing app route script: C:\SC\PsWebHost\apps\WebhostRealtimeEvents\routes\api\v1\logs\get.ps1[0m
[33;1mVERBOSE: [Backup-ConfigurationFile] File unchanged since last backup: get.security.json[0m
[33;1mVERBOSE: Synchronous context received. Processing request /apps/WebHostMetrics/cards/server-heatmap[0m
[33;1mVERBOSE: [Process-HttpRequest] Starting processing request:   from [0m
[33;1mVERBOSE: [Process-HttpRequest] 20260208 20:58:59 Request received: get /apps/WebHostMetrics/cards/server-heatmap from 127.0.0.1:62756[0m
[33;1mVERBOSE: [Process-HttpRequest] Incoming Cookie header: PSWebSessionID=6552a790-8769-4737-8c71-08cae865d496[0m
[33;1mVERBOSE: [Process-HttpRequest] Session cookie found: 6552a790-8769-4737-8c71-08cae865d496[0m
[33;1mVERBOSE: [Get-PSWebSessions] Returning session type: System.Collections.Hashtable+SyncHashtable IsArray: False[0m
[33;1mVERBOSE: 	[Process-HttpRequest] 20260208 20:58:59 Session: 6552a790-8769-4737-8c71-08cae865d496 UserID: 6ec71a85-fb79-4ebc-aa1d-587c7f8b403c[0m
[33;1mVERBOSE: [Process-HttpRequest] Apps route request: app=WebHostMetrics, route=cards/server-heatmap[0m
[33;1mVERBOSE: [Process-HttpRequest] Checking for route script: C:\SC\PsWebHost\apps\WebHostMetrics\routes\cards\server-heatmap\get.ps1[0m
[33;1mVERBOSE: [Process-HttpRequest] Route script found: C:\SC\PsWebHost\apps\WebHostMetrics\routes\cards\server-heatmap\get.ps1[0m
[33;1mVERBOSE: [Process-HttpRequest] Apps route script found: C:\SC\PsWebHost\apps\WebHostMetrics\routes\cards\server-heatmap\get.ps1[0m
[33;1mVERBOSE: [Process-HttpRequest] Executing app route script: C:\SC\PsWebHost\apps\WebHostMetrics\routes\cards\server-heatmap\get.ps1[0m
[33;1mVERBOSE: [Backup-ConfigurationFile] File unchanged since last backup: get.security.json[0m
[33;1mVERBOSE: Synchronous context received. Processing request /apps/WebHostDebugExtensions/api/v1/debug/commands/poll[0m
[33;1mVERBOSE: [Process-HttpRequest] Starting processing request:   from [0m
[33;1mVERBOSE: [Process-HttpRequest] 20260208 20:59:01 Request received: get /apps/WebHostDebugExtensions/api/v1/debug/commands/poll from 127.0.0.1:62756[0m
[33;1mVERBOSE: [Process-HttpRequest] Incoming Cookie header: PSWebSessionID=6552a790-8769-4737-8c71-08cae865d496[0m
[33;1mVERBOSE: [Process-HttpRequest] Session cookie found: 6552a790-8769-4737-8c71-08cae865d496[0m
[33;1mVERBOSE: [Get-PSWebSessions] Returning session type: System.Collections.Hashtable+SyncHashtable IsArray: False[0m
[33;1mVERBOSE: 	[Process-HttpRequest] 20260208 20:59:01 Session: 6552a790-8769-4737-8c71-08cae865d496 UserID: 6ec71a85-fb79-4ebc-aa1d-587c7f8b403c[0m
[33;1mVERBOSE: [Process-HttpRequest] Apps route request: app=WebHostDebugExtensions, route=api/v1/debug/commands/poll[0m
[33;1mVERBOSE: [Process-HttpRequest] Checking for route script: C:\SC\PsWebHost\apps\WebHostDebugExtensions\routes\api\v1\debug\commands\poll\get.ps1[0m
[33;1mVERBOSE: [Process-HttpRequest] Route script found: C:\SC\PsWebHost\apps\WebHostDebugExtensions\routes\api\v1\debug\commands\poll\get.ps1[0m
[33;1mVERBOSE: [Process-HttpRequest] Apps route script found: C:\SC\PsWebHost\apps\WebHostDebugExtensions\routes\api\v1\debug\commands\poll\get.ps1[0m
[33;1mVERBOSE: [Process-HttpRequest] Executing app route script: C:\SC\PsWebHost\apps\WebHostDebugExtensions\routes\api\v1\debug\commands\poll\get.ps1[0m
[33;1mVERBOSE: [Backup-ConfigurationFile] File unchanged since last backup: get.security.json[0m
[33;1mVERBOSE: Synchronous context received. Processing request /apps/WebHostDebugExtensions/api/v1/debug/commands/poll[0m
[33;1mVERBOSE: [Process-HttpRequest] Starting processing request:   from [0m
[33;1mVERBOSE: [Process-HttpRequest] 20260208 20:59:04 Request received: get /apps/WebHostDebugExtensions/api/v1/debug/commands/poll from 127.0.0.1:62756[0m
[33;1mVERBOSE: [Process-HttpRequest] Incoming Cookie header: PSWebSessionID=6552a790-8769-4737-8c71-08cae865d496[0m
[33;1mVERBOSE: [Process-HttpRequest] Session cookie found: 6552a790-8769-4737-8c71-08cae865d496[0m
[33;1mVERBOSE: [Get-PSWebSessions] Returning session type: System.Collections.Hashtable+SyncHashtable IsArray: False[0m
[33;1mVERBOSE: 	[Process-HttpRequest] 20260208 20:59:04 Session: 6552a790-8769-4737-8c71-08cae865d496 UserID: 6ec71a85-fb79-4ebc-aa1d-587c7f8b403c[0m
[33;1mVERBOSE: [Process-HttpRequest] Apps route request: app=WebHostDebugExtensions, route=api/v1/debug/commands/poll[0m
[33;1mVERBOSE: [Process-HttpRequest] Checking for route script: C:\SC\PsWebHost\apps\WebHostDebugExtensions\routes\api\v1\debug\commands\poll\get.ps1[0m
[33;1mVERBOSE: [Process-HttpRequest] Route script found: C:\SC\PsWebHost\apps\WebHostDebugExtensions\routes\api\v1\debug\commands\poll\get.ps1[0m
[33;1mVERBOSE: [Process-HttpRequest] Apps route script found: C:\SC\PsWebHost\apps\WebHostDebugExtensions\routes\api\v1\debug\commands\poll\get.ps1[0m
[33;1mVERBOSE: [Process-HttpRequest] Executing app route script: C:\SC\PsWebHost\apps\WebHostDebugExtensions\routes\api\v1\debug\commands\poll\get.ps1[0m
[33;1mVERBOSE: [Backup-ConfigurationFile] File unchanged since last backup: get.security.json[0m
	Logging: 2026-02-09T02:59:04.3571217Z	2026-02-08T20:59:04.3571217-06:00	Info	MetricsData	Track_HashTables	WebHost.ps1	ProcessLogQueue		Webhost	MainLoop	1	H4sIAAAAAAAACpWT0W6CMBSG36XXuNQWSuFWL7ZEFxOcuz6y6kwQDC1LjPHdF5mUU7cl7e0H+frnnPNfyKqYqx10lVlBC0dlVLuBqlOa5BfyCkdF8v9/icis6WpDchqRBWhTKFWTnDDKxISyCZVrRvMky2n8xBORUMonVOSUkmtETtCq2szAoIdGZs2JjzlmEplLx1liW+phS7KUZqNNd1s35B1YJ/NJmHKBnWf9plWLpXdirdzHKmkSj9YlmPLTWdxArHXqY+VMitG6Kt7VtlDtl5MX0zGzV2hB5XTUH6E+7JTGA7ZojO11Xyy74UG8aPbPB22a9ozUCIbdLuMJcpdg1N41WxR0a4Jy7sx6o1p9aOo1bCvljNv5YN/IvHonYvZrn/pmc0uOedh1C5GiOyzBQNXs3eH0JOwOaY8HK5xOL/WuQdaBWKv0avc0Q9afMj8uE9OwRqZCSifzHAy4mXsSBWWWSYor03x0lXoQIxiWmAuGdod6veyNf5wI/hhYUcGlfez6Da4iO2x8BgAA
	Logging: 2026-02-09T02:59:04.3595066Z	2026-02-08T20:59:04.3595066-06:00	Info	MetricsData	Track_HashTables	WebHost.ps1	ProcessLogQueue		Webhost	MainLoop	1	{"fileInfo":{"Name":"fileInfo","Count":4,"LastSeen":"2026-02-08T20:59:04.3586539-06:00"},"prefixesToTry":{"Name":"prefixesToTry","Count":2,"LastSeen":"2026-02-08T20:59:04.3590651-06:00"},"systemUsers":{"Name":"systemUsers","Count":2,"LastSeen":"2026-02-08T20:59:04.3592348-06:00"},"args":{"Name":"args","Count":0,"LastSeen":"2026-02-08T20:59:04.3582455-06:00"},"configRoles":{"Name":"configRoles","Count":6,"LastSeen":"2026-02-08T20:59:04.3583314-06:00"},"dbRoles":{"Name":"dbRoles","Count":15,"LastSeen":"2026-02-08T20:59:04.3584895-06:00"},"ModulePathEnv":{"Name":"ModulePathEnv","Count":19,"LastSeen":"2026-02-08T20:59:04.3589650-06:00"}}
[33;1mVERBOSE: Synchronous context received. Processing request /apps/WebhostRealtimeEvents/api/v1/logs?timeRange=15&sortBy=Date&sortOrder=desc&count=1000[0m
[33;1mVERBOSE: [Process-HttpRequest] Starting processing request:   from [0m
[33;1mVERBOSE: [Process-HttpRequest] 20260208 20:59:04 Request received: get /apps/WebhostRealtimeEvents/api/v1/logs from 127.0.0.1:62756[0m
[33;1mVERBOSE: [Process-HttpRequest] Incoming Cookie header: PSWebSessionID=6552a790-8769-4737-8c71-08cae865d496[0m
[33;1mVERBOSE: [Process-HttpRequest] Session cookie found: 6552a790-8769-4737-8c71-08cae865d496[0m
[33;1mVERBOSE: [Get-PSWebSessions] Returning session type: System.Collections.Hashtable+SyncHashtable IsArray: False[0m
[33;1mVERBOSE: 	[Process-HttpRequest] 20260208 20:59:04 Session: 6552a790-8769-4737-8c71-08cae865d496 UserID: 6ec71a85-fb79-4ebc-aa1d-587c7f8b403c[0m
[33;1mVERBOSE: [Process-HttpRequest] Apps route request: app=WebhostRealtimeEvents, route=api/v1/logs[0m
[33;1mVERBOSE: [Process-HttpRequest] Checking for route script: C:\SC\PsWebHost\apps\WebhostRealtimeEvents\routes\api\v1\logs\get.ps1[0m
[33;1mVERBOSE: [Process-HttpRequest] Route script found: C:\SC\PsWebHost\apps\WebhostRealtimeEvents\routes\api\v1\logs\get.ps1[0m
[33;1mVERBOSE: [Process-HttpRequest] Apps route script found: C:\SC\PsWebHost\apps\WebhostRealtimeEvents\routes\api\v1\logs\get.ps1[0m
[33;1mVERBOSE: [Process-HttpRequest] Executing app route script: C:\SC\PsWebHost\apps\WebhostRealtimeEvents\routes\api\v1\logs\get.ps1[0m
[33;1mVERBOSE: [Backup-ConfigurationFile] File unchanged since last backup: get.security.json[0m
[33;1mVERBOSE: Synchronous context received. Processing request /apps/WebHostMetrics/cards/server-heatmap[0m
[33;1mVERBOSE: [Process-HttpRequest] Starting processing request:   from [0m
[33;1mVERBOSE: [Process-HttpRequest] 20260208 20:59:04 Request received: get /apps/WebHostMetrics/cards/server-heatmap from 127.0.0.1:62756[0m
[33;1mVERBOSE: [Process-HttpRequest] Incoming Cookie header: PSWebSessionID=6552a790-8769-4737-8c71-08cae865d496[0m
[33;1mVERBOSE: [Process-HttpRequest] Session cookie found: 6552a790-8769-4737-8c71-08cae865d496[0m
[33;1mVERBOSE: [Get-PSWebSessions] Returning session type: System.Collections.Hashtable+SyncHashtable IsArray: False[0m
[33;1mVERBOSE: 	[Process-HttpRequest] 20260208 20:59:04 Session: 6552a790-8769-4737-8c71-08cae865d496 UserID: 6ec71a85-fb79-4ebc-aa1d-587c7f8b403c[0m
[33;1mVERBOSE: [Process-HttpRequest] Apps route request: app=WebHostMetrics, route=cards/server-heatmap[0m
[33;1mVERBOSE: [Process-HttpRequest] Checking for route script: C:\SC\PsWebHost\apps\WebHostMetrics\routes\cards\server-heatmap\get.ps1[0m
[33;1mVERBOSE: [Process-HttpRequest] Route script found: C:\SC\PsWebHost\apps\WebHostMetrics\routes\cards\server-heatmap\get.ps1[0m
[33;1mVERBOSE: [Process-HttpRequest] Apps route script found: C:\SC\PsWebHost\apps\WebHostMetrics\routes\cards\server-heatmap\get.ps1[0m
[33;1mVERBOSE: [Process-HttpRequest] Executing app route script: C:\SC\PsWebHost\apps\WebHostMetrics\routes\cards\server-heatmap\get.ps1[0m
[33;1mVERBOSE: [Backup-ConfigurationFile] File unchanged since last backup: get.security.json[0m
[33;1mVERBOSE: Synchronous context received. Processing request /apps/WebHostDebugExtensions/api/v1/debug/commands/poll[0m
[33;1mVERBOSE: [Process-HttpRequest] Starting processing request:   from [0m
[33;1mVERBOSE: [Process-HttpRequest] 20260208 20:59:07 Request received: get /apps/WebHostDebugExtensions/api/v1/debug/commands/poll from 127.0.0.1:62756[0m
[33;1mVERBOSE: [Process-HttpRequest] Incoming Cookie header: PSWebSessionID=6552a790-8769-4737-8c71-08cae865d496[0m
[33;1mVERBOSE: [Process-HttpRequest] Session cookie found: 6552a790-8769-4737-8c71-08cae865d496[0m
[33;1mVERBOSE: [Get-PSWebSessions] Returning session type: System.Collections.Hashtable+SyncHashtable IsArray: False[0m
[33;1mVERBOSE: 	[Process-HttpRequest] 20260208 20:59:07 Session: 6552a790-8769-4737-8c71-08cae865d496 UserID: 6ec71a85-fb79-4ebc-aa1d-587c7f8b403c[0m
[33;1mVERBOSE: [Process-HttpRequest] Apps route request: app=WebHostDebugExtensions, route=api/v1/debug/commands/poll[0m
[33;1mVERBOSE: [Process-HttpRequest] Checking for route script: C:\SC\PsWebHost\apps\WebHostDebugExtensions\routes\api\v1\debug\commands\poll\get.ps1[0m
[33;1mVERBOSE: [Process-HttpRequest] Route script found: C:\SC\PsWebHost\apps\WebHostDebugExtensions\routes\api\v1\debug\commands\poll\get.ps1[0m
[33;1mVERBOSE: [Process-HttpRequest] Apps route script found: C:\SC\PsWebHost\apps\WebHostDebugExtensions\routes\api\v1\debug\commands\poll\get.ps1[0m
[33;1mVERBOSE: [Process-HttpRequest] Executing app route script: C:\SC\PsWebHost\apps\WebHostDebugExtensions\routes\api\v1\debug\commands\poll\get.ps1[0m
[33;1mVERBOSE: [Backup-ConfigurationFile] File unchanged since last backup: get.security.json[0m
[33;1mVERBOSE: Synchronous context received. Processing request /apps/WebhostRealtimeEvents/api/v1/logs?timeRange=15&sortBy=Date&sortOrder=desc&count=1000[0m
[33;1mVERBOSE: [Process-HttpRequest] Starting processing request:   from [0m
[33;1mVERBOSE: [Process-HttpRequest] 20260208 20:59:09 Request received: get /apps/WebhostRealtimeEvents/api/v1/logs from 127.0.0.1:62756[0m
[33;1mVERBOSE: [Process-HttpRequest] Incoming Cookie header: PSWebSessionID=6552a790-8769-4737-8c71-08cae865d496[0m
[33;1mVERBOSE: [Process-HttpRequest] Session cookie found: 6552a790-8769-4737-8c71-08cae865d496[0m
[33;1mVERBOSE: [Get-PSWebSessions] Returning session type: System.Collections.Hashtable+SyncHashtable IsArray: False[0m
[33;1mVERBOSE: 	[Process-HttpRequest] 20260208 20:59:09 Session: 6552a790-8769-4737-8c71-08cae865d496 UserID: 6ec71a85-fb79-4ebc-aa1d-587c7f8b403c[0m
[33;1mVERBOSE: [Process-HttpRequest] Apps route request: app=WebhostRealtimeEvents, route=api/v1/logs[0m
[33;1mVERBOSE: [Process-HttpRequest] Checking for route script: C:\SC\PsWebHost\apps\WebhostRealtimeEvents\routes\api\v1\logs\get.ps1[0m
[33;1mVERBOSE: [Process-HttpRequest] Route script found: C:\SC\PsWebHost\apps\WebhostRealtimeEvents\routes\api\v1\logs\get.ps1[0m
[33;1mVERBOSE: [Process-HttpRequest] Apps route script found: C:\SC\PsWebHost\apps\WebhostRealtimeEvents\routes\api\v1\logs\get.ps1[0m
[33;1mVERBOSE: [Process-HttpRequest] Executing app route script: C:\SC\PsWebHost\apps\WebhostRealtimeEvents\routes\api\v1\logs\get.ps1[0m
[33;1mVERBOSE: [Backup-ConfigurationFile] File unchanged since last backup: get.security.json[0m
[33;1mVERBOSE: Synchronous context received. Processing request /apps/WebHostMetrics/cards/server-heatmap[0m
[33;1mVERBOSE: [Process-HttpRequest] Starting processing request:   from [0m
[33;1mVERBOSE: [Process-HttpRequest] 20260208 20:59:09 Request received: get /apps/WebHostMetrics/cards/server-heatmap from 127.0.0.1:62756[0m
[33;1mVERBOSE: [Process-HttpRequest] Incoming Cookie header: PSWebSessionID=6552a790-8769-4737-8c71-08cae865d496[0m
[33;1mVERBOSE: [Process-HttpRequest] Session cookie found: 6552a790-8769-4737-8c71-08cae865d496[0m
[33;1mVERBOSE: [Get-PSWebSessions] Returning session type: System.Collections.Hashtable+SyncHashtable IsArray: False[0m
[33;1mVERBOSE: 	[Process-HttpRequest] 20260208 20:59:09 Session: 6552a790-8769-4737-8c71-08cae865d496 UserID: 6ec71a85-fb79-4ebc-aa1d-587c7f8b403c[0m
[33;1mVERBOSE: [Process-HttpRequest] Apps route request: app=WebHostMetrics, route=cards/server-heatmap[0m
[33;1mVERBOSE: [Process-HttpRequest] Checking for route script: C:\SC\PsWebHost\apps\WebHostMetrics\routes\cards\server-heatmap\get.ps1[0m
[33;1mVERBOSE: [Process-HttpRequest] Route script found: C:\SC\PsWebHost\apps\WebHostMetrics\routes\cards\server-heatmap\get.ps1[0m
[33;1mVERBOSE: [Process-HttpRequest] Apps route script found: C:\SC\PsWebHost\apps\WebHostMetrics\routes\cards\server-heatmap\get.ps1[0m
[33;1mVERBOSE: [Process-HttpRequest] Executing app route script: C:\SC\PsWebHost\apps\WebHostMetrics\routes\cards\server-heatmap\get.ps1[0m
[33;1mVERBOSE: [Backup-ConfigurationFile] File unchanged since last backup: get.security.json[0m
[33;1mVERBOSE: Synchronous context received. Processing request /apps/WebHostDebugExtensions/api/v1/debug/commands/poll[0m
[33;1mVERBOSE: [Process-HttpRequest] Starting processing request:   from [0m
[33;1mVERBOSE: [Process-HttpRequest] 20260208 20:59:10 Request received: get /apps/WebHostDebugExtensions/api/v1/debug/commands/poll from 127.0.0.1:62756[0m
[33;1mVERBOSE: [Process-HttpRequest] Incoming Cookie header: PSWebSessionID=6552a790-8769-4737-8c71-08cae865d496[0m
[33;1mVERBOSE: [Process-HttpRequest] Session cookie found: 6552a790-8769-4737-8c71-08cae865d496[0m
[33;1mVERBOSE: [Get-PSWebSessions] Returning session type: System.Collections.Hashtable+SyncHashtable IsArray: False[0m
[33;1mVERBOSE: 	[Process-HttpRequest] 20260208 20:59:10 Session: 6552a790-8769-4737-8c71-08cae865d496 UserID: 6ec71a85-fb79-4ebc-aa1d-587c7f8b403c[0m
[33;1mVERBOSE: [Process-HttpRequest] Apps route request: app=WebHostDebugExtensions, route=api/v1/debug/commands/poll[0m
[33;1mVERBOSE: [Process-HttpRequest] Checking for route script: C:\SC\PsWebHost\apps\WebHostDebugExtensions\routes\api\v1\debug\commands\poll\get.ps1[0m
[33;1mVERBOSE: [Process-HttpRequest] Route script found: C:\SC\PsWebHost\apps\WebHostDebugExtensions\routes\api\v1\debug\commands\poll\get.ps1[0m
[33;1mVERBOSE: [Process-HttpRequest] Apps route script found: C:\SC\PsWebHost\apps\WebHostDebugExtensions\routes\api\v1\debug\commands\poll\get.ps1[0m
[33;1mVERBOSE: [Process-HttpRequest] Executing app route script: C:\SC\PsWebHost\apps\WebHostDebugExtensions\routes\api\v1\debug\commands\poll\get.ps1[0m
[33;1mVERBOSE: [Backup-ConfigurationFile] File unchanged since last backup: get.security.json[0m
[33;1mVERBOSE: Synchronous context received. Processing request /apps/WebHostDebugExtensions/api/v1/debug/commands/poll[0m
[33;1mVERBOSE: [Process-HttpRequest] Starting processing request:   from [0m
[33;1mVERBOSE: [Process-HttpRequest] 20260208 20:59:13 Request received: get /apps/WebHostDebugExtensions/api/v1/debug/commands/poll from 127.0.0.1:62756[0m
[33;1mVERBOSE: [Process-HttpRequest] Incoming Cookie header: PSWebSessionID=6552a790-8769-4737-8c71-08cae865d496[0m
[33;1mVERBOSE: [Process-HttpRequest] Session cookie found: 6552a790-8769-4737-8c71-08cae865d496[0m
[33;1mVERBOSE: [Get-PSWebSessions] Returning session type: System.Collections.Hashtable+SyncHashtable IsArray: False[0m
[33;1mVERBOSE: 	[Process-HttpRequest] 20260208 20:59:13 Session: 6552a790-8769-4737-8c71-08cae865d496 UserID: 6ec71a85-fb79-4ebc-aa1d-587c7f8b403c[0m
[33;1mVERBOSE: [Process-HttpRequest] Apps route request: app=WebHostDebugExtensions, route=api/v1/debug/commands/poll[0m
[33;1mVERBOSE: [Process-HttpRequest] Checking for route script: C:\SC\PsWebHost\apps\WebHostDebugExtensions\routes\api\v1\debug\commands\poll\get.ps1[0m
[33;1mVERBOSE: [Process-HttpRequest] Route script found: C:\SC\PsWebHost\apps\WebHostDebugExtensions\routes\api\v1\debug\commands\poll\get.ps1[0m
[33;1mVERBOSE: [Process-HttpRequest] Apps route script found: C:\SC\PsWebHost\apps\WebHostDebugExtensions\routes\api\v1\debug\commands\poll\get.ps1[0m
[33;1mVERBOSE: [Process-HttpRequest] Executing app route script: C:\SC\PsWebHost\apps\WebHostDebugExtensions\routes\api\v1\debug\commands\poll\get.ps1[0m
[33;1mVERBOSE: [Backup-ConfigurationFile] File unchanged since last backup: get.security.json[0m
[33;1mVERBOSE: Synchronous context received. Processing request /apps/WebhostRealtimeEvents/api/v1/logs?timeRange=15&sortBy=Date&sortOrder=desc&count=1000[0m
[33;1mVERBOSE: [Process-HttpRequest] Starting processing request:   from [0m
[33;1mVERBOSE: [Process-HttpRequest] 20260208 20:59:14 Request received: get /apps/WebhostRealtimeEvents/api/v1/logs from 127.0.0.1:62756[0m
[33;1mVERBOSE: [Process-HttpRequest] Incoming Cookie header: PSWebSessionID=6552a790-8769-4737-8c71-08cae865d496[0m
[33;1mVERBOSE: [Process-HttpRequest] Session cookie found: 6552a790-8769-4737-8c71-08cae865d496[0m
[33;1mVERBOSE: [Get-PSWebSessions] Returning session type: System.Collections.Hashtable+SyncHashtable IsArray: False[0m
[33;1mVERBOSE: 	[Process-HttpRequest] 20260208 20:59:14 Session: 6552a790-8769-4737-8c71-08cae865d496 UserID: 6ec71a85-fb79-4ebc-aa1d-587c7f8b403c[0m
[33;1mVERBOSE: [Process-HttpRequest] Apps route request: app=WebhostRealtimeEvents, route=api/v1/logs[0m
[33;1mVERBOSE: [Process-HttpRequest] Checking for route script: C:\SC\PsWebHost\apps\WebhostRealtimeEvents\routes\api\v1\logs\get.ps1[0m
[33;1mVERBOSE: [Process-HttpRequest] Route script found: C:\SC\PsWebHost\apps\WebhostRealtimeEvents\routes\api\v1\logs\get.ps1[0m
[33;1mVERBOSE: [Process-HttpRequest] Apps route script found: C:\SC\PsWebHost\apps\WebhostRealtimeEvents\routes\api\v1\logs\get.ps1[0m
[33;1mVERBOSE: [Process-HttpRequest] Executing app route script: C:\SC\PsWebHost\apps\WebhostRealtimeEvents\routes\api\v1\logs\get.ps1[0m
[33;1mVERBOSE: [Backup-ConfigurationFile] File unchanged since last backup: get.security.json[0m
[33;1mVERBOSE: Synchronous context received. Processing request /apps/WebHostMetrics/cards/server-heatmap[0m
[33;1mVERBOSE: [Process-HttpRequest] Starting processing request:   from [0m
[33;1mVERBOSE: [Process-HttpRequest] 20260208 20:59:14 Request received: get /apps/WebHostMetrics/cards/server-heatmap from 127.0.0.1:62756[0m
[33;1mVERBOSE: [Process-HttpRequest] Incoming Cookie header: PSWebSessionID=6552a790-8769-4737-8c71-08cae865d496[0m
[33;1mVERBOSE: [Process-HttpRequest] Session cookie found: 6552a790-8769-4737-8c71-08cae865d496[0m
[33;1mVERBOSE: [Get-PSWebSessions] Returning session type: System.Collections.Hashtable+SyncHashtable IsArray: False[0m
[33;1mVERBOSE: 	[Process-HttpRequest] 20260208 20:59:14 Session: 6552a790-8769-4737-8c71-08cae865d496 UserID: 6ec71a85-fb79-4ebc-aa1d-587c7f8b403c[0m
[33;1mVERBOSE: [Process-HttpRequest] Apps route request: app=WebHostMetrics, route=cards/server-heatmap[0m
[33;1mVERBOSE: [Process-HttpRequest] Checking for route script: C:\SC\PsWebHost\apps\WebHostMetrics\routes\cards\server-heatmap\get.ps1[0m
[33;1mVERBOSE: [Process-HttpRequest] Route script found: C:\SC\PsWebHost\apps\WebHostMetrics\routes\cards\server-heatmap\get.ps1[0m
[33;1mVERBOSE: [Process-HttpRequest] Apps route script found: C:\SC\PsWebHost\apps\WebHostMetrics\routes\cards\server-heatmap\get.ps1[0m
[33;1mVERBOSE: [Process-HttpRequest] Executing app route script: C:\SC\PsWebHost\apps\WebHostMetrics\routes\cards\server-heatmap\get.ps1[0m
[33;1mVERBOSE: [Backup-ConfigurationFile] File unchanged since last backup: get.security.json[0m
[33;1mVERBOSE: Synchronous context received. Processing request /apps/WebHostDebugExtensions/api/v1/debug/commands/poll[0m
[33;1mVERBOSE: [Process-HttpRequest] Starting processing request:   from [0m
[33;1mVERBOSE: [Process-HttpRequest] 20260208 20:59:16 Request received: get /apps/WebHostDebugExtensions/api/v1/debug/commands/poll from 127.0.0.1:62756[0m
[33;1mVERBOSE: [Process-HttpRequest] Incoming Cookie header: PSWebSessionID=6552a790-8769-4737-8c71-08cae865d496[0m
[33;1mVERBOSE: [Process-HttpRequest] Session cookie found: 6552a790-8769-4737-8c71-08cae865d496[0m
[33;1mVERBOSE: [Get-PSWebSessions] Returning session type: System.Collections.Hashtable+SyncHashtable IsArray: False[0m
[33;1mVERBOSE: 	[Process-HttpRequest] 20260208 20:59:16 Session: 6552a790-8769-4737-8c71-08cae865d496 UserID: 6ec71a85-fb79-4ebc-aa1d-587c7f8b403c[0m
[33;1mVERBOSE: [Process-HttpRequest] Apps route request: app=WebHostDebugExtensions, route=api/v1/debug/commands/poll[0m
[33;1mVERBOSE: [Process-HttpRequest] Checking for route script: C:\SC\PsWebHost\apps\WebHostDebugExtensions\routes\api\v1\debug\commands\poll\get.ps1[0m
[33;1mVERBOSE: [Process-HttpRequest] Route script found: C:\SC\PsWebHost\apps\WebHostDebugExtensions\routes\api\v1\debug\commands\poll\get.ps1[0m
[33;1mVERBOSE: [Process-HttpRequest] Apps route script found: C:\SC\PsWebHost\apps\WebHostDebugExtensions\routes\api\v1\debug\commands\poll\get.ps1[0m
[33;1mVERBOSE: [Process-HttpRequest] Executing app route script: C:\SC\PsWebHost\apps\WebHostDebugExtensions\routes\api\v1\debug\commands\poll\get.ps1[0m
[33;1mVERBOSE: [Backup-ConfigurationFile] File unchanged since last backup: get.security.json[0m
[33;1mVERBOSE: Synchronous context received. Processing request /apps/WebHostDebugExtensions/api/v1/debug/commands/poll[0m
[33;1mVERBOSE: [Process-HttpRequest] Starting processing request:   from [0m
[33;1mVERBOSE: [Process-HttpRequest] 20260208 20:59:19 Request received: get /apps/WebHostDebugExtensions/api/v1/debug/commands/poll from 127.0.0.1:62756[0m
[33;1mVERBOSE: [Process-HttpRequest] Incoming Cookie header: PSWebSessionID=6552a790-8769-4737-8c71-08cae865d496[0m
[33;1mVERBOSE: [Process-HttpRequest] Session cookie found: 6552a790-8769-4737-8c71-08cae865d496[0m
[33;1mVERBOSE: [Get-PSWebSessions] Returning session type: System.Collections.Hashtable+SyncHashtable IsArray: False[0m
[33;1mVERBOSE: 	[Process-HttpRequest] 20260208 20:59:19 Session: 6552a790-8769-4737-8c71-08cae865d496 UserID: 6ec71a85-fb79-4ebc-aa1d-587c7f8b403c[0m
[33;1mVERBOSE: [Process-HttpRequest] Apps route request: app=WebHostDebugExtensions, route=api/v1/debug/commands/poll[0m
[33;1mVERBOSE: [Process-HttpRequest] Checking for route script: C:\SC\PsWebHost\apps\WebHostDebugExtensions\routes\api\v1\debug\commands\poll\get.ps1[0m
[33;1mVERBOSE: [Process-HttpRequest] Route script found: C:\SC\PsWebHost\apps\WebHostDebugExtensions\routes\api\v1\debug\commands\poll\get.ps1[0m
[33;1mVERBOSE: [Process-HttpRequest] Apps route script found: C:\SC\PsWebHost\apps\WebHostDebugExtensions\routes\api\v1\debug\commands\poll\get.ps1[0m
[33;1mVERBOSE: [Process-HttpRequest] Executing app route script: C:\SC\PsWebHost\apps\WebHostDebugExtensions\routes\api\v1\debug\commands\poll\get.ps1[0m
[33;1mVERBOSE: [Backup-ConfigurationFile] File unchanged since last backup: get.security.json[0m
[33;1mVERBOSE: Synchronous context received. Processing request /apps/WebhostRealtimeEvents/api/v1/logs?timeRange=15&sortBy=Date&sortOrder=desc&count=1000[0m
[33;1mVERBOSE: [Process-HttpRequest] Starting processing request:   from [0m
[33;1mVERBOSE: [Process-HttpRequest] 20260208 20:59:19 Request received: get /apps/WebhostRealtimeEvents/api/v1/logs from 127.0.0.1:62757[0m
[33;1mVERBOSE: [Process-HttpRequest] Incoming Cookie header: PSWebSessionID=6552a790-8769-4737-8c71-08cae865d496[0m
[33;1mVERBOSE: [Process-HttpRequest] Session cookie found: 6552a790-8769-4737-8c71-08cae865d496[0m
[33;1mVERBOSE: [Get-PSWebSessions] Returning session type: System.Collections.Hashtable+SyncHashtable IsArray: False[0m
[33;1mVERBOSE: 	[Process-HttpRequest] 20260208 20:59:19 Session: 6552a790-8769-4737-8c71-08cae865d496 UserID: 6ec71a85-fb79-4ebc-aa1d-587c7f8b403c[0m
[33;1mVERBOSE: [Process-HttpRequest] Apps route request: app=WebhostRealtimeEvents, route=api/v1/logs[0m
[33;1mVERBOSE: [Process-HttpRequest] Checking for route script: C:\SC\PsWebHost\apps\WebhostRealtimeEvents\routes\api\v1\logs\get.ps1[0m
[33;1mVERBOSE: [Process-HttpRequest] Route script found: C:\SC\PsWebHost\apps\WebhostRealtimeEvents\routes\api\v1\logs\get.ps1[0m
[33;1mVERBOSE: [Process-HttpRequest] Apps route script found: C:\SC\PsWebHost\apps\WebhostRealtimeEvents\routes\api\v1\logs\get.ps1[0m
[33;1mVERBOSE: [Process-HttpRequest] Executing app route script: C:\SC\PsWebHost\apps\WebhostRealtimeEvents\routes\api\v1\logs\get.ps1[0m
[33;1mVERBOSE: [Backup-ConfigurationFile] File unchanged since last backup: get.security.json[0m
[33;1mVERBOSE: Synchronous context received. Processing request /apps/WebHostMetrics/cards/server-heatmap[0m
[33;1mVERBOSE: [Process-HttpRequest] Starting processing request:   from [0m
[33;1mVERBOSE: [Process-HttpRequest] 20260208 20:59:19 Request received: get /apps/WebHostMetrics/cards/server-heatmap from [::1]:62765[0m
[33;1mVERBOSE: [Process-HttpRequest] Incoming Cookie header: PSWebSessionID=6552a790-8769-4737-8c71-08cae865d496[0m
[33;1mVERBOSE: [Process-HttpRequest] Session cookie found: 6552a790-8769-4737-8c71-08cae865d496[0m
[33;1mVERBOSE: [Get-PSWebSessions] Returning session type: System.Collections.Hashtable+SyncHashtable IsArray: False[0m
[33;1mVERBOSE: 	[Process-HttpRequest] 20260208 20:59:19 Session: 6552a790-8769-4737-8c71-08cae865d496 UserID: 6ec71a85-fb79-4ebc-aa1d-587c7f8b403c[0m
[33;1mVERBOSE: [Process-HttpRequest] Apps route request: app=WebHostMetrics, route=cards/server-heatmap[0m
[33;1mVERBOSE: [Process-HttpRequest] Checking for route script: C:\SC\PsWebHost\apps\WebHostMetrics\routes\cards\server-heatmap\get.ps1[0m
[33;1mVERBOSE: [Process-HttpRequest] Route script found: C:\SC\PsWebHost\apps\WebHostMetrics\routes\cards\server-heatmap\get.ps1[0m
[33;1mVERBOSE: [Process-HttpRequest] Apps route script found: C:\SC\PsWebHost\apps\WebHostMetrics\routes\cards\server-heatmap\get.ps1[0m
[33;1mVERBOSE: [Process-HttpRequest] Executing app route script: C:\SC\PsWebHost\apps\WebHostMetrics\routes\cards\server-heatmap\get.ps1[0m
[33;1mVERBOSE: [Backup-ConfigurationFile] File unchanged since last backup: get.security.json[0m
[33;1mVERBOSE: Synchronous context received. Processing request /apps/WebHostDebugExtensions/api/v1/debug/commands/poll[0m
[33;1mVERBOSE: [Process-HttpRequest] Starting processing request:   from [0m
[33;1mVERBOSE: [Process-HttpRequest] 20260208 20:59:22 Request received: get /apps/WebHostDebugExtensions/api/v1/debug/commands/poll from 127.0.0.1:62757[0m
[33;1mVERBOSE: [Process-HttpRequest] Incoming Cookie header: PSWebSessionID=6552a790-8769-4737-8c71-08cae865d496[0m
[33;1mVERBOSE: [Process-HttpRequest] Session cookie found: 6552a790-8769-4737-8c71-08cae865d496[0m
[33;1mVERBOSE: [Get-PSWebSessions] Returning session type: System.Collections.Hashtable+SyncHashtable IsArray: False[0m
[33;1mVERBOSE: 	[Process-HttpRequest] 20260208 20:59:22 Session: 6552a790-8769-4737-8c71-08cae865d496 UserID: 6ec71a85-fb79-4ebc-aa1d-587c7f8b403c[0m
[33;1mVERBOSE: [Process-HttpRequest] Apps route request: app=WebHostDebugExtensions, route=api/v1/debug/commands/poll[0m
[33;1mVERBOSE: [Process-HttpRequest] Checking for route script: C:\SC\PsWebHost\apps\WebHostDebugExtensions\routes\api\v1\debug\commands\poll\get.ps1[0m
[33;1mVERBOSE: [Process-HttpRequest] Route script found: C:\SC\PsWebHost\apps\WebHostDebugExtensions\routes\api\v1\debug\commands\poll\get.ps1[0m
[33;1mVERBOSE: [Process-HttpRequest] Apps route script found: C:\SC\PsWebHost\apps\WebHostDebugExtensions\routes\api\v1\debug\commands\poll\get.ps1[0m
[33;1mVERBOSE: [Process-HttpRequest] Executing app route script: C:\SC\PsWebHost\apps\WebHostDebugExtensions\routes\api\v1\debug\commands\poll\get.ps1[0m
[33;1mVERBOSE: [Backup-ConfigurationFile] File unchanged since last backup: get.security.json[0m
[33;1mVERBOSE: Synchronous context received. Processing request /apps/WebhostRealtimeEvents/api/v1/logs?timeRange=15&sortBy=Date&sortOrder=desc&count=1000[0m
[33;1mVERBOSE: [Process-HttpRequest] Starting processing request:   from [0m
[33;1mVERBOSE: [Process-HttpRequest] 20260208 20:59:24 Request received: get /apps/WebhostRealtimeEvents/api/v1/logs from 127.0.0.1:62757[0m
[33;1mVERBOSE: [Process-HttpRequest] Incoming Cookie header: PSWebSessionID=6552a790-8769-4737-8c71-08cae865d496[0m
[33;1mVERBOSE: [Process-HttpRequest] Session cookie found: 6552a790-8769-4737-8c71-08cae865d496[0m
[33;1mVERBOSE: [Get-PSWebSessions] Returning session type: System.Collections.Hashtable+SyncHashtable IsArray: False[0m
[33;1mVERBOSE: 	[Process-HttpRequest] 20260208 20:59:24 Session: 6552a790-8769-4737-8c71-08cae865d496 UserID: 6ec71a85-fb79-4ebc-aa1d-587c7f8b403c[0m
[33;1mVERBOSE: [Process-HttpRequest] Apps route request: app=WebhostRealtimeEvents, route=api/v1/logs[0m
[33;1mVERBOSE: [Process-HttpRequest] Checking for route script: C:\SC\PsWebHost\apps\WebhostRealtimeEvents\routes\api\v1\logs\get.ps1[0m
[33;1mVERBOSE: [Process-HttpRequest] Route script found: C:\SC\PsWebHost\apps\WebhostRealtimeEvents\routes\api\v1\logs\get.ps1[0m
[33;1mVERBOSE: [Process-HttpRequest] Apps route script found: C:\SC\PsWebHost\apps\WebhostRealtimeEvents\routes\api\v1\logs\get.ps1[0m
[33;1mVERBOSE: [Process-HttpRequest] Executing app route script: C:\SC\PsWebHost\apps\WebhostRealtimeEvents\routes\api\v1\logs\get.ps1[0m
[33;1mVERBOSE: [Backup-ConfigurationFile] File unchanged since last backup: get.security.json[0m
[33;1mVERBOSE: Synchronous context received. Processing request /apps/WebHostMetrics/cards/server-heatmap[0m
[33;1mVERBOSE: [Process-HttpRequest] Starting processing request:   from [0m
[33;1mVERBOSE: [Process-HttpRequest] 20260208 20:59:24 Request received: get /apps/WebHostMetrics/cards/server-heatmap from 127.0.0.1:62756[0m
[33;1mVERBOSE: [Process-HttpRequest] Incoming Cookie header: PSWebSessionID=6552a790-8769-4737-8c71-08cae865d496[0m
[33;1mVERBOSE: [Process-HttpRequest] Session cookie found: 6552a790-8769-4737-8c71-08cae865d496[0m
[33;1mVERBOSE: [Get-PSWebSessions] Returning session type: System.Collections.Hashtable+SyncHashtable IsArray: False[0m
[33;1mVERBOSE: 	[Process-HttpRequest] 20260208 20:59:24 Session: 6552a790-8769-4737-8c71-08cae865d496 UserID: 6ec71a85-fb79-4ebc-aa1d-587c7f8b403c[0m
[33;1mVERBOSE: [Process-HttpRequest] Apps route request: app=WebHostMetrics, route=cards/server-heatmap[0m
[33;1mVERBOSE: [Process-HttpRequest] Checking for route script: C:\SC\PsWebHost\apps\WebHostMetrics\routes\cards\server-heatmap\get.ps1[0m
[33;1mVERBOSE: [Process-HttpRequest] Route script found: C:\SC\PsWebHost\apps\WebHostMetrics\routes\cards\server-heatmap\get.ps1[0m
[33;1mVERBOSE: [Process-HttpRequest] Apps route script found: C:\SC\PsWebHost\apps\WebHostMetrics\routes\cards\server-heatmap\get.ps1[0m
[33;1mVERBOSE: [Process-HttpRequest] Executing app route script: C:\SC\PsWebHost\apps\WebHostMetrics\routes\cards\server-heatmap\get.ps1[0m
[33;1mVERBOSE: [Backup-ConfigurationFile] File unchanged since last backup: get.security.json[0m
[33;1mVERBOSE: Synchronous context received. Processing request /apps/WebHostDebugExtensions/api/v1/debug/commands/poll[0m
[33;1mVERBOSE: [Process-HttpRequest] Starting processing request:   from [0m
[33;1mVERBOSE: [Process-HttpRequest] 20260208 20:59:25 Request received: get /apps/WebHostDebugExtensions/api/v1/debug/commands/poll from 127.0.0.1:62757[0m
[33;1mVERBOSE: [Process-HttpRequest] Incoming Cookie header: PSWebSessionID=6552a790-8769-4737-8c71-08cae865d496[0m
[33;1mVERBOSE: [Process-HttpRequest] Session cookie found: 6552a790-8769-4737-8c71-08cae865d496[0m
[33;1mVERBOSE: [Get-PSWebSessions] Returning session type: System.Collections.Hashtable+SyncHashtable IsArray: False[0m
[33;1mVERBOSE: 	[Process-HttpRequest] 20260208 20:59:25 Session: 6552a790-8769-4737-8c71-08cae865d496 UserID: 6ec71a85-fb79-4ebc-aa1d-587c7f8b403c[0m
[33;1mVERBOSE: [Process-HttpRequest] Apps route request: app=WebHostDebugExtensions, route=api/v1/debug/commands/poll[0m
[33;1mVERBOSE: [Process-HttpRequest] Checking for route script: C:\SC\PsWebHost\apps\WebHostDebugExtensions\routes\api\v1\debug\commands\poll\get.ps1[0m
[33;1mVERBOSE: [Process-HttpRequest] Route script found: C:\SC\PsWebHost\apps\WebHostDebugExtensions\routes\api\v1\debug\commands\poll\get.ps1[0m
[33;1mVERBOSE: [Process-HttpRequest] Apps route script found: C:\SC\PsWebHost\apps\WebHostDebugExtensions\routes\api\v1\debug\commands\poll\get.ps1[0m
[33;1mVERBOSE: [Process-HttpRequest] Executing app route script: C:\SC\PsWebHost\apps\WebHostDebugExtensions\routes\api\v1\debug\commands\poll\get.ps1[0m
[33;1mVERBOSE: [Backup-ConfigurationFile] File unchanged since last backup: get.security.json[0m
[33;1mVERBOSE: Synchronous context received. Processing request /apps/WebHostDebugExtensions/api/v1/debug/commands/poll[0m
[33;1mVERBOSE: [Process-HttpRequest] Starting processing request:   from [0m
[33;1mVERBOSE: [Process-HttpRequest] 20260208 20:59:28 Request received: get /apps/WebHostDebugExtensions/api/v1/debug/commands/poll from 127.0.0.1:62757[0m
[33;1mVERBOSE: [Process-HttpRequest] Incoming Cookie header: PSWebSessionID=6552a790-8769-4737-8c71-08cae865d496[0m
[33;1mVERBOSE: [Process-HttpRequest] Session cookie found: 6552a790-8769-4737-8c71-08cae865d496[0m
[33;1mVERBOSE: [Get-PSWebSessions] Returning session type: System.Collections.Hashtable+SyncHashtable IsArray: False[0m
[33;1mVERBOSE: 	[Process-HttpRequest] 20260208 20:59:28 Session: 6552a790-8769-4737-8c71-08cae865d496 UserID: 6ec71a85-fb79-4ebc-aa1d-587c7f8b403c[0m
[33;1mVERBOSE: [Process-HttpRequest] Apps route request: app=WebHostDebugExtensions, route=api/v1/debug/commands/poll[0m
[33;1mVERBOSE: [Process-HttpRequest] Checking for route script: C:\SC\PsWebHost\apps\WebHostDebugExtensions\routes\api\v1\debug\commands\poll\get.ps1[0m
[33;1mVERBOSE: [Process-HttpRequest] Route script found: C:\SC\PsWebHost\apps\WebHostDebugExtensions\routes\api\v1\debug\commands\poll\get.ps1[0m
[33;1mVERBOSE: [Process-HttpRequest] Apps route script found: C:\SC\PsWebHost\apps\WebHostDebugExtensions\routes\api\v1\debug\commands\poll\get.ps1[0m
[33;1mVERBOSE: [Process-HttpRequest] Executing app route script: C:\SC\PsWebHost\apps\WebHostDebugExtensions\routes\api\v1\debug\commands\poll\get.ps1[0m
[33;1mVERBOSE: [Backup-ConfigurationFile] File unchanged since last backup: get.security.json[0m
[33;1mVERBOSE: Synchronous context received. Processing request /apps/WebhostRealtimeEvents/api/v1/logs?timeRange=15&sortBy=Date&sortOrder=desc&count=1000[0m
[33;1mVERBOSE: [Process-HttpRequest] Starting processing request:   from [0m
[33;1mVERBOSE: [Process-HttpRequest] 20260208 20:59:29 Request received: get /apps/WebhostRealtimeEvents/api/v1/logs from 127.0.0.1:62757[0m
[33;1mVERBOSE: [Process-HttpRequest] Incoming Cookie header: PSWebSessionID=6552a790-8769-4737-8c71-08cae865d496[0m
[33;1mVERBOSE: [Process-HttpRequest] Session cookie found: 6552a790-8769-4737-8c71-08cae865d496[0m
[33;1mVERBOSE: [Get-PSWebSessions] Returning session type: System.Collections.Hashtable+SyncHashtable IsArray: False[0m
[33;1mVERBOSE: 	[Process-HttpRequest] 20260208 20:59:29 Session: 6552a790-8769-4737-8c71-08cae865d496 UserID: 6ec71a85-fb79-4ebc-aa1d-587c7f8b403c[0m
[33;1mVERBOSE: [Process-HttpRequest] Apps route request: app=WebhostRealtimeEvents, route=api/v1/logs[0m
[33;1mVERBOSE: [Process-HttpRequest] Checking for route script: C:\SC\PsWebHost\apps\WebhostRealtimeEvents\routes\api\v1\logs\get.ps1[0m
[33;1mVERBOSE: [Process-HttpRequest] Route script found: C:\SC\PsWebHost\apps\WebhostRealtimeEvents\routes\api\v1\logs\get.ps1[0m
[33;1mVERBOSE: [Process-HttpRequest] Apps route script found: C:\SC\PsWebHost\apps\WebhostRealtimeEvents\routes\api\v1\logs\get.ps1[0m
[33;1mVERBOSE: [Process-HttpRequest] Executing app route script: C:\SC\PsWebHost\apps\WebhostRealtimeEvents\routes\api\v1\logs\get.ps1[0m
[33;1mVERBOSE: [Backup-ConfigurationFile] File unchanged since last backup: get.security.json[0m
[33;1mVERBOSE: Synchronous context received. Processing request /apps/WebHostMetrics/cards/server-heatmap[0m
[33;1mVERBOSE: [Process-HttpRequest] Starting processing request:   from [0m
[33;1mVERBOSE: [Process-HttpRequest] 20260208 20:59:29 Request received: get /apps/WebHostMetrics/cards/server-heatmap from 127.0.0.1:62756[0m
[33;1mVERBOSE: [Process-HttpRequest] Incoming Cookie header: PSWebSessionID=6552a790-8769-4737-8c71-08cae865d496[0m
[33;1mVERBOSE: [Process-HttpRequest] Session cookie found: 6552a790-8769-4737-8c71-08cae865d496[0m
[33;1mVERBOSE: [Get-PSWebSessions] Returning session type: System.Collections.Hashtable+SyncHashtable IsArray: False[0m
[33;1mVERBOSE: 	[Process-HttpRequest] 20260208 20:59:29 Session: 6552a790-8769-4737-8c71-08cae865d496 UserID: 6ec71a85-fb79-4ebc-aa1d-587c7f8b403c[0m
[33;1mVERBOSE: [Process-HttpRequest] Apps route request: app=WebHostMetrics, route=cards/server-heatmap[0m
[33;1mVERBOSE: [Process-HttpRequest] Checking for route script: C:\SC\PsWebHost\apps\WebHostMetrics\routes\cards\server-heatmap\get.ps1[0m
[33;1mVERBOSE: [Process-HttpRequest] Route script found: C:\SC\PsWebHost\apps\WebHostMetrics\routes\cards\server-heatmap\get.ps1[0m
[33;1mVERBOSE: [Process-HttpRequest] Apps route script found: C:\SC\PsWebHost\apps\WebHostMetrics\routes\cards\server-heatmap\get.ps1[0m
[33;1mVERBOSE: [Process-HttpRequest] Executing app route script: C:\SC\PsWebHost\apps\WebHostMetrics\routes\cards\server-heatmap\get.ps1[0m
[33;1mVERBOSE: [Backup-ConfigurationFile] File unchanged since last backup: get.security.json[0m
[33;1mVERBOSE: Synchronous context received. Processing request /apps/WebHostDebugExtensions/api/v1/debug/commands/poll[0m
[33;1mVERBOSE: [Process-HttpRequest] Starting processing request:   from [0m
[33;1mVERBOSE: [Process-HttpRequest] 20260208 20:59:31 Request received: get /apps/WebHostDebugExtensions/api/v1/debug/commands/poll from 127.0.0.1:62757[0m
[33;1mVERBOSE: [Process-HttpRequest] Incoming Cookie header: PSWebSessionID=6552a790-8769-4737-8c71-08cae865d496[0m
[33;1mVERBOSE: [Process-HttpRequest] Session cookie found: 6552a790-8769-4737-8c71-08cae865d496[0m
[33;1mVERBOSE: [Get-PSWebSessions] Returning session type: System.Collections.Hashtable+SyncHashtable IsArray: False[0m
[33;1mVERBOSE: 	[Process-HttpRequest] 20260208 20:59:31 Session: 6552a790-8769-4737-8c71-08cae865d496 UserID: 6ec71a85-fb79-4ebc-aa1d-587c7f8b403c[0m
[33;1mVERBOSE: [Process-HttpRequest] Apps route request: app=WebHostDebugExtensions, route=api/v1/debug/commands/poll[0m
[33;1mVERBOSE: [Process-HttpRequest] Checking for route script: C:\SC\PsWebHost\apps\WebHostDebugExtensions\routes\api\v1\debug\commands\poll\get.ps1[0m
[33;1mVERBOSE: [Process-HttpRequest] Route script found: C:\SC\PsWebHost\apps\WebHostDebugExtensions\routes\api\v1\debug\commands\poll\get.ps1[0m
[33;1mVERBOSE: [Process-HttpRequest] Apps route script found: C:\SC\PsWebHost\apps\WebHostDebugExtensions\routes\api\v1\debug\commands\poll\get.ps1[0m
[33;1mVERBOSE: [Process-HttpRequest] Executing app route script: C:\SC\PsWebHost\apps\WebHostDebugExtensions\routes\api\v1\debug\commands\poll\get.ps1[0m
[33;1mVERBOSE: [Backup-ConfigurationFile] File unchanged since last backup: get.security.json[0m
[33;1mVERBOSE: Synchronous context received. Processing request /apps/WebhostRealtimeEvents/api/v1/logs?timeRange=15&sortBy=Date&sortOrder=desc&count=1000[0m
[33;1mVERBOSE: [Process-HttpRequest] Starting processing request:   from [0m
[33;1mVERBOSE: [Process-HttpRequest] 20260208 20:59:34 Request received: get /apps/WebhostRealtimeEvents/api/v1/logs from 127.0.0.1:62757[0m
[33;1mVERBOSE: [Process-HttpRequest] Incoming Cookie header: PSWebSessionID=6552a790-8769-4737-8c71-08cae865d496[0m
[33;1mVERBOSE: [Process-HttpRequest] Session cookie found: 6552a790-8769-4737-8c71-08cae865d496[0m
[33;1mVERBOSE: [Get-PSWebSessions] Returning session type: System.Collections.Hashtable+SyncHashtable IsArray: False[0m
[33;1mVERBOSE: 	[Process-HttpRequest] 20260208 20:59:34 Session: 6552a790-8769-4737-8c71-08cae865d496 UserID: 6ec71a85-fb79-4ebc-aa1d-587c7f8b403c[0m
[33;1mVERBOSE: [Process-HttpRequest] Apps route request: app=WebhostRealtimeEvents, route=api/v1/logs[0m
[33;1mVERBOSE: [Process-HttpRequest] Checking for route script: C:\SC\PsWebHost\apps\WebhostRealtimeEvents\routes\api\v1\logs\get.ps1[0m
[33;1mVERBOSE: [Process-HttpRequest] Route script found: C:\SC\PsWebHost\apps\WebhostRealtimeEvents\routes\api\v1\logs\get.ps1[0m
[33;1mVERBOSE: [Process-HttpRequest] Apps route script found: C:\SC\PsWebHost\apps\WebhostRealtimeEvents\routes\api\v1\logs\get.ps1[0m
[33;1mVERBOSE: [Process-HttpRequest] Executing app route script: C:\SC\PsWebHost\apps\WebhostRealtimeEvents\routes\api\v1\logs\get.ps1[0m
[33;1mVERBOSE: [Backup-ConfigurationFile] File unchanged since last backup: get.security.json[0m
[33;1mVERBOSE: Synchronous context received. Processing request /apps/WebHostDebugExtensions/api/v1/debug/commands/poll[0m
[33;1mVERBOSE: [Process-HttpRequest] Starting processing request:   from [0m
[33;1mVERBOSE: [Process-HttpRequest] 20260208 20:59:34 Request received: get /apps/WebHostDebugExtensions/api/v1/debug/commands/poll from 127.0.0.1:62756[0m
[33;1mVERBOSE: [Process-HttpRequest] Incoming Cookie header: PSWebSessionID=6552a790-8769-4737-8c71-08cae865d496[0m
[33;1mVERBOSE: [Process-HttpRequest] Session cookie found: 6552a790-8769-4737-8c71-08cae865d496[0m
[33;1mVERBOSE: [Get-PSWebSessions] Returning session type: System.Collections.Hashtable+SyncHashtable IsArray: False[0m
[33;1mVERBOSE: 	[Process-HttpRequest] 20260208 20:59:34 Session: 6552a790-8769-4737-8c71-08cae865d496 UserID: 6ec71a85-fb79-4ebc-aa1d-587c7f8b403c[0m
[33;1mVERBOSE: [Process-HttpRequest] Apps route request: app=WebHostDebugExtensions, route=api/v1/debug/commands/poll[0m
[33;1mVERBOSE: [Process-HttpRequest] Checking for route script: C:\SC\PsWebHost\apps\WebHostDebugExtensions\routes\api\v1\debug\commands\poll\get.ps1[0m
[33;1mVERBOSE: [Process-HttpRequest] Route script found: C:\SC\PsWebHost\apps\WebHostDebugExtensions\routes\api\v1\debug\commands\poll\get.ps1[0m
[33;1mVERBOSE: [Process-HttpRequest] Apps route script found: C:\SC\PsWebHost\apps\WebHostDebugExtensions\routes\api\v1\debug\commands\poll\get.ps1[0m
[33;1mVERBOSE: [Process-HttpRequest] Executing app route script: C:\SC\PsWebHost\apps\WebHostDebugExtensions\routes\api\v1\debug\commands\poll\get.ps1[0m
[33;1mVERBOSE: [Backup-ConfigurationFile] File unchanged since last backup: get.security.json[0m
[33;1mVERBOSE: Synchronous context received. Processing request /apps/WebHostMetrics/cards/server-heatmap[0m
[33;1mVERBOSE: [Process-HttpRequest] Starting processing request:   from [0m
[33;1mVERBOSE: [Process-HttpRequest] 20260208 20:59:34 Request received: get /apps/WebHostMetrics/cards/server-heatmap from [::1]:62765[0m
[33;1mVERBOSE: [Process-HttpRequest] Incoming Cookie header: PSWebSessionID=6552a790-8769-4737-8c71-08cae865d496[0m
[33;1mVERBOSE: [Process-HttpRequest] Session cookie found: 6552a790-8769-4737-8c71-08cae865d496[0m
[33;1mVERBOSE: [Get-PSWebSessions] Returning session type: System.Collections.Hashtable+SyncHashtable IsArray: False[0m
[33;1mVERBOSE: 	[Process-HttpRequest] 20260208 20:59:34 Session: 6552a790-8769-4737-8c71-08cae865d496 UserID: 6ec71a85-fb79-4ebc-aa1d-587c7f8b403c[0m
[33;1mVERBOSE: [Process-HttpRequest] Apps route request: app=WebHostMetrics, route=cards/server-heatmap[0m
[33;1mVERBOSE: [Process-HttpRequest] Checking for route script: C:\SC\PsWebHost\apps\WebHostMetrics\routes\cards\server-heatmap\get.ps1[0m
[33;1mVERBOSE: [Process-HttpRequest] Route script found: C:\SC\PsWebHost\apps\WebHostMetrics\routes\cards\server-heatmap\get.ps1[0m
[33;1mVERBOSE: [Process-HttpRequest] Apps route script found: C:\SC\PsWebHost\apps\WebHostMetrics\routes\cards\server-heatmap\get.ps1[0m
[33;1mVERBOSE: [Process-HttpRequest] Executing app route script: C:\SC\PsWebHost\apps\WebHostMetrics\routes\cards\server-heatmap\get.ps1[0m
[33;1mVERBOSE: [Backup-ConfigurationFile] File unchanged since last backup: get.security.json[0m
[33;1mVERBOSE: Synchronous context received. Processing request /apps/WebHostDebugExtensions/api/v1/debug/commands/poll[0m
[33;1mVERBOSE: [Process-HttpRequest] Starting processing request:   from [0m
[33;1mVERBOSE: [Process-HttpRequest] 20260208 20:59:37 Request received: get /apps/WebHostDebugExtensions/api/v1/debug/commands/poll from 127.0.0.1:62757[0m
[33;1mVERBOSE: [Process-HttpRequest] Incoming Cookie header: PSWebSessionID=6552a790-8769-4737-8c71-08cae865d496[0m
[33;1mVERBOSE: [Process-HttpRequest] Session cookie found: 6552a790-8769-4737-8c71-08cae865d496[0m
[33;1mVERBOSE: [Get-PSWebSessions] Returning session type: System.Collections.Hashtable+SyncHashtable IsArray: False[0m
[33;1mVERBOSE: 	[Process-HttpRequest] 20260208 20:59:37 Session: 6552a790-8769-4737-8c71-08cae865d496 UserID: 6ec71a85-fb79-4ebc-aa1d-587c7f8b403c[0m
[33;1mVERBOSE: [Process-HttpRequest] Apps route request: app=WebHostDebugExtensions, route=api/v1/debug/commands/poll[0m
[33;1mVERBOSE: [Process-HttpRequest] Checking for route script: C:\SC\PsWebHost\apps\WebHostDebugExtensions\routes\api\v1\debug\commands\poll\get.ps1[0m
[33;1mVERBOSE: [Process-HttpRequest] Route script found: C:\SC\PsWebHost\apps\WebHostDebugExtensions\routes\api\v1\debug\commands\poll\get.ps1[0m
[33;1mVERBOSE: [Process-HttpRequest] Apps route script found: C:\SC\PsWebHost\apps\WebHostDebugExtensions\routes\api\v1\debug\commands\poll\get.ps1[0m
[33;1mVERBOSE: [Process-HttpRequest] Executing app route script: C:\SC\PsWebHost\apps\WebHostDebugExtensions\routes\api\v1\debug\commands\poll\get.ps1[0m
[33;1mVERBOSE: [Backup-ConfigurationFile] File unchanged since last backup: get.security.json[0m
[33;1mVERBOSE: Synchronous context received. Processing request /apps/WebhostRealtimeEvents/api/v1/logs?timeRange=15&sortBy=Date&sortOrder=desc&count=1000[0m
[33;1mVERBOSE: [Process-HttpRequest] Starting processing request:   from [0m
[33;1mVERBOSE: [Process-HttpRequest] 20260208 20:59:39 Request received: get /apps/WebhostRealtimeEvents/api/v1/logs from 127.0.0.1:62757[0m
[33;1mVERBOSE: [Process-HttpRequest] Incoming Cookie header: PSWebSessionID=6552a790-8769-4737-8c71-08cae865d496[0m
[33;1mVERBOSE: [Process-HttpRequest] Session cookie found: 6552a790-8769-4737-8c71-08cae865d496[0m
[33;1mVERBOSE: [Get-PSWebSessions] Returning session type: System.Collections.Hashtable+SyncHashtable IsArray: False[0m
[33;1mVERBOSE: 	[Process-HttpRequest] 20260208 20:59:39 Session: 6552a790-8769-4737-8c71-08cae865d496 UserID: 6ec71a85-fb79-4ebc-aa1d-587c7f8b403c[0m
[33;1mVERBOSE: [Process-HttpRequest] Apps route request: app=WebhostRealtimeEvents, route=api/v1/logs[0m
[33;1mVERBOSE: [Process-HttpRequest] Checking for route script: C:\SC\PsWebHost\apps\WebhostRealtimeEvents\routes\api\v1\logs\get.ps1[0m
[33;1mVERBOSE: [Process-HttpRequest] Route script found: C:\SC\PsWebHost\apps\WebhostRealtimeEvents\routes\api\v1\logs\get.ps1[0m
[33;1mVERBOSE: [Process-HttpRequest] Apps route script found: C:\SC\PsWebHost\apps\WebhostRealtimeEvents\routes\api\v1\logs\get.ps1[0m
[33;1mVERBOSE: [Process-HttpRequest] Executing app route script: C:\SC\PsWebHost\apps\WebhostRealtimeEvents\routes\api\v1\logs\get.ps1[0m
[33;1mVERBOSE: [Backup-ConfigurationFile] File unchanged since last backup: get.security.json[0m
[33;1mVERBOSE: Synchronous context received. Processing request /apps/WebHostMetrics/cards/server-heatmap[0m
[33;1mVERBOSE: [Process-HttpRequest] Starting processing request:   from [0m
[33;1mVERBOSE: [Process-HttpRequest] 20260208 20:59:39 Request received: get /apps/WebHostMetrics/cards/server-heatmap from 127.0.0.1:62756[0m
[33;1mVERBOSE: [Process-HttpRequest] Incoming Cookie header: PSWebSessionID=6552a790-8769-4737-8c71-08cae865d496[0m
[33;1mVERBOSE: [Process-HttpRequest] Session cookie found: 6552a790-8769-4737-8c71-08cae865d496[0m
[33;1mVERBOSE: [Get-PSWebSessions] Returning session type: System.Collections.Hashtable+SyncHashtable IsArray: False[0m
[33;1mVERBOSE: 	[Process-HttpRequest] 20260208 20:59:39 Session: 6552a790-8769-4737-8c71-08cae865d496 UserID: 6ec71a85-fb79-4ebc-aa1d-587c7f8b403c[0m
[33;1mVERBOSE: [Process-HttpRequest] Apps route request: app=WebHostMetrics, route=cards/server-heatmap[0m
[33;1mVERBOSE: [Process-HttpRequest] Checking for route script: C:\SC\PsWebHost\apps\WebHostMetrics\routes\cards\server-heatmap\get.ps1[0m
[33;1mVERBOSE: [Process-HttpRequest] Route script found: C:\SC\PsWebHost\apps\WebHostMetrics\routes\cards\server-heatmap\get.ps1[0m
[33;1mVERBOSE: [Process-HttpRequest] Apps route script found: C:\SC\PsWebHost\apps\WebHostMetrics\routes\cards\server-heatmap\get.ps1[0m
[33;1mVERBOSE: [Process-HttpRequest] Executing app route script: C:\SC\PsWebHost\apps\WebHostMetrics\routes\cards\server-heatmap\get.ps1[0m
[33;1mVERBOSE: [Backup-ConfigurationFile] File unchanged since last backup: get.security.json[0m
[33;1mVERBOSE: Synchronous context received. Processing request /apps/WebHostDebugExtensions/api/v1/debug/commands/poll[0m
[33;1mVERBOSE: [Process-HttpRequest] Starting processing request:   from [0m
[33;1mVERBOSE: [Process-HttpRequest] 20260208 20:59:40 Request received: get /apps/WebHostDebugExtensions/api/v1/debug/commands/poll from 127.0.0.1:62757[0m
[33;1mVERBOSE: [Process-HttpRequest] Incoming Cookie header: PSWebSessionID=6552a790-8769-4737-8c71-08cae865d496[0m
[33;1mVERBOSE: [Process-HttpRequest] Session cookie found: 6552a790-8769-4737-8c71-08cae865d496[0m
[33;1mVERBOSE: [Get-PSWebSessions] Returning session type: System.Collections.Hashtable+SyncHashtable IsArray: False[0m
[33;1mVERBOSE: 	[Process-HttpRequest] 20260208 20:59:40 Session: 6552a790-8769-4737-8c71-08cae865d496 UserID: 6ec71a85-fb79-4ebc-aa1d-587c7f8b403c[0m
[33;1mVERBOSE: [Process-HttpRequest] Apps route request: app=WebHostDebugExtensions, route=api/v1/debug/commands/poll[0m
[33;1mVERBOSE: [Process-HttpRequest] Checking for route script: C:\SC\PsWebHost\apps\WebHostDebugExtensions\routes\api\v1\debug\commands\poll\get.ps1[0m
[33;1mVERBOSE: [Process-HttpRequest] Route script found: C:\SC\PsWebHost\apps\WebHostDebugExtensions\routes\api\v1\debug\commands\poll\get.ps1[0m
[33;1mVERBOSE: [Process-HttpRequest] Apps route script found: C:\SC\PsWebHost\apps\WebHostDebugExtensions\routes\api\v1\debug\commands\poll\get.ps1[0m
[33;1mVERBOSE: [Process-HttpRequest] Executing app route script: C:\SC\PsWebHost\apps\WebHostDebugExtensions\routes\api\v1\debug\commands\poll\get.ps1[0m
[33;1mVERBOSE: [Backup-ConfigurationFile] File unchanged since last backup: get.security.json[0m
[33;1mVERBOSE: Synchronous context received. Processing request /apps/WebHostDebugExtensions/api/v1/debug/commands/poll[0m
[33;1mVERBOSE: [Process-HttpRequest] Starting processing request:   from [0m
[33;1mVERBOSE: [Process-HttpRequest] 20260208 20:59:43 Request received: get /apps/WebHostDebugExtensions/api/v1/debug/commands/poll from 127.0.0.1:62757[0m
[33;1mVERBOSE: [Process-HttpRequest] Incoming Cookie header: PSWebSessionID=6552a790-8769-4737-8c71-08cae865d496[0m
[33;1mVERBOSE: [Process-HttpRequest] Session cookie found: 6552a790-8769-4737-8c71-08cae865d496[0m
[33;1mVERBOSE: [Get-PSWebSessions] Returning session type: System.Collections.Hashtable+SyncHashtable IsArray: False[0m
[33;1mVERBOSE: 	[Process-HttpRequest] 20260208 20:59:43 Session: 6552a790-8769-4737-8c71-08cae865d496 UserID: 6ec71a85-fb79-4ebc-aa1d-587c7f8b403c[0m
[33;1mVERBOSE: [Process-HttpRequest] Apps route request: app=WebHostDebugExtensions, route=api/v1/debug/commands/poll[0m
[33;1mVERBOSE: [Process-HttpRequest] Checking for route script: C:\SC\PsWebHost\apps\WebHostDebugExtensions\routes\api\v1\debug\commands\poll\get.ps1[0m
[33;1mVERBOSE: [Process-HttpRequest] Route script found: C:\SC\PsWebHost\apps\WebHostDebugExtensions\routes\api\v1\debug\commands\poll\get.ps1[0m
[33;1mVERBOSE: [Process-HttpRequest] Apps route script found: C:\SC\PsWebHost\apps\WebHostDebugExtensions\routes\api\v1\debug\commands\poll\get.ps1[0m
[33;1mVERBOSE: [Process-HttpRequest] Executing app route script: C:\SC\PsWebHost\apps\WebHostDebugExtensions\routes\api\v1\debug\commands\poll\get.ps1[0m
[33;1mVERBOSE: [Backup-ConfigurationFile] File unchanged since last backup: get.security.json[0m
[33;1mVERBOSE: Synchronous context received. Processing request /apps/WebhostRealtimeEvents/api/v1/logs?timeRange=15&sortBy=Date&sortOrder=desc&count=1000[0m
[33;1mVERBOSE: [Process-HttpRequest] Starting processing request:   from [0m
[33;1mVERBOSE: [Process-HttpRequest] 20260208 20:59:44 Request received: get /apps/WebhostRealtimeEvents/api/v1/logs from 127.0.0.1:62757[0m
[33;1mVERBOSE: [Process-HttpRequest] Incoming Cookie header: PSWebSessionID=6552a790-8769-4737-8c71-08cae865d496[0m
[33;1mVERBOSE: [Process-HttpRequest] Session cookie found: 6552a790-8769-4737-8c71-08cae865d496[0m
[33;1mVERBOSE: [Get-PSWebSessions] Returning session type: System.Collections.Hashtable+SyncHashtable IsArray: False[0m
[33;1mVERBOSE: 	[Process-HttpRequest] 20260208 20:59:44 Session: 6552a790-8769-4737-8c71-08cae865d496 UserID: 6ec71a85-fb79-4ebc-aa1d-587c7f8b403c[0m
[33;1mVERBOSE: [Process-HttpRequest] Apps route request: app=WebhostRealtimeEvents, route=api/v1/logs[0m
[33;1mVERBOSE: [Process-HttpRequest] Checking for route script: C:\SC\PsWebHost\apps\WebhostRealtimeEvents\routes\api\v1\logs\get.ps1[0m
[33;1mVERBOSE: [Process-HttpRequest] Route script found: C:\SC\PsWebHost\apps\WebhostRealtimeEvents\routes\api\v1\logs\get.ps1[0m
[33;1mVERBOSE: [Process-HttpRequest] Apps route script found: C:\SC\PsWebHost\apps\WebhostRealtimeEvents\routes\api\v1\logs\get.ps1[0m
[33;1mVERBOSE: [Process-HttpRequest] Executing app route script: C:\SC\PsWebHost\apps\WebhostRealtimeEvents\routes\api\v1\logs\get.ps1[0m
[33;1mVERBOSE: [Backup-ConfigurationFile] File unchanged since last backup: get.security.json[0m
[33;1mVERBOSE: Synchronous context received. Processing request /apps/WebHostMetrics/cards/server-heatmap[0m
[33;1mVERBOSE: [Process-HttpRequest] Starting processing request:   from [0m
[33;1mVERBOSE: [Process-HttpRequest] 20260208 20:59:44 Request received: get /apps/WebHostMetrics/cards/server-heatmap from 127.0.0.1:62756[0m
[33;1mVERBOSE: [Process-HttpRequest] Incoming Cookie header: PSWebSessionID=6552a790-8769-4737-8c71-08cae865d496[0m
[33;1mVERBOSE: [Process-HttpRequest] Session cookie found: 6552a790-8769-4737-8c71-08cae865d496[0m
[33;1mVERBOSE: [Get-PSWebSessions] Returning session type: System.Collections.Hashtable+SyncHashtable IsArray: False[0m
[33;1mVERBOSE: 	[Process-HttpRequest] 20260208 20:59:44 Session: 6552a790-8769-4737-8c71-08cae865d496 UserID: 6ec71a85-fb79-4ebc-aa1d-587c7f8b403c[0m
[33;1mVERBOSE: [Process-HttpRequest] Apps route request: app=WebHostMetrics, route=cards/server-heatmap[0m
[33;1mVERBOSE: [Process-HttpRequest] Checking for route script: C:\SC\PsWebHost\apps\WebHostMetrics\routes\cards\server-heatmap\get.ps1[0m
[33;1mVERBOSE: [Process-HttpRequest] Route script found: C:\SC\PsWebHost\apps\WebHostMetrics\routes\cards\server-heatmap\get.ps1[0m
[33;1mVERBOSE: [Process-HttpRequest] Apps route script found: C:\SC\PsWebHost\apps\WebHostMetrics\routes\cards\server-heatmap\get.ps1[0m
[33;1mVERBOSE: [Process-HttpRequest] Executing app route script: C:\SC\PsWebHost\apps\WebHostMetrics\routes\cards\server-heatmap\get.ps1[0m
[33;1mVERBOSE: [Backup-ConfigurationFile] File unchanged since last backup: get.security.json[0m
[33;1mVERBOSE: Synchronous context received. Processing request /apps/WebHostDebugExtensions/api/v1/debug/commands/poll[0m
[33;1mVERBOSE: [Process-HttpRequest] Starting processing request:   from [0m
[33;1mVERBOSE: [Process-HttpRequest] 20260208 20:59:46 Request received: get /apps/WebHostDebugExtensions/api/v1/debug/commands/poll from 127.0.0.1:62757[0m
[33;1mVERBOSE: [Process-HttpRequest] Incoming Cookie header: PSWebSessionID=6552a790-8769-4737-8c71-08cae865d496[0m
[33;1mVERBOSE: [Process-HttpRequest] Session cookie found: 6552a790-8769-4737-8c71-08cae865d496[0m
[33;1mVERBOSE: [Get-PSWebSessions] Returning session type: System.Collections.Hashtable+SyncHashtable IsArray: False[0m
[33;1mVERBOSE: 	[Process-HttpRequest] 20260208 20:59:46 Session: 6552a790-8769-4737-8c71-08cae865d496 UserID: 6ec71a85-fb79-4ebc-aa1d-587c7f8b403c[0m
[33;1mVERBOSE: [Process-HttpRequest] Apps route request: app=WebHostDebugExtensions, route=api/v1/debug/commands/poll[0m
[33;1mVERBOSE: [Process-HttpRequest] Checking for route script: C:\SC\PsWebHost\apps\WebHostDebugExtensions\routes\api\v1\debug\commands\poll\get.ps1[0m
[33;1mVERBOSE: [Process-HttpRequest] Route script found: C:\SC\PsWebHost\apps\WebHostDebugExtensions\routes\api\v1\debug\commands\poll\get.ps1[0m
[33;1mVERBOSE: [Process-HttpRequest] Apps route script found: C:\SC\PsWebHost\apps\WebHostDebugExtensions\routes\api\v1\debug\commands\poll\get.ps1[0m
[33;1mVERBOSE: [Process-HttpRequest] Executing app route script: C:\SC\PsWebHost\apps\WebHostDebugExtensions\routes\api\v1\debug\commands\poll\get.ps1[0m
[33;1mVERBOSE: [Backup-ConfigurationFile] File unchanged since last backup: get.security.json[0m
[33;1mVERBOSE: Synchronous context received. Processing request /apps/WebhostRealtimeEvents/api/v1/logs?timeRange=15&sortBy=Date&sortOrder=desc&count=1000[0m
[33;1mVERBOSE: [Process-HttpRequest] Starting processing request:   from [0m
[33;1mVERBOSE: [Process-HttpRequest] 20260208 20:59:49 Request received: get /apps/WebhostRealtimeEvents/api/v1/logs from 127.0.0.1:62757[0m
[33;1mVERBOSE: [Process-HttpRequest] Incoming Cookie header: PSWebSessionID=6552a790-8769-4737-8c71-08cae865d496[0m
[33;1mVERBOSE: [Process-HttpRequest] Session cookie found: 6552a790-8769-4737-8c71-08cae865d496[0m
[33;1mVERBOSE: [Get-PSWebSessions] Returning session type: System.Collections.Hashtable+SyncHashtable IsArray: False[0m
[33;1mVERBOSE: 	[Process-HttpRequest] 20260208 20:59:49 Session: 6552a790-8769-4737-8c71-08cae865d496 UserID: 6ec71a85-fb79-4ebc-aa1d-587c7f8b403c[0m
[33;1mVERBOSE: [Process-HttpRequest] Apps route request: app=WebhostRealtimeEvents, route=api/v1/logs[0m
[33;1mVERBOSE: [Process-HttpRequest] Checking for route script: C:\SC\PsWebHost\apps\WebhostRealtimeEvents\routes\api\v1\logs\get.ps1[0m
[33;1mVERBOSE: [Process-HttpRequest] Route script found: C:\SC\PsWebHost\apps\WebhostRealtimeEvents\routes\api\v1\logs\get.ps1[0m
[33;1mVERBOSE: [Process-HttpRequest] Apps route script found: C:\SC\PsWebHost\apps\WebhostRealtimeEvents\routes\api\v1\logs\get.ps1[0m
[33;1mVERBOSE: [Process-HttpRequest] Executing app route script: C:\SC\PsWebHost\apps\WebhostRealtimeEvents\routes\api\v1\logs\get.ps1[0m
[33;1mVERBOSE: [Backup-ConfigurationFile] File unchanged since last backup: get.security.json[0m
[33;1mVERBOSE: Synchronous context received. Processing request /apps/WebHostMetrics/cards/server-heatmap[0m
[33;1mVERBOSE: [Process-HttpRequest] Starting processing request:   from [0m
[33;1mVERBOSE: [Process-HttpRequest] 20260208 20:59:49 Request received: get /apps/WebHostMetrics/cards/server-heatmap from 127.0.0.1:62756[0m
[33;1mVERBOSE: [Process-HttpRequest] Incoming Cookie header: PSWebSessionID=6552a790-8769-4737-8c71-08cae865d496[0m
[33;1mVERBOSE: [Process-HttpRequest] Session cookie found: 6552a790-8769-4737-8c71-08cae865d496[0m
[33;1mVERBOSE: [Get-PSWebSessions] Returning session type: System.Collections.Hashtable+SyncHashtable IsArray: False[0m
[33;1mVERBOSE: 	[Process-HttpRequest] 20260208 20:59:49 Session: 6552a790-8769-4737-8c71-08cae865d496 UserID: 6ec71a85-fb79-4ebc-aa1d-587c7f8b403c[0m
[33;1mVERBOSE: [Process-HttpRequest] Apps route request: app=WebHostMetrics, route=cards/server-heatmap[0m
[33;1mVERBOSE: [Process-HttpRequest] Checking for route script: C:\SC\PsWebHost\apps\WebHostMetrics\routes\cards\server-heatmap\get.ps1[0m
[33;1mVERBOSE: [Process-HttpRequest] Route script found: C:\SC\PsWebHost\apps\WebHostMetrics\routes\cards\server-heatmap\get.ps1[0m
[33;1mVERBOSE: [Process-HttpRequest] Apps route script found: C:\SC\PsWebHost\apps\WebHostMetrics\routes\cards\server-heatmap\get.ps1[0m
[33;1mVERBOSE: [Process-HttpRequest] Executing app route script: C:\SC\PsWebHost\apps\WebHostMetrics\routes\cards\server-heatmap\get.ps1[0m
[33;1mVERBOSE: [Backup-ConfigurationFile] File unchanged since last backup: get.security.json[0m
[33;1mVERBOSE: Synchronous context received. Processing request /apps/WebHostDebugExtensions/api/v1/debug/commands/poll[0m
[33;1mVERBOSE: [Process-HttpRequest] Starting processing request:   from [0m
[33;1mVERBOSE: [Process-HttpRequest] 20260208 20:59:49 Request received: get /apps/WebHostDebugExtensions/api/v1/debug/commands/poll from 127.0.0.1:62757[0m
[33;1mVERBOSE: [Process-HttpRequest] Incoming Cookie header: PSWebSessionID=6552a790-8769-4737-8c71-08cae865d496[0m
[33;1mVERBOSE: [Process-HttpRequest] Session cookie found: 6552a790-8769-4737-8c71-08cae865d496[0m
[33;1mVERBOSE: [Get-PSWebSessions] Returning session type: System.Collections.Hashtable+SyncHashtable IsArray: False[0m
[33;1mVERBOSE: 	[Process-HttpRequest] 20260208 20:59:49 Session: 6552a790-8769-4737-8c71-08cae865d496 UserID: 6ec71a85-fb79-4ebc-aa1d-587c7f8b403c[0m
[33;1mVERBOSE: [Process-HttpRequest] Apps route request: app=WebHostDebugExtensions, route=api/v1/debug/commands/poll[0m
[33;1mVERBOSE: [Process-HttpRequest] Checking for route script: C:\SC\PsWebHost\apps\WebHostDebugExtensions\routes\api\v1\debug\commands\poll\get.ps1[0m
[33;1mVERBOSE: [Process-HttpRequest] Route script found: C:\SC\PsWebHost\apps\WebHostDebugExtensions\routes\api\v1\debug\commands\poll\get.ps1[0m
[33;1mVERBOSE: [Process-HttpRequest] Apps route script found: C:\SC\PsWebHost\apps\WebHostDebugExtensions\routes\api\v1\debug\commands\poll\get.ps1[0m
[33;1mVERBOSE: [Process-HttpRequest] Executing app route script: C:\SC\PsWebHost\apps\WebHostDebugExtensions\routes\api\v1\debug\commands\poll\get.ps1[0m
[33;1mVERBOSE: [Backup-ConfigurationFile] File unchanged since last backup: get.security.json[0m
[33;1mVERBOSE: Synchronous context received. Processing request /apps/WebHostDebugExtensions/api/v1/debug/commands/poll[0m
[33;1mVERBOSE: [Process-HttpRequest] Starting processing request:   from [0m
[33;1mVERBOSE: [Process-HttpRequest] 20260208 20:59:52 Request received: get /apps/WebHostDebugExtensions/api/v1/debug/commands/poll from 127.0.0.1:62757[0m
[33;1mVERBOSE: [Process-HttpRequest] Incoming Cookie header: PSWebSessionID=6552a790-8769-4737-8c71-08cae865d496[0m
[33;1mVERBOSE: [Process-HttpRequest] Session cookie found: 6552a790-8769-4737-8c71-08cae865d496[0m
[33;1mVERBOSE: [Get-PSWebSessions] Returning session type: System.Collections.Hashtable+SyncHashtable IsArray: False[0m
[33;1mVERBOSE: 	[Process-HttpRequest] 20260208 20:59:52 Session: 6552a790-8769-4737-8c71-08cae865d496 UserID: 6ec71a85-fb79-4ebc-aa1d-587c7f8b403c[0m
[33;1mVERBOSE: [Process-HttpRequest] Apps route request: app=WebHostDebugExtensions, route=api/v1/debug/commands/poll[0m
[33;1mVERBOSE: [Process-HttpRequest] Checking for route script: C:\SC\PsWebHost\apps\WebHostDebugExtensions\routes\api\v1\debug\commands\poll\get.ps1[0m
[33;1mVERBOSE: [Process-HttpRequest] Route script found: C:\SC\PsWebHost\apps\WebHostDebugExtensions\routes\api\v1\debug\commands\poll\get.ps1[0m
[33;1mVERBOSE: [Process-HttpRequest] Apps route script found: C:\SC\PsWebHost\apps\WebHostDebugExtensions\routes\api\v1\debug\commands\poll\get.ps1[0m
[33;1mVERBOSE: [Process-HttpRequest] Executing app route script: C:\SC\PsWebHost\apps\WebHostDebugExtensions\routes\api\v1\debug\commands\poll\get.ps1[0m
[33;1mVERBOSE: [Backup-ConfigurationFile] File unchanged since last backup: get.security.json[0m
[33;1mVERBOSE: Synchronous context received. Processing request /apps/WebhostRealtimeEvents/api/v1/logs?timeRange=15&sortBy=Date&sortOrder=desc&count=1000[0m
[33;1mVERBOSE: [Process-HttpRequest] Starting processing request:   from [0m
[33;1mVERBOSE: [Process-HttpRequest] 20260208 20:59:54 Request received: get /apps/WebhostRealtimeEvents/api/v1/logs from 127.0.0.1:62757[0m
[33;1mVERBOSE: [Process-HttpRequest] Incoming Cookie header: PSWebSessionID=6552a790-8769-4737-8c71-08cae865d496[0m
[33;1mVERBOSE: [Process-HttpRequest] Session cookie found: 6552a790-8769-4737-8c71-08cae865d496[0m
[33;1mVERBOSE: [Get-PSWebSessions] Returning session type: System.Collections.Hashtable+SyncHashtable IsArray: False[0m
[33;1mVERBOSE: 	[Process-HttpRequest] 20260208 20:59:54 Session: 6552a790-8769-4737-8c71-08cae865d496 UserID: 6ec71a85-fb79-4ebc-aa1d-587c7f8b403c[0m
[33;1mVERBOSE: [Process-HttpRequest] Apps route request: app=WebhostRealtimeEvents, route=api/v1/logs[0m
[33;1mVERBOSE: [Process-HttpRequest] Checking for route script: C:\SC\PsWebHost\apps\WebhostRealtimeEvents\routes\api\v1\logs\get.ps1[0m
[33;1mVERBOSE: [Process-HttpRequest] Route script found: C:\SC\PsWebHost\apps\WebhostRealtimeEvents\routes\api\v1\logs\get.ps1[0m
[33;1mVERBOSE: [Process-HttpRequest] Apps route script found: C:\SC\PsWebHost\apps\WebhostRealtimeEvents\routes\api\v1\logs\get.ps1[0m
[33;1mVERBOSE: [Process-HttpRequest] Executing app route script: C:\SC\PsWebHost\apps\WebhostRealtimeEvents\routes\api\v1\logs\get.ps1[0m
[33;1mVERBOSE: [Backup-ConfigurationFile] File unchanged since last backup: get.security.json[0m
[33;1mVERBOSE: Synchronous context received. Processing request /apps/WebHostMetrics/cards/server-heatmap[0m
[33;1mVERBOSE: [Process-HttpRequest] Starting processing request:   from [0m
[33;1mVERBOSE: [Process-HttpRequest] 20260208 20:59:54 Request received: get /apps/WebHostMetrics/cards/server-heatmap from 127.0.0.1:62756[0m
[33;1mVERBOSE: [Process-HttpRequest] Incoming Cookie header: PSWebSessionID=6552a790-8769-4737-8c71-08cae865d496[0m
[33;1mVERBOSE: [Process-HttpRequest] Session cookie found: 6552a790-8769-4737-8c71-08cae865d496[0m
[33;1mVERBOSE: [Get-PSWebSessions] Returning session type: System.Collections.Hashtable+SyncHashtable IsArray: False[0m
[33;1mVERBOSE: 	[Process-HttpRequest] 20260208 20:59:54 Session: 6552a790-8769-4737-8c71-08cae865d496 UserID: 6ec71a85-fb79-4ebc-aa1d-587c7f8b403c[0m
[33;1mVERBOSE: [Process-HttpRequest] Apps route request: app=WebHostMetrics, route=cards/server-heatmap[0m
[33;1mVERBOSE: [Process-HttpRequest] Checking for route script: C:\SC\PsWebHost\apps\WebHostMetrics\routes\cards\server-heatmap\get.ps1[0m
[33;1mVERBOSE: [Process-HttpRequest] Route script found: C:\SC\PsWebHost\apps\WebHostMetrics\routes\cards\server-heatmap\get.ps1[0m
[33;1mVERBOSE: [Process-HttpRequest] Apps route script found: C:\SC\PsWebHost\apps\WebHostMetrics\routes\cards\server-heatmap\get.ps1[0m
[33;1mVERBOSE: [Process-HttpRequest] Executing app route script: C:\SC\PsWebHost\apps\WebHostMetrics\routes\cards\server-heatmap\get.ps1[0m
[33;1mVERBOSE: [Backup-ConfigurationFile] File unchanged since last backup: get.security.json[0m
[33;1mVERBOSE: Synchronous context received. Processing request /apps/WebHostDebugExtensions/api/v1/debug/commands/poll[0m
[33;1mVERBOSE: [Process-HttpRequest] Starting processing request:   from [0m
[33;1mVERBOSE: [Process-HttpRequest] 20260208 20:59:55 Request received: get /apps/WebHostDebugExtensions/api/v1/debug/commands/poll from 127.0.0.1:62757[0m
[33;1mVERBOSE: [Process-HttpRequest] Incoming Cookie header: PSWebSessionID=6552a790-8769-4737-8c71-08cae865d496[0m
[33;1mVERBOSE: [Process-HttpRequest] Session cookie found: 6552a790-8769-4737-8c71-08cae865d496[0m
[33;1mVERBOSE: [Get-PSWebSessions] Returning session type: System.Collections.Hashtable+SyncHashtable IsArray: False[0m
[33;1mVERBOSE: 	[Process-HttpRequest] 20260208 20:59:55 Session: 6552a790-8769-4737-8c71-08cae865d496 UserID: 6ec71a85-fb79-4ebc-aa1d-587c7f8b403c[0m
[33;1mVERBOSE: [Process-HttpRequest] Apps route request: app=WebHostDebugExtensions, route=api/v1/debug/commands/poll[0m
[33;1mVERBOSE: [Process-HttpRequest] Checking for route script: C:\SC\PsWebHost\apps\WebHostDebugExtensions\routes\api\v1\debug\commands\poll\get.ps1[0m
[33;1mVERBOSE: [Process-HttpRequest] Route script found: C:\SC\PsWebHost\apps\WebHostDebugExtensions\routes\api\v1\debug\commands\poll\get.ps1[0m
[33;1mVERBOSE: [Process-HttpRequest] Apps route script found: C:\SC\PsWebHost\apps\WebHostDebugExtensions\routes\api\v1\debug\commands\poll\get.ps1[0m
[33;1mVERBOSE: [Process-HttpRequest] Executing app route script: C:\SC\PsWebHost\apps\WebHostDebugExtensions\routes\api\v1\debug\commands\poll\get.ps1[0m
[33;1mVERBOSE: [Backup-ConfigurationFile] File unchanged since last backup: get.security.json[0m
[33;1mVERBOSE: Synchronous context received. Processing request /apps/WebHostDebugExtensions/api/v1/debug/commands/poll[0m
[33;1mVERBOSE: [Process-HttpRequest] Starting processing request:   from [0m
[33;1mVERBOSE: [Process-HttpRequest] 20260208 20:59:59 Request received: get /apps/WebHostDebugExtensions/api/v1/debug/commands/poll from 127.0.0.1:62757[0m
[33;1mVERBOSE: [Process-HttpRequest] Incoming Cookie header: PSWebSessionID=6552a790-8769-4737-8c71-08cae865d496[0m
[33;1mVERBOSE: [Process-HttpRequest] Session cookie found: 6552a790-8769-4737-8c71-08cae865d496[0m
[33;1mVERBOSE: [Get-PSWebSessions] Returning session type: System.Collections.Hashtable+SyncHashtable IsArray: False[0m
[33;1mVERBOSE: 	[Process-HttpRequest] 20260208 20:59:59 Session: 6552a790-8769-4737-8c71-08cae865d496 UserID: 6ec71a85-fb79-4ebc-aa1d-587c7f8b403c[0m
[33;1mVERBOSE: [Process-HttpRequest] Apps route request: app=WebHostDebugExtensions, route=api/v1/debug/commands/poll[0m
[33;1mVERBOSE: [Process-HttpRequest] Checking for route script: C:\SC\PsWebHost\apps\WebHostDebugExtensions\routes\api\v1\debug\commands\poll\get.ps1[0m
[33;1mVERBOSE: [Process-HttpRequest] Route script found: C:\SC\PsWebHost\apps\WebHostDebugExtensions\routes\api\v1\debug\commands\poll\get.ps1[0m
[33;1mVERBOSE: [Process-HttpRequest] Apps route script found: C:\SC\PsWebHost\apps\WebHostDebugExtensions\routes\api\v1\debug\commands\poll\get.ps1[0m
[33;1mVERBOSE: [Process-HttpRequest] Executing app route script: C:\SC\PsWebHost\apps\WebHostDebugExtensions\routes\api\v1\debug\commands\poll\get.ps1[0m
[33;1mVERBOSE: [Backup-ConfigurationFile] File unchanged since last backup: get.security.json[0m
[33;1mVERBOSE: Synchronous context received. Processing request /apps/WebhostRealtimeEvents/api/v1/logs?timeRange=15&sortBy=Date&sortOrder=desc&count=1000[0m
[33;1mVERBOSE: [Process-HttpRequest] Starting processing request:   from [0m
[33;1mVERBOSE: [Process-HttpRequest] 20260208 20:59:59 Request received: get /apps/WebhostRealtimeEvents/api/v1/logs from 127.0.0.1:62757[0m
[33;1mVERBOSE: [Process-HttpRequest] Incoming Cookie header: PSWebSessionID=6552a790-8769-4737-8c71-08cae865d496[0m
[33;1mVERBOSE: [Process-HttpRequest] Session cookie found: 6552a790-8769-4737-8c71-08cae865d496[0m
[33;1mVERBOSE: [Get-PSWebSessions] Returning session type: System.Collections.Hashtable+SyncHashtable IsArray: False[0m
[33;1mVERBOSE: 	[Process-HttpRequest] 20260208 20:59:59 Session: 6552a790-8769-4737-8c71-08cae865d496 UserID: 6ec71a85-fb79-4ebc-aa1d-587c7f8b403c[0m
[33;1mVERBOSE: [Process-HttpRequest] Apps route request: app=WebhostRealtimeEvents, route=api/v1/logs[0m
[33;1mVERBOSE: [Process-HttpRequest] Checking for route script: C:\SC\PsWebHost\apps\WebhostRealtimeEvents\routes\api\v1\logs\get.ps1[0m
[33;1mVERBOSE: [Process-HttpRequest] Route script found: C:\SC\PsWebHost\apps\WebhostRealtimeEvents\routes\api\v1\logs\get.ps1[0m
[33;1mVERBOSE: [Process-HttpRequest] Apps route script found: C:\SC\PsWebHost\apps\WebhostRealtimeEvents\routes\api\v1\logs\get.ps1[0m
[33;1mVERBOSE: [Process-HttpRequest] Executing app route script: C:\SC\PsWebHost\apps\WebhostRealtimeEvents\routes\api\v1\logs\get.ps1[0m
[33;1mVERBOSE: [Backup-ConfigurationFile] File unchanged since last backup: get.security.json[0m
[33;1mVERBOSE: Synchronous context received. Processing request /apps/WebHostMetrics/cards/server-heatmap[0m
[33;1mVERBOSE: [Process-HttpRequest] Starting processing request:   from [0m
[33;1mVERBOSE: [Process-HttpRequest] 20260208 20:59:59 Request received: get /apps/WebHostMetrics/cards/server-heatmap from 127.0.0.1:62756[0m
[33;1mVERBOSE: [Process-HttpRequest] Incoming Cookie header: PSWebSessionID=6552a790-8769-4737-8c71-08cae865d496[0m
[33;1mVERBOSE: [Process-HttpRequest] Session cookie found: 6552a790-8769-4737-8c71-08cae865d496[0m
[33;1mVERBOSE: [Get-PSWebSessions] Returning session type: System.Collections.Hashtable+SyncHashtable IsArray: False[0m
[33;1mVERBOSE: 	[Process-HttpRequest] 20260208 20:59:59 Session: 6552a790-8769-4737-8c71-08cae865d496 UserID: 6ec71a85-fb79-4ebc-aa1d-587c7f8b403c[0m
[33;1mVERBOSE: [Process-HttpRequest] Apps route request: app=WebHostMetrics, route=cards/server-heatmap[0m
[33;1mVERBOSE: [Process-HttpRequest] Checking for route script: C:\SC\PsWebHost\apps\WebHostMetrics\routes\cards\server-heatmap\get.ps1[0m
[33;1mVERBOSE: [Process-HttpRequest] Route script found: C:\SC\PsWebHost\apps\WebHostMetrics\routes\cards\server-heatmap\get.ps1[0m
[33;1mVERBOSE: [Process-HttpRequest] Apps route script found: C:\SC\PsWebHost\apps\WebHostMetrics\routes\cards\server-heatmap\get.ps1[0m
[33;1mVERBOSE: [Process-HttpRequest] Executing app route script: C:\SC\PsWebHost\apps\WebHostMetrics\routes\cards\server-heatmap\get.ps1[0m
[33;1mVERBOSE: [Backup-ConfigurationFile] File unchanged since last backup: get.security.json[0m
[33;1mVERBOSE: Synchronous context received. Processing request /apps/WebHostDebugExtensions/api/v1/debug/commands/poll[0m
[33;1mVERBOSE: [Process-HttpRequest] Starting processing request:   from [0m
[33;1mVERBOSE: [Process-HttpRequest] 20260208 21:00:02 Request received: get /apps/WebHostDebugExtensions/api/v1/debug/commands/poll from 127.0.0.1:62757[0m
[33;1mVERBOSE: [Process-HttpRequest] Incoming Cookie header: PSWebSessionID=6552a790-8769-4737-8c71-08cae865d496[0m
[33;1mVERBOSE: [Process-HttpRequest] Session cookie found: 6552a790-8769-4737-8c71-08cae865d496[0m
[33;1mVERBOSE: [Get-PSWebSessions] Returning session type: System.Collections.Hashtable+SyncHashtable IsArray: False[0m
[33;1mVERBOSE: 	[Process-HttpRequest] 20260208 21:00:02 Session: 6552a790-8769-4737-8c71-08cae865d496 UserID: 6ec71a85-fb79-4ebc-aa1d-587c7f8b403c[0m
[33;1mVERBOSE: [Process-HttpRequest] Apps route request: app=WebHostDebugExtensions, route=api/v1/debug/commands/poll[0m
[33;1mVERBOSE: [Process-HttpRequest] Checking for route script: C:\SC\PsWebHost\apps\WebHostDebugExtensions\routes\api\v1\debug\commands\poll\get.ps1[0m
[33;1mVERBOSE: [Process-HttpRequest] Route script found: C:\SC\PsWebHost\apps\WebHostDebugExtensions\routes\api\v1\debug\commands\poll\get.ps1[0m
[33;1mVERBOSE: [Process-HttpRequest] Apps route script found: C:\SC\PsWebHost\apps\WebHostDebugExtensions\routes\api\v1\debug\commands\poll\get.ps1[0m
[33;1mVERBOSE: [Process-HttpRequest] Executing app route script: C:\SC\PsWebHost\apps\WebHostDebugExtensions\routes\api\v1\debug\commands\poll\get.ps1[0m
[33;1mVERBOSE: [Backup-ConfigurationFile] File unchanged since last backup: get.security.json[0m
[33;1mVERBOSE: Synchronous context received. Processing request /apps/WebhostRealtimeEvents/api/v1/logs?timeRange=15&sortBy=Date&sortOrder=desc&count=1000[0m
[33;1mVERBOSE: [Process-HttpRequest] Starting processing request:   from [0m
[33;1mVERBOSE: [Process-HttpRequest] 20260208 21:00:04 Request received: get /apps/WebhostRealtimeEvents/api/v1/logs from 127.0.0.1:62757[0m
[33;1mVERBOSE: [Process-HttpRequest] Incoming Cookie header: PSWebSessionID=6552a790-8769-4737-8c71-08cae865d496[0m
[33;1mVERBOSE: [Process-HttpRequest] Session cookie found: 6552a790-8769-4737-8c71-08cae865d496[0m
[33;1mVERBOSE: [Get-PSWebSessions] Returning session type: System.Collections.Hashtable+SyncHashtable IsArray: False[0m
[33;1mVERBOSE: 	[Process-HttpRequest] 20260208 21:00:04 Session: 6552a790-8769-4737-8c71-08cae865d496 UserID: 6ec71a85-fb79-4ebc-aa1d-587c7f8b403c[0m
[33;1mVERBOSE: [Process-HttpRequest] Apps route request: app=WebhostRealtimeEvents, route=api/v1/logs[0m
[33;1mVERBOSE: [Process-HttpRequest] Checking for route script: C:\SC\PsWebHost\apps\WebhostRealtimeEvents\routes\api\v1\logs\get.ps1[0m
[33;1mVERBOSE: [Process-HttpRequest] Route script found: C:\SC\PsWebHost\apps\WebhostRealtimeEvents\routes\api\v1\logs\get.ps1[0m
[33;1mVERBOSE: [Process-HttpRequest] Apps route script found: C:\SC\PsWebHost\apps\WebhostRealtimeEvents\routes\api\v1\logs\get.ps1[0m
[33;1mVERBOSE: [Process-HttpRequest] Executing app route script: C:\SC\PsWebHost\apps\WebhostRealtimeEvents\routes\api\v1\logs\get.ps1[0m
[33;1mVERBOSE: [Backup-ConfigurationFile] File unchanged since last backup: get.security.json[0m
	Logging: 2026-02-09T03:00:04.9041045Z	2026-02-08T21:00:04.9041045-06:00	Verbose	EventViewer	Event\ log\ request:\ 168\ events\ returned	apps\WebhostRealtimeEvents\routes\api\v1\logs\get.ps1	get.ps1		6ec71a85-fb79-4ebc-aa1d-587c7f8b403c		1	{"Filters":{"runspaceID":null,"activityName":null,"categories":null,"filter":null,"userID":null,"source":null,"severities":null,"sessionID":null},"ResultCount":168,"TimeRange":15}
	Logging: 2026-02-09T03:00:04.9168771Z	2026-02-08T21:00:04.9168771-06:00	Info	MetricsData	Track_HashTables	WebHost.ps1	ProcessLogQueue		Webhost	MainLoop	1	H4sIAAAAAAAACpWT3WvCMBTF/5c815HvfrzqwwY6hDr3fHXRCbUtTToQ8X8fE21vxEHyehJ+Obn3nDNZljOzg75yS+jgaJzp1lD1xpLiTN7haEjx/5WETJu+dqSgCZmDdaUxNSkIp1xPKJ/QbMVZQWlB5UvONKNcTKguKCWXhLTQmdpNwaGHRm0gqxAyFYqP5K3H3GJaGkBTgvF0pNl+45u8CQOThzgUkinEPNkPazoMvSkDVYRQJaOIugC3/fYWd1cGKgv5f5Yr9P9l+Wk2pel+PL9YHT0HmeaM0hF/hPqwMxYPeJBG2yH5UimTKF/zZv96sK7pTgiNxKjsKs1l5iXM7H3yIEVmLc00nvXadPbQ1CvYVMYbt3cwvJEH9U7jdtw2Z/9ofsmxHpdunuIcbsFB1ez94VyVuBwKmaKgQNu+1bsGUe/KQM1CqFyx/LHdj8vEalwjRSrQPqFtZ+DA93xVkijPLJO4Ms1XX5kHMBKjHKtcM/a07Ysr8UlE8GFcRTWX42OXX03PoEd8BgAA
	Logging: 2026-02-09T03:00:04.9188277Z	2026-02-08T21:00:04.9188277-06:00	Info	MetricsData	Track_HashTables	WebHost.ps1	ProcessLogQueue		Webhost	MainLoop	1	{"fileInfo":{"Name":"fileInfo","Count":4,"LastSeen":"2026-02-08T21:00:04.9179821-06:00"},"prefixesToTry":{"Name":"prefixesToTry","Count":2,"LastSeen":"2026-02-08T21:00:04.9182308-06:00"},"systemUsers":{"Name":"systemUsers","Count":2,"LastSeen":"2026-02-08T21:00:04.9183881-06:00"},"args":{"Name":"args","Count":0,"LastSeen":"2026-02-08T21:00:04.9177646-06:00"},"configRoles":{"Name":"configRoles","Count":6,"LastSeen":"2026-02-08T21:00:04.9178621-06:00"},"dbRoles":{"Name":"dbRoles","Count":15,"LastSeen":"2026-02-08T21:00:04.9179179-06:00"},"ModulePathEnv":{"Name":"ModulePathEnv","Count":19,"LastSeen":"2026-02-08T21:00:04.9181571-06:00"}}
[33;1mVERBOSE: Synchronous context received. Processing request /apps/WebHostMetrics/cards/server-heatmap[0m
[33;1mVERBOSE: [Process-HttpRequest] Starting processing request:   from [0m
[33;1mVERBOSE: [Process-HttpRequest] 20260208 21:00:04 Request received: get /apps/WebHostMetrics/cards/server-heatmap from 127.0.0.1:62756[0m
[33;1mVERBOSE: [Process-HttpRequest] Incoming Cookie header: PSWebSessionID=6552a790-8769-4737-8c71-08cae865d496[0m
[33;1mVERBOSE: [Process-HttpRequest] Session cookie found: 6552a790-8769-4737-8c71-08cae865d496[0m
[33;1mVERBOSE: [Get-PSWebSessions] Returning session type: System.Collections.Hashtable+SyncHashtable IsArray: False[0m
[33;1mVERBOSE: 	[Process-HttpRequest] 20260208 21:00:04 Session: 6552a790-8769-4737-8c71-08cae865d496 UserID: 6ec71a85-fb79-4ebc-aa1d-587c7f8b403c[0m
[33;1mVERBOSE: [Process-HttpRequest] Apps route request: app=WebHostMetrics, route=cards/server-heatmap[0m
[33;1mVERBOSE: [Process-HttpRequest] Checking for route script: C:\SC\PsWebHost\apps\WebHostMetrics\routes\cards\server-heatmap\get.ps1[0m
[33;1mVERBOSE: [Process-HttpRequest] Route script found: C:\SC\PsWebHost\apps\WebHostMetrics\routes\cards\server-heatmap\get.ps1[0m
[33;1mVERBOSE: [Process-HttpRequest] Apps route script found: C:\SC\PsWebHost\apps\WebHostMetrics\routes\cards\server-heatmap\get.ps1[0m
[33;1mVERBOSE: [Process-HttpRequest] Executing app route script: C:\SC\PsWebHost\apps\WebHostMetrics\routes\cards\server-heatmap\get.ps1[0m
[33;1mVERBOSE: [Backup-ConfigurationFile] File unchanged since last backup: get.security.json[0m
[33;1mVERBOSE: Synchronous context received. Processing request /apps/WebHostDebugExtensions/api/v1/debug/commands/poll[0m
[33;1mVERBOSE: [Process-HttpRequest] Starting processing request:   from [0m
[33;1mVERBOSE: [Process-HttpRequest] 20260208 21:00:05 Request received: get /apps/WebHostDebugExtensions/api/v1/debug/commands/poll from 127.0.0.1:62757[0m
[33;1mVERBOSE: [Process-HttpRequest] Incoming Cookie header: PSWebSessionID=6552a790-8769-4737-8c71-08cae865d496[0m
[33;1mVERBOSE: [Process-HttpRequest] Session cookie found: 6552a790-8769-4737-8c71-08cae865d496[0m
[33;1mVERBOSE: [Get-PSWebSessions] Returning session type: System.Collections.Hashtable+SyncHashtable IsArray: False[0m
[33;1mVERBOSE: 	[Process-HttpRequest] 20260208 21:00:05 Session: 6552a790-8769-4737-8c71-08cae865d496 UserID: 6ec71a85-fb79-4ebc-aa1d-587c7f8b403c[0m
[33;1mVERBOSE: [Process-HttpRequest] Apps route request: app=WebHostDebugExtensions, route=api/v1/debug/commands/poll[0m
[33;1mVERBOSE: [Process-HttpRequest] Checking for route script: C:\SC\PsWebHost\apps\WebHostDebugExtensions\routes\api\v1\debug\commands\poll\get.ps1[0m
[33;1mVERBOSE: [Process-HttpRequest] Route script found: C:\SC\PsWebHost\apps\WebHostDebugExtensions\routes\api\v1\debug\commands\poll\get.ps1[0m
[33;1mVERBOSE: [Process-HttpRequest] Apps route script found: C:\SC\PsWebHost\apps\WebHostDebugExtensions\routes\api\v1\debug\commands\poll\get.ps1[0m
[33;1mVERBOSE: [Process-HttpRequest] Executing app route script: C:\SC\PsWebHost\apps\WebHostDebugExtensions\routes\api\v1\debug\commands\poll\get.ps1[0m
[33;1mVERBOSE: [Backup-ConfigurationFile] File unchanged since last backup: get.security.json[0m
[33;1mVERBOSE: Synchronous context received. Processing request /apps/WebHostDebugExtensions/api/v1/debug/commands/poll[0m
[33;1mVERBOSE: [Process-HttpRequest] Starting processing request:   from [0m
[33;1mVERBOSE: [Process-HttpRequest] 20260208 21:00:08 Request received: get /apps/WebHostDebugExtensions/api/v1/debug/commands/poll from 127.0.0.1:62757[0m
[33;1mVERBOSE: [Process-HttpRequest] Incoming Cookie header: PSWebSessionID=6552a790-8769-4737-8c71-08cae865d496[0m
[33;1mVERBOSE: [Process-HttpRequest] Session cookie found: 6552a790-8769-4737-8c71-08cae865d496[0m
[33;1mVERBOSE: [Get-PSWebSessions] Returning session type: System.Collections.Hashtable+SyncHashtable IsArray: False[0m
[33;1mVERBOSE: 	[Process-HttpRequest] 20260208 21:00:08 Session: 6552a790-8769-4737-8c71-08cae865d496 UserID: 6ec71a85-fb79-4ebc-aa1d-587c7f8b403c[0m
[33;1mVERBOSE: [Process-HttpRequest] Apps route request: app=WebHostDebugExtensions, route=api/v1/debug/commands/poll[0m
[33;1mVERBOSE: [Process-HttpRequest] Checking for route script: C:\SC\PsWebHost\apps\WebHostDebugExtensions\routes\api\v1\debug\commands\poll\get.ps1[0m
[33;1mVERBOSE: [Process-HttpRequest] Route script found: C:\SC\PsWebHost\apps\WebHostDebugExtensions\routes\api\v1\debug\commands\poll\get.ps1[0m
[33;1mVERBOSE: [Process-HttpRequest] Apps route script found: C:\SC\PsWebHost\apps\WebHostDebugExtensions\routes\api\v1\debug\commands\poll\get.ps1[0m
[33;1mVERBOSE: [Process-HttpRequest] Executing app route script: C:\SC\PsWebHost\apps\WebHostDebugExtensions\routes\api\v1\debug\commands\poll\get.ps1[0m
[33;1mVERBOSE: [Backup-ConfigurationFile] File unchanged since last backup: get.security.json[0m
[33;1mVERBOSE: Synchronous context received. Processing request /apps/WebhostRealtimeEvents/api/v1/logs?timeRange=15&sortBy=Date&sortOrder=desc&count=1000[0m
[33;1mVERBOSE: [Process-HttpRequest] Starting processing request:   from [0m
[33;1mVERBOSE: [Process-HttpRequest] 20260208 21:00:09 Request received: get /apps/WebhostRealtimeEvents/api/v1/logs from 127.0.0.1:62757[0m
[33;1mVERBOSE: [Process-HttpRequest] Incoming Cookie header: PSWebSessionID=6552a790-8769-4737-8c71-08cae865d496[0m
[33;1mVERBOSE: [Process-HttpRequest] Session cookie found: 6552a790-8769-4737-8c71-08cae865d496[0m
[33;1mVERBOSE: [Get-PSWebSessions] Returning session type: System.Collections.Hashtable+SyncHashtable IsArray: False[0m
[33;1mVERBOSE: 	[Process-HttpRequest] 20260208 21:00:09 Session: 6552a790-8769-4737-8c71-08cae865d496 UserID: 6ec71a85-fb79-4ebc-aa1d-587c7f8b403c[0m
[33;1mVERBOSE: [Process-HttpRequest] Apps route request: app=WebhostRealtimeEvents, route=api/v1/logs[0m
[33;1mVERBOSE: [Process-HttpRequest] Checking for route script: C:\SC\PsWebHost\apps\WebhostRealtimeEvents\routes\api\v1\logs\get.ps1[0m
[33;1mVERBOSE: [Process-HttpRequest] Route script found: C:\SC\PsWebHost\apps\WebhostRealtimeEvents\routes\api\v1\logs\get.ps1[0m
[33;1mVERBOSE: [Process-HttpRequest] Apps route script found: C:\SC\PsWebHost\apps\WebhostRealtimeEvents\routes\api\v1\logs\get.ps1[0m
[33;1mVERBOSE: [Process-HttpRequest] Executing app route script: C:\SC\PsWebHost\apps\WebhostRealtimeEvents\routes\api\v1\logs\get.ps1[0m
[33;1mVERBOSE: [Backup-ConfigurationFile] File unchanged since last backup: get.security.json[0m
[33;1mVERBOSE: Synchronous context received. Processing request /apps/WebHostMetrics/cards/server-heatmap[0m
[33;1mVERBOSE: [Process-HttpRequest] Starting processing request:   from [0m
[33;1mVERBOSE: [Process-HttpRequest] 20260208 21:00:09 Request received: get /apps/WebHostMetrics/cards/server-heatmap from 127.0.0.1:62756[0m
[33;1mVERBOSE: [Process-HttpRequest] Incoming Cookie header: PSWebSessionID=6552a790-8769-4737-8c71-08cae865d496[0m
[33;1mVERBOSE: [Process-HttpRequest] Session cookie found: 6552a790-8769-4737-8c71-08cae865d496[0m
[33;1mVERBOSE: [Get-PSWebSessions] Returning session type: System.Collections.Hashtable+SyncHashtable IsArray: False[0m
[33;1mVERBOSE: 	[Process-HttpRequest] 20260208 21:00:09 Session: 6552a790-8769-4737-8c71-08cae865d496 UserID: 6ec71a85-fb79-4ebc-aa1d-587c7f8b403c[0m
[33;1mVERBOSE: [Process-HttpRequest] Apps route request: app=WebHostMetrics, route=cards/server-heatmap[0m
[33;1mVERBOSE: [Process-HttpRequest] Checking for route script: C:\SC\PsWebHost\apps\WebHostMetrics\routes\cards\server-heatmap\get.ps1[0m
[33;1mVERBOSE: [Process-HttpRequest] Route script found: C:\SC\PsWebHost\apps\WebHostMetrics\routes\cards\server-heatmap\get.ps1[0m
[33;1mVERBOSE: [Process-HttpRequest] Apps route script found: C:\SC\PsWebHost\apps\WebHostMetrics\routes\cards\server-heatmap\get.ps1[0m
[33;1mVERBOSE: [Process-HttpRequest] Executing app route script: C:\SC\PsWebHost\apps\WebHostMetrics\routes\cards\server-heatmap\get.ps1[0m
[33;1mVERBOSE: [Backup-ConfigurationFile] File unchanged since last backup: get.security.json[0m
[33;1mVERBOSE: Synchronous context received. Processing request /apps/WebHostDebugExtensions/api/v1/debug/commands/poll[0m
[33;1mVERBOSE: [Process-HttpRequest] Starting processing request:   from [0m
[33;1mVERBOSE: [Process-HttpRequest] 20260208 21:00:11 Request received: get /apps/WebHostDebugExtensions/api/v1/debug/commands/poll from 127.0.0.1:62757[0m
[33;1mVERBOSE: [Process-HttpRequest] Incoming Cookie header: PSWebSessionID=6552a790-8769-4737-8c71-08cae865d496[0m
[33;1mVERBOSE: [Process-HttpRequest] Session cookie found: 6552a790-8769-4737-8c71-08cae865d496[0m
[33;1mVERBOSE: [Get-PSWebSessions] Returning session type: System.Collections.Hashtable+SyncHashtable IsArray: False[0m
[33;1mVERBOSE: 	[Process-HttpRequest] 20260208 21:00:11 Session: 6552a790-8769-4737-8c71-08cae865d496 UserID: 6ec71a85-fb79-4ebc-aa1d-587c7f8b403c[0m
[33;1mVERBOSE: [Process-HttpRequest] Apps route request: app=WebHostDebugExtensions, route=api/v1/debug/commands/poll[0m
[33;1mVERBOSE: [Process-HttpRequest] Checking for route script: C:\SC\PsWebHost\apps\WebHostDebugExtensions\routes\api\v1\debug\commands\poll\get.ps1[0m
[33;1mVERBOSE: [Process-HttpRequest] Route script found: C:\SC\PsWebHost\apps\WebHostDebugExtensions\routes\api\v1\debug\commands\poll\get.ps1[0m
[33;1mVERBOSE: [Process-HttpRequest] Apps route script found: C:\SC\PsWebHost\apps\WebHostDebugExtensions\routes\api\v1\debug\commands\poll\get.ps1[0m
[33;1mVERBOSE: [Process-HttpRequest] Executing app route script: C:\SC\PsWebHost\apps\WebHostDebugExtensions\routes\api\v1\debug\commands\poll\get.ps1[0m
[33;1mVERBOSE: [Backup-ConfigurationFile] File unchanged since last backup: get.security.json[0m
[33;1mVERBOSE: Synchronous context received. Processing request /apps/WebHostDebugExtensions/api/v1/debug/commands/poll[0m
[33;1mVERBOSE: [Process-HttpRequest] Starting processing request:   from [0m
[33;1mVERBOSE: [Process-HttpRequest] 20260208 21:00:14 Request received: get /apps/WebHostDebugExtensions/api/v1/debug/commands/poll from 127.0.0.1:62757[0m
[33;1mVERBOSE: [Process-HttpRequest] Incoming Cookie header: PSWebSessionID=6552a790-8769-4737-8c71-08cae865d496[0m
[33;1mVERBOSE: [Process-HttpRequest] Session cookie found: 6552a790-8769-4737-8c71-08cae865d496[0m
[33;1mVERBOSE: [Get-PSWebSessions] Returning session type: System.Collections.Hashtable+SyncHashtable IsArray: False[0m
[33;1mVERBOSE: 	[Process-HttpRequest] 20260208 21:00:14 Session: 6552a790-8769-4737-8c71-08cae865d496 UserID: 6ec71a85-fb79-4ebc-aa1d-587c7f8b403c[0m
[33;1mVERBOSE: [Process-HttpRequest] Apps route request: app=WebHostDebugExtensions, route=api/v1/debug/commands/poll[0m
[33;1mVERBOSE: [Process-HttpRequest] Checking for route script: C:\SC\PsWebHost\apps\WebHostDebugExtensions\routes\api\v1\debug\commands\poll\get.ps1[0m
[33;1mVERBOSE: [Process-HttpRequest] Route script found: C:\SC\PsWebHost\apps\WebHostDebugExtensions\routes\api\v1\debug\commands\poll\get.ps1[0m
[33;1mVERBOSE: [Process-HttpRequest] Apps route script found: C:\SC\PsWebHost\apps\WebHostDebugExtensions\routes\api\v1\debug\commands\poll\get.ps1[0m
[33;1mVERBOSE: [Process-HttpRequest] Executing app route script: C:\SC\PsWebHost\apps\WebHostDebugExtensions\routes\api\v1\debug\commands\poll\get.ps1[0m
[33;1mVERBOSE: [Backup-ConfigurationFile] File unchanged since last backup: get.security.json[0m
[33;1mVERBOSE: Synchronous context received. Processing request /apps/WebhostRealtimeEvents/api/v1/logs?timeRange=15&sortBy=Date&sortOrder=desc&count=1000[0m
[33;1mVERBOSE: [Process-HttpRequest] Starting processing request:   from [0m
[33;1mVERBOSE: [Process-HttpRequest] 20260208 21:00:14 Request received: get /apps/WebhostRealtimeEvents/api/v1/logs from 127.0.0.1:62757[0m
[33;1mVERBOSE: [Process-HttpRequest] Incoming Cookie header: PSWebSessionID=6552a790-8769-4737-8c71-08cae865d496[0m
[33;1mVERBOSE: [Process-HttpRequest] Session cookie found: 6552a790-8769-4737-8c71-08cae865d496[0m
[33;1mVERBOSE: [Get-PSWebSessions] Returning session type: System.Collections.Hashtable+SyncHashtable IsArray: False[0m
[33;1mVERBOSE: 	[Process-HttpRequest] 20260208 21:00:14 Session: 6552a790-8769-4737-8c71-08cae865d496 UserID: 6ec71a85-fb79-4ebc-aa1d-587c7f8b403c[0m
[33;1mVERBOSE: [Process-HttpRequest] Apps route request: app=WebhostRealtimeEvents, route=api/v1/logs[0m
[33;1mVERBOSE: [Process-HttpRequest] Checking for route script: C:\SC\PsWebHost\apps\WebhostRealtimeEvents\routes\api\v1\logs\get.ps1[0m
[33;1mVERBOSE: [Process-HttpRequest] Route script found: C:\SC\PsWebHost\apps\WebhostRealtimeEvents\routes\api\v1\logs\get.ps1[0m
[33;1mVERBOSE: [Process-HttpRequest] Apps route script found: C:\SC\PsWebHost\apps\WebhostRealtimeEvents\routes\api\v1\logs\get.ps1[0m
[33;1mVERBOSE: [Process-HttpRequest] Executing app route script: C:\SC\PsWebHost\apps\WebhostRealtimeEvents\routes\api\v1\logs\get.ps1[0m
[33;1mVERBOSE: [Backup-ConfigurationFile] File unchanged since last backup: get.security.json[0m
[33;1mVERBOSE: Synchronous context received. Processing request /apps/WebHostMetrics/cards/server-heatmap[0m
[33;1mVERBOSE: [Process-HttpRequest] Starting processing request:   from [0m
[33;1mVERBOSE: [Process-HttpRequest] 20260208 21:00:14 Request received: get /apps/WebHostMetrics/cards/server-heatmap from 127.0.0.1:62756[0m
[33;1mVERBOSE: [Process-HttpRequest] Incoming Cookie header: PSWebSessionID=6552a790-8769-4737-8c71-08cae865d496[0m
[33;1mVERBOSE: [Process-HttpRequest] Session cookie found: 6552a790-8769-4737-8c71-08cae865d496[0m
[33;1mVERBOSE: [Get-PSWebSessions] Returning session type: System.Collections.Hashtable+SyncHashtable IsArray: False[0m
[33;1mVERBOSE: 	[Process-HttpRequest] 20260208 21:00:14 Session: 6552a790-8769-4737-8c71-08cae865d496 UserID: 6ec71a85-fb79-4ebc-aa1d-587c7f8b403c[0m
[33;1mVERBOSE: [Process-HttpRequest] Apps route request: app=WebHostMetrics, route=cards/server-heatmap[0m
[33;1mVERBOSE: [Process-HttpRequest] Checking for route script: C:\SC\PsWebHost\apps\WebHostMetrics\routes\cards\server-heatmap\get.ps1[0m
[33;1mVERBOSE: [Process-HttpRequest] Route script found: C:\SC\PsWebHost\apps\WebHostMetrics\routes\cards\server-heatmap\get.ps1[0m
[33;1mVERBOSE: [Process-HttpRequest] Apps route script found: C:\SC\PsWebHost\apps\WebHostMetrics\routes\cards\server-heatmap\get.ps1[0m
[33;1mVERBOSE: [Process-HttpRequest] Executing app route script: C:\SC\PsWebHost\apps\WebHostMetrics\routes\cards\server-heatmap\get.ps1[0m
[33;1mVERBOSE: [Backup-ConfigurationFile] File unchanged since last backup: get.security.json[0m
[33;1mVERBOSE: Synchronous context received. Processing request /apps/WebHostDebugExtensions/api/v1/debug/commands/poll[0m
[33;1mVERBOSE: [Process-HttpRequest] Starting processing request:   from [0m
[33;1mVERBOSE: [Process-HttpRequest] 20260208 21:00:17 Request received: get /apps/WebHostDebugExtensions/api/v1/debug/commands/poll from 127.0.0.1:62757[0m
[33;1mVERBOSE: [Process-HttpRequest] Incoming Cookie header: PSWebSessionID=6552a790-8769-4737-8c71-08cae865d496[0m
[33;1mVERBOSE: [Process-HttpRequest] Session cookie found: 6552a790-8769-4737-8c71-08cae865d496[0m
[33;1mVERBOSE: [Get-PSWebSessions] Returning session type: System.Collections.Hashtable+SyncHashtable IsArray: False[0m
[33;1mVERBOSE: 	[Process-HttpRequest] 20260208 21:00:17 Session: 6552a790-8769-4737-8c71-08cae865d496 UserID: 6ec71a85-fb79-4ebc-aa1d-587c7f8b403c[0m
[33;1mVERBOSE: [Process-HttpRequest] Apps route request: app=WebHostDebugExtensions, route=api/v1/debug/commands/poll[0m
[33;1mVERBOSE: [Process-HttpRequest] Checking for route script: C:\SC\PsWebHost\apps\WebHostDebugExtensions\routes\api\v1\debug\commands\poll\get.ps1[0m
[33;1mVERBOSE: [Process-HttpRequest] Route script found: C:\SC\PsWebHost\apps\WebHostDebugExtensions\routes\api\v1\debug\commands\poll\get.ps1[0m
[33;1mVERBOSE: [Process-HttpRequest] Apps route script found: C:\SC\PsWebHost\apps\WebHostDebugExtensions\routes\api\v1\debug\commands\poll\get.ps1[0m
[33;1mVERBOSE: [Process-HttpRequest] Executing app route script: C:\SC\PsWebHost\apps\WebHostDebugExtensions\routes\api\v1\debug\commands\poll\get.ps1[0m
[33;1mVERBOSE: [Backup-ConfigurationFile] File unchanged since last backup: get.security.json[0m
[33;1mVERBOSE: Synchronous context received. Processing request /apps/WebhostRealtimeEvents/api/v1/logs?timeRange=15&sortBy=Date&sortOrder=desc&count=1000[0m
[33;1mVERBOSE: [Process-HttpRequest] Starting processing request:   from [0m
[33;1mVERBOSE: [Process-HttpRequest] 20260208 21:00:19 Request received: get /apps/WebhostRealtimeEvents/api/v1/logs from 127.0.0.1:62757[0m
[33;1mVERBOSE: [Process-HttpRequest] Incoming Cookie header: PSWebSessionID=6552a790-8769-4737-8c71-08cae865d496[0m
[33;1mVERBOSE: [Process-HttpRequest] Session cookie found: 6552a790-8769-4737-8c71-08cae865d496[0m
[33;1mVERBOSE: [Get-PSWebSessions] Returning session type: System.Collections.Hashtable+SyncHashtable IsArray: False[0m
[33;1mVERBOSE: 	[Process-HttpRequest] 20260208 21:00:19 Session: 6552a790-8769-4737-8c71-08cae865d496 UserID: 6ec71a85-fb79-4ebc-aa1d-587c7f8b403c[0m
[33;1mVERBOSE: [Process-HttpRequest] Apps route request: app=WebhostRealtimeEvents, route=api/v1/logs[0m
[33;1mVERBOSE: [Process-HttpRequest] Checking for route script: C:\SC\PsWebHost\apps\WebhostRealtimeEvents\routes\api\v1\logs\get.ps1[0m
[33;1mVERBOSE: [Process-HttpRequest] Route script found: C:\SC\PsWebHost\apps\WebhostRealtimeEvents\routes\api\v1\logs\get.ps1[0m
[33;1mVERBOSE: [Process-HttpRequest] Apps route script found: C:\SC\PsWebHost\apps\WebhostRealtimeEvents\routes\api\v1\logs\get.ps1[0m
[33;1mVERBOSE: [Process-HttpRequest] Executing app route script: C:\SC\PsWebHost\apps\WebhostRealtimeEvents\routes\api\v1\logs\get.ps1[0m
[33;1mVERBOSE: [Backup-ConfigurationFile] File unchanged since last backup: get.security.json[0m
[33;1mVERBOSE: Synchronous context received. Processing request /apps/WebHostMetrics/cards/server-heatmap[0m
[33;1mVERBOSE: [Process-HttpRequest] Starting processing request:   from [0m
[33;1mVERBOSE: [Process-HttpRequest] 20260208 21:00:20 Request received: get /apps/WebHostMetrics/cards/server-heatmap from 127.0.0.1:62756[0m
[33;1mVERBOSE: [Process-HttpRequest] Incoming Cookie header: PSWebSessionID=6552a790-8769-4737-8c71-08cae865d496[0m
[33;1mVERBOSE: [Process-HttpRequest] Session cookie found: 6552a790-8769-4737-8c71-08cae865d496[0m
[33;1mVERBOSE: [Get-PSWebSessions] Returning session type: System.Collections.Hashtable+SyncHashtable IsArray: False[0m
[33;1mVERBOSE: 	[Process-HttpRequest] 20260208 21:00:20 Session: 6552a790-8769-4737-8c71-08cae865d496 UserID: 6ec71a85-fb79-4ebc-aa1d-587c7f8b403c[0m
[33;1mVERBOSE: [Process-HttpRequest] Apps route request: app=WebHostMetrics, route=cards/server-heatmap[0m
[33;1mVERBOSE: [Process-HttpRequest] Checking for route script: C:\SC\PsWebHost\apps\WebHostMetrics\routes\cards\server-heatmap\get.ps1[0m
[33;1mVERBOSE: [Process-HttpRequest] Route script found: C:\SC\PsWebHost\apps\WebHostMetrics\routes\cards\server-heatmap\get.ps1[0m
[33;1mVERBOSE: [Process-HttpRequest] Apps route script found: C:\SC\PsWebHost\apps\WebHostMetrics\routes\cards\server-heatmap\get.ps1[0m
[33;1mVERBOSE: [Process-HttpRequest] Executing app route script: C:\SC\PsWebHost\apps\WebHostMetrics\routes\cards\server-heatmap\get.ps1[0m
[33;1mVERBOSE: [Backup-ConfigurationFile] File unchanged since last backup: get.security.json[0m
[33;1mVERBOSE: Synchronous context received. Processing request /apps/WebHostDebugExtensions/api/v1/debug/commands/poll[0m
[33;1mVERBOSE: [Process-HttpRequest] Starting processing request:   from [0m
[33;1mVERBOSE: [Process-HttpRequest] 20260208 21:00:20 Request received: get /apps/WebHostDebugExtensions/api/v1/debug/commands/poll from 127.0.0.1:62757[0m
[33;1mVERBOSE: [Process-HttpRequest] Incoming Cookie header: PSWebSessionID=6552a790-8769-4737-8c71-08cae865d496[0m
[33;1mVERBOSE: [Process-HttpRequest] Session cookie found: 6552a790-8769-4737-8c71-08cae865d496[0m
[33;1mVERBOSE: [Get-PSWebSessions] Returning session type: System.Collections.Hashtable+SyncHashtable IsArray: False[0m
[33;1mVERBOSE: 	[Process-HttpRequest] 20260208 21:00:20 Session: 6552a790-8769-4737-8c71-08cae865d496 UserID: 6ec71a85-fb79-4ebc-aa1d-587c7f8b403c[0m
[33;1mVERBOSE: [Process-HttpRequest] Apps route request: app=WebHostDebugExtensions, route=api/v1/debug/commands/poll[0m
[33;1mVERBOSE: [Process-HttpRequest] Checking for route script: C:\SC\PsWebHost\apps\WebHostDebugExtensions\routes\api\v1\debug\commands\poll\get.ps1[0m
[33;1mVERBOSE: [Process-HttpRequest] Route script found: C:\SC\PsWebHost\apps\WebHostDebugExtensions\routes\api\v1\debug\commands\poll\get.ps1[0m
[33;1mVERBOSE: [Process-HttpRequest] Apps route script found: C:\SC\PsWebHost\apps\WebHostDebugExtensions\routes\api\v1\debug\commands\poll\get.ps1[0m
[33;1mVERBOSE: [Process-HttpRequest] Executing app route script: C:\SC\PsWebHost\apps\WebHostDebugExtensions\routes\api\v1\debug\commands\poll\get.ps1[0m
[33;1mVERBOSE: [Backup-ConfigurationFile] File unchanged since last backup: get.security.json[0m
[33;1mVERBOSE: [Invoke-ModuleRefreshAsNeeded] Module 'PSWebHost_Support' has changed. Reloading...[0m

[32;1mLastWriteTime : [0m1/27/2026 12:32:53 AM
[32;1mLength        : [0m1065
[32;1mName          : [0mPSWebHost_Support.psd1


[32;1mLastWriteTime : [0m2/8/2026 9:00:20 PM
[32;1mLength        : [0m84608
[32;1mName          : [0mPSWebHost_Support.psm1


[32;1mLastWriteTime : [0m12/29/2025 5:14:13 PM
[32;1mLength        : [0m18738
[32;1mName          : [0mPSWebHost_Support.psm1.md

[33;1mVERBOSE: Removing the imported "Backup-ConfigurationFile" function.[0m
[33;1mVERBOSE: Removing the imported "Complete-PSWebHostEvent" function.[0m
[33;1mVERBOSE: Removing the imported "context_response" function.[0m
[33;1mVERBOSE: Removing the imported "ConvertTo-CompressedBase64" function.[0m
[33;1mVERBOSE: Removing the imported "Get-PSWebHostEvents" function.[0m
[33;1mVERBOSE: Removing the imported "Get-PSWebSessions" function.[0m
[33;1mVERBOSE: Removing the imported "Get-RequestBody" function.[0m
[33;1mVERBOSE: Removing the imported "New-PSWebHostResult" function.[0m
[33;1mVERBOSE: Removing the imported "Process-HttpRequest" function.[0m
[33;1mVERBOSE: Removing the imported "Read-PSWebHostLog" function.[0m
[33;1mVERBOSE: Removing the imported "Remove-PSWebSession" function.[0m
[33;1mVERBOSE: Removing the imported "Set-PSWebSession" function.[0m
[33;1mVERBOSE: Removing the imported "Set-WebHostRunSpaceInfo" function.[0m
[33;1mVERBOSE: Removing the imported "Start-PSWebHostEvent" function.[0m
[33;1mVERBOSE: Removing the imported "Sync-SessionStateToDatabase" function.[0m
[33;1mVERBOSE: Removing the imported "Validate-UserSession" function.[0m
[33;1mVERBOSE: Removing the imported "Write-PSWebHostLog" function.[0m
[33;1mVERBOSE: Loading module from path 'C:\SC\PsWebHost\modules\PSWebHost_Support\PSWebHost_Support.psd1'.[0m
[33;1mVERBOSE: Loading module from path 'C:\SC\PsWebHost\modules\PSWebHost_Support\PSWebHost_Support.psm1'.[0m
[33;1mVERBOSE: [Invoke-ModuleRefreshAsNeeded] Module 'PSWebHost_Support' reloaded successfully.[0m
[33;1mVERBOSE: Synchronous context received. Processing request /apps/WebHostDebugExtensions/api/v1/debug/commands/poll[0m
[31;1mWrite-PSWebHostLog: [0mC:\SC\PsWebHost\WebHost.ps1:872[0m
[31;1m[0m[36;1mLine |[0m
[31;1m[0m[36;1m[36;1m 872 | [0m                 [36;1mWrite-PSWebHostLog[0m -Severity 'Error' -Category 'Reque .[0m
[31;1m[0m[36;1m[36;1m[0m[36;1m[0m[36;1m     | [31;1m                 ~~~~~~~~~~~~~~~~~~[0m
[31;1m[0m[36;1m[36;1m[0m[36;1m[0m[36;1m[31;1m[31;1m[36;1m     | [31;1mThe 'Write-PSWebHostLog' command was found in the module 'PSWebHost_Support', but the module could not be[0m
[31;1m[0m[36;1m[36;1m[0m[36;1m[0m[36;1m[31;1m[31;1m[36;1m[31;1m[36;1m     | [31;1mloaded. For more information, run 'Import-Module PSWebHost_Support'.[0m
[31;1mWrite-PSWebHostLog: [0mC:\SC\PsWebHost\WebHost.ps1:878[0m
[31;1m[0m[36;1mLine |[0m
[31;1m[0m[36;1m[36;1m 878 | [0m                     [36;1mWrite-PSWebHostLog[0m -Severity 'Error' -Category 'E .[0m
[31;1m[0m[36;1m[36;1m[0m[36;1m[0m[36;1m     | [31;1m                     ~~~~~~~~~~~~~~~~~~[0m
[31;1m[0m[36;1m[36;1m[0m[36;1m[0m[36;1m[31;1m[31;1m[36;1m     | [31;1mThe 'Write-PSWebHostLog' command was found in the module 'PSWebHost_Support', but the module could not be[0m
[31;1m[0m[36;1m[36;1m[0m[36;1m[0m[36;1m[31;1m[31;1m[36;1m[31;1m[36;1m     | [31;1mloaded. For more information, run 'Import-Module PSWebHost_Support'.[0m
[31;1mInvalidOperation: [0mC:\SC\PsWebHost\WebHost.ps1:875[0m
[31;1m[0m[36;1mLine |[0m
[31;1m[0m[36;1m[36;1m 875 | [0m             [36;1m$Error |[0m
[31;1m[0m[36;1m[36;1m[0m[36;1m[0m[36;1m     | [31;1m             ~~~~~~~~[0m
[31;1m[0m[36;1m[36;1m[0m[36;1m[0m[36;1m[31;1m[31;1m[36;1m     | [31;1mAn error occurred while enumerating through a collection: Collection was modified; enumeration operation may not[0m
[31;1m[0m[36;1m[36;1m[0m[36;1m[0m[36;1m[31;1m[31;1m[36;1m[31;1m[36;1m     | [31;1mexecute..[0m
[33;1mVERBOSE: Synchronous context received. Processing request /apps/WebhostRealtimeEvents/api/v1/logs?timeRange=15&sortBy=Date&sortOrder=desc&count=1000[0m
[31;1mWrite-PSWebHostLog: [0mC:\SC\PsWebHost\WebHost.ps1:872[0m
[31;1m[0m[36;1mLine |[0m
[31;1m[0m[36;1m[36;1m 872 | [0m                 [36;1mWrite-PSWebHostLog[0m -Severity 'Error' -Category 'Reque .[0m
[31;1m[0m[36;1m[36;1m[0m[36;1m[0m[36;1m     | [31;1m                 ~~~~~~~~~~~~~~~~~~[0m
[31;1m[0m[36;1m[36;1m[0m[36;1m[0m[36;1m[31;1m[31;1m[36;1m     | [31;1mThe 'Write-PSWebHostLog' command was found in the module 'PSWebHost_Support', but the module could not be[0m
[31;1m[0m[36;1m[36;1m[0m[36;1m[0m[36;1m[31;1m[31;1m[36;1m[31;1m[36;1m     | [31;1mloaded. For more information, run 'Import-Module PSWebHost_Support'.[0m
[31;1mWrite-PSWebHostLog: [0mC:\SC\PsWebHost\WebHost.ps1:878[0m
[31;1m[0m[36;1mLine |[0m
[31;1m[0m[36;1m[36;1m 878 | [0m                     [36;1mWrite-PSWebHostLog[0m -Severity 'Error' -Category 'E .[0m
[31;1m[0m[36;1m[36;1m[0m[36;1m[0m[36;1m     | [31;1m                     ~~~~~~~~~~~~~~~~~~[0m
[31;1m[0m[36;1m[36;1m[0m[36;1m[0m[36;1m[31;1m[31;1m[36;1m     | [31;1mThe 'Write-PSWebHostLog' command was found in the module 'PSWebHost_Support', but the module could not be[0m
[31;1m[0m[36;1m[36;1m[0m[36;1m[0m[36;1m[31;1m[31;1m[36;1m[31;1m[36;1m     | [31;1mloaded. For more information, run 'Import-Module PSWebHost_Support'.[0m
[31;1mInvalidOperation: [0mC:\SC\PsWebHost\WebHost.ps1:875[0m
[31;1m[0m[36;1mLine |[0m
[31;1m[0m[36;1m[36;1m 875 | [0m             [36;1m$Error |[0m
[31;1m[0m[36;1m[36;1m[0m[36;1m[0m[36;1m     | [31;1m             ~~~~~~~~[0m
[31;1m[0m[36;1m[36;1m[0m[36;1m[0m[36;1m[31;1m[31;1m[36;1m     | [31;1mAn error occurred while enumerating through a collection: Collection was modified; enumeration operation may not[0m
[31;1m[0m[36;1m[36;1m[0m[36;1m[0m[36;1m[31;1m[31;1m[36;1m[31;1m[36;1m     | [31;1mexecute..[0m
[33;1mVERBOSE: Synchronous context received. Processing request /apps/WebHostMetrics/cards/server-heatmap[0m
[31;1mWrite-PSWebHostLog: [0mC:\SC\PsWebHost\WebHost.ps1:872[0m
[31;1m[0m[36;1mLine |[0m
[31;1m[0m[36;1m[36;1m 872 | [0m                 [36;1mWrite-PSWebHostLog[0m -Severity 'Error' -Category 'Reque .[0m
[31;1m[0m[36;1m[36;1m[0m[36;1m[0m[36;1m     | [31;1m                 ~~~~~~~~~~~~~~~~~~[0m
[31;1m[0m[36;1m[36;1m[0m[36;1m[0m[36;1m[31;1m[31;1m[36;1m     | [31;1mThe 'Write-PSWebHostLog' command was found in the module 'PSWebHost_Support', but the module could not be[0m
[31;1m[0m[36;1m[36;1m[0m[36;1m[0m[36;1m[31;1m[31;1m[36;1m[31;1m[36;1m     | [31;1mloaded. For more information, run 'Import-Module PSWebHost_Support'.[0m
[31;1mWrite-PSWebHostLog: [0mC:\SC\PsWebHost\WebHost.ps1:878[0m
[31;1m[0m[36;1mLine |[0m
[31;1m[0m[36;1m[36;1m 878 | [0m                     [36;1mWrite-PSWebHostLog[0m -Severity 'Error' -Category 'E .[0m
[31;1m[0m[36;1m[36;1m[0m[36;1m[0m[36;1m     | [31;1m                     ~~~~~~~~~~~~~~~~~~[0m
[31;1m[0m[36;1m[36;1m[0m[36;1m[0m[36;1m[31;1m[31;1m[36;1m     | [31;1mThe 'Write-PSWebHostLog' command was found in the module 'PSWebHost_Support', but the module could not be[0m
[31;1m[0m[36;1m[36;1m[0m[36;1m[0m[36;1m[31;1m[31;1m[36;1m[31;1m[36;1m     | [31;1mloaded. For more information, run 'Import-Module PSWebHost_Support'.[0m
[31;1mInvalidOperation: [0mC:\SC\PsWebHost\WebHost.ps1:875[0m
[31;1m[0m[36;1mLine |[0m
[31;1m[0m[36;1m[36;1m 875 | [0m             [36;1m$Error |[0m
[31;1m[0m[36;1m[36;1m[0m[36;1m[0m[36;1m     | [31;1m             ~~~~~~~~[0m
[31;1m[0m[36;1m[36;1m[0m[36;1m[0m[36;1m[31;1m[31;1m[36;1m     | [31;1mAn error occurred while enumerating through a collection: Collection was modified; enumeration operation may not[0m
[31;1m[0m[36;1m[36;1m[0m[36;1m[0m[36;1m[31;1m[31;1m[36;1m[31;1m[36;1m     | [31;1mexecute..[0m
[33;1mVERBOSE: Synchronous context received. Processing request /apps/WebHostDebugExtensions/api/v1/debug/commands/poll[0m
[31;1mWrite-PSWebHostLog: [0mC:\SC\PsWebHost\WebHost.ps1:872[0m
[31;1m[0m[36;1mLine |[0m
[31;1m[0m[36;1m[36;1m 872 | [0m                 [36;1mWrite-PSWebHostLog[0m -Severity 'Error' -Category 'Reque .[0m
[31;1m[0m[36;1m[36;1m[0m[36;1m[0m[36;1m     | [31;1m                 ~~~~~~~~~~~~~~~~~~[0m
[31;1m[0m[36;1m[36;1m[0m[36;1m[0m[36;1m[31;1m[31;1m[36;1m     | [31;1mThe 'Write-PSWebHostLog' command was found in the module 'PSWebHost_Support', but the module could not be[0m
[31;1m[0m[36;1m[36;1m[0m[36;1m[0m[36;1m[31;1m[31;1m[36;1m[31;1m[36;1m     | [31;1mloaded. For more information, run 'Import-Module PSWebHost_Support'.[0m
[31;1mWrite-PSWebHostLog: [0mC:\SC\PsWebHost\WebHost.ps1:878[0m
[31;1m[0m[36;1mLine |[0m
[31;1m[0m[36;1m[36;1m 878 | [0m                     [36;1mWrite-PSWebHostLog[0m -Severity 'Error' -Category 'E .[0m
[31;1m[0m[36;1m[36;1m[0m[36;1m[0m[36;1m     | [31;1m                     ~~~~~~~~~~~~~~~~~~[0m
[31;1m[0m[36;1m[36;1m[0m[36;1m[0m[36;1m[31;1m[31;1m[36;1m     | [31;1mThe 'Write-PSWebHostLog' command was found in the module 'PSWebHost_Support', but the module could not be[0m
[31;1m[0m[36;1m[36;1m[0m[36;1m[0m[36;1m[31;1m[31;1m[36;1m[31;1m[36;1m     | [31;1mloaded. For more information, run 'Import-Module PSWebHost_Support'.[0m
[31;1mInvalidOperation: [0mC:\SC\PsWebHost\WebHost.ps1:875[0m
[31;1m[0m[36;1mLine |[0m
[31;1m[0m[36;1m[36;1m 875 | [0m             [36;1m$Error |[0m
[31;1m[0m[36;1m[36;1m[0m[36;1m[0m[36;1m     | [31;1m             ~~~~~~~~[0m
[31;1m[0m[36;1m[36;1m[0m[36;1m[0m[36;1m[31;1m[31;1m[36;1m     | [31;1mAn error occurred while enumerating through a collection: Collection was modified; enumeration operation may not[0m
[31;1m[0m[36;1m[36;1m[0m[36;1m[0m[36;1m[31;1m[31;1m[36;1m[31;1m[36;1m     | [31;1mexecute..[0m
[33;1mVERBOSE: Synchronous context received. Processing request /apps/WebhostRealtimeEvents/api/v1/logs?timeRange=15&sortBy=Date&sortOrder=desc&count=1000[0m
[31;1mWrite-PSWebHostLog: [0mC:\SC\PsWebHost\WebHost.ps1:872[0m
[31;1m[0m[36;1mLine |[0m
[31;1m[0m[36;1m[36;1m 872 | [0m                 [36;1mWrite-PSWebHostLog[0m -Severity 'Error' -Category 'Reque .[0m
[31;1m[0m[36;1m[36;1m[0m[36;1m[0m[36;1m     | [31;1m                 ~~~~~~~~~~~~~~~~~~[0m
[31;1m[0m[36;1m[36;1m[0m[36;1m[0m[36;1m[31;1m[31;1m[36;1m     | [31;1mThe 'Write-PSWebHostLog' command was found in the module 'PSWebHost_Support', but the module could not be[0m
[31;1m[0m[36;1m[36;1m[0m[36;1m[0m[36;1m[31;1m[31;1m[36;1m[31;1m[36;1m     | [31;1mloaded. For more information, run 'Import-Module PSWebHost_Support'.[0m
[31;1mWrite-PSWebHostLog: [0mC:\SC\PsWebHost\WebHost.ps1:878[0m
[31;1m[0m[36;1mLine |[0m
[31;1m[0m[36;1m[36;1m 878 | [0m                     [36;1mWrite-PSWebHostLog[0m -Severity 'Error' -Category 'E .[0m
[31;1m[0m[36;1m[36;1m[0m[36;1m[0m[36;1m     | [31;1m                     ~~~~~~~~~~~~~~~~~~[0m
[31;1m[0m[36;1m[36;1m[0m[36;1m[0m[36;1m[31;1m[31;1m[36;1m     | [31;1mThe 'Write-PSWebHostLog' command was found in the module 'PSWebHost_Support', but the module could not be[0m
[31;1m[0m[36;1m[36;1m[0m[36;1m[0m[36;1m[31;1m[31;1m[36;1m[31;1m[36;1m     | [31;1mloaded. For more information, run 'Import-Module PSWebHost_Support'.[0m
[31;1mInvalidOperation: [0mC:\SC\PsWebHost\WebHost.ps1:875[0m
[31;1m[0m[36;1mLine |[0m
[31;1m[0m[36;1m[36;1m 875 | [0m             [36;1m$Error |[0m
[31;1m[0m[36;1m[36;1m[0m[36;1m[0m[36;1m     | [31;1m             ~~~~~~~~[0m
[31;1m[0m[36;1m[36;1m[0m[36;1m[0m[36;1m[31;1m[31;1m[36;1m     | [31;1mAn error occurred while enumerating through a collection: Collection was modified; enumeration operation may not[0m
[31;1m[0m[36;1m[36;1m[0m[36;1m[0m[36;1m[31;1m[31;1m[36;1m[31;1m[36;1m     | [31;1mexecute..[0m
[31;1mWrite-PSWebHostLog: [0mC:\SC\PsWebHost\WebHost.ps1:627[0m
[31;1m[0m[36;1mLine |[0m
[31;1m[0m[36;1m[36;1m 627 | [0m             [36;1mWrite-PSWebHostLog[0m -Severity 'Error' -Category 'GlobalCac .[0m
[31;1m[0m[36;1m[36;1m[0m[36;1m[0m[36;1m     | [31;1m             ~~~~~~~~~~~~~~~~~~[0m
[31;1m[0m[36;1m[36;1m[0m[36;1m[0m[36;1m[31;1m[31;1m[36;1m     | [31;1mThe 'Write-PSWebHostLog' command was found in the module 'PSWebHost_Support', but the module could not be[0m
[31;1m[0m[36;1m[36;1m[0m[36;1m[0m[36;1m[31;1m[31;1m[36;1m[31;1m[36;1m     | [31;1mloaded. For more information, run 'Import-Module PSWebHost_Support'.[0m
[33;1mVERBOSE: Synchronous context received. Processing request /apps/WebHostMetrics/cards/server-heatmap[0m
[31;1mWrite-PSWebHostLog: [0mC:\SC\PsWebHost\WebHost.ps1:872[0m
[31;1m[0m[36;1mLine |[0m
[31;1m[0m[36;1m[36;1m 872 | [0m                 [36;1mWrite-PSWebHostLog[0m -Severity 'Error' -Category 'Reque .[0m
[31;1m[0m[36;1m[36;1m[0m[36;1m[0m[36;1m     | [31;1m                 ~~~~~~~~~~~~~~~~~~[0m
[31;1m[0m[36;1m[36;1m[0m[36;1m[0m[36;1m[31;1m[31;1m[36;1m     | [31;1mThe 'Write-PSWebHostLog' command was found in the module 'PSWebHost_Support', but the module could not be[0m
[31;1m[0m[36;1m[36;1m[0m[36;1m[0m[36;1m[31;1m[31;1m[36;1m[31;1m[36;1m     | [31;1mloaded. For more information, run 'Import-Module PSWebHost_Support'.[0m
[31;1mWrite-PSWebHostLog: [0mC:\SC\PsWebHost\WebHost.ps1:878[0m
[31;1m[0m[36;1mLine |[0m
[31;1m[0m[36;1m[36;1m 878 | [0m                     [36;1mWrite-PSWebHostLog[0m -Severity 'Error' -Category 'E .[0m
[31;1m[0m[36;1m[36;1m[0m[36;1m[0m[36;1m     | [31;1m                     ~~~~~~~~~~~~~~~~~~[0m
[31;1m[0m[36;1m[36;1m[0m[36;1m[0m[36;1m[31;1m[31;1m[36;1m     | [31;1mThe 'Write-PSWebHostLog' command was found in the module 'PSWebHost_Support', but the module could not be[0m
[31;1m[0m[36;1m[36;1m[0m[36;1m[0m[36;1m[31;1m[31;1m[36;1m[31;1m[36;1m     | [31;1mloaded. For more information, run 'Import-Module PSWebHost_Support'.[0m
[31;1mInvalidOperation: [0mC:\SC\PsWebHost\WebHost.ps1:875[0m
[31;1m[0m[36;1mLine |[0m
[31;1m[0m[36;1m[36;1m 875 | [0m             [36;1m$Error |[0m
[31;1m[0m[36;1m[36;1m[0m[36;1m[0m[36;1m     | [31;1m             ~~~~~~~~[0m
[31;1m[0m[36;1m[36;1m[0m[36;1m[0m[36;1m[31;1m[31;1m[36;1m     | [31;1mAn error occurred while enumerating through a collection: Collection was modified; enumeration operation may not[0m
[31;1m[0m[36;1m[36;1m[0m[36;1m[0m[36;1m[31;1m[31;1m[36;1m[31;1m[36;1m     | [31;1mexecute..[0m
